-- phpMyAdmin SQL Dump
-- version 4.1.5deb0ubuntu1ppa1
-- http://www.phpmyadmin.net
--
-- Host: localhost
-- Generation Time: Jan 28, 2014 at 09:17 AM
-- Server version: 5.5.34-MariaDB-1~precise-log
-- PHP Version: 5.3.10-1ubuntu3.9

SET SQL_MODE = "NO_AUTO_VALUE_ON_ZERO";
SET time_zone = "+00:00";


/*!40101 SET @OLD_CHARACTER_SET_CLIENT=@@CHARACTER_SET_CLIENT */;
/*!40101 SET @OLD_CHARACTER_SET_RESULTS=@@CHARACTER_SET_RESULTS */;
/*!40101 SET @OLD_COLLATION_CONNECTION=@@COLLATION_CONNECTION */;
/*!40101 SET NAMES utf8 */;

--
-- Database: `cl_distributorhayleys2_os`
--

-- --------------------------------------------------------

--
-- Table structure for table `tbl_assort_free`
--

CREATE TABLE IF NOT EXISTS `tbl_assort_free` (
  `id_assort_free` int(11) NOT NULL AUTO_INCREMENT,
  `assort_qty` int(11) DEFAULT NULL,
  `added_date` date DEFAULT NULL,
  `added_time` time DEFAULT NULL,
  `added_timestamp` timestamp NOT NULL DEFAULT CURRENT_TIMESTAMP ON UPDATE CURRENT_TIMESTAMP,
  `assort_free_status` tinyint(4) unsigned NOT NULL DEFAULT '1',
  `assort_free_code` varchar(100) DEFAULT NULL,
  PRIMARY KEY (`id_assort_free`)
) ENGINE=InnoDB  DEFAULT CHARSET=latin1 AUTO_INCREMENT=2 ;

--
-- Dumping data for table `tbl_assort_free`
--

INSERT INTO `tbl_assort_free` (`id_assort_free`, `assort_qty`, `added_date`, `added_time`, `added_timestamp`, `assort_free_status`, `assort_free_code`) VALUES
(1, 19, '2013-12-10', '06:54:54', '2013-12-10 06:54:54', 1, '1');

-- --------------------------------------------------------

--
-- Table structure for table `tbl_assort_item`
--

CREATE TABLE IF NOT EXISTS `tbl_assort_item` (
  `id_assort_item` int(11) NOT NULL AUTO_INCREMENT,
  `id_assort_free` int(11) NOT NULL,
  `iditem` int(11) NOT NULL,
  `added_date` date DEFAULT NULL,
  `added_time` time DEFAULT NULL,
  `added_timestamp` timestamp NOT NULL DEFAULT CURRENT_TIMESTAMP ON UPDATE CURRENT_TIMESTAMP,
  PRIMARY KEY (`id_assort_item`),
  KEY `fk_tbl_assort_items_tbl_item1` (`iditem`),
  KEY `fk_tbl_assort_items_tbl_assort_free1` (`id_assort_free`)
) ENGINE=InnoDB DEFAULT CHARSET=latin1 AUTO_INCREMENT=1 ;

-- --------------------------------------------------------

--
-- Table structure for table `tbl_assort_item_issue`
--

CREATE TABLE IF NOT EXISTS `tbl_assort_item_issue` (
  `id_assort_item_issue` int(11) NOT NULL AUTO_INCREMENT,
  `id_assort_free` int(11) NOT NULL,
  `id_item` int(11) NOT NULL,
  `qty` int(11) DEFAULT NULL,
  `added_date` date DEFAULT NULL,
  `added_time` time DEFAULT NULL,
  `added_timestamp` timestamp NOT NULL DEFAULT CURRENT_TIMESTAMP ON UPDATE CURRENT_TIMESTAMP,
  PRIMARY KEY (`id_assort_item_issue`),
  KEY `fk_tbl_assort_issue_tbl_assort_free1` (`id_assort_free`),
  KEY `fk_tbl_assort_issue_tbl_item1` (`id_item`)
) ENGINE=InnoDB DEFAULT CHARSET=latin1 AUTO_INCREMENT=1 ;

-- --------------------------------------------------------

--
-- Table structure for table `tbl_bank`
--

CREATE TABLE IF NOT EXISTS `tbl_bank` (
  `id_bank` int(11) NOT NULL AUTO_INCREMENT,
  `bank_name` varchar(100) DEFAULT NULL,
  `bank_status` tinyint(4) NOT NULL DEFAULT '1',
  `added_date` date DEFAULT NULL,
  `added_time` time DEFAULT NULL,
  `added_timestamp` timestamp NOT NULL DEFAULT CURRENT_TIMESTAMP ON UPDATE CURRENT_TIMESTAMP,
  PRIMARY KEY (`id_bank`)
) ENGINE=InnoDB  DEFAULT CHARSET=latin1 AUTO_INCREMENT=2 ;

--
-- Dumping data for table `tbl_bank`
--

INSERT INTO `tbl_bank` (`id_bank`, `bank_name`, `bank_status`, `added_date`, `added_time`, `added_timestamp`) VALUES
(1, 'sampath', 1, '2013-12-24', '09:09:19', '2013-12-24 03:39:19');

-- --------------------------------------------------------

--
-- Table structure for table `tbl_batch`
--

CREATE TABLE IF NOT EXISTS `tbl_batch` (
  `id_batch` int(11) NOT NULL AUTO_INCREMENT,
  `batch_no` varchar(100) NOT NULL,
  `expiry_date` date NOT NULL,
  `batch_status` tinyint(4) NOT NULL DEFAULT '0',
  `added_date` date DEFAULT NULL,
  `added_time` time DEFAULT NULL,
  `added_timestamp` timestamp NOT NULL DEFAULT CURRENT_TIMESTAMP ON UPDATE CURRENT_TIMESTAMP,
  PRIMARY KEY (`id_batch`)
) ENGINE=InnoDB  DEFAULT CHARSET=latin1 AUTO_INCREMENT=2 ;

--
-- Dumping data for table `tbl_batch`
--

INSERT INTO `tbl_batch` (`id_batch`, `batch_no`, `expiry_date`, `batch_status`, `added_date`, `added_time`, `added_timestamp`) VALUES
(1, 'B001', '2014-04-30', 1, NULL, NULL, '2013-12-26 04:33:29');

-- --------------------------------------------------------

--
-- Table structure for table `tbl_branch_has_division`
--

CREATE TABLE IF NOT EXISTS `tbl_branch_has_division` (
  `id_branch_has_division` int(11) NOT NULL AUTO_INCREMENT,
  `id_outlet_has_branch` int(11) NOT NULL,
  `id_division` int(11) NOT NULL,
  `added_date` date DEFAULT NULL,
  `added_time` time DEFAULT NULL,
  `added_timestamp` timestamp NULL DEFAULT CURRENT_TIMESTAMP ON UPDATE CURRENT_TIMESTAMP,
  `branch_has_division_status` tinyint(4) NOT NULL DEFAULT '1',
  PRIMARY KEY (`id_branch_has_division`),
  KEY `fk_tbl_branch_has_division_tbl_division1` (`id_division`),
  KEY `fk_tbl_branch_has_division_tbl_outlet_has_branch1` (`id_outlet_has_branch`)
) ENGINE=InnoDB  DEFAULT CHARSET=latin1 AUTO_INCREMENT=93 ;

--
-- Dumping data for table `tbl_branch_has_division`
--

INSERT INTO `tbl_branch_has_division` (`id_branch_has_division`, `id_outlet_has_branch`, `id_division`, `added_date`, `added_time`, `added_timestamp`, `branch_has_division_status`) VALUES
(1, 22, 1, '2013-11-21', '07:50:12', '2013-12-03 04:43:36', 0),
(2, 23, 1, '2013-11-21', '07:53:21', '2013-11-21 07:53:21', 1),
(3, 24, 1, '2013-11-21', '07:55:29', '2013-12-03 04:44:40', 0),
(4, 25, 1, '2013-11-21', '07:56:38', '2013-11-21 07:56:38', 1),
(5, 26, 1, '2013-11-21', '07:57:51', '2013-11-21 07:57:51', 1),
(6, 27, 1, '2013-11-21', '07:57:52', '2013-11-21 07:57:52', 1),
(7, 28, 1, '2013-11-21', '07:59:27', '2013-11-21 07:59:27', 1),
(8, 29, 1, '2013-11-21', '08:00:13', '2013-11-21 08:00:13', 1),
(9, 30, 1, '2013-11-21', '08:01:48', '2013-11-21 08:01:48', 1),
(10, 31, 1, '2013-11-21', '08:03:05', '2013-11-21 08:03:05', 1),
(11, 32, 1, '2013-11-21', '08:05:13', '2013-11-21 08:05:13', 1),
(12, 33, 1, '2013-11-21', '08:06:13', '2013-11-21 08:06:13', 1),
(13, 34, 1, '2013-11-21', '08:06:22', '2013-11-21 08:06:22', 1),
(14, 35, 1, '2013-11-21', '08:08:51', '2013-11-21 08:08:51', 1),
(15, 36, 1, '2013-11-21', '08:21:24', '2013-11-21 08:21:24', 1),
(16, 37, 1, '2013-11-21', '08:22:07', '2013-11-21 08:22:07', 1),
(17, 38, 1, '2013-11-21', '08:23:56', '2013-11-21 08:23:56', 1),
(18, 39, 1, '2013-11-21', '08:25:35', '2013-11-21 08:25:35', 1),
(19, 40, 1, '2013-11-21', '08:28:19', '2013-11-21 08:28:19', 1),
(20, 41, 1, '2013-11-21', '08:29:38', '2013-11-21 08:29:38', 1),
(21, 42, 1, '2013-11-21', '08:30:51', '2013-11-21 08:30:51', 1),
(22, 43, 1, '2013-11-21', '08:32:29', '2013-11-21 08:32:29', 1),
(23, 44, 1, '2013-11-21', '08:33:28', '2013-11-21 08:33:28', 1),
(24, 45, 1, '2013-11-21', '08:34:15', '2013-11-21 08:34:15', 1),
(25, 46, 1, '2013-11-21', '08:34:40', '2013-11-21 08:34:40', 1),
(26, 47, 1, '2013-11-21', '08:35:10', '2013-11-21 08:35:10', 1),
(27, 48, 1, '2013-11-21', '08:36:13', '2013-11-21 08:36:13', 1),
(28, 49, 1, '2013-11-21', '08:36:17', '2013-11-21 08:36:17', 1),
(29, 50, 1, '2013-11-21', '08:37:03', '2013-11-21 08:37:03', 1),
(30, 51, 1, '2013-11-21', '08:38:05', '2013-11-21 08:38:05', 1),
(31, 52, 1, '2013-11-21', '08:38:56', '2013-11-21 08:38:56', 1),
(32, 53, 1, '2013-11-21', '08:39:46', '2013-11-21 08:39:46', 1),
(33, 54, 1, '2013-11-21', '08:40:34', '2013-11-21 08:40:34', 1),
(34, 55, 1, '2013-11-21', '08:41:18', '2013-11-21 08:41:18', 1),
(35, 56, 1, '2013-11-21', '08:41:58', '2013-11-21 08:41:58', 1),
(36, 57, 1, '2013-11-21', '08:42:51', '2013-11-21 08:42:51', 1),
(37, 58, 1, '2013-11-21', '08:43:12', '2013-11-21 08:43:12', 1),
(38, 59, 1, '2013-11-21', '08:43:42', '2013-11-21 08:43:42', 1),
(39, 60, 1, '2013-11-21', '08:44:27', '2013-11-21 08:44:27', 1),
(40, 61, 1, '2013-11-21', '08:45:10', '2013-11-21 08:45:10', 1),
(41, 62, 1, '2013-11-21', '08:45:55', '2013-11-21 08:45:55', 1),
(42, 63, 1, '2013-11-21', '08:46:40', '2013-11-21 08:46:40', 1),
(43, 64, 1, '2013-11-21', '08:47:57', '2013-11-21 08:47:57', 1),
(44, 65, 1, '2013-11-21', '08:52:07', '2013-11-21 08:52:07', 1),
(45, 66, 1, '2013-11-21', '08:58:32', '2013-11-21 08:58:32', 1),
(46, 67, 1, '2013-11-22', '04:25:33', '2013-11-22 04:25:33', 1),
(47, 68, 1, '2013-11-26', '10:02:48', '2013-11-26 10:02:48', 1),
(48, 69, 1, '2013-11-26', '10:14:04', '2013-11-26 10:14:04', 1),
(49, 70, 1, '2013-11-26', '10:18:34', '2013-11-26 10:18:34', 1),
(50, 71, 1, '2013-11-26', '10:20:57', '2013-11-26 10:20:57', 1),
(51, 72, 1, '2013-11-26', '10:24:16', '2013-11-26 10:24:16', 1),
(52, 73, 1, '2013-11-26', '10:27:20', '2013-11-26 10:27:20', 1),
(53, 74, 1, '2013-11-26', '10:29:12', '2013-11-26 10:29:12', 1),
(54, 75, 1, '2013-11-26', '10:30:56', '2013-11-26 10:30:56', 1),
(55, 76, 1, '2013-11-26', '10:32:28', '2013-11-26 10:32:28', 1),
(56, 77, 1, '2013-11-26', '10:33:41', '2013-11-26 10:33:41', 1),
(57, 78, 1, '2013-11-26', '10:35:15', '2013-11-26 10:35:15', 1),
(58, 79, 1, '2013-11-26', '10:37:36', '2013-11-26 10:37:36', 1),
(59, 80, 1, '2013-11-26', '10:40:54', '2013-11-26 10:40:54', 1),
(60, 81, 1, '2013-11-26', '10:43:03', '2013-11-26 10:43:03', 1),
(61, 82, 1, '2013-11-26', '10:45:10', '2013-11-26 10:45:10', 1),
(62, 83, 1, '2013-11-26', '10:47:10', '2013-11-26 10:47:10', 1),
(63, 84, 1, '2013-11-26', '10:48:36', '2013-11-26 10:48:36', 1),
(64, 85, 1, '2013-11-26', '10:50:25', '2013-11-26 10:50:25', 1),
(65, 86, 1, '2013-11-26', '10:51:29', '2013-11-26 10:51:29', 1),
(66, 87, 1, '2013-11-26', '10:53:34', '2013-11-26 10:53:34', 1),
(67, 88, 1, '2013-11-26', '10:55:05', '2013-11-26 10:55:05', 1),
(68, 89, 1, '2013-11-26', '10:56:32', '2013-11-26 10:56:32', 1),
(69, 90, 1, '2013-11-26', '10:58:00', '2013-11-26 10:58:00', 1),
(70, 91, 1, '2013-11-26', '10:59:09', '2013-11-26 10:59:09', 1),
(71, 92, 1, '2013-11-26', '11:02:15', '2013-11-26 11:02:15', 1),
(72, 93, 1, '2013-11-26', '11:03:21', '2013-11-26 11:03:21', 1),
(73, 94, 1, '2013-11-26', '11:05:14', '2013-11-26 11:05:14', 1),
(74, 95, 1, '2013-11-26', '11:06:42', '2013-11-26 11:06:42', 1),
(75, 96, 1, '2013-11-26', '11:07:51', '2013-11-26 11:07:51', 1),
(76, 97, 1, '2013-11-26', '11:14:23', '2013-11-26 11:14:23', 1),
(77, 98, 1, '2013-11-26', '11:18:25', '2013-11-26 11:18:25', 1),
(78, 99, 1, '2013-11-26', '11:19:35', '2013-11-26 11:19:35', 1),
(79, 100, 1, '2013-11-26', '11:21:46', '2013-11-26 11:21:46', 1),
(80, 101, 1, '2013-11-26', '11:22:54', '2013-11-26 11:22:54', 1),
(81, 102, 1, '2013-11-26', '11:25:16', '2013-11-26 11:25:16', 1),
(82, 103, 1, '2013-11-26', '11:26:52', '2013-11-26 11:26:52', 1),
(83, 104, 1, '2013-11-26', '11:28:00', '2013-11-26 11:28:00', 1),
(84, 105, 1, '2013-11-26', '11:29:18', '2013-11-26 11:29:18', 1),
(85, 106, 1, '2013-11-26', '11:30:25', '2013-11-26 11:30:25', 1),
(86, 107, 1, '2013-11-26', '11:32:17', '2013-11-26 11:32:17', 1),
(87, 108, 1, '2013-11-26', '11:33:28', '2013-11-26 11:33:28', 1),
(88, 109, 1, '2013-11-26', '11:34:22', '2013-11-26 11:34:22', 1),
(89, 110, 1, '2013-11-26', '11:35:08', '2013-11-26 11:35:08', 1),
(90, 111, 1, '2013-11-26', '11:35:52', '2013-11-26 11:35:52', 1),
(91, 121, 1, '2013-12-03', '04:43:36', '2013-12-03 04:43:36', 1),
(92, 122, 1, '2013-12-03', '04:44:40', '2013-12-03 04:44:40', 1);

-- --------------------------------------------------------

--
-- Table structure for table `tbl_branch_registration`
--

CREATE TABLE IF NOT EXISTS `tbl_branch_registration` (
  `id_branch_registration` int(11) NOT NULL AUTO_INCREMENT,
  `branch_code` varchar(100) DEFAULT NULL,
  `added_date` date DEFAULT NULL,
  `added_time` time DEFAULT NULL,
  `added_timestamp` timestamp NOT NULL DEFAULT CURRENT_TIMESTAMP ON UPDATE CURRENT_TIMESTAMP,
  PRIMARY KEY (`id_branch_registration`)
) ENGINE=InnoDB  DEFAULT CHARSET=latin1 AUTO_INCREMENT=112 ;

--
-- Dumping data for table `tbl_branch_registration`
--

INSERT INTO `tbl_branch_registration` (`id_branch_registration`, `branch_code`, `added_date`, `added_time`, `added_timestamp`) VALUES
(13, 'BR0001', '2013-11-21', '07:50:12', '2013-11-21 07:50:12'),
(14, 'BR0022', '2013-11-21', '07:53:21', '2013-11-21 07:53:21'),
(15, 'BR0023', '2013-11-21', '07:55:29', '2013-11-21 07:55:29'),
(16, 'BR0024', '2013-11-21', '07:56:38', '2013-11-21 07:56:38'),
(17, 'BR0025', '2013-11-21', '07:57:51', '2013-11-21 07:57:51'),
(18, 'BR0026', '2013-11-21', '07:57:52', '2013-11-21 07:57:52'),
(19, 'BR0027', '2013-11-21', '07:59:27', '2013-11-21 07:59:27'),
(20, 'BR0028', '2013-11-21', '08:00:13', '2013-11-21 08:00:13'),
(21, 'BR0029', '2013-11-21', '08:01:48', '2013-11-21 08:01:48'),
(22, 'BR0030', '2013-11-21', '08:03:05', '2013-11-21 08:03:05'),
(23, 'BR0031', '2013-11-21', '08:05:13', '2013-11-21 08:05:13'),
(24, 'BR0032', '2013-11-21', '08:06:13', '2013-11-21 08:06:13'),
(25, 'BR0033', '2013-11-21', '08:06:22', '2013-11-21 08:06:22'),
(26, 'BR0034', '2013-11-21', '08:08:51', '2013-11-21 08:08:51'),
(27, 'BR0035', '2013-11-21', '08:21:24', '2013-11-21 08:21:24'),
(28, 'BR0036', '2013-11-21', '08:22:07', '2013-11-21 08:22:07'),
(29, 'BR0037', '2013-11-21', '08:23:56', '2013-11-21 08:23:56'),
(30, 'BR0038', '2013-11-21', '08:25:35', '2013-11-21 08:25:35'),
(31, 'BR0039', '2013-11-21', '08:28:19', '2013-11-21 08:28:19'),
(32, 'BR0040', '2013-11-21', '08:29:38', '2013-11-21 08:29:38'),
(33, 'BR0041', '2013-11-21', '08:30:51', '2013-11-21 08:30:51'),
(34, 'BR0042', '2013-11-21', '08:32:29', '2013-11-21 08:32:29'),
(35, 'BR0043', '2013-11-21', '08:33:28', '2013-11-21 08:33:28'),
(36, 'BR0044', '2013-11-21', '08:34:15', '2013-11-21 08:34:15'),
(37, 'BR0045', '2013-11-21', '08:34:40', '2013-11-21 08:34:40'),
(38, 'BR0046', '2013-11-21', '08:35:10', '2013-11-21 08:35:10'),
(39, 'BR0047', '2013-11-21', '08:36:13', '2013-11-21 08:36:13'),
(40, 'BR0048', '2013-11-21', '08:36:17', '2013-11-21 08:36:17'),
(41, 'BR0049', '2013-11-21', '08:37:03', '2013-11-21 08:37:03'),
(42, 'BR0050', '2013-11-21', '08:38:05', '2013-11-21 08:38:05'),
(43, 'BR0051', '2013-11-21', '08:38:56', '2013-11-21 08:38:56'),
(44, 'BR0052', '2013-11-21', '08:39:46', '2013-11-21 08:39:46'),
(45, 'BR0053', '2013-11-21', '08:40:34', '2013-11-21 08:40:34'),
(46, 'BR0054', '2013-11-21', '08:41:18', '2013-11-21 08:41:18'),
(47, 'BR0055', '2013-11-21', '08:41:58', '2013-11-21 08:41:58'),
(48, 'BR0056', '2013-11-21', '08:42:51', '2013-11-21 08:42:51'),
(49, 'BR0057', '2013-11-21', '08:43:12', '2013-11-21 08:43:12'),
(50, 'BR0058', '2013-11-21', '08:43:42', '2013-11-21 08:43:42'),
(51, 'BR0059', '2013-11-21', '08:44:27', '2013-11-21 08:44:27'),
(52, 'BR0060', '2013-11-21', '08:45:10', '2013-11-21 08:45:10'),
(53, 'BR0061', '2013-11-21', '08:45:55', '2013-11-21 08:45:55'),
(54, 'BR0062', '2013-11-21', '08:46:40', '2013-11-21 08:46:40'),
(55, 'BR0063', '2013-11-21', '08:47:57', '2013-11-21 08:47:57'),
(56, 'BR0064', '2013-11-21', '08:52:07', '2013-11-21 08:52:07'),
(57, 'BR0065', '2013-11-21', '08:58:32', '2013-11-21 08:58:32'),
(58, 'BR0066', '2013-11-22', '04:25:33', '2013-11-22 04:25:33'),
(59, 'BR0067', '2013-11-26', '10:02:48', '2013-11-26 10:02:48'),
(60, 'BR0068', '2013-11-26', '10:14:04', '2013-11-26 10:14:04'),
(61, 'BR0069', '2013-11-26', '10:18:34', '2013-11-26 10:18:34'),
(62, 'BR0070', '2013-11-26', '10:20:57', '2013-11-26 10:20:57'),
(63, 'BR0071', '2013-11-26', '10:24:16', '2013-11-26 10:24:16'),
(64, 'BR0072', '2013-11-26', '10:27:20', '2013-11-26 10:27:20'),
(65, 'BR0073', '2013-11-26', '10:29:12', '2013-11-26 10:29:12'),
(66, 'BR0074', '2013-11-26', '10:30:56', '2013-11-26 10:30:56'),
(67, 'BR0075', '2013-11-26', '10:32:28', '2013-11-26 10:32:28'),
(68, 'BR0076', '2013-11-26', '10:33:41', '2013-11-26 10:33:41'),
(69, 'BR0077', '2013-11-26', '10:35:15', '2013-11-26 10:35:15'),
(70, 'BR0078', '2013-11-26', '10:37:36', '2013-11-26 10:37:36'),
(71, 'BR0079', '2013-11-26', '10:40:54', '2013-11-26 10:40:54'),
(72, 'BR0080', '2013-11-26', '10:43:03', '2013-11-26 10:43:03'),
(73, 'BR0081', '2013-11-26', '10:45:10', '2013-11-26 10:45:10'),
(74, 'BR0082', '2013-11-26', '10:47:10', '2013-11-26 10:47:10'),
(75, 'BR0083', '2013-11-26', '10:48:36', '2013-11-26 10:48:36'),
(76, 'BR0084', '2013-11-26', '10:50:25', '2013-11-26 10:50:25'),
(77, 'BR0085', '2013-11-26', '10:51:29', '2013-11-26 10:51:29'),
(78, 'BR0086', '2013-11-26', '10:53:34', '2013-11-26 10:53:34'),
(79, 'BR0087', '2013-11-26', '10:55:05', '2013-11-26 10:55:05'),
(80, 'BR0088', '2013-11-26', '10:56:32', '2013-11-26 10:56:32'),
(81, 'BR0089', '2013-11-26', '10:58:00', '2013-11-26 10:58:00'),
(82, 'BR0090', '2013-11-26', '10:59:09', '2013-11-26 10:59:09'),
(83, 'BR0091', '2013-11-26', '11:02:15', '2013-11-26 11:02:15'),
(84, 'BR0092', '2013-11-26', '11:03:21', '2013-11-26 11:03:21'),
(85, 'BR0093', '2013-11-26', '11:05:14', '2013-11-26 11:05:14'),
(86, 'BR0094', '2013-11-26', '11:06:42', '2013-11-26 11:06:42'),
(87, 'BR0095', '2013-11-26', '11:07:51', '2013-11-26 11:07:51'),
(88, 'BR0096', '2013-11-26', '11:14:23', '2013-11-26 11:14:23'),
(89, 'BR0097', '2013-11-26', '11:18:25', '2013-11-26 11:18:25'),
(90, 'BR0098', '2013-11-26', '11:19:35', '2013-11-26 11:19:35'),
(91, 'BR0099', '2013-11-26', '11:21:46', '2013-11-26 11:21:46'),
(92, 'BR0100', '2013-11-26', '11:22:54', '2013-11-26 11:22:54'),
(93, 'BR0101', '2013-11-26', '11:25:16', '2013-11-26 11:25:16'),
(94, 'BR0102', '2013-11-26', '11:26:52', '2013-11-26 11:26:52'),
(95, 'BR0103', '2013-11-26', '11:28:00', '2013-11-26 11:28:00'),
(96, 'BR0104', '2013-11-26', '11:29:18', '2013-11-26 11:29:18'),
(97, 'BR0105', '2013-11-26', '11:30:25', '2013-11-26 11:30:25'),
(98, 'BR0106', '2013-11-26', '11:32:17', '2013-11-26 11:32:17'),
(99, 'BR0107', '2013-11-26', '11:33:28', '2013-11-26 11:33:28'),
(100, 'BR0108', '2013-11-26', '11:34:22', '2013-11-26 11:34:22'),
(101, 'BR0109', '2013-11-26', '11:35:08', '2013-11-26 11:35:08'),
(102, 'BR0110', '2013-11-26', '11:35:52', '2013-11-26 11:35:52'),
(103, 'OR0090', '2013-12-02', '04:20:41', '2013-12-02 04:20:41'),
(104, 'OR0091', '2013-12-02', '04:35:25', '2013-12-02 04:35:25'),
(105, 'OR0092', '2013-12-02', '04:40:46', '2013-12-02 04:40:46'),
(106, 'OR0093', '2013-12-02', '04:46:33', '2013-12-02 04:46:33'),
(107, 'OR0094', '2013-12-02', '04:51:19', '2013-12-02 04:51:19'),
(108, 'OR0095', '2013-12-02', '04:58:55', '2013-12-02 04:58:55'),
(109, 'OR0096', '2013-12-02', '05:01:22', '2013-12-02 05:01:22'),
(110, 'OR0097', '2013-12-02', '05:18:54', '2013-12-02 05:18:54'),
(111, 'OR0098', '2013-12-02', '05:23:08', '2013-12-02 05:23:08');

-- --------------------------------------------------------

--
-- Table structure for table `tbl_cash_payment`
--

CREATE TABLE IF NOT EXISTS `tbl_cash_payment` (
  `id_cash_payment` int(11) NOT NULL AUTO_INCREMENT,
  `id_sales_order` int(11) NOT NULL,
  `cash_payment` decimal(20,2) NOT NULL DEFAULT '0.00',
  `cash_payment_status` tinyint(4) NOT NULL DEFAULT '1',
  `added_date` date DEFAULT NULL,
  `added_time` time DEFAULT NULL,
  `added_timestamp` timestamp NOT NULL DEFAULT CURRENT_TIMESTAMP ON UPDATE CURRENT_TIMESTAMP,
  PRIMARY KEY (`id_cash_payment`),
  KEY `fk_tbl_cash_payment_tbl_sales_order1` (`id_sales_order`)
) ENGINE=InnoDB  DEFAULT CHARSET=latin1 AUTO_INCREMENT=3 ;

--
-- Dumping data for table `tbl_cash_payment`
--

INSERT INTO `tbl_cash_payment` (`id_cash_payment`, `id_sales_order`, `cash_payment`, `cash_payment_status`, `added_date`, `added_time`, `added_timestamp`) VALUES
(1, 243, 750.00, 1, '2013-12-27', '14:19:53', '2013-12-27 08:49:53'),
(2, 243, 10000.00, 1, '2014-01-07', '15:23:18', '2014-01-07 09:53:18');

-- --------------------------------------------------------

--
-- Table structure for table `tbl_cheque_payment`
--

CREATE TABLE IF NOT EXISTS `tbl_cheque_payment` (
  `id_cheque_payment` int(11) NOT NULL AUTO_INCREMENT,
  `id_sales_order` int(11) NOT NULL,
  `id_bank` int(11) NOT NULL,
  `cheque_no` varchar(100) NOT NULL,
  `cheque_payment` decimal(20,2) NOT NULL DEFAULT '0.00',
  `cheque_payment_status` tinyint(4) NOT NULL DEFAULT '1',
  `realized_date` date DEFAULT NULL,
  `added_date` date DEFAULT NULL,
  `added_time` time DEFAULT NULL,
  `added_timestamp` timestamp NOT NULL DEFAULT CURRENT_TIMESTAMP ON UPDATE CURRENT_TIMESTAMP,
  `realized_status` tinyint(2) NOT NULL DEFAULT '1',
  PRIMARY KEY (`id_cheque_payment`),
  KEY `fk_tbl_cheque_payment_tbl_sales_order1` (`id_sales_order`),
  KEY `fk_tbl_cheque_payment_tbl_bank1` (`id_bank`)
) ENGINE=InnoDB  DEFAULT CHARSET=latin1 AUTO_INCREMENT=3 ;

--
-- Dumping data for table `tbl_cheque_payment`
--

INSERT INTO `tbl_cheque_payment` (`id_cheque_payment`, `id_sales_order`, `id_bank`, `cheque_no`, `cheque_payment`, `cheque_payment_status`, `realized_date`, `added_date`, `added_time`, `added_timestamp`, `realized_status`) VALUES
(1, 243, 1, '005', 1500.00, 1, '2013-12-30', '2013-12-27', '14:19:53', '2013-12-27 09:32:24', 0),
(2, 243, 1, '006', 1600.00, 1, '2013-12-30', '2013-12-27', '14:19:53', '2013-12-27 08:49:53', 1);

-- --------------------------------------------------------

--
-- Table structure for table `tbl_cluser_sessions`
--

CREATE TABLE IF NOT EXISTS `tbl_cluser_sessions` (
  `session_id` int(11) NOT NULL AUTO_INCREMENT,
  `ip_address` varchar(45) NOT NULL,
  `user_agent` varchar(120) NOT NULL,
  `last_activity` int(11) NOT NULL,
  `user_data` text NOT NULL,
  `added_timestamp` timestamp NULL DEFAULT CURRENT_TIMESTAMP ON UPDATE CURRENT_TIMESTAMP,
  PRIMARY KEY (`session_id`)
) ENGINE=InnoDB DEFAULT CHARSET=latin1 AUTO_INCREMENT=1 ;

-- --------------------------------------------------------

--
-- Table structure for table `tbl_credit_payment`
--

CREATE TABLE IF NOT EXISTS `tbl_credit_payment` (
  `id_credit_payment` int(11) NOT NULL AUTO_INCREMENT,
  `id_sales_order` int(11) NOT NULL,
  `credit_value` decimal(20,2) NOT NULL DEFAULT '0.00',
  `due_date` date NOT NULL,
  `credit_status` tinyint(1) NOT NULL DEFAULT '1',
  `added_date` date DEFAULT NULL,
  `added_time` time DEFAULT NULL,
  `added_timestamp` timestamp NOT NULL DEFAULT CURRENT_TIMESTAMP ON UPDATE CURRENT_TIMESTAMP,
  PRIMARY KEY (`id_credit_payment`),
  KEY `fk_tbl_credit_payment_tbl_sales_order1` (`id_sales_order`)
) ENGINE=InnoDB  DEFAULT CHARSET=latin1 AUTO_INCREMENT=3 ;

--
-- Dumping data for table `tbl_credit_payment`
--

INSERT INTO `tbl_credit_payment` (`id_credit_payment`, `id_sales_order`, `credit_value`, `due_date`, `credit_status`, `added_date`, `added_time`, `added_timestamp`) VALUES
(1, 243, 18530.00, '2014-01-26', 0, '2013-12-27', '14:19:53', '2014-01-07 09:53:18'),
(2, 243, 8530.00, '2014-02-06', 1, '2014-01-07', '15:23:18', '2014-01-07 09:53:18');

-- --------------------------------------------------------

--
-- Table structure for table `tbl_dilivery_note`
--

CREATE TABLE IF NOT EXISTS `tbl_dilivery_note` (
  `id_dilivery_note` int(11) NOT NULL AUTO_INCREMENT,
  `id_purchase_order` int(11) NOT NULL,
  `dilivery_note_number` varchar(45) NOT NULL,
  `dilivery_note_status` tinyint(4) NOT NULL DEFAULT '1',
  `added_date` date DEFAULT NULL,
  `added_time` time DEFAULT NULL,
  `added_timestamp` timestamp NULL DEFAULT CURRENT_TIMESTAMP ON UPDATE CURRENT_TIMESTAMP,
  PRIMARY KEY (`id_dilivery_note`),
  KEY `fk_dilivery_note_purchase_order1` (`id_purchase_order`)
) ENGINE=InnoDB  DEFAULT CHARSET=latin1 AUTO_INCREMENT=16 ;

--
-- Dumping data for table `tbl_dilivery_note`
--

INSERT INTO `tbl_dilivery_note` (`id_dilivery_note`, `id_purchase_order`, `dilivery_note_number`, `dilivery_note_status`, `added_date`, `added_time`, `added_timestamp`) VALUES
(15, 1, 'DN001', 1, '2013-12-30', '10:01:49', '2013-12-30 04:31:49');

-- --------------------------------------------------------

--
-- Table structure for table `tbl_dilivery_note_has_products`
--

CREATE TABLE IF NOT EXISTS `tbl_dilivery_note_has_products` (
  `id_dilivery_note_has_products` int(11) NOT NULL AUTO_INCREMENT,
  `id_dilivery_note` int(11) NOT NULL,
  `id_products` int(11) NOT NULL,
  `dilivery_qty` int(11) NOT NULL,
  `product_discount` decimal(20,2) NOT NULL DEFAULT '0.00',
  `dilivery_note_status` tinyint(4) NOT NULL DEFAULT '1',
  `added_date` date DEFAULT NULL,
  `added_time` time DEFAULT NULL,
  `added_timestamp` timestamp NULL DEFAULT CURRENT_TIMESTAMP ON UPDATE CURRENT_TIMESTAMP,
  PRIMARY KEY (`id_dilivery_note_has_products`),
  KEY `fk_item_has_dilivery_note_dilivery_note1` (`id_dilivery_note`),
  KEY `fk_tbl_dilivery_note_has_item_tbl_products1` (`id_products`)
) ENGINE=InnoDB  DEFAULT CHARSET=latin1 AUTO_INCREMENT=737 ;

--
-- Dumping data for table `tbl_dilivery_note_has_products`
--

INSERT INTO `tbl_dilivery_note_has_products` (`id_dilivery_note_has_products`, `id_dilivery_note`, `id_products`, `dilivery_qty`, `product_discount`, `dilivery_note_status`, `added_date`, `added_time`, `added_timestamp`) VALUES
(37, 15, 1, 100, 0.00, 1, '2013-12-30', '10:01:49', '2013-12-30 04:31:49'),
(38, 15, 2, 100, 0.00, 1, '2013-12-30', '10:01:49', '2013-12-30 04:31:49'),
(39, 15, 3, 100, 0.00, 1, '2013-12-30', '10:01:49', '2013-12-30 04:31:49'),
(40, 15, 4, 100, 0.00, 1, '2013-12-30', '10:01:49', '2013-12-30 04:31:49'),
(41, 15, 5, 100, 0.00, 1, '2013-12-30', '10:01:49', '2013-12-30 04:31:49'),
(42, 15, 6, 100, 0.00, 1, '2013-12-30', '10:01:49', '2013-12-30 04:31:49'),
(43, 15, 7, 100, 0.00, 1, '2013-12-30', '10:01:49', '2013-12-30 04:31:49'),
(44, 15, 8, 100, 0.00, 1, '2013-12-30', '10:01:49', '2013-12-30 04:31:49'),
(45, 15, 9, 100, 0.00, 1, '2013-12-30', '10:01:49', '2013-12-30 04:31:49'),
(46, 15, 10, 100, 0.00, 1, '2013-12-30', '10:01:49', '2013-12-30 04:31:49'),
(47, 15, 11, 100, 0.00, 1, '2013-12-30', '10:01:49', '2013-12-30 04:31:49'),
(48, 15, 12, 100, 0.00, 1, '2013-12-30', '10:01:49', '2013-12-30 04:31:49'),
(49, 15, 13, 100, 0.00, 1, '2013-12-30', '10:01:49', '2013-12-30 04:31:49'),
(50, 15, 14, 100, 0.00, 1, '2013-12-30', '10:01:49', '2013-12-30 04:31:49'),
(51, 15, 15, 100, 0.00, 1, '2013-12-30', '10:01:49', '2013-12-30 04:31:49'),
(52, 15, 16, 100, 0.00, 1, '2013-12-30', '10:01:49', '2013-12-30 04:31:49'),
(53, 15, 17, 100, 0.00, 1, '2013-12-30', '10:01:49', '2013-12-30 04:31:49'),
(54, 15, 18, 100, 0.00, 1, '2013-12-30', '10:01:49', '2013-12-30 04:31:49'),
(55, 15, 19, 100, 0.00, 1, '2013-12-30', '10:01:49', '2013-12-30 04:31:49'),
(56, 15, 20, 100, 0.00, 1, '2013-12-30', '10:01:49', '2013-12-30 04:31:49'),
(57, 15, 21, 100, 0.00, 1, '2013-12-30', '10:01:49', '2013-12-30 04:31:49'),
(58, 15, 22, 100, 0.00, 1, '2013-12-30', '10:01:49', '2013-12-30 04:31:49'),
(59, 15, 23, 100, 0.00, 1, '2013-12-30', '10:01:49', '2013-12-30 04:31:49'),
(60, 15, 24, 100, 0.00, 1, '2013-12-30', '10:01:49', '2013-12-30 04:31:49'),
(61, 15, 25, 100, 0.00, 1, '2013-12-30', '10:01:49', '2013-12-30 04:31:49'),
(62, 15, 26, 100, 0.00, 1, '2013-12-30', '10:01:49', '2013-12-30 04:31:49'),
(63, 15, 27, 100, 0.00, 1, '2013-12-30', '10:01:49', '2013-12-30 04:31:49'),
(64, 15, 28, 100, 0.00, 1, '2013-12-30', '10:01:49', '2013-12-30 04:31:49'),
(65, 15, 29, 100, 0.00, 1, '2013-12-30', '10:01:49', '2013-12-30 04:31:49'),
(66, 15, 30, 100, 0.00, 1, '2013-12-30', '10:01:49', '2013-12-30 04:31:49'),
(67, 15, 31, 100, 0.00, 1, '2013-12-30', '10:01:49', '2013-12-30 04:31:49'),
(68, 15, 32, 100, 0.00, 1, '2013-12-30', '10:01:49', '2013-12-30 04:31:49'),
(69, 15, 33, 100, 0.00, 1, '2013-12-30', '10:01:49', '2013-12-30 04:31:49'),
(70, 15, 34, 100, 0.00, 1, '2013-12-30', '10:01:49', '2013-12-30 04:31:49'),
(71, 15, 35, 100, 0.00, 1, '2013-12-30', '10:01:49', '2013-12-30 04:31:49'),
(72, 15, 36, 100, 0.00, 1, '2013-12-30', '10:01:49', '2013-12-30 04:31:49'),
(73, 15, 37, 100, 0.00, 1, '2013-12-30', '10:01:49', '2013-12-30 04:31:49'),
(74, 15, 38, 100, 0.00, 1, '2013-12-30', '10:01:49', '2013-12-30 04:31:49'),
(75, 15, 39, 100, 0.00, 1, '2013-12-30', '10:01:49', '2013-12-30 04:31:49'),
(76, 15, 40, 100, 0.00, 1, '2013-12-30', '10:01:49', '2013-12-30 04:31:49'),
(77, 15, 41, 100, 0.00, 1, '2013-12-30', '10:01:49', '2013-12-30 04:31:49'),
(78, 15, 42, 100, 0.00, 1, '2013-12-30', '10:01:49', '2013-12-30 04:31:49'),
(79, 15, 43, 100, 0.00, 1, '2013-12-30', '10:01:49', '2013-12-30 04:31:49'),
(80, 15, 44, 100, 0.00, 1, '2013-12-30', '10:01:49', '2013-12-30 04:31:49'),
(81, 15, 45, 100, 0.00, 1, '2013-12-30', '10:01:49', '2013-12-30 04:31:49'),
(82, 15, 46, 100, 0.00, 1, '2013-12-30', '10:01:49', '2013-12-30 04:31:49'),
(83, 15, 47, 100, 0.00, 1, '2013-12-30', '10:01:49', '2013-12-30 04:31:49'),
(84, 15, 48, 100, 0.00, 1, '2013-12-30', '10:01:49', '2013-12-30 04:31:49'),
(85, 15, 49, 100, 0.00, 1, '2013-12-30', '10:01:49', '2013-12-30 04:31:49'),
(86, 15, 50, 100, 0.00, 1, '2013-12-30', '10:01:49', '2013-12-30 04:31:49'),
(87, 15, 51, 100, 0.00, 1, '2013-12-30', '10:01:49', '2013-12-30 04:31:49'),
(88, 15, 52, 100, 0.00, 1, '2013-12-30', '10:01:49', '2013-12-30 04:31:49'),
(89, 15, 53, 100, 0.00, 1, '2013-12-30', '10:01:49', '2013-12-30 04:31:49'),
(90, 15, 54, 100, 0.00, 1, '2013-12-30', '10:01:49', '2013-12-30 04:31:49'),
(91, 15, 55, 100, 0.00, 1, '2013-12-30', '10:01:49', '2013-12-30 04:31:49'),
(92, 15, 56, 100, 0.00, 1, '2013-12-30', '10:01:49', '2013-12-30 04:31:49'),
(93, 15, 57, 100, 0.00, 1, '2013-12-30', '10:01:49', '2013-12-30 04:31:49'),
(94, 15, 58, 100, 0.00, 1, '2013-12-30', '10:01:49', '2013-12-30 04:31:49'),
(95, 15, 59, 100, 0.00, 1, '2013-12-30', '10:01:49', '2013-12-30 04:31:49'),
(96, 15, 60, 100, 0.00, 1, '2013-12-30', '10:01:49', '2013-12-30 04:31:49'),
(97, 15, 61, 100, 0.00, 1, '2013-12-30', '10:01:49', '2013-12-30 04:31:49'),
(98, 15, 62, 100, 0.00, 1, '2013-12-30', '10:01:49', '2013-12-30 04:31:49'),
(99, 15, 63, 100, 0.00, 1, '2013-12-30', '10:01:49', '2013-12-30 04:31:49'),
(100, 15, 64, 100, 0.00, 1, '2013-12-30', '10:01:49', '2013-12-30 04:31:49'),
(101, 15, 65, 100, 0.00, 1, '2013-12-30', '10:01:49', '2013-12-30 04:31:49'),
(102, 15, 66, 100, 0.00, 1, '2013-12-30', '10:01:49', '2013-12-30 04:31:49'),
(103, 15, 67, 100, 0.00, 1, '2013-12-30', '10:01:49', '2013-12-30 04:31:49'),
(104, 15, 68, 100, 0.00, 1, '2013-12-30', '10:01:49', '2013-12-30 04:31:49'),
(105, 15, 69, 100, 0.00, 1, '2013-12-30', '10:01:49', '2013-12-30 04:31:49'),
(106, 15, 70, 100, 0.00, 1, '2013-12-30', '10:01:49', '2013-12-30 04:31:49'),
(107, 15, 71, 100, 0.00, 1, '2013-12-30', '10:01:49', '2013-12-30 04:31:49'),
(108, 15, 72, 100, 0.00, 1, '2013-12-30', '10:01:49', '2013-12-30 04:31:49'),
(109, 15, 73, 100, 0.00, 1, '2013-12-30', '10:01:49', '2013-12-30 04:31:49'),
(110, 15, 74, 100, 0.00, 1, '2013-12-30', '10:01:49', '2013-12-30 04:31:49'),
(111, 15, 75, 100, 0.00, 1, '2013-12-30', '10:01:49', '2013-12-30 04:31:49'),
(112, 15, 76, 100, 0.00, 1, '2013-12-30', '10:01:49', '2013-12-30 04:31:49'),
(113, 15, 77, 100, 0.00, 1, '2013-12-30', '10:01:49', '2013-12-30 04:31:49'),
(114, 15, 78, 100, 0.00, 1, '2013-12-30', '10:01:49', '2013-12-30 04:31:49'),
(115, 15, 79, 100, 0.00, 1, '2013-12-30', '10:01:49', '2013-12-30 04:31:49'),
(116, 15, 80, 100, 0.00, 1, '2013-12-30', '10:01:49', '2013-12-30 04:31:49'),
(117, 15, 81, 100, 0.00, 1, '2013-12-30', '10:01:49', '2013-12-30 04:31:49'),
(118, 15, 82, 100, 0.00, 1, '2013-12-30', '10:01:49', '2013-12-30 04:31:49'),
(119, 15, 83, 100, 0.00, 1, '2013-12-30', '10:01:49', '2013-12-30 04:31:49'),
(120, 15, 84, 100, 0.00, 1, '2013-12-30', '10:01:49', '2013-12-30 04:31:49'),
(121, 15, 85, 100, 0.00, 1, '2013-12-30', '10:01:49', '2013-12-30 04:31:49'),
(122, 15, 86, 100, 0.00, 1, '2013-12-30', '10:01:49', '2013-12-30 04:31:49'),
(123, 15, 87, 100, 0.00, 1, '2013-12-30', '10:01:49', '2013-12-30 04:31:49'),
(124, 15, 88, 100, 0.00, 1, '2013-12-30', '10:01:49', '2013-12-30 04:31:49'),
(125, 15, 89, 100, 0.00, 1, '2013-12-30', '10:01:49', '2013-12-30 04:31:49'),
(126, 15, 90, 100, 0.00, 1, '2013-12-30', '10:01:49', '2013-12-30 04:31:49'),
(127, 15, 91, 100, 0.00, 1, '2013-12-30', '10:01:49', '2013-12-30 04:31:49'),
(128, 15, 92, 100, 0.00, 1, '2013-12-30', '10:01:49', '2013-12-30 04:31:49'),
(129, 15, 93, 100, 0.00, 1, '2013-12-30', '10:01:49', '2013-12-30 04:31:49'),
(130, 15, 94, 100, 0.00, 1, '2013-12-30', '10:01:49', '2013-12-30 04:31:49'),
(131, 15, 95, 100, 0.00, 1, '2013-12-30', '10:01:49', '2013-12-30 04:31:49'),
(132, 15, 96, 100, 0.00, 1, '2013-12-30', '10:01:49', '2013-12-30 04:31:49'),
(133, 15, 97, 100, 0.00, 1, '2013-12-30', '10:01:49', '2013-12-30 04:31:49'),
(134, 15, 98, 100, 0.00, 1, '2013-12-30', '10:01:49', '2013-12-30 04:31:49'),
(135, 15, 99, 100, 0.00, 1, '2013-12-30', '10:01:49', '2013-12-30 04:31:49'),
(136, 15, 100, 100, 0.00, 1, '2013-12-30', '10:01:49', '2013-12-30 04:31:49'),
(137, 15, 101, 100, 0.00, 1, '2013-12-30', '10:01:49', '2013-12-30 04:31:49'),
(138, 15, 102, 100, 0.00, 1, '2013-12-30', '10:01:49', '2013-12-30 04:31:49'),
(139, 15, 103, 100, 0.00, 1, '2013-12-30', '10:01:49', '2013-12-30 04:31:49'),
(140, 15, 104, 100, 0.00, 1, '2013-12-30', '10:01:49', '2013-12-30 04:31:49'),
(141, 15, 105, 100, 0.00, 1, '2013-12-30', '10:01:49', '2013-12-30 04:31:49'),
(142, 15, 106, 100, 0.00, 1, '2013-12-30', '10:01:49', '2013-12-30 04:31:49'),
(143, 15, 107, 100, 0.00, 1, '2013-12-30', '10:01:49', '2013-12-30 04:31:49'),
(144, 15, 108, 100, 0.00, 1, '2013-12-30', '10:01:49', '2013-12-30 04:31:49'),
(145, 15, 109, 100, 0.00, 1, '2013-12-30', '10:01:49', '2013-12-30 04:31:49'),
(146, 15, 110, 100, 0.00, 1, '2013-12-30', '10:01:49', '2013-12-30 04:31:49'),
(147, 15, 111, 100, 0.00, 1, '2013-12-30', '10:01:49', '2013-12-30 04:31:49'),
(148, 15, 112, 100, 0.00, 1, '2013-12-30', '10:01:49', '2013-12-30 04:31:49'),
(149, 15, 113, 100, 0.00, 1, '2013-12-30', '10:01:49', '2013-12-30 04:31:49'),
(150, 15, 114, 100, 0.00, 1, '2013-12-30', '10:01:49', '2013-12-30 04:31:49'),
(151, 15, 115, 100, 0.00, 1, '2013-12-30', '10:01:49', '2013-12-30 04:31:49'),
(152, 15, 116, 100, 0.00, 1, '2013-12-30', '10:01:49', '2013-12-30 04:31:49'),
(153, 15, 117, 100, 0.00, 1, '2013-12-30', '10:01:49', '2013-12-30 04:31:49'),
(154, 15, 118, 100, 0.00, 1, '2013-12-30', '10:01:49', '2013-12-30 04:31:49'),
(155, 15, 119, 100, 0.00, 1, '2013-12-30', '10:01:49', '2013-12-30 04:31:49'),
(156, 15, 120, 100, 0.00, 1, '2013-12-30', '10:01:49', '2013-12-30 04:31:49'),
(157, 15, 121, 100, 0.00, 1, '2013-12-30', '10:01:49', '2013-12-30 04:31:49'),
(158, 15, 122, 100, 0.00, 1, '2013-12-30', '10:01:49', '2013-12-30 04:31:49'),
(159, 15, 123, 100, 0.00, 1, '2013-12-30', '10:01:49', '2013-12-30 04:31:49'),
(160, 15, 124, 100, 0.00, 1, '2013-12-30', '10:01:49', '2013-12-30 04:31:49'),
(161, 15, 125, 100, 0.00, 1, '2013-12-30', '10:01:49', '2013-12-30 04:31:49'),
(162, 15, 126, 100, 0.00, 1, '2013-12-30', '10:01:49', '2013-12-30 04:31:49'),
(163, 15, 127, 100, 0.00, 1, '2013-12-30', '10:01:49', '2013-12-30 04:31:49'),
(164, 15, 128, 100, 0.00, 1, '2013-12-30', '10:01:49', '2013-12-30 04:31:49'),
(165, 15, 129, 100, 0.00, 1, '2013-12-30', '10:01:49', '2013-12-30 04:31:49'),
(166, 15, 130, 100, 0.00, 1, '2013-12-30', '10:01:49', '2013-12-30 04:31:49'),
(167, 15, 131, 100, 0.00, 1, '2013-12-30', '10:01:49', '2013-12-30 04:31:49'),
(168, 15, 132, 100, 0.00, 1, '2013-12-30', '10:01:49', '2013-12-30 04:31:49'),
(169, 15, 133, 100, 0.00, 1, '2013-12-30', '10:01:49', '2013-12-30 04:31:49'),
(170, 15, 134, 100, 0.00, 1, '2013-12-30', '10:01:49', '2013-12-30 04:31:49'),
(171, 15, 135, 100, 0.00, 1, '2013-12-30', '10:01:49', '2013-12-30 04:31:49'),
(172, 15, 136, 100, 0.00, 1, '2013-12-30', '10:01:49', '2013-12-30 04:31:49'),
(173, 15, 137, 100, 0.00, 1, '2013-12-30', '10:01:49', '2013-12-30 04:31:49'),
(174, 15, 138, 100, 0.00, 1, '2013-12-30', '10:01:49', '2013-12-30 04:31:49'),
(175, 15, 139, 100, 0.00, 1, '2013-12-30', '10:01:49', '2013-12-30 04:31:49'),
(176, 15, 140, 100, 0.00, 1, '2013-12-30', '10:01:49', '2013-12-30 04:31:49'),
(177, 15, 141, 100, 0.00, 1, '2013-12-30', '10:01:49', '2013-12-30 04:31:49'),
(178, 15, 142, 100, 0.00, 1, '2013-12-30', '10:01:49', '2013-12-30 04:31:49'),
(179, 15, 143, 100, 0.00, 1, '2013-12-30', '10:01:49', '2013-12-30 04:31:49'),
(180, 15, 144, 100, 0.00, 1, '2013-12-30', '10:01:49', '2013-12-30 04:31:49'),
(181, 15, 145, 100, 0.00, 1, '2013-12-30', '10:01:49', '2013-12-30 04:31:49'),
(182, 15, 146, 100, 0.00, 1, '2013-12-30', '10:01:49', '2013-12-30 04:31:49'),
(183, 15, 147, 100, 0.00, 1, '2013-12-30', '10:01:49', '2013-12-30 04:31:49'),
(184, 15, 148, 100, 0.00, 1, '2013-12-30', '10:01:49', '2013-12-30 04:31:49'),
(185, 15, 149, 100, 0.00, 1, '2013-12-30', '10:01:49', '2013-12-30 04:31:49'),
(186, 15, 150, 100, 0.00, 1, '2013-12-30', '10:01:49', '2013-12-30 04:31:49'),
(187, 15, 151, 100, 0.00, 1, '2013-12-30', '10:01:49', '2013-12-30 04:31:49'),
(188, 15, 152, 100, 0.00, 1, '2013-12-30', '10:01:49', '2013-12-30 04:31:49'),
(189, 15, 153, 100, 0.00, 1, '2013-12-30', '10:01:49', '2013-12-30 04:31:49'),
(190, 15, 154, 100, 0.00, 1, '2013-12-30', '10:01:49', '2013-12-30 04:31:49'),
(191, 15, 155, 100, 0.00, 1, '2013-12-30', '10:01:49', '2013-12-30 04:31:49'),
(192, 15, 156, 100, 0.00, 1, '2013-12-30', '10:01:49', '2013-12-30 04:31:49'),
(193, 15, 157, 100, 0.00, 1, '2013-12-30', '10:01:49', '2013-12-30 04:31:49'),
(194, 15, 158, 100, 0.00, 1, '2013-12-30', '10:01:49', '2013-12-30 04:31:49'),
(195, 15, 159, 100, 0.00, 1, '2013-12-30', '10:01:49', '2013-12-30 04:31:49'),
(196, 15, 160, 100, 0.00, 1, '2013-12-30', '10:01:49', '2013-12-30 04:31:49'),
(197, 15, 161, 100, 0.00, 1, '2013-12-30', '10:01:49', '2013-12-30 04:31:49'),
(198, 15, 162, 100, 0.00, 1, '2013-12-30', '10:01:49', '2013-12-30 04:31:49'),
(199, 15, 163, 100, 0.00, 1, '2013-12-30', '10:01:49', '2013-12-30 04:31:49'),
(200, 15, 164, 100, 0.00, 1, '2013-12-30', '10:01:49', '2013-12-30 04:31:49'),
(201, 15, 165, 100, 0.00, 1, '2013-12-30', '10:01:49', '2013-12-30 04:31:49'),
(202, 15, 166, 100, 0.00, 1, '2013-12-30', '10:01:49', '2013-12-30 04:31:49'),
(203, 15, 167, 100, 0.00, 1, '2013-12-30', '10:01:49', '2013-12-30 04:31:49'),
(204, 15, 168, 100, 0.00, 1, '2013-12-30', '10:01:49', '2013-12-30 04:31:49'),
(205, 15, 169, 100, 0.00, 1, '2013-12-30', '10:01:49', '2013-12-30 04:31:49'),
(206, 15, 170, 100, 0.00, 1, '2013-12-30', '10:01:49', '2013-12-30 04:31:49'),
(207, 15, 171, 100, 0.00, 1, '2013-12-30', '10:01:49', '2013-12-30 04:31:49'),
(208, 15, 172, 100, 0.00, 1, '2013-12-30', '10:01:49', '2013-12-30 04:31:49'),
(209, 15, 173, 100, 0.00, 1, '2013-12-30', '10:01:49', '2013-12-30 04:31:49'),
(210, 15, 174, 100, 0.00, 1, '2013-12-30', '10:01:49', '2013-12-30 04:31:49'),
(211, 15, 175, 100, 0.00, 1, '2013-12-30', '10:01:49', '2013-12-30 04:31:49'),
(212, 15, 176, 100, 0.00, 1, '2013-12-30', '10:01:49', '2013-12-30 04:31:49'),
(213, 15, 177, 100, 0.00, 1, '2013-12-30', '10:01:49', '2013-12-30 04:31:49'),
(214, 15, 178, 100, 0.00, 1, '2013-12-30', '10:01:49', '2013-12-30 04:31:49'),
(215, 15, 179, 100, 0.00, 1, '2013-12-30', '10:01:49', '2013-12-30 04:31:49'),
(216, 15, 180, 100, 0.00, 1, '2013-12-30', '10:01:49', '2013-12-30 04:31:49'),
(217, 15, 181, 100, 0.00, 1, '2013-12-30', '10:01:49', '2013-12-30 04:31:49'),
(218, 15, 182, 100, 0.00, 1, '2013-12-30', '10:01:49', '2013-12-30 04:31:49'),
(219, 15, 183, 100, 0.00, 1, '2013-12-30', '10:01:49', '2013-12-30 04:31:49'),
(220, 15, 184, 100, 0.00, 1, '2013-12-30', '10:01:49', '2013-12-30 04:31:49'),
(221, 15, 185, 100, 0.00, 1, '2013-12-30', '10:01:49', '2013-12-30 04:31:49'),
(222, 15, 186, 100, 0.00, 1, '2013-12-30', '10:01:49', '2013-12-30 04:31:49'),
(223, 15, 187, 100, 0.00, 1, '2013-12-30', '10:01:49', '2013-12-30 04:31:49'),
(224, 15, 188, 100, 0.00, 1, '2013-12-30', '10:01:49', '2013-12-30 04:31:49'),
(225, 15, 189, 100, 0.00, 1, '2013-12-30', '10:01:49', '2013-12-30 04:31:49'),
(226, 15, 190, 100, 0.00, 1, '2013-12-30', '10:01:49', '2013-12-30 04:31:49'),
(227, 15, 191, 100, 0.00, 1, '2013-12-30', '10:01:49', '2013-12-30 04:31:49'),
(228, 15, 192, 100, 0.00, 1, '2013-12-30', '10:01:49', '2013-12-30 04:31:49'),
(229, 15, 193, 100, 0.00, 1, '2013-12-30', '10:01:49', '2013-12-30 04:31:49'),
(230, 15, 194, 100, 0.00, 1, '2013-12-30', '10:01:49', '2013-12-30 04:31:49'),
(231, 15, 195, 100, 0.00, 1, '2013-12-30', '10:01:49', '2013-12-30 04:31:49'),
(232, 15, 196, 100, 0.00, 1, '2013-12-30', '10:01:49', '2013-12-30 04:31:49'),
(233, 15, 197, 100, 0.00, 1, '2013-12-30', '10:01:49', '2013-12-30 04:31:49'),
(234, 15, 198, 100, 0.00, 1, '2013-12-30', '10:01:49', '2013-12-30 04:31:49'),
(235, 15, 199, 100, 0.00, 1, '2013-12-30', '10:01:49', '2013-12-30 04:31:49'),
(236, 15, 200, 100, 0.00, 1, '2013-12-30', '10:01:49', '2013-12-30 04:31:49'),
(237, 15, 201, 100, 0.00, 1, '2013-12-30', '10:01:49', '2013-12-30 04:31:49'),
(238, 15, 202, 100, 0.00, 1, '2013-12-30', '10:01:49', '2013-12-30 04:31:49'),
(239, 15, 203, 100, 0.00, 1, '2013-12-30', '10:01:49', '2013-12-30 04:31:49'),
(240, 15, 204, 100, 0.00, 1, '2013-12-30', '10:01:49', '2013-12-30 04:31:49'),
(241, 15, 205, 100, 0.00, 1, '2013-12-30', '10:01:49', '2013-12-30 04:31:49'),
(242, 15, 206, 100, 0.00, 1, '2013-12-30', '10:01:49', '2013-12-30 04:31:49'),
(243, 15, 207, 100, 0.00, 1, '2013-12-30', '10:01:49', '2013-12-30 04:31:49'),
(244, 15, 208, 100, 0.00, 1, '2013-12-30', '10:01:49', '2013-12-30 04:31:49'),
(245, 15, 209, 100, 0.00, 1, '2013-12-30', '10:01:49', '2013-12-30 04:31:49'),
(246, 15, 210, 100, 0.00, 1, '2013-12-30', '10:01:49', '2013-12-30 04:31:49'),
(247, 15, 211, 100, 0.00, 1, '2013-12-30', '10:01:49', '2013-12-30 04:31:49'),
(248, 15, 212, 100, 0.00, 1, '2013-12-30', '10:01:49', '2013-12-30 04:31:49'),
(249, 15, 213, 100, 0.00, 1, '2013-12-30', '10:01:49', '2013-12-30 04:31:49'),
(250, 15, 214, 100, 0.00, 1, '2013-12-30', '10:01:49', '2013-12-30 04:31:49'),
(251, 15, 215, 100, 0.00, 1, '2013-12-30', '10:01:49', '2013-12-30 04:31:49'),
(252, 15, 216, 100, 0.00, 1, '2013-12-30', '10:01:49', '2013-12-30 04:31:49'),
(253, 15, 217, 100, 0.00, 1, '2013-12-30', '10:01:49', '2013-12-30 04:31:49'),
(254, 15, 218, 100, 0.00, 1, '2013-12-30', '10:01:49', '2013-12-30 04:31:49'),
(255, 15, 219, 100, 0.00, 1, '2013-12-30', '10:01:49', '2013-12-30 04:31:49'),
(256, 15, 220, 100, 0.00, 1, '2013-12-30', '10:01:49', '2013-12-30 04:31:49'),
(257, 15, 221, 100, 0.00, 1, '2013-12-30', '10:01:49', '2013-12-30 04:31:49'),
(258, 15, 222, 100, 0.00, 1, '2013-12-30', '10:01:49', '2013-12-30 04:31:49'),
(259, 15, 223, 100, 0.00, 1, '2013-12-30', '10:01:49', '2013-12-30 04:31:49'),
(260, 15, 224, 100, 0.00, 1, '2013-12-30', '10:01:49', '2013-12-30 04:31:49'),
(261, 15, 225, 100, 0.00, 1, '2013-12-30', '10:01:49', '2013-12-30 04:31:49'),
(262, 15, 226, 100, 0.00, 1, '2013-12-30', '10:01:49', '2013-12-30 04:31:49'),
(263, 15, 227, 100, 0.00, 1, '2013-12-30', '10:01:49', '2013-12-30 04:31:49'),
(264, 15, 228, 100, 0.00, 1, '2013-12-30', '10:01:49', '2013-12-30 04:31:49'),
(265, 15, 229, 100, 0.00, 1, '2013-12-30', '10:01:49', '2013-12-30 04:31:49'),
(266, 15, 230, 100, 0.00, 1, '2013-12-30', '10:01:49', '2013-12-30 04:31:49'),
(267, 15, 231, 100, 0.00, 1, '2013-12-30', '10:01:49', '2013-12-30 04:31:49'),
(268, 15, 232, 100, 0.00, 1, '2013-12-30', '10:01:49', '2013-12-30 04:31:49'),
(269, 15, 233, 100, 0.00, 1, '2013-12-30', '10:01:49', '2013-12-30 04:31:49'),
(270, 15, 234, 100, 0.00, 1, '2013-12-30', '10:01:49', '2013-12-30 04:31:49'),
(271, 15, 235, 100, 0.00, 1, '2013-12-30', '10:01:49', '2013-12-30 04:31:49'),
(272, 15, 236, 100, 0.00, 1, '2013-12-30', '10:01:49', '2013-12-30 04:31:49'),
(273, 15, 237, 100, 0.00, 1, '2013-12-30', '10:01:49', '2013-12-30 04:31:49'),
(274, 15, 238, 100, 0.00, 1, '2013-12-30', '10:01:49', '2013-12-30 04:31:49'),
(275, 15, 239, 100, 0.00, 1, '2013-12-30', '10:01:49', '2013-12-30 04:31:49'),
(276, 15, 240, 100, 0.00, 1, '2013-12-30', '10:01:49', '2013-12-30 04:31:49'),
(277, 15, 241, 100, 0.00, 1, '2013-12-30', '10:01:49', '2013-12-30 04:31:49'),
(278, 15, 242, 100, 0.00, 1, '2013-12-30', '10:01:49', '2013-12-30 04:31:49'),
(279, 15, 243, 100, 0.00, 1, '2013-12-30', '10:01:49', '2013-12-30 04:31:49'),
(280, 15, 244, 100, 0.00, 1, '2013-12-30', '10:01:49', '2013-12-30 04:31:49'),
(281, 15, 245, 100, 0.00, 1, '2013-12-30', '10:01:49', '2013-12-30 04:31:49'),
(282, 15, 246, 100, 0.00, 1, '2013-12-30', '10:01:49', '2013-12-30 04:31:49'),
(283, 15, 247, 100, 0.00, 1, '2013-12-30', '10:01:49', '2013-12-30 04:31:49'),
(284, 15, 248, 100, 0.00, 1, '2013-12-30', '10:01:49', '2013-12-30 04:31:49'),
(285, 15, 249, 100, 0.00, 1, '2013-12-30', '10:01:49', '2013-12-30 04:31:49'),
(286, 15, 250, 100, 0.00, 1, '2013-12-30', '10:01:49', '2013-12-30 04:31:49'),
(287, 15, 251, 100, 0.00, 1, '2013-12-30', '10:01:49', '2013-12-30 04:31:49'),
(288, 15, 252, 100, 0.00, 1, '2013-12-30', '10:01:49', '2013-12-30 04:31:49'),
(289, 15, 253, 100, 0.00, 1, '2013-12-30', '10:01:49', '2013-12-30 04:31:49'),
(290, 15, 254, 100, 0.00, 1, '2013-12-30', '10:01:49', '2013-12-30 04:31:49'),
(291, 15, 255, 100, 0.00, 1, '2013-12-30', '10:01:49', '2013-12-30 04:31:49'),
(292, 15, 256, 100, 0.00, 1, '2013-12-30', '10:01:49', '2013-12-30 04:31:49'),
(293, 15, 257, 100, 0.00, 1, '2013-12-30', '10:01:49', '2013-12-30 04:31:49'),
(294, 15, 258, 100, 0.00, 1, '2013-12-30', '10:01:49', '2013-12-30 04:31:49'),
(295, 15, 259, 100, 0.00, 1, '2013-12-30', '10:01:49', '2013-12-30 04:31:49'),
(296, 15, 260, 100, 0.00, 1, '2013-12-30', '10:01:49', '2013-12-30 04:31:49'),
(297, 15, 261, 100, 0.00, 1, '2013-12-30', '10:01:49', '2013-12-30 04:31:49'),
(298, 15, 262, 100, 0.00, 1, '2013-12-30', '10:01:49', '2013-12-30 04:31:49'),
(299, 15, 263, 100, 0.00, 1, '2013-12-30', '10:01:49', '2013-12-30 04:31:49'),
(300, 15, 264, 100, 0.00, 1, '2013-12-30', '10:01:49', '2013-12-30 04:31:50'),
(301, 15, 265, 100, 0.00, 1, '2013-12-30', '10:01:49', '2013-12-30 04:31:50'),
(302, 15, 266, 100, 0.00, 1, '2013-12-30', '10:01:49', '2013-12-30 04:31:50'),
(303, 15, 267, 100, 0.00, 1, '2013-12-30', '10:01:49', '2013-12-30 04:31:50'),
(304, 15, 268, 100, 0.00, 1, '2013-12-30', '10:01:49', '2013-12-30 04:31:50'),
(305, 15, 269, 100, 0.00, 1, '2013-12-30', '10:01:50', '2013-12-30 04:31:50'),
(306, 15, 270, 100, 0.00, 1, '2013-12-30', '10:01:50', '2013-12-30 04:31:50'),
(307, 15, 271, 100, 0.00, 1, '2013-12-30', '10:01:50', '2013-12-30 04:31:50'),
(308, 15, 272, 100, 0.00, 1, '2013-12-30', '10:01:50', '2013-12-30 04:31:50'),
(309, 15, 273, 100, 0.00, 1, '2013-12-30', '10:01:50', '2013-12-30 04:31:50'),
(310, 15, 274, 100, 0.00, 1, '2013-12-30', '10:01:50', '2013-12-30 04:31:50'),
(311, 15, 275, 100, 0.00, 1, '2013-12-30', '10:01:50', '2013-12-30 04:31:50'),
(312, 15, 276, 100, 0.00, 1, '2013-12-30', '10:01:50', '2013-12-30 04:31:50'),
(313, 15, 277, 100, 0.00, 1, '2013-12-30', '10:01:50', '2013-12-30 04:31:50'),
(314, 15, 278, 100, 0.00, 1, '2013-12-30', '10:01:50', '2013-12-30 04:31:50'),
(315, 15, 279, 100, 0.00, 1, '2013-12-30', '10:01:50', '2013-12-30 04:31:50'),
(316, 15, 280, 100, 0.00, 1, '2013-12-30', '10:01:50', '2013-12-30 04:31:50'),
(317, 15, 281, 100, 0.00, 1, '2013-12-30', '10:01:50', '2013-12-30 04:31:50'),
(318, 15, 282, 100, 0.00, 1, '2013-12-30', '10:01:50', '2013-12-30 04:31:50'),
(319, 15, 283, 100, 0.00, 1, '2013-12-30', '10:01:50', '2013-12-30 04:31:50'),
(320, 15, 284, 100, 0.00, 1, '2013-12-30', '10:01:50', '2013-12-30 04:31:50'),
(321, 15, 285, 100, 0.00, 1, '2013-12-30', '10:01:50', '2013-12-30 04:31:50'),
(322, 15, 286, 100, 0.00, 1, '2013-12-30', '10:01:50', '2013-12-30 04:31:50'),
(323, 15, 287, 100, 0.00, 1, '2013-12-30', '10:01:50', '2013-12-30 04:31:50'),
(324, 15, 288, 100, 0.00, 1, '2013-12-30', '10:01:50', '2013-12-30 04:31:50'),
(325, 15, 289, 100, 0.00, 1, '2013-12-30', '10:01:50', '2013-12-30 04:31:50'),
(326, 15, 290, 100, 0.00, 1, '2013-12-30', '10:01:50', '2013-12-30 04:31:50'),
(327, 15, 291, 100, 0.00, 1, '2013-12-30', '10:01:50', '2013-12-30 04:31:50'),
(328, 15, 292, 100, 0.00, 1, '2013-12-30', '10:01:50', '2013-12-30 04:31:50'),
(329, 15, 293, 100, 0.00, 1, '2013-12-30', '10:01:50', '2013-12-30 04:31:50'),
(330, 15, 294, 100, 0.00, 1, '2013-12-30', '10:01:50', '2013-12-30 04:31:50'),
(331, 15, 295, 100, 0.00, 1, '2013-12-30', '10:01:50', '2013-12-30 04:31:50'),
(332, 15, 296, 100, 0.00, 1, '2013-12-30', '10:01:50', '2013-12-30 04:31:50'),
(333, 15, 297, 100, 0.00, 1, '2013-12-30', '10:01:50', '2013-12-30 04:31:50'),
(334, 15, 298, 100, 0.00, 1, '2013-12-30', '10:01:50', '2013-12-30 04:31:50'),
(335, 15, 299, 100, 0.00, 1, '2013-12-30', '10:01:50', '2013-12-30 04:31:50'),
(336, 15, 300, 100, 0.00, 1, '2013-12-30', '10:01:50', '2013-12-30 04:31:50'),
(337, 15, 301, 100, 0.00, 1, '2013-12-30', '10:01:50', '2013-12-30 04:31:50'),
(338, 15, 302, 100, 0.00, 1, '2013-12-30', '10:01:50', '2013-12-30 04:31:50'),
(339, 15, 303, 100, 0.00, 1, '2013-12-30', '10:01:50', '2013-12-30 04:31:50'),
(340, 15, 304, 100, 0.00, 1, '2013-12-30', '10:01:50', '2013-12-30 04:31:50'),
(341, 15, 305, 100, 0.00, 1, '2013-12-30', '10:01:50', '2013-12-30 04:31:50'),
(342, 15, 306, 100, 0.00, 1, '2013-12-30', '10:01:50', '2013-12-30 04:31:50'),
(343, 15, 307, 100, 0.00, 1, '2013-12-30', '10:01:50', '2013-12-30 04:31:50'),
(344, 15, 308, 100, 0.00, 1, '2013-12-30', '10:01:50', '2013-12-30 04:31:50'),
(345, 15, 309, 100, 0.00, 1, '2013-12-30', '10:01:50', '2013-12-30 04:31:50'),
(346, 15, 310, 100, 0.00, 1, '2013-12-30', '10:01:50', '2013-12-30 04:31:50'),
(347, 15, 311, 100, 0.00, 1, '2013-12-30', '10:01:50', '2013-12-30 04:31:50'),
(348, 15, 312, 100, 0.00, 1, '2013-12-30', '10:01:50', '2013-12-30 04:31:50'),
(349, 15, 313, 100, 0.00, 1, '2013-12-30', '10:01:50', '2013-12-30 04:31:50'),
(350, 15, 314, 100, 0.00, 1, '2013-12-30', '10:01:50', '2013-12-30 04:31:50'),
(351, 15, 315, 100, 0.00, 1, '2013-12-30', '10:01:50', '2013-12-30 04:31:50'),
(352, 15, 316, 100, 0.00, 1, '2013-12-30', '10:01:50', '2013-12-30 04:31:50'),
(353, 15, 317, 100, 0.00, 1, '2013-12-30', '10:01:50', '2013-12-30 04:31:50'),
(354, 15, 318, 100, 0.00, 1, '2013-12-30', '10:01:50', '2013-12-30 04:31:50'),
(355, 15, 319, 100, 0.00, 1, '2013-12-30', '10:01:50', '2013-12-30 04:31:50'),
(356, 15, 320, 100, 0.00, 1, '2013-12-30', '10:01:50', '2013-12-30 04:31:50'),
(357, 15, 321, 100, 0.00, 1, '2013-12-30', '10:01:50', '2013-12-30 04:31:50'),
(358, 15, 322, 100, 0.00, 1, '2013-12-30', '10:01:50', '2013-12-30 04:31:50'),
(359, 15, 323, 100, 0.00, 1, '2013-12-30', '10:01:50', '2013-12-30 04:31:50'),
(360, 15, 324, 100, 0.00, 1, '2013-12-30', '10:01:50', '2013-12-30 04:31:50'),
(361, 15, 325, 100, 0.00, 1, '2013-12-30', '10:01:50', '2013-12-30 04:31:50'),
(362, 15, 326, 100, 0.00, 1, '2013-12-30', '10:01:50', '2013-12-30 04:31:50'),
(363, 15, 327, 100, 0.00, 1, '2013-12-30', '10:01:50', '2013-12-30 04:31:50'),
(364, 15, 328, 100, 0.00, 1, '2013-12-30', '10:01:50', '2013-12-30 04:31:50'),
(365, 15, 329, 100, 0.00, 1, '2013-12-30', '10:01:50', '2013-12-30 04:31:50'),
(366, 15, 330, 100, 0.00, 1, '2013-12-30', '10:01:50', '2013-12-30 04:31:50'),
(367, 15, 331, 100, 0.00, 1, '2013-12-30', '10:01:50', '2013-12-30 04:31:50'),
(368, 15, 332, 100, 0.00, 1, '2013-12-30', '10:01:50', '2013-12-30 04:31:50'),
(369, 15, 333, 100, 0.00, 1, '2013-12-30', '10:01:50', '2013-12-30 04:31:50'),
(370, 15, 334, 100, 0.00, 1, '2013-12-30', '10:01:50', '2013-12-30 04:31:50'),
(371, 15, 335, 100, 0.00, 1, '2013-12-30', '10:01:50', '2013-12-30 04:31:50'),
(372, 15, 336, 100, 0.00, 1, '2013-12-30', '10:01:50', '2013-12-30 04:31:50'),
(373, 15, 337, 100, 0.00, 1, '2013-12-30', '10:01:50', '2013-12-30 04:31:50'),
(374, 15, 338, 100, 0.00, 1, '2013-12-30', '10:01:50', '2013-12-30 04:31:50'),
(375, 15, 339, 100, 0.00, 1, '2013-12-30', '10:01:50', '2013-12-30 04:31:50'),
(376, 15, 340, 100, 0.00, 1, '2013-12-30', '10:01:50', '2013-12-30 04:31:50'),
(377, 15, 341, 100, 0.00, 1, '2013-12-30', '10:01:50', '2013-12-30 04:31:50'),
(378, 15, 342, 100, 0.00, 1, '2013-12-30', '10:01:50', '2013-12-30 04:31:50'),
(379, 15, 343, 100, 0.00, 1, '2013-12-30', '10:01:50', '2013-12-30 04:31:50'),
(380, 15, 344, 100, 0.00, 1, '2013-12-30', '10:01:50', '2013-12-30 04:31:50'),
(381, 15, 345, 100, 0.00, 1, '2013-12-30', '10:01:50', '2013-12-30 04:31:50'),
(382, 15, 346, 100, 0.00, 1, '2013-12-30', '10:01:50', '2013-12-30 04:31:50'),
(383, 15, 347, 100, 0.00, 1, '2013-12-30', '10:01:50', '2013-12-30 04:31:50'),
(384, 15, 348, 100, 0.00, 1, '2013-12-30', '10:01:50', '2013-12-30 04:31:50'),
(385, 15, 349, 100, 0.00, 1, '2013-12-30', '10:01:50', '2013-12-30 04:31:50'),
(386, 15, 350, 100, 0.00, 1, '2013-12-30', '10:01:50', '2013-12-30 04:31:50'),
(387, 15, 351, 100, 0.00, 1, '2013-12-30', '10:01:50', '2013-12-30 04:31:50'),
(388, 15, 352, 100, 0.00, 1, '2013-12-30', '10:01:50', '2013-12-30 04:31:50'),
(389, 15, 353, 100, 0.00, 1, '2013-12-30', '10:01:50', '2013-12-30 04:31:50'),
(390, 15, 354, 100, 0.00, 1, '2013-12-30', '10:01:50', '2013-12-30 04:31:50'),
(391, 15, 355, 100, 0.00, 1, '2013-12-30', '10:01:50', '2013-12-30 04:31:50'),
(392, 15, 356, 100, 0.00, 1, '2013-12-30', '10:01:50', '2013-12-30 04:31:50'),
(393, 15, 357, 100, 0.00, 1, '2013-12-30', '10:01:50', '2013-12-30 04:31:50'),
(394, 15, 358, 100, 0.00, 1, '2013-12-30', '10:01:50', '2013-12-30 04:31:50'),
(395, 15, 359, 100, 0.00, 1, '2013-12-30', '10:01:50', '2013-12-30 04:31:50'),
(396, 15, 360, 100, 0.00, 1, '2013-12-30', '10:01:50', '2013-12-30 04:31:50'),
(397, 15, 361, 100, 0.00, 1, '2013-12-30', '10:01:50', '2013-12-30 04:31:50'),
(398, 15, 362, 100, 0.00, 1, '2013-12-30', '10:01:50', '2013-12-30 04:31:50'),
(399, 15, 363, 100, 0.00, 1, '2013-12-30', '10:01:50', '2013-12-30 04:31:50'),
(400, 15, 364, 100, 0.00, 1, '2013-12-30', '10:01:50', '2013-12-30 04:31:50'),
(401, 15, 365, 100, 0.00, 1, '2013-12-30', '10:01:50', '2013-12-30 04:31:50'),
(402, 15, 366, 100, 0.00, 1, '2013-12-30', '10:01:50', '2013-12-30 04:31:50'),
(403, 15, 367, 100, 0.00, 1, '2013-12-30', '10:01:50', '2013-12-30 04:31:50'),
(404, 15, 368, 100, 0.00, 1, '2013-12-30', '10:01:50', '2013-12-30 04:31:50'),
(405, 15, 369, 100, 0.00, 1, '2013-12-30', '10:01:50', '2013-12-30 04:31:50'),
(406, 15, 370, 100, 0.00, 1, '2013-12-30', '10:01:50', '2013-12-30 04:31:50'),
(407, 15, 371, 100, 0.00, 1, '2013-12-30', '10:01:50', '2013-12-30 04:31:50'),
(408, 15, 372, 100, 0.00, 1, '2013-12-30', '10:01:50', '2013-12-30 04:31:50'),
(409, 15, 373, 100, 0.00, 1, '2013-12-30', '10:01:50', '2013-12-30 04:31:50'),
(410, 15, 374, 100, 0.00, 1, '2013-12-30', '10:01:50', '2013-12-30 04:31:50'),
(411, 15, 375, 100, 0.00, 1, '2013-12-30', '10:01:50', '2013-12-30 04:31:50'),
(412, 15, 376, 100, 0.00, 1, '2013-12-30', '10:01:50', '2013-12-30 04:31:50'),
(413, 15, 377, 100, 0.00, 1, '2013-12-30', '10:01:50', '2013-12-30 04:31:50'),
(414, 15, 378, 100, 0.00, 1, '2013-12-30', '10:01:50', '2013-12-30 04:31:50'),
(415, 15, 379, 100, 0.00, 1, '2013-12-30', '10:01:50', '2013-12-30 04:31:50'),
(416, 15, 380, 100, 0.00, 1, '2013-12-30', '10:01:50', '2013-12-30 04:31:50'),
(417, 15, 381, 100, 0.00, 1, '2013-12-30', '10:01:50', '2013-12-30 04:31:50'),
(418, 15, 382, 100, 0.00, 1, '2013-12-30', '10:01:50', '2013-12-30 04:31:50'),
(419, 15, 383, 100, 0.00, 1, '2013-12-30', '10:01:50', '2013-12-30 04:31:50'),
(420, 15, 384, 100, 0.00, 1, '2013-12-30', '10:01:50', '2013-12-30 04:31:50'),
(421, 15, 385, 100, 0.00, 1, '2013-12-30', '10:01:50', '2013-12-30 04:31:50'),
(422, 15, 386, 100, 0.00, 1, '2013-12-30', '10:01:50', '2013-12-30 04:31:50'),
(423, 15, 387, 100, 0.00, 1, '2013-12-30', '10:01:50', '2013-12-30 04:31:50'),
(424, 15, 388, 100, 0.00, 1, '2013-12-30', '10:01:50', '2013-12-30 04:31:50'),
(425, 15, 389, 100, 0.00, 1, '2013-12-30', '10:01:50', '2013-12-30 04:31:50'),
(426, 15, 390, 100, 0.00, 1, '2013-12-30', '10:01:50', '2013-12-30 04:31:50'),
(427, 15, 391, 100, 0.00, 1, '2013-12-30', '10:01:50', '2013-12-30 04:31:50'),
(428, 15, 392, 100, 0.00, 1, '2013-12-30', '10:01:50', '2013-12-30 04:31:50'),
(429, 15, 393, 100, 0.00, 1, '2013-12-30', '10:01:50', '2013-12-30 04:31:50'),
(430, 15, 394, 100, 0.00, 1, '2013-12-30', '10:01:50', '2013-12-30 04:31:50'),
(431, 15, 395, 100, 0.00, 1, '2013-12-30', '10:01:50', '2013-12-30 04:31:50'),
(432, 15, 396, 100, 0.00, 1, '2013-12-30', '10:01:50', '2013-12-30 04:31:50'),
(433, 15, 397, 100, 0.00, 1, '2013-12-30', '10:01:50', '2013-12-30 04:31:50'),
(434, 15, 398, 100, 0.00, 1, '2013-12-30', '10:01:50', '2013-12-30 04:31:50'),
(435, 15, 399, 100, 0.00, 1, '2013-12-30', '10:01:50', '2013-12-30 04:31:50'),
(436, 15, 400, 100, 0.00, 1, '2013-12-30', '10:01:50', '2013-12-30 04:31:50'),
(437, 15, 401, 100, 0.00, 1, '2013-12-30', '10:01:50', '2013-12-30 04:31:50'),
(438, 15, 402, 100, 0.00, 1, '2013-12-30', '10:01:50', '2013-12-30 04:31:50'),
(439, 15, 403, 100, 0.00, 1, '2013-12-30', '10:01:50', '2013-12-30 04:31:50'),
(440, 15, 404, 100, 0.00, 1, '2013-12-30', '10:01:50', '2013-12-30 04:31:50'),
(441, 15, 405, 100, 0.00, 1, '2013-12-30', '10:01:50', '2013-12-30 04:31:50'),
(442, 15, 406, 100, 0.00, 1, '2013-12-30', '10:01:50', '2013-12-30 04:31:50'),
(443, 15, 407, 100, 0.00, 1, '2013-12-30', '10:01:50', '2013-12-30 04:31:50'),
(444, 15, 408, 100, 0.00, 1, '2013-12-30', '10:01:50', '2013-12-30 04:31:50'),
(445, 15, 409, 100, 0.00, 1, '2013-12-30', '10:01:50', '2013-12-30 04:31:50'),
(446, 15, 410, 100, 0.00, 1, '2013-12-30', '10:01:50', '2013-12-30 04:31:50'),
(447, 15, 411, 100, 0.00, 1, '2013-12-30', '10:01:50', '2013-12-30 04:31:50'),
(448, 15, 412, 100, 0.00, 1, '2013-12-30', '10:01:50', '2013-12-30 04:31:50'),
(449, 15, 413, 100, 0.00, 1, '2013-12-30', '10:01:50', '2013-12-30 04:31:50'),
(450, 15, 414, 100, 0.00, 1, '2013-12-30', '10:01:50', '2013-12-30 04:31:50'),
(451, 15, 415, 100, 0.00, 1, '2013-12-30', '10:01:50', '2013-12-30 04:31:50'),
(452, 15, 416, 100, 0.00, 1, '2013-12-30', '10:01:50', '2013-12-30 04:31:50'),
(453, 15, 417, 100, 0.00, 1, '2013-12-30', '10:01:50', '2013-12-30 04:31:50'),
(454, 15, 418, 100, 0.00, 1, '2013-12-30', '10:01:50', '2013-12-30 04:31:50'),
(455, 15, 419, 100, 0.00, 1, '2013-12-30', '10:01:50', '2013-12-30 04:31:50'),
(456, 15, 420, 100, 0.00, 1, '2013-12-30', '10:01:50', '2013-12-30 04:31:50'),
(457, 15, 421, 100, 0.00, 1, '2013-12-30', '10:01:50', '2013-12-30 04:31:50'),
(458, 15, 422, 100, 0.00, 1, '2013-12-30', '10:01:50', '2013-12-30 04:31:50'),
(459, 15, 423, 100, 0.00, 1, '2013-12-30', '10:01:50', '2013-12-30 04:31:50'),
(460, 15, 424, 100, 0.00, 1, '2013-12-30', '10:01:50', '2013-12-30 04:31:50'),
(461, 15, 425, 100, 0.00, 1, '2013-12-30', '10:01:50', '2013-12-30 04:31:50'),
(462, 15, 426, 100, 0.00, 1, '2013-12-30', '10:01:50', '2013-12-30 04:31:50'),
(463, 15, 427, 100, 0.00, 1, '2013-12-30', '10:01:50', '2013-12-30 04:31:50'),
(464, 15, 428, 100, 0.00, 1, '2013-12-30', '10:01:50', '2013-12-30 04:31:50'),
(465, 15, 429, 100, 0.00, 1, '2013-12-30', '10:01:50', '2013-12-30 04:31:50'),
(466, 15, 430, 100, 0.00, 1, '2013-12-30', '10:01:50', '2013-12-30 04:31:50'),
(467, 15, 431, 100, 0.00, 1, '2013-12-30', '10:01:50', '2013-12-30 04:31:50'),
(468, 15, 432, 100, 0.00, 1, '2013-12-30', '10:01:50', '2013-12-30 04:31:50'),
(469, 15, 433, 100, 0.00, 1, '2013-12-30', '10:01:50', '2013-12-30 04:31:50'),
(470, 15, 434, 100, 0.00, 1, '2013-12-30', '10:01:50', '2013-12-30 04:31:50'),
(471, 15, 435, 100, 0.00, 1, '2013-12-30', '10:01:50', '2013-12-30 04:31:50'),
(472, 15, 436, 100, 0.00, 1, '2013-12-30', '10:01:50', '2013-12-30 04:31:50'),
(473, 15, 437, 100, 0.00, 1, '2013-12-30', '10:01:50', '2013-12-30 04:31:50'),
(474, 15, 438, 100, 0.00, 1, '2013-12-30', '10:01:50', '2013-12-30 04:31:50'),
(475, 15, 439, 100, 0.00, 1, '2013-12-30', '10:01:50', '2013-12-30 04:31:50'),
(476, 15, 440, 100, 0.00, 1, '2013-12-30', '10:01:50', '2013-12-30 04:31:50'),
(477, 15, 441, 100, 0.00, 1, '2013-12-30', '10:01:50', '2013-12-30 04:31:50'),
(478, 15, 442, 100, 0.00, 1, '2013-12-30', '10:01:50', '2013-12-30 04:31:50'),
(479, 15, 443, 100, 0.00, 1, '2013-12-30', '10:01:50', '2013-12-30 04:31:50'),
(480, 15, 444, 100, 0.00, 1, '2013-12-30', '10:01:50', '2013-12-30 04:31:50'),
(481, 15, 445, 100, 0.00, 1, '2013-12-30', '10:01:50', '2013-12-30 04:31:50'),
(482, 15, 446, 100, 0.00, 1, '2013-12-30', '10:01:50', '2013-12-30 04:31:50'),
(483, 15, 447, 100, 0.00, 1, '2013-12-30', '10:01:50', '2013-12-30 04:31:50'),
(484, 15, 448, 100, 0.00, 1, '2013-12-30', '10:01:50', '2013-12-30 04:31:50'),
(485, 15, 449, 100, 0.00, 1, '2013-12-30', '10:01:50', '2013-12-30 04:31:50'),
(486, 15, 450, 100, 0.00, 1, '2013-12-30', '10:01:50', '2013-12-30 04:31:50'),
(487, 15, 451, 100, 0.00, 1, '2013-12-30', '10:01:50', '2013-12-30 04:31:50'),
(488, 15, 452, 100, 0.00, 1, '2013-12-30', '10:01:50', '2013-12-30 04:31:50'),
(489, 15, 453, 100, 0.00, 1, '2013-12-30', '10:01:50', '2013-12-30 04:31:50'),
(490, 15, 454, 100, 0.00, 1, '2013-12-30', '10:01:50', '2013-12-30 04:31:50'),
(491, 15, 455, 100, 0.00, 1, '2013-12-30', '10:01:50', '2013-12-30 04:31:50'),
(492, 15, 456, 100, 0.00, 1, '2013-12-30', '10:01:50', '2013-12-30 04:31:50'),
(493, 15, 457, 100, 0.00, 1, '2013-12-30', '10:01:50', '2013-12-30 04:31:50'),
(494, 15, 458, 100, 0.00, 1, '2013-12-30', '10:01:50', '2013-12-30 04:31:50'),
(495, 15, 459, 100, 0.00, 1, '2013-12-30', '10:01:50', '2013-12-30 04:31:50'),
(496, 15, 460, 100, 0.00, 1, '2013-12-30', '10:01:50', '2013-12-30 04:31:50'),
(497, 15, 461, 100, 0.00, 1, '2013-12-30', '10:01:50', '2013-12-30 04:31:50'),
(498, 15, 462, 100, 0.00, 1, '2013-12-30', '10:01:50', '2013-12-30 04:31:50'),
(499, 15, 463, 100, 0.00, 1, '2013-12-30', '10:01:50', '2013-12-30 04:31:50'),
(500, 15, 464, 100, 0.00, 1, '2013-12-30', '10:01:50', '2013-12-30 04:31:50'),
(501, 15, 465, 100, 0.00, 1, '2013-12-30', '10:01:50', '2013-12-30 04:31:50'),
(502, 15, 466, 100, 0.00, 1, '2013-12-30', '10:01:50', '2013-12-30 04:31:50'),
(503, 15, 467, 100, 0.00, 1, '2013-12-30', '10:01:50', '2013-12-30 04:31:50'),
(504, 15, 468, 100, 0.00, 1, '2013-12-30', '10:01:50', '2013-12-30 04:31:50'),
(505, 15, 469, 100, 0.00, 1, '2013-12-30', '10:01:50', '2013-12-30 04:31:50'),
(506, 15, 470, 100, 0.00, 1, '2013-12-30', '10:01:50', '2013-12-30 04:31:50'),
(507, 15, 471, 100, 0.00, 1, '2013-12-30', '10:01:50', '2013-12-30 04:31:50'),
(508, 15, 472, 100, 0.00, 1, '2013-12-30', '10:01:50', '2013-12-30 04:31:50'),
(509, 15, 473, 100, 0.00, 1, '2013-12-30', '10:01:50', '2013-12-30 04:31:50'),
(510, 15, 474, 100, 0.00, 1, '2013-12-30', '10:01:50', '2013-12-30 04:31:50'),
(511, 15, 475, 100, 0.00, 1, '2013-12-30', '10:01:50', '2013-12-30 04:31:50'),
(512, 15, 476, 100, 0.00, 1, '2013-12-30', '10:01:50', '2013-12-30 04:31:50'),
(513, 15, 477, 100, 0.00, 1, '2013-12-30', '10:01:50', '2013-12-30 04:31:50'),
(514, 15, 478, 100, 0.00, 1, '2013-12-30', '10:01:50', '2013-12-30 04:31:50'),
(515, 15, 479, 100, 0.00, 1, '2013-12-30', '10:01:50', '2013-12-30 04:31:50'),
(516, 15, 480, 100, 0.00, 1, '2013-12-30', '10:01:50', '2013-12-30 04:31:50'),
(517, 15, 481, 100, 0.00, 1, '2013-12-30', '10:01:50', '2013-12-30 04:31:50'),
(518, 15, 482, 100, 0.00, 1, '2013-12-30', '10:01:50', '2013-12-30 04:31:50'),
(519, 15, 483, 100, 0.00, 1, '2013-12-30', '10:01:50', '2013-12-30 04:31:50'),
(520, 15, 484, 100, 0.00, 1, '2013-12-30', '10:01:50', '2013-12-30 04:31:50'),
(521, 15, 485, 100, 0.00, 1, '2013-12-30', '10:01:50', '2013-12-30 04:31:50'),
(522, 15, 486, 100, 0.00, 1, '2013-12-30', '10:01:50', '2013-12-30 04:31:50'),
(523, 15, 487, 100, 0.00, 1, '2013-12-30', '10:01:50', '2013-12-30 04:31:50'),
(524, 15, 488, 100, 0.00, 1, '2013-12-30', '10:01:50', '2013-12-30 04:31:50'),
(525, 15, 489, 100, 0.00, 1, '2013-12-30', '10:01:50', '2013-12-30 04:31:50'),
(526, 15, 490, 100, 0.00, 1, '2013-12-30', '10:01:50', '2013-12-30 04:31:50'),
(527, 15, 491, 100, 0.00, 1, '2013-12-30', '10:01:50', '2013-12-30 04:31:50'),
(528, 15, 492, 100, 0.00, 1, '2013-12-30', '10:01:50', '2013-12-30 04:31:50'),
(529, 15, 493, 100, 0.00, 1, '2013-12-30', '10:01:50', '2013-12-30 04:31:50'),
(530, 15, 494, 100, 0.00, 1, '2013-12-30', '10:01:50', '2013-12-30 04:31:50'),
(531, 15, 495, 100, 0.00, 1, '2013-12-30', '10:01:50', '2013-12-30 04:31:50'),
(532, 15, 496, 100, 0.00, 1, '2013-12-30', '10:01:50', '2013-12-30 04:31:50'),
(533, 15, 497, 100, 0.00, 1, '2013-12-30', '10:01:50', '2013-12-30 04:31:50'),
(534, 15, 498, 100, 0.00, 1, '2013-12-30', '10:01:50', '2013-12-30 04:31:50'),
(535, 15, 499, 100, 0.00, 1, '2013-12-30', '10:01:50', '2013-12-30 04:31:50'),
(536, 15, 500, 100, 0.00, 1, '2013-12-30', '10:01:50', '2013-12-30 04:31:50'),
(537, 15, 501, 100, 0.00, 1, '2013-12-30', '10:01:50', '2013-12-30 04:31:50'),
(538, 15, 502, 100, 0.00, 1, '2013-12-30', '10:01:50', '2013-12-30 04:31:50'),
(539, 15, 503, 100, 0.00, 1, '2013-12-30', '10:01:50', '2013-12-30 04:31:50'),
(540, 15, 504, 100, 0.00, 1, '2013-12-30', '10:01:50', '2013-12-30 04:31:50'),
(541, 15, 505, 100, 0.00, 1, '2013-12-30', '10:01:50', '2013-12-30 04:31:50'),
(542, 15, 506, 100, 0.00, 1, '2013-12-30', '10:01:50', '2013-12-30 04:31:50'),
(543, 15, 507, 100, 0.00, 1, '2013-12-30', '10:01:50', '2013-12-30 04:31:50'),
(544, 15, 508, 100, 0.00, 1, '2013-12-30', '10:01:50', '2013-12-30 04:31:50'),
(545, 15, 509, 100, 0.00, 1, '2013-12-30', '10:01:50', '2013-12-30 04:31:50'),
(546, 15, 510, 100, 0.00, 1, '2013-12-30', '10:01:50', '2013-12-30 04:31:50'),
(547, 15, 511, 100, 0.00, 1, '2013-12-30', '10:01:50', '2013-12-30 04:31:50'),
(548, 15, 512, 100, 0.00, 1, '2013-12-30', '10:01:50', '2013-12-30 04:31:50'),
(549, 15, 513, 100, 0.00, 1, '2013-12-30', '10:01:50', '2013-12-30 04:31:50'),
(550, 15, 514, 100, 0.00, 1, '2013-12-30', '10:01:50', '2013-12-30 04:31:50'),
(551, 15, 515, 100, 0.00, 1, '2013-12-30', '10:01:50', '2013-12-30 04:31:50'),
(552, 15, 516, 100, 0.00, 1, '2013-12-30', '10:01:50', '2013-12-30 04:31:50'),
(553, 15, 517, 100, 0.00, 1, '2013-12-30', '10:01:50', '2013-12-30 04:31:50'),
(554, 15, 518, 100, 0.00, 1, '2013-12-30', '10:01:50', '2013-12-30 04:31:50'),
(555, 15, 519, 100, 0.00, 1, '2013-12-30', '10:01:50', '2013-12-30 04:31:50'),
(556, 15, 520, 100, 0.00, 1, '2013-12-30', '10:01:50', '2013-12-30 04:31:50'),
(557, 15, 521, 100, 0.00, 1, '2013-12-30', '10:01:50', '2013-12-30 04:31:50'),
(558, 15, 522, 100, 0.00, 1, '2013-12-30', '10:01:50', '2013-12-30 04:31:50'),
(559, 15, 523, 100, 0.00, 1, '2013-12-30', '10:01:50', '2013-12-30 04:31:50'),
(560, 15, 524, 100, 0.00, 1, '2013-12-30', '10:01:50', '2013-12-30 04:31:50'),
(561, 15, 525, 100, 0.00, 1, '2013-12-30', '10:01:50', '2013-12-30 04:31:50'),
(562, 15, 526, 100, 0.00, 1, '2013-12-30', '10:01:50', '2013-12-30 04:31:50'),
(563, 15, 527, 100, 0.00, 1, '2013-12-30', '10:01:50', '2013-12-30 04:31:50'),
(564, 15, 528, 100, 0.00, 1, '2013-12-30', '10:01:50', '2013-12-30 04:31:50'),
(565, 15, 529, 100, 0.00, 1, '2013-12-30', '10:01:50', '2013-12-30 04:31:50'),
(566, 15, 530, 100, 0.00, 1, '2013-12-30', '10:01:50', '2013-12-30 04:31:50'),
(567, 15, 531, 100, 0.00, 1, '2013-12-30', '10:01:50', '2013-12-30 04:31:50'),
(568, 15, 532, 100, 0.00, 1, '2013-12-30', '10:01:50', '2013-12-30 04:31:50'),
(569, 15, 533, 100, 0.00, 1, '2013-12-30', '10:01:50', '2013-12-30 04:31:50'),
(570, 15, 534, 100, 0.00, 1, '2013-12-30', '10:01:50', '2013-12-30 04:31:50'),
(571, 15, 535, 100, 0.00, 1, '2013-12-30', '10:01:50', '2013-12-30 04:31:50'),
(572, 15, 536, 100, 0.00, 1, '2013-12-30', '10:01:50', '2013-12-30 04:31:50'),
(573, 15, 537, 100, 0.00, 1, '2013-12-30', '10:01:50', '2013-12-30 04:31:50'),
(574, 15, 538, 100, 0.00, 1, '2013-12-30', '10:01:50', '2013-12-30 04:31:50'),
(575, 15, 539, 100, 0.00, 1, '2013-12-30', '10:01:50', '2013-12-30 04:31:50'),
(576, 15, 540, 100, 0.00, 1, '2013-12-30', '10:01:50', '2013-12-30 04:31:50'),
(577, 15, 541, 100, 0.00, 1, '2013-12-30', '10:01:50', '2013-12-30 04:31:50'),
(578, 15, 542, 100, 0.00, 1, '2013-12-30', '10:01:50', '2013-12-30 04:31:50'),
(579, 15, 543, 100, 0.00, 1, '2013-12-30', '10:01:50', '2013-12-30 04:31:50'),
(580, 15, 544, 100, 0.00, 1, '2013-12-30', '10:01:50', '2013-12-30 04:31:50'),
(581, 15, 545, 100, 0.00, 1, '2013-12-30', '10:01:50', '2013-12-30 04:31:50'),
(582, 15, 546, 100, 0.00, 1, '2013-12-30', '10:01:50', '2013-12-30 04:31:50'),
(583, 15, 547, 100, 0.00, 1, '2013-12-30', '10:01:50', '2013-12-30 04:31:50'),
(584, 15, 548, 100, 0.00, 1, '2013-12-30', '10:01:50', '2013-12-30 04:31:50'),
(585, 15, 549, 100, 0.00, 1, '2013-12-30', '10:01:50', '2013-12-30 04:31:50'),
(586, 15, 550, 100, 0.00, 1, '2013-12-30', '10:01:50', '2013-12-30 04:31:50'),
(587, 15, 551, 100, 0.00, 1, '2013-12-30', '10:01:50', '2013-12-30 04:31:50'),
(588, 15, 552, 100, 0.00, 1, '2013-12-30', '10:01:50', '2013-12-30 04:31:50'),
(589, 15, 553, 100, 0.00, 1, '2013-12-30', '10:01:50', '2013-12-30 04:31:50'),
(590, 15, 554, 100, 0.00, 1, '2013-12-30', '10:01:50', '2013-12-30 04:31:50'),
(591, 15, 555, 100, 0.00, 1, '2013-12-30', '10:01:50', '2013-12-30 04:31:50'),
(592, 15, 556, 100, 0.00, 1, '2013-12-30', '10:01:50', '2013-12-30 04:31:50'),
(593, 15, 557, 100, 0.00, 1, '2013-12-30', '10:01:50', '2013-12-30 04:31:50'),
(594, 15, 558, 100, 0.00, 1, '2013-12-30', '10:01:50', '2013-12-30 04:31:50'),
(595, 15, 559, 100, 0.00, 1, '2013-12-30', '10:01:50', '2013-12-30 04:31:50'),
(596, 15, 560, 100, 0.00, 1, '2013-12-30', '10:01:50', '2013-12-30 04:31:50'),
(597, 15, 561, 100, 0.00, 1, '2013-12-30', '10:01:50', '2013-12-30 04:31:50'),
(598, 15, 562, 100, 0.00, 1, '2013-12-30', '10:01:50', '2013-12-30 04:31:50'),
(599, 15, 563, 100, 0.00, 1, '2013-12-30', '10:01:50', '2013-12-30 04:31:50'),
(600, 15, 564, 100, 0.00, 1, '2013-12-30', '10:01:50', '2013-12-30 04:31:50'),
(601, 15, 565, 100, 0.00, 1, '2013-12-30', '10:01:50', '2013-12-30 04:31:50'),
(602, 15, 566, 100, 0.00, 1, '2013-12-30', '10:01:50', '2013-12-30 04:31:50'),
(603, 15, 567, 100, 0.00, 1, '2013-12-30', '10:01:50', '2013-12-30 04:31:50'),
(604, 15, 568, 100, 0.00, 1, '2013-12-30', '10:01:50', '2013-12-30 04:31:50'),
(605, 15, 569, 100, 0.00, 1, '2013-12-30', '10:01:50', '2013-12-30 04:31:50'),
(606, 15, 570, 100, 0.00, 1, '2013-12-30', '10:01:50', '2013-12-30 04:31:50'),
(607, 15, 571, 100, 0.00, 1, '2013-12-30', '10:01:50', '2013-12-30 04:31:50'),
(608, 15, 572, 100, 0.00, 1, '2013-12-30', '10:01:50', '2013-12-30 04:31:50'),
(609, 15, 573, 100, 0.00, 1, '2013-12-30', '10:01:50', '2013-12-30 04:31:50'),
(610, 15, 574, 100, 0.00, 1, '2013-12-30', '10:01:50', '2013-12-30 04:31:50'),
(611, 15, 575, 100, 0.00, 1, '2013-12-30', '10:01:50', '2013-12-30 04:31:50'),
(612, 15, 576, 100, 0.00, 1, '2013-12-30', '10:01:50', '2013-12-30 04:31:50'),
(613, 15, 577, 100, 0.00, 1, '2013-12-30', '10:01:50', '2013-12-30 04:31:50'),
(614, 15, 578, 100, 0.00, 1, '2013-12-30', '10:01:50', '2013-12-30 04:31:50'),
(615, 15, 579, 100, 0.00, 1, '2013-12-30', '10:01:50', '2013-12-30 04:31:50'),
(616, 15, 580, 100, 0.00, 1, '2013-12-30', '10:01:50', '2013-12-30 04:31:50'),
(617, 15, 581, 100, 0.00, 1, '2013-12-30', '10:01:50', '2013-12-30 04:31:50'),
(618, 15, 582, 100, 0.00, 1, '2013-12-30', '10:01:50', '2013-12-30 04:31:50'),
(619, 15, 583, 100, 0.00, 1, '2013-12-30', '10:01:50', '2013-12-30 04:31:50'),
(620, 15, 584, 100, 0.00, 1, '2013-12-30', '10:01:50', '2013-12-30 04:31:50'),
(621, 15, 585, 100, 0.00, 1, '2013-12-30', '10:01:50', '2013-12-30 04:31:50'),
(622, 15, 586, 100, 0.00, 1, '2013-12-30', '10:01:50', '2013-12-30 04:31:50'),
(623, 15, 587, 100, 0.00, 1, '2013-12-30', '10:01:50', '2013-12-30 04:31:50'),
(624, 15, 588, 100, 0.00, 1, '2013-12-30', '10:01:50', '2013-12-30 04:31:50'),
(625, 15, 589, 100, 0.00, 1, '2013-12-30', '10:01:50', '2013-12-30 04:31:50'),
(626, 15, 590, 100, 0.00, 1, '2013-12-30', '10:01:50', '2013-12-30 04:31:50'),
(627, 15, 591, 100, 0.00, 1, '2013-12-30', '10:01:50', '2013-12-30 04:31:50'),
(628, 15, 592, 100, 0.00, 1, '2013-12-30', '10:01:50', '2013-12-30 04:31:50'),
(629, 15, 593, 100, 0.00, 1, '2013-12-30', '10:01:50', '2013-12-30 04:31:50'),
(630, 15, 594, 100, 0.00, 1, '2013-12-30', '10:01:50', '2013-12-30 04:31:50'),
(631, 15, 595, 100, 0.00, 1, '2013-12-30', '10:01:50', '2013-12-30 04:31:50'),
(632, 15, 596, 100, 0.00, 1, '2013-12-30', '10:01:50', '2013-12-30 04:31:50'),
(633, 15, 597, 100, 0.00, 1, '2013-12-30', '10:01:50', '2013-12-30 04:31:50'),
(634, 15, 598, 100, 0.00, 1, '2013-12-30', '10:01:50', '2013-12-30 04:31:50'),
(635, 15, 599, 100, 0.00, 1, '2013-12-30', '10:01:50', '2013-12-30 04:31:50'),
(636, 15, 600, 100, 0.00, 1, '2013-12-30', '10:01:50', '2013-12-30 04:31:50'),
(637, 15, 601, 100, 0.00, 1, '2013-12-30', '10:01:50', '2013-12-30 04:31:50'),
(638, 15, 602, 100, 0.00, 1, '2013-12-30', '10:01:50', '2013-12-30 04:31:50'),
(639, 15, 603, 100, 0.00, 1, '2013-12-30', '10:01:50', '2013-12-30 04:31:50'),
(640, 15, 604, 100, 0.00, 1, '2013-12-30', '10:01:50', '2013-12-30 04:31:50'),
(641, 15, 605, 100, 0.00, 1, '2013-12-30', '10:01:50', '2013-12-30 04:31:50'),
(642, 15, 606, 100, 0.00, 1, '2013-12-30', '10:01:50', '2013-12-30 04:31:50'),
(643, 15, 607, 100, 0.00, 1, '2013-12-30', '10:01:50', '2013-12-30 04:31:50'),
(644, 15, 608, 100, 0.00, 1, '2013-12-30', '10:01:50', '2013-12-30 04:31:50'),
(645, 15, 609, 100, 0.00, 1, '2013-12-30', '10:01:50', '2013-12-30 04:31:50'),
(646, 15, 610, 100, 0.00, 1, '2013-12-30', '10:01:50', '2013-12-30 04:31:50'),
(647, 15, 611, 100, 0.00, 1, '2013-12-30', '10:01:50', '2013-12-30 04:31:50'),
(648, 15, 612, 100, 0.00, 1, '2013-12-30', '10:01:50', '2013-12-30 04:31:50'),
(649, 15, 613, 100, 0.00, 1, '2013-12-30', '10:01:50', '2013-12-30 04:31:50'),
(650, 15, 614, 100, 0.00, 1, '2013-12-30', '10:01:50', '2013-12-30 04:31:50'),
(651, 15, 615, 100, 0.00, 1, '2013-12-30', '10:01:50', '2013-12-30 04:31:50'),
(652, 15, 616, 100, 0.00, 1, '2013-12-30', '10:01:50', '2013-12-30 04:31:50'),
(653, 15, 617, 100, 0.00, 1, '2013-12-30', '10:01:50', '2013-12-30 04:31:50'),
(654, 15, 618, 100, 0.00, 1, '2013-12-30', '10:01:50', '2013-12-30 04:31:50'),
(655, 15, 619, 100, 0.00, 1, '2013-12-30', '10:01:50', '2013-12-30 04:31:50'),
(656, 15, 620, 100, 0.00, 1, '2013-12-30', '10:01:50', '2013-12-30 04:31:50'),
(657, 15, 621, 100, 0.00, 1, '2013-12-30', '10:01:50', '2013-12-30 04:31:50'),
(658, 15, 622, 100, 0.00, 1, '2013-12-30', '10:01:50', '2013-12-30 04:31:50'),
(659, 15, 623, 100, 0.00, 1, '2013-12-30', '10:01:50', '2013-12-30 04:31:50'),
(660, 15, 624, 100, 0.00, 1, '2013-12-30', '10:01:50', '2013-12-30 04:31:50'),
(661, 15, 625, 100, 0.00, 1, '2013-12-30', '10:01:50', '2013-12-30 04:31:50'),
(662, 15, 626, 100, 0.00, 1, '2013-12-30', '10:01:50', '2013-12-30 04:31:50'),
(663, 15, 627, 100, 0.00, 1, '2013-12-30', '10:01:50', '2013-12-30 04:31:50'),
(664, 15, 628, 100, 0.00, 1, '2013-12-30', '10:01:50', '2013-12-30 04:31:50'),
(665, 15, 629, 100, 0.00, 1, '2013-12-30', '10:01:50', '2013-12-30 04:31:50'),
(666, 15, 630, 100, 0.00, 1, '2013-12-30', '10:01:50', '2013-12-30 04:31:50'),
(667, 15, 631, 100, 0.00, 1, '2013-12-30', '10:01:50', '2013-12-30 04:31:50'),
(668, 15, 632, 100, 0.00, 1, '2013-12-30', '10:01:50', '2013-12-30 04:31:50'),
(669, 15, 633, 100, 0.00, 1, '2013-12-30', '10:01:50', '2013-12-30 04:31:50'),
(670, 15, 634, 100, 0.00, 1, '2013-12-30', '10:01:50', '2013-12-30 04:31:50'),
(671, 15, 635, 100, 0.00, 1, '2013-12-30', '10:01:50', '2013-12-30 04:31:50'),
(672, 15, 636, 100, 0.00, 1, '2013-12-30', '10:01:50', '2013-12-30 04:31:50'),
(673, 15, 637, 100, 0.00, 1, '2013-12-30', '10:01:50', '2013-12-30 04:31:50'),
(674, 15, 638, 100, 0.00, 1, '2013-12-30', '10:01:50', '2013-12-30 04:31:50'),
(675, 15, 639, 100, 0.00, 1, '2013-12-30', '10:01:50', '2013-12-30 04:31:50'),
(676, 15, 640, 100, 0.00, 1, '2013-12-30', '10:01:50', '2013-12-30 04:31:50'),
(677, 15, 641, 100, 0.00, 1, '2013-12-30', '10:01:50', '2013-12-30 04:31:50'),
(678, 15, 642, 100, 0.00, 1, '2013-12-30', '10:01:50', '2013-12-30 04:31:50'),
(679, 15, 643, 100, 0.00, 1, '2013-12-30', '10:01:50', '2013-12-30 04:31:50'),
(680, 15, 644, 100, 0.00, 1, '2013-12-30', '10:01:50', '2013-12-30 04:31:50'),
(681, 15, 645, 100, 0.00, 1, '2013-12-30', '10:01:50', '2013-12-30 04:31:50'),
(682, 15, 646, 100, 0.00, 1, '2013-12-30', '10:01:50', '2013-12-30 04:31:50'),
(683, 15, 647, 100, 0.00, 1, '2013-12-30', '10:01:50', '2013-12-30 04:31:50'),
(684, 15, 648, 100, 0.00, 1, '2013-12-30', '10:01:50', '2013-12-30 04:31:50');
INSERT INTO `tbl_dilivery_note_has_products` (`id_dilivery_note_has_products`, `id_dilivery_note`, `id_products`, `dilivery_qty`, `product_discount`, `dilivery_note_status`, `added_date`, `added_time`, `added_timestamp`) VALUES
(685, 15, 649, 100, 0.00, 1, '2013-12-30', '10:01:50', '2013-12-30 04:31:50'),
(686, 15, 650, 100, 0.00, 1, '2013-12-30', '10:01:50', '2013-12-30 04:31:50'),
(687, 15, 651, 100, 0.00, 1, '2013-12-30', '10:01:50', '2013-12-30 04:31:50'),
(688, 15, 652, 100, 0.00, 1, '2013-12-30', '10:01:50', '2013-12-30 04:31:50'),
(689, 15, 653, 100, 0.00, 1, '2013-12-30', '10:01:50', '2013-12-30 04:31:50'),
(690, 15, 654, 100, 0.00, 1, '2013-12-30', '10:01:50', '2013-12-30 04:31:50'),
(691, 15, 655, 100, 0.00, 1, '2013-12-30', '10:01:50', '2013-12-30 04:31:50'),
(692, 15, 656, 100, 0.00, 1, '2013-12-30', '10:01:50', '2013-12-30 04:31:50'),
(693, 15, 657, 100, 0.00, 1, '2013-12-30', '10:01:50', '2013-12-30 04:31:50'),
(694, 15, 658, 100, 0.00, 1, '2013-12-30', '10:01:50', '2013-12-30 04:31:50'),
(695, 15, 659, 100, 0.00, 1, '2013-12-30', '10:01:50', '2013-12-30 04:31:50'),
(696, 15, 660, 100, 0.00, 1, '2013-12-30', '10:01:50', '2013-12-30 04:31:50'),
(697, 15, 661, 100, 0.00, 1, '2013-12-30', '10:01:50', '2013-12-30 04:31:50'),
(698, 15, 662, 100, 0.00, 1, '2013-12-30', '10:01:50', '2013-12-30 04:31:50'),
(699, 15, 663, 100, 0.00, 1, '2013-12-30', '10:01:50', '2013-12-30 04:31:50'),
(700, 15, 664, 100, 0.00, 1, '2013-12-30', '10:01:50', '2013-12-30 04:31:50'),
(701, 15, 665, 100, 0.00, 1, '2013-12-30', '10:01:50', '2013-12-30 04:31:50'),
(702, 15, 666, 100, 0.00, 1, '2013-12-30', '10:01:50', '2013-12-30 04:31:50'),
(703, 15, 667, 100, 0.00, 1, '2013-12-30', '10:01:50', '2013-12-30 04:31:50'),
(704, 15, 668, 100, 0.00, 1, '2013-12-30', '10:01:50', '2013-12-30 04:31:50'),
(705, 15, 669, 100, 0.00, 1, '2013-12-30', '10:01:50', '2013-12-30 04:31:50'),
(706, 15, 670, 100, 0.00, 1, '2013-12-30', '10:01:50', '2013-12-30 04:31:50'),
(707, 15, 671, 100, 0.00, 1, '2013-12-30', '10:01:50', '2013-12-30 04:31:50'),
(708, 15, 672, 100, 0.00, 1, '2013-12-30', '10:01:50', '2013-12-30 04:31:50'),
(709, 15, 673, 100, 0.00, 1, '2013-12-30', '10:01:50', '2013-12-30 04:31:50'),
(710, 15, 674, 100, 0.00, 1, '2013-12-30', '10:01:50', '2013-12-30 04:31:50'),
(711, 15, 675, 100, 0.00, 1, '2013-12-30', '10:01:50', '2013-12-30 04:31:50'),
(712, 15, 676, 100, 0.00, 1, '2013-12-30', '10:01:50', '2013-12-30 04:31:50'),
(713, 15, 677, 100, 0.00, 1, '2013-12-30', '10:01:50', '2013-12-30 04:31:50'),
(714, 15, 678, 100, 0.00, 1, '2013-12-30', '10:01:50', '2013-12-30 04:31:50'),
(715, 15, 679, 100, 0.00, 1, '2013-12-30', '10:01:50', '2013-12-30 04:31:50'),
(716, 15, 680, 100, 0.00, 1, '2013-12-30', '10:01:50', '2013-12-30 04:31:50'),
(717, 15, 681, 100, 0.00, 1, '2013-12-30', '10:01:50', '2013-12-30 04:31:50'),
(718, 15, 682, 100, 0.00, 1, '2013-12-30', '10:01:50', '2013-12-30 04:31:50'),
(719, 15, 683, 100, 0.00, 1, '2013-12-30', '10:01:50', '2013-12-30 04:31:50'),
(720, 15, 684, 100, 0.00, 1, '2013-12-30', '10:01:50', '2013-12-30 04:31:50'),
(721, 15, 685, 100, 0.00, 1, '2013-12-30', '10:01:50', '2013-12-30 04:31:50'),
(722, 15, 686, 100, 0.00, 1, '2013-12-30', '10:01:50', '2013-12-30 04:31:50'),
(723, 15, 687, 100, 0.00, 1, '2013-12-30', '10:01:50', '2013-12-30 04:31:50'),
(724, 15, 688, 100, 0.00, 1, '2013-12-30', '10:01:50', '2013-12-30 04:31:50'),
(725, 15, 689, 100, 0.00, 1, '2013-12-30', '10:01:50', '2013-12-30 04:31:50'),
(726, 15, 690, 100, 0.00, 1, '2013-12-30', '10:01:50', '2013-12-30 04:31:50'),
(727, 15, 691, 100, 0.00, 1, '2013-12-30', '10:01:50', '2013-12-30 04:31:50'),
(728, 15, 692, 100, 0.00, 1, '2013-12-30', '10:01:50', '2013-12-30 04:31:50'),
(729, 15, 693, 100, 0.00, 1, '2013-12-30', '10:01:50', '2013-12-30 04:31:50'),
(730, 15, 694, 100, 0.00, 1, '2013-12-30', '10:01:50', '2013-12-30 04:31:50'),
(731, 15, 695, 100, 0.00, 1, '2013-12-30', '10:01:50', '2013-12-30 04:31:50'),
(732, 15, 696, 100, 0.00, 1, '2013-12-30', '10:01:50', '2013-12-30 04:31:50'),
(733, 15, 697, 100, 0.00, 1, '2013-12-30', '10:01:50', '2013-12-30 04:31:50'),
(734, 15, 698, 100, 0.00, 1, '2013-12-30', '10:01:50', '2013-12-30 04:31:50'),
(735, 15, 699, 100, 0.00, 1, '2013-12-30', '10:01:50', '2013-12-30 04:31:50'),
(736, 15, 700, 100, 0.00, 1, '2013-12-30', '10:01:50', '2013-12-30 04:31:50');

-- --------------------------------------------------------

--
-- Table structure for table `tbl_division`
--

CREATE TABLE IF NOT EXISTS `tbl_division` (
  `id_division` int(11) NOT NULL AUTO_INCREMENT,
  `id_parentdivision` int(11) DEFAULT '0',
  `division_name` varchar(450) DEFAULT NULL,
  `division_type_id` int(11) NOT NULL,
  `added_date` date DEFAULT NULL,
  `added_time` time DEFAULT NULL,
  `added_timestamp` timestamp NULL DEFAULT CURRENT_TIMESTAMP ON UPDATE CURRENT_TIMESTAMP,
  `division_status` tinyint(4) NOT NULL DEFAULT '1',
  PRIMARY KEY (`id_division`),
  KEY `fk_tbl_division_tbl_division_type1` (`division_type_id`)
) ENGINE=InnoDB  DEFAULT CHARSET=latin1 AUTO_INCREMENT=2 ;

--
-- Dumping data for table `tbl_division`
--

INSERT INTO `tbl_division` (`id_division`, `id_parentdivision`, `division_name`, `division_type_id`, `added_date`, `added_time`, `added_timestamp`, `division_status`) VALUES
(1, 0, 'Light Equipment', 1, '2013-11-20', '12:52:00', '2014-01-09 07:53:26', 0);

-- --------------------------------------------------------

--
-- Table structure for table `tbl_division_type`
--

CREATE TABLE IF NOT EXISTS `tbl_division_type` (
  `id_division_type` int(11) NOT NULL AUTO_INCREMENT,
  `tbl_division_type_name` varchar(450) DEFAULT NULL,
  `division_status` tinyint(4) DEFAULT NULL,
  `added_date` date DEFAULT NULL,
  `added_time` time DEFAULT NULL,
  `added_timestamp` timestamp NULL DEFAULT CURRENT_TIMESTAMP ON UPDATE CURRENT_TIMESTAMP,
  PRIMARY KEY (`id_division_type`)
) ENGINE=InnoDB  DEFAULT CHARSET=latin1 AUTO_INCREMENT=5 ;

--
-- Dumping data for table `tbl_division_type`
--

INSERT INTO `tbl_division_type` (`id_division_type`, `tbl_division_type_name`, `division_status`, `added_date`, `added_time`, `added_timestamp`) VALUES
(1, 'Division', 0, '2013-11-20', '12:50:00', '2013-11-27 03:22:12'),
(2, 'Test', 1, '2013-12-17', '12:57:05', '2013-12-17 07:27:05'),
(3, 'Check', 0, '2013-12-17', '14:31:37', '2013-12-17 09:02:08'),
(4, 'test 2', 1, '2014-01-07', '09:31:46', '2014-01-07 04:02:01');

-- --------------------------------------------------------

--
-- Table structure for table `tbl_employee`
--

CREATE TABLE IF NOT EXISTS `tbl_employee` (
  `id_employee` int(11) NOT NULL AUTO_INCREMENT,
  `id_employee_registration` int(11) NOT NULL,
  `id_employee_type` int(11) NOT NULL,
  `employee_first_name` varchar(150) NOT NULL,
  `employee_last_name` varchar(150) DEFAULT NULL,
  `employee_nic` varchar(150) DEFAULT NULL,
  `employee_address` varchar(1000) DEFAULT NULL,
  `employee_mobile` varchar(45) DEFAULT NULL,
  `employee_telephone` varchar(45) DEFAULT NULL,
  `employee_email` varchar(45) NOT NULL,
  `employee_gender` varchar(45) NOT NULL,
  `employee_status` tinyint(4) NOT NULL DEFAULT '1',
  `employee_added_date` date NOT NULL,
  `employee_added_time` time NOT NULL,
  `employee_added_timestamp` timestamp NOT NULL DEFAULT CURRENT_TIMESTAMP ON UPDATE CURRENT_TIMESTAMP,
  PRIMARY KEY (`id_employee`),
  KEY `fk_tbl_employee_tbl_employee_type1` (`id_employee_type`),
  KEY `fk_tbl_employee_tbl_employee_registration1` (`id_employee_registration`)
) ENGINE=InnoDB  DEFAULT CHARSET=latin1 AUTO_INCREMENT=28 ;

--
-- Dumping data for table `tbl_employee`
--

INSERT INTO `tbl_employee` (`id_employee`, `id_employee_registration`, `id_employee_type`, `employee_first_name`, `employee_last_name`, `employee_nic`, `employee_address`, `employee_mobile`, `employee_telephone`, `employee_email`, `employee_gender`, `employee_status`, `employee_added_date`, `employee_added_time`, `employee_added_timestamp`) VALUES
(1, 1, 1, 'Nuwan', 'Waravita', '861070039V', 'Colombo', '0776562742', '0110000000', 'nuwan.Warawita@agro.hayleys.com', 'Male', 0, '2013-11-20', '12:49:00', '2014-01-07 03:39:30'),
(2, 2, 1, 'S', 'Hazeem', '740254189V', 'No 110, Main Street, Anuradhapura.', '0717222847', '0252222847', 'hazeem@gmail.com', 'Male', 1, '2013-11-21', '05:55:06', '2013-11-28 05:30:21'),
(3, 3, 1, 'as', 'sasa', '744258963v', 'assa', '1472583690', '7412589630', 'sa@gmail.com', 'Male', 0, '2013-12-03', '04:47:15', '2013-12-19 07:44:21'),
(4, 4, 3, 'buddika', 'waduge', '852911413V', 'galle', '0750820999', '0912275849', 'buddikaw@gmail.com', 'Male', 1, '2013-12-17', '09:10:12', '2013-12-17 03:40:12'),
(5, 5, 3, 'kanishka', 'panditha', '902911413V', 'galle', '0750820999', '0912275846', 'knet@gmail.com', 'Male', 1, '2013-12-17', '09:12:39', '2013-12-17 03:42:40'),
(6, 6, 2, 'saman', 'kumara', '852911413V', 'galle', '0750820999', '0912275846', 'sakumar@gmail.com', 'Male', 1, '2013-12-17', '12:31:41', '2013-12-17 07:01:41'),
(7, 7, 3, 'kasun', 'wickramnayake', '902911413V', 'galle', '0750820998', '0912275845', 'kasun@gmail.com', 'Male', 1, '2013-12-17', '12:34:07', '2013-12-17 07:04:07'),
(8, 8, 1, 'Kasun ', 'Basnayake', '123456789v', 'Colombo', '1234567890', '1234567890', 'buddikauwu@yahoo.com', 'Male', 1, '2013-12-19', '13:10:18', '2013-12-19 07:40:18'),
(10, 10, 1, 'Amjad', 'Rajap', '123456789v', 'colombo', '1234567890', '1234567890', 'buddikauwu@yahoo.com', 'Male', 1, '2013-12-19', '13:12:05', '2013-12-19 07:42:05'),
(11, 11, 5, 'Aruna ', 'Malepathirana', '123456789v', 'colombo', '1234567890', '1234567890', 'buddikauwu@yahoo.com', 'Male', 1, '2013-12-19', '13:14:14', '2013-12-19 07:44:14'),
(12, 12, 6, 'Sujeewa ', 'Liyanage', '123456789v', 'colomo', '1234567890', '1234567890', 'buddikauwu@yahoo.com', 'Male', 1, '2013-12-19', '13:15:04', '2013-12-19 07:45:04'),
(14, 14, 8, 'Jagath ', 'Dissanayake', '123456789v', 'colombo', '1234567890', '1234567890', 'buddikauwu@yahoo.com', 'Male', 1, '2013-12-19', '13:17:44', '2013-12-19 07:47:44'),
(16, 16, 7, 'insaf', 'zakarawaiya', '852911413V', 'galle', '0750820997', '0912275845', 'insaf@gmail.com', 'Male', 1, '2013-12-19', '15:07:25', '2013-12-19 09:37:25'),
(20, 18, 7, 'Nilmini ', 'Wijenarayana', '123456789v', 'colombo', '1234567890', '1234567890', 'buddikauwu@yahoo.com', 'Female', 1, '2013-12-20', '10:05:57', '2013-12-20 04:35:57'),
(22, 20, 1, 'samerra', 'waduge', '852911413V', 'galle', '0750820999', '0912275846', 'knet@gmail.com', 'Male', 1, '2013-12-20', '10:09:11', '2013-12-20 04:39:11'),
(24, 22, 3, 'Vimukthi', 'Gayashan', '000000000V', 'Colombo', '1234567890', '1234567890', 'noreply@gmail.com', 'Male', 1, '2013-12-20', '16:20:58', '2013-12-20 10:50:58'),
(25, 23, 1, 'ceylon', 'admin', '000000000V', 'galle', '000000000', '00000000', 'ceylon@gmail.com', 'Male', 1, '2013-12-21', '09:37:08', '2013-12-21 04:07:08'),
(26, 24, 3, 'bud', 'wad', '8620202545v', 'galle', '1234567890', '1234567890', 'bu@gamil.com', 'Male', 1, '2013-12-23', '15:03:14', '2013-12-23 09:33:14'),
(27, 1, 1, 'Nuwan', 'Waravita', '861070039V', 'Colombo', '0776562742', '0110000000', 'nuwan.Warawita@agro.hayleys.com', 'Male', 1, '2014-01-07', '09:09:30', '2014-01-07 03:39:30');

-- --------------------------------------------------------

--
-- Table structure for table `tbl_employee_has_place`
--

CREATE TABLE IF NOT EXISTS `tbl_employee_has_place` (
  `id_employee_has_place` int(11) NOT NULL AUTO_INCREMENT,
  `id_employee` int(11) NOT NULL,
  `id_physical_place` int(11) NOT NULL,
  `id_territory` int(11) NOT NULL,
  `id_division` int(11) NOT NULL,
  `employee_has_place_status` tinyint(4) DEFAULT '1',
  `added_date` date DEFAULT NULL,
  `added_time` time DEFAULT NULL,
  `added_timestamp` timestamp NOT NULL DEFAULT CURRENT_TIMESTAMP ON UPDATE CURRENT_TIMESTAMP,
  `discount` decimal(20,2) NOT NULL DEFAULT '0.00',
  PRIMARY KEY (`id_employee_has_place`),
  KEY `fk_tbl_employee_has_territory_tbl_territory1` (`id_territory`),
  KEY `fk_tbl_employee_has_territory_tbl_physical_place1` (`id_physical_place`),
  KEY `fk_tbl_employee_has_place_tbl_division1` (`id_division`),
  KEY `fk_tbl_employee_has_place_tbl_employee1` (`id_employee`)
) ENGINE=InnoDB  DEFAULT CHARSET=latin1 AUTO_INCREMENT=11 ;

--
-- Dumping data for table `tbl_employee_has_place`
--

INSERT INTO `tbl_employee_has_place` (`id_employee_has_place`, `id_employee`, `id_physical_place`, `id_territory`, `id_division`, `employee_has_place_status`, `added_date`, `added_time`, `added_timestamp`, `discount`) VALUES
(1, 1, 1, 1, 1, 0, '2013-11-20', '01:29:00', '2014-01-07 03:39:30', 0.00),
(2, 2, 2, 3, 1, 1, '2013-11-21', '05:56:11', '2013-11-28 05:38:25', 5.00),
(3, 5, 3, 11, 1, 1, '2013-12-17', '09:12:57', '2013-12-17 03:42:57', 0.00),
(4, 6, 3, 11, 1, 1, '2013-12-17', '12:32:01', '2013-12-17 07:02:01', 0.00),
(5, 7, 3, 11, 1, 1, '2013-12-17', '12:34:26', '2013-12-17 07:04:26', 0.00),
(9, 24, 2, 3, 1, 1, '2013-12-20', '16:21:44', '2013-12-20 10:51:44', 0.00),
(10, 27, 1, 1, 1, 1, '2014-01-07', '09:09:30', '2014-01-07 03:39:30', 0.00);

-- --------------------------------------------------------

--
-- Table structure for table `tbl_employee_item_discount`
--

CREATE TABLE IF NOT EXISTS `tbl_employee_item_discount` (
  `id_employee_item_discount` int(11) NOT NULL AUTO_INCREMENT,
  `id_employee_has_place` int(11) NOT NULL,
  `id_item` int(11) NOT NULL,
  `percentage_discount` decimal(20,2) DEFAULT NULL,
  `price_discount` decimal(20,2) DEFAULT NULL,
  `employee_item_discount_status` tinyint(4) NOT NULL DEFAULT '1',
  `added_date` date DEFAULT NULL,
  `added_time` time DEFAULT NULL,
  `added_timestamp` timestamp NOT NULL DEFAULT CURRENT_TIMESTAMP ON UPDATE CURRENT_TIMESTAMP,
  PRIMARY KEY (`id_employee_item_discount`),
  KEY `fk_tbl_employee_item_discount_tbl_employee_has_place1` (`id_employee_has_place`),
  KEY `fk_tbl_employee_item_discount_tbl_item1` (`id_item`)
) ENGINE=InnoDB DEFAULT CHARSET=latin1 AUTO_INCREMENT=1 ;

-- --------------------------------------------------------

--
-- Table structure for table `tbl_employee_registration`
--

CREATE TABLE IF NOT EXISTS `tbl_employee_registration` (
  `id_employee_registration` int(11) NOT NULL AUTO_INCREMENT,
  `employee_registration` varchar(100) NOT NULL,
  `added_date` date NOT NULL,
  `added_time` time DEFAULT NULL,
  `added_timestamp` timestamp NULL DEFAULT CURRENT_TIMESTAMP ON UPDATE CURRENT_TIMESTAMP,
  PRIMARY KEY (`id_employee_registration`)
) ENGINE=InnoDB  DEFAULT CHARSET=latin1 AUTO_INCREMENT=25 ;

--
-- Dumping data for table `tbl_employee_registration`
--

INSERT INTO `tbl_employee_registration` (`id_employee_registration`, `employee_registration`, `added_date`, `added_time`, `added_timestamp`) VALUES
(1, 'CL001', '2013-11-20', '12:39:00', '2013-11-28 05:41:28'),
(2, 'CL002', '2013-11-21', '05:55:06', '2013-11-28 05:42:58'),
(3, 'CL0002', '2013-12-03', '04:47:15', '2013-12-03 04:47:15'),
(4, 'CL0003', '2013-12-17', '09:10:12', '2013-12-17 03:40:12'),
(5, 'CL0004', '2013-12-17', '09:12:39', '2013-12-17 03:42:40'),
(6, 'CL0005', '2013-12-17', '12:31:41', '2013-12-17 07:01:41'),
(7, 'CL0006', '2013-12-17', '12:34:07', '2013-12-17 07:04:07'),
(8, 'CL0007', '2013-12-19', '13:10:18', '2013-12-19 07:40:18'),
(10, 'CL0009', '2013-12-19', '13:12:05', '2013-12-19 07:42:05'),
(11, 'CL0010', '2013-12-19', '13:14:14', '2013-12-19 07:44:14'),
(12, 'CL0011', '2013-12-19', '13:15:04', '2013-12-19 07:45:04'),
(13, 'CL0012', '2013-12-19', '13:15:46', '2013-12-19 07:45:46'),
(14, 'CL0013', '2013-12-19', '13:17:44', '2013-12-19 07:47:44'),
(15, 'CL0014', '2013-12-19', '13:18:30', '2013-12-19 07:48:30'),
(16, 'CL0015', '2013-12-19', '15:07:25', '2013-12-19 09:37:25'),
(17, 'CL0016', '2013-12-19', '15:18:12', '2013-12-19 09:48:12'),
(18, 'CL0017', '2013-12-20', '10:05:57', '2013-12-20 04:35:57'),
(20, 'CL0019', '2013-12-20', '10:09:11', '2013-12-20 04:39:11'),
(21, 'CL0020', '2013-12-20', '16:16:59', '2013-12-20 10:46:59'),
(22, 'CL0021', '2013-12-20', '16:20:58', '2013-12-20 10:50:58'),
(23, 'CL0022', '2013-12-21', '09:37:08', '2013-12-21 04:07:08'),
(24, 'CL0023', '2013-12-23', '15:03:14', '2013-12-23 09:33:14');

-- --------------------------------------------------------

--
-- Table structure for table `tbl_employee_type`
--

CREATE TABLE IF NOT EXISTS `tbl_employee_type` (
  `id_employee_type` int(11) NOT NULL AUTO_INCREMENT,
  `employee_type` varchar(100) NOT NULL,
  `employee_type_status` tinyint(4) NOT NULL DEFAULT '1',
  `added_date` date NOT NULL,
  `added_time` time NOT NULL,
  `added_timestamp` timestamp NOT NULL DEFAULT CURRENT_TIMESTAMP ON UPDATE CURRENT_TIMESTAMP,
  PRIMARY KEY (`id_employee_type`)
) ENGINE=InnoDB  DEFAULT CHARSET=latin1 AUTO_INCREMENT=10 ;

--
-- Dumping data for table `tbl_employee_type`
--

INSERT INTO `tbl_employee_type` (`id_employee_type`, `employee_type`, `employee_type_status`, `added_date`, `added_time`, `added_timestamp`) VALUES
(1, 'Company Admin', 1, '2013-11-20', '12:46:00', '2013-12-19 09:55:12'),
(2, 'Distributor', 1, '2013-11-20', '13:10:56', '2013-11-28 05:43:38'),
(3, 'Sales Rep', 1, '2013-11-20', '13:11:01', '2013-11-28 05:43:43'),
(4, 'SBU Head', 1, '2013-12-19', '07:33:18', '2013-12-19 07:33:18'),
(5, 'Manager', 1, '2013-12-19', '07:33:28', '2013-12-19 07:33:28'),
(6, 'Assist Manager', 1, '2013-12-19', '07:33:35', '2013-12-19 07:33:35'),
(7, 'Executive', 1, '2013-12-19', '07:33:42', '2013-12-19 07:33:42'),
(8, 'Area Sales manager', 1, '2013-12-19', '07:33:57', '2013-12-19 07:33:57'),
(9, 'abc', 1, '2013-12-21', '03:47:10', '2013-12-21 03:47:10');

-- --------------------------------------------------------

--
-- Table structure for table `tbl_employye_wise_target`
--

CREATE TABLE IF NOT EXISTS `tbl_employye_wise_target` (
  `id_employye_wise_target` int(10) NOT NULL AUTO_INCREMENT,
  `id_employee_has_place` int(10) NOT NULL,
  `id_products` int(10) NOT NULL,
  `qty` decimal(10,2) NOT NULL,
  `status` int(11) NOT NULL DEFAULT '1',
  `target_en_date` date NOT NULL,
  `target_st_date` date NOT NULL,
  `added_date` date NOT NULL,
  `added_time` time NOT NULL,
  `time_stamp` timestamp NOT NULL DEFAULT CURRENT_TIMESTAMP ON UPDATE CURRENT_TIMESTAMP,
  PRIMARY KEY (`id_employye_wise_target`),
  KEY `id_employee_has_place` (`id_employee_has_place`),
  KEY `id_products` (`id_products`)
) ENGINE=InnoDB DEFAULT CHARSET=latin1 AUTO_INCREMENT=1 ;

-- --------------------------------------------------------

--
-- Table structure for table `tbl_exp_dis`
--

CREATE TABLE IF NOT EXISTS `tbl_exp_dis` (
  `idtbl_exp_dis` int(11) NOT NULL AUTO_INCREMENT,
  `des` varchar(100) DEFAULT NULL,
  `amount` decimal(10,2) DEFAULT NULL,
  `exp_date` date NOT NULL,
  `date` date DEFAULT NULL,
  `time` time DEFAULT NULL,
  `status` tinyint(4) DEFAULT NULL,
  `id_employee` int(11) DEFAULT NULL,
  PRIMARY KEY (`idtbl_exp_dis`),
  KEY `id_employee_idx` (`id_employee`)
) ENGINE=InnoDB  DEFAULT CHARSET=latin1 AUTO_INCREMENT=2 ;

--
-- Dumping data for table `tbl_exp_dis`
--

INSERT INTO `tbl_exp_dis` (`idtbl_exp_dis`, `des`, `amount`, `exp_date`, `date`, `time`, `status`, `id_employee`) VALUES
(1, 'dfgd', 2000.00, '2013-12-27', '2013-12-27', '13:03:30', 1, 2);

-- --------------------------------------------------------

--
-- Table structure for table `tbl_free_issue`
--

CREATE TABLE IF NOT EXISTS `tbl_free_issue` (
  `id_free_issue` int(11) NOT NULL AUTO_INCREMENT,
  `id_sales_order` int(11) DEFAULT NULL,
  `free_issue_code` varchar(100) DEFAULT NULL,
  `free_issue_remark` text,
  `free_issue_status` tinyint(4) NOT NULL DEFAULT '1',
  `added_date` date DEFAULT NULL,
  `added_time` time DEFAULT NULL,
  `added_timestamp` timestamp NOT NULL DEFAULT CURRENT_TIMESTAMP ON UPDATE CURRENT_TIMESTAMP,
  PRIMARY KEY (`id_free_issue`),
  KEY `fk_tbl_free_issue_tbl_sales_order1` (`id_sales_order`)
) ENGINE=InnoDB DEFAULT CHARSET=latin1 AUTO_INCREMENT=1 ;

-- --------------------------------------------------------

--
-- Table structure for table `tbl_free_issue_product`
--

CREATE TABLE IF NOT EXISTS `tbl_free_issue_product` (
  `id_free_issue_product` int(11) NOT NULL AUTO_INCREMENT,
  `id_free_issue` int(11) NOT NULL,
  `id_products` int(11) NOT NULL,
  `free_issue_qty` decimal(20,2) NOT NULL DEFAULT '0.00',
  `free_issue_status` tinyint(4) NOT NULL DEFAULT '1',
  `added_timestamp` timestamp NULL DEFAULT CURRENT_TIMESTAMP ON UPDATE CURRENT_TIMESTAMP,
  PRIMARY KEY (`id_free_issue_product`),
  KEY `fk_tbl_return_note_product_tbl_products1` (`id_products`),
  KEY `fk_tbl_free_issue_product_tbl_free_issue1` (`id_free_issue`)
) ENGINE=InnoDB DEFAULT CHARSET=latin1 AUTO_INCREMENT=1 ;

-- --------------------------------------------------------

--
-- Table structure for table `tbl_good_received`
--

CREATE TABLE IF NOT EXISTS `tbl_good_received` (
  `id_good_received` int(11) NOT NULL AUTO_INCREMENT,
  `id_dilivery_note` int(11) NOT NULL,
  `good_recived_number` varchar(10) NOT NULL,
  `added_date` varchar(45) DEFAULT NULL,
  `added_time` varchar(45) DEFAULT NULL,
  `added_timestamp` timestamp NULL DEFAULT CURRENT_TIMESTAMP ON UPDATE CURRENT_TIMESTAMP,
  `good_received_status` tinyint(4) DEFAULT '1',
  PRIMARY KEY (`id_good_received`),
  KEY `fk_tbl_goods_reserved_tbl_dilivery_note1` (`id_dilivery_note`)
) ENGINE=InnoDB  DEFAULT CHARSET=latin1 AUTO_INCREMENT=12 ;

--
-- Dumping data for table `tbl_good_received`
--

INSERT INTO `tbl_good_received` (`id_good_received`, `id_dilivery_note`, `good_recived_number`, `added_date`, `added_time`, `added_timestamp`, `good_received_status`) VALUES
(11, 15, 'GRN0015', '2013:12:30', '10:01:58', '2013-12-30 04:31:58', 1);

-- --------------------------------------------------------

--
-- Table structure for table `tbl_good_received_products`
--

CREATE TABLE IF NOT EXISTS `tbl_good_received_products` (
  `id_good_received_products` int(11) NOT NULL AUTO_INCREMENT,
  `id_good_received` int(11) NOT NULL,
  `id_products` int(11) NOT NULL,
  `received_qty` int(11) NOT NULL,
  `product_discount` decimal(20,2) NOT NULL DEFAULT '0.00',
  `added_date` date NOT NULL,
  `added_time` time NOT NULL,
  `added_timestamp` timestamp NOT NULL DEFAULT CURRENT_TIMESTAMP ON UPDATE CURRENT_TIMESTAMP,
  PRIMARY KEY (`id_good_received_products`),
  KEY `fk_tbl_goods_reserved_details_tbl_goods_reserved1` (`id_good_received`),
  KEY `fk_tbl_good_received_products_tbl_products1` (`id_products`)
) ENGINE=InnoDB  DEFAULT CHARSET=latin1 AUTO_INCREMENT=728 ;

--
-- Dumping data for table `tbl_good_received_products`
--

INSERT INTO `tbl_good_received_products` (`id_good_received_products`, `id_good_received`, `id_products`, `received_qty`, `product_discount`, `added_date`, `added_time`, `added_timestamp`) VALUES
(28, 11, 1, 100, 0.00, '2013-12-30', '10:01:58', '2013-12-30 04:31:58'),
(29, 11, 2, 100, 0.00, '2013-12-30', '10:01:58', '2013-12-30 04:31:58'),
(30, 11, 3, 100, 0.00, '2013-12-30', '10:01:58', '2013-12-30 04:31:58'),
(31, 11, 4, 100, 0.00, '2013-12-30', '10:01:58', '2013-12-30 04:31:58'),
(32, 11, 5, 100, 0.00, '2013-12-30', '10:01:58', '2013-12-30 04:31:58'),
(33, 11, 6, 100, 0.00, '2013-12-30', '10:01:58', '2013-12-30 04:31:58'),
(34, 11, 7, 100, 0.00, '2013-12-30', '10:01:58', '2013-12-30 04:31:58'),
(35, 11, 8, 100, 0.00, '2013-12-30', '10:01:58', '2013-12-30 04:31:58'),
(36, 11, 9, 100, 0.00, '2013-12-30', '10:01:58', '2013-12-30 04:31:58'),
(37, 11, 10, 100, 0.00, '2013-12-30', '10:01:58', '2013-12-30 04:31:58'),
(38, 11, 11, 100, 0.00, '2013-12-30', '10:01:58', '2013-12-30 04:31:58'),
(39, 11, 12, 100, 0.00, '2013-12-30', '10:01:58', '2013-12-30 04:31:58'),
(40, 11, 13, 100, 0.00, '2013-12-30', '10:01:58', '2013-12-30 04:31:58'),
(41, 11, 14, 100, 0.00, '2013-12-30', '10:01:58', '2013-12-30 04:31:58'),
(42, 11, 15, 100, 0.00, '2013-12-30', '10:01:58', '2013-12-30 04:31:58'),
(43, 11, 16, 100, 0.00, '2013-12-30', '10:01:58', '2013-12-30 04:31:58'),
(44, 11, 17, 100, 0.00, '2013-12-30', '10:01:58', '2013-12-30 04:31:58'),
(45, 11, 18, 100, 0.00, '2013-12-30', '10:01:58', '2013-12-30 04:31:58'),
(46, 11, 19, 100, 0.00, '2013-12-30', '10:01:58', '2013-12-30 04:31:58'),
(47, 11, 20, 100, 0.00, '2013-12-30', '10:01:58', '2013-12-30 04:31:58'),
(48, 11, 21, 100, 0.00, '2013-12-30', '10:01:58', '2013-12-30 04:31:58'),
(49, 11, 22, 100, 0.00, '2013-12-30', '10:01:58', '2013-12-30 04:31:58'),
(50, 11, 23, 100, 0.00, '2013-12-30', '10:01:58', '2013-12-30 04:31:58'),
(51, 11, 24, 100, 0.00, '2013-12-30', '10:01:58', '2013-12-30 04:31:58'),
(52, 11, 25, 100, 0.00, '2013-12-30', '10:01:58', '2013-12-30 04:31:58'),
(53, 11, 26, 100, 0.00, '2013-12-30', '10:01:58', '2013-12-30 04:31:58'),
(54, 11, 27, 100, 0.00, '2013-12-30', '10:01:58', '2013-12-30 04:31:58'),
(55, 11, 28, 100, 0.00, '2013-12-30', '10:01:58', '2013-12-30 04:31:58'),
(56, 11, 29, 100, 0.00, '2013-12-30', '10:01:58', '2013-12-30 04:31:58'),
(57, 11, 30, 100, 0.00, '2013-12-30', '10:01:58', '2013-12-30 04:31:58'),
(58, 11, 31, 100, 0.00, '2013-12-30', '10:01:58', '2013-12-30 04:31:58'),
(59, 11, 32, 100, 0.00, '2013-12-30', '10:01:58', '2013-12-30 04:31:58'),
(60, 11, 33, 100, 0.00, '2013-12-30', '10:01:58', '2013-12-30 04:31:58'),
(61, 11, 34, 100, 0.00, '2013-12-30', '10:01:58', '2013-12-30 04:31:58'),
(62, 11, 35, 100, 0.00, '2013-12-30', '10:01:58', '2013-12-30 04:31:58'),
(63, 11, 36, 100, 0.00, '2013-12-30', '10:01:58', '2013-12-30 04:31:58'),
(64, 11, 37, 100, 0.00, '2013-12-30', '10:01:58', '2013-12-30 04:31:58'),
(65, 11, 38, 100, 0.00, '2013-12-30', '10:01:58', '2013-12-30 04:31:58'),
(66, 11, 39, 100, 0.00, '2013-12-30', '10:01:58', '2013-12-30 04:31:58'),
(67, 11, 40, 100, 0.00, '2013-12-30', '10:01:58', '2013-12-30 04:31:58'),
(68, 11, 41, 100, 0.00, '2013-12-30', '10:01:58', '2013-12-30 04:31:58'),
(69, 11, 42, 100, 0.00, '2013-12-30', '10:01:58', '2013-12-30 04:31:58'),
(70, 11, 43, 100, 0.00, '2013-12-30', '10:01:58', '2013-12-30 04:31:58'),
(71, 11, 44, 100, 0.00, '2013-12-30', '10:01:58', '2013-12-30 04:31:58'),
(72, 11, 45, 100, 0.00, '2013-12-30', '10:01:58', '2013-12-30 04:31:58'),
(73, 11, 46, 100, 0.00, '2013-12-30', '10:01:58', '2013-12-30 04:31:58'),
(74, 11, 47, 100, 0.00, '2013-12-30', '10:01:58', '2013-12-30 04:31:58'),
(75, 11, 48, 100, 0.00, '2013-12-30', '10:01:58', '2013-12-30 04:31:58'),
(76, 11, 49, 100, 0.00, '2013-12-30', '10:01:58', '2013-12-30 04:31:58'),
(77, 11, 50, 100, 0.00, '2013-12-30', '10:01:58', '2013-12-30 04:31:58'),
(78, 11, 51, 100, 0.00, '2013-12-30', '10:01:58', '2013-12-30 04:31:58'),
(79, 11, 52, 100, 0.00, '2013-12-30', '10:01:58', '2013-12-30 04:31:58'),
(80, 11, 53, 100, 0.00, '2013-12-30', '10:01:58', '2013-12-30 04:31:58'),
(81, 11, 54, 100, 0.00, '2013-12-30', '10:01:58', '2013-12-30 04:31:58'),
(82, 11, 55, 100, 0.00, '2013-12-30', '10:01:58', '2013-12-30 04:31:58'),
(83, 11, 56, 100, 0.00, '2013-12-30', '10:01:58', '2013-12-30 04:31:58'),
(84, 11, 57, 100, 0.00, '2013-12-30', '10:01:58', '2013-12-30 04:31:58'),
(85, 11, 58, 100, 0.00, '2013-12-30', '10:01:58', '2013-12-30 04:31:58'),
(86, 11, 59, 100, 0.00, '2013-12-30', '10:01:58', '2013-12-30 04:31:58'),
(87, 11, 60, 100, 0.00, '2013-12-30', '10:01:58', '2013-12-30 04:31:58'),
(88, 11, 61, 100, 0.00, '2013-12-30', '10:01:58', '2013-12-30 04:31:58'),
(89, 11, 62, 100, 0.00, '2013-12-30', '10:01:58', '2013-12-30 04:31:58'),
(90, 11, 63, 100, 0.00, '2013-12-30', '10:01:58', '2013-12-30 04:31:58'),
(91, 11, 64, 100, 0.00, '2013-12-30', '10:01:58', '2013-12-30 04:31:58'),
(92, 11, 65, 100, 0.00, '2013-12-30', '10:01:58', '2013-12-30 04:31:58'),
(93, 11, 66, 100, 0.00, '2013-12-30', '10:01:58', '2013-12-30 04:31:58'),
(94, 11, 67, 100, 0.00, '2013-12-30', '10:01:58', '2013-12-30 04:31:58'),
(95, 11, 68, 100, 0.00, '2013-12-30', '10:01:58', '2013-12-30 04:31:58'),
(96, 11, 69, 100, 0.00, '2013-12-30', '10:01:58', '2013-12-30 04:31:58'),
(97, 11, 70, 100, 0.00, '2013-12-30', '10:01:58', '2013-12-30 04:31:58'),
(98, 11, 71, 100, 0.00, '2013-12-30', '10:01:58', '2013-12-30 04:31:58'),
(99, 11, 72, 100, 0.00, '2013-12-30', '10:01:58', '2013-12-30 04:31:58'),
(100, 11, 73, 100, 0.00, '2013-12-30', '10:01:58', '2013-12-30 04:31:58'),
(101, 11, 74, 100, 0.00, '2013-12-30', '10:01:58', '2013-12-30 04:31:58'),
(102, 11, 75, 100, 0.00, '2013-12-30', '10:01:58', '2013-12-30 04:31:58'),
(103, 11, 76, 100, 0.00, '2013-12-30', '10:01:58', '2013-12-30 04:31:58'),
(104, 11, 77, 100, 0.00, '2013-12-30', '10:01:58', '2013-12-30 04:31:58'),
(105, 11, 78, 100, 0.00, '2013-12-30', '10:01:58', '2013-12-30 04:31:58'),
(106, 11, 79, 100, 0.00, '2013-12-30', '10:01:58', '2013-12-30 04:31:58'),
(107, 11, 80, 100, 0.00, '2013-12-30', '10:01:58', '2013-12-30 04:31:58'),
(108, 11, 81, 100, 0.00, '2013-12-30', '10:01:58', '2013-12-30 04:31:58'),
(109, 11, 82, 100, 0.00, '2013-12-30', '10:01:58', '2013-12-30 04:31:58'),
(110, 11, 83, 100, 0.00, '2013-12-30', '10:01:58', '2013-12-30 04:31:58'),
(111, 11, 84, 100, 0.00, '2013-12-30', '10:01:58', '2013-12-30 04:31:58'),
(112, 11, 85, 100, 0.00, '2013-12-30', '10:01:58', '2013-12-30 04:31:58'),
(113, 11, 86, 100, 0.00, '2013-12-30', '10:01:58', '2013-12-30 04:31:58'),
(114, 11, 87, 100, 0.00, '2013-12-30', '10:01:58', '2013-12-30 04:31:58'),
(115, 11, 88, 100, 0.00, '2013-12-30', '10:01:58', '2013-12-30 04:31:58'),
(116, 11, 89, 100, 0.00, '2013-12-30', '10:01:58', '2013-12-30 04:31:58'),
(117, 11, 90, 100, 0.00, '2013-12-30', '10:01:58', '2013-12-30 04:31:58'),
(118, 11, 91, 100, 0.00, '2013-12-30', '10:01:58', '2013-12-30 04:31:58'),
(119, 11, 92, 100, 0.00, '2013-12-30', '10:01:58', '2013-12-30 04:31:58'),
(120, 11, 93, 100, 0.00, '2013-12-30', '10:01:58', '2013-12-30 04:31:58'),
(121, 11, 94, 100, 0.00, '2013-12-30', '10:01:58', '2013-12-30 04:31:58'),
(122, 11, 95, 100, 0.00, '2013-12-30', '10:01:58', '2013-12-30 04:31:58'),
(123, 11, 96, 100, 0.00, '2013-12-30', '10:01:58', '2013-12-30 04:31:58'),
(124, 11, 97, 100, 0.00, '2013-12-30', '10:01:58', '2013-12-30 04:31:58'),
(125, 11, 98, 100, 0.00, '2013-12-30', '10:01:58', '2013-12-30 04:31:58'),
(126, 11, 99, 100, 0.00, '2013-12-30', '10:01:58', '2013-12-30 04:31:58'),
(127, 11, 100, 100, 0.00, '2013-12-30', '10:01:58', '2013-12-30 04:31:58'),
(128, 11, 101, 100, 0.00, '2013-12-30', '10:01:58', '2013-12-30 04:31:58'),
(129, 11, 102, 100, 0.00, '2013-12-30', '10:01:58', '2013-12-30 04:31:58'),
(130, 11, 103, 100, 0.00, '2013-12-30', '10:01:58', '2013-12-30 04:31:58'),
(131, 11, 104, 100, 0.00, '2013-12-30', '10:01:58', '2013-12-30 04:31:58'),
(132, 11, 105, 100, 0.00, '2013-12-30', '10:01:58', '2013-12-30 04:31:58'),
(133, 11, 106, 100, 0.00, '2013-12-30', '10:01:58', '2013-12-30 04:31:58'),
(134, 11, 107, 100, 0.00, '2013-12-30', '10:01:58', '2013-12-30 04:31:58'),
(135, 11, 108, 100, 0.00, '2013-12-30', '10:01:58', '2013-12-30 04:31:58'),
(136, 11, 109, 100, 0.00, '2013-12-30', '10:01:58', '2013-12-30 04:31:58'),
(137, 11, 110, 100, 0.00, '2013-12-30', '10:01:58', '2013-12-30 04:31:58'),
(138, 11, 111, 100, 0.00, '2013-12-30', '10:01:58', '2013-12-30 04:31:58'),
(139, 11, 112, 100, 0.00, '2013-12-30', '10:01:58', '2013-12-30 04:31:58'),
(140, 11, 113, 100, 0.00, '2013-12-30', '10:01:58', '2013-12-30 04:31:58'),
(141, 11, 114, 100, 0.00, '2013-12-30', '10:01:58', '2013-12-30 04:31:58'),
(142, 11, 115, 100, 0.00, '2013-12-30', '10:01:58', '2013-12-30 04:31:58'),
(143, 11, 116, 100, 0.00, '2013-12-30', '10:01:58', '2013-12-30 04:31:58'),
(144, 11, 117, 100, 0.00, '2013-12-30', '10:01:58', '2013-12-30 04:31:58'),
(145, 11, 118, 100, 0.00, '2013-12-30', '10:01:58', '2013-12-30 04:31:58'),
(146, 11, 119, 100, 0.00, '2013-12-30', '10:01:58', '2013-12-30 04:31:58'),
(147, 11, 120, 100, 0.00, '2013-12-30', '10:01:58', '2013-12-30 04:31:58'),
(148, 11, 121, 100, 0.00, '2013-12-30', '10:01:58', '2013-12-30 04:31:58'),
(149, 11, 122, 100, 0.00, '2013-12-30', '10:01:58', '2013-12-30 04:31:58'),
(150, 11, 123, 100, 0.00, '2013-12-30', '10:01:58', '2013-12-30 04:31:58'),
(151, 11, 124, 100, 0.00, '2013-12-30', '10:01:58', '2013-12-30 04:31:58'),
(152, 11, 125, 100, 0.00, '2013-12-30', '10:01:58', '2013-12-30 04:31:58'),
(153, 11, 126, 100, 0.00, '2013-12-30', '10:01:58', '2013-12-30 04:31:58'),
(154, 11, 127, 100, 0.00, '2013-12-30', '10:01:58', '2013-12-30 04:31:58'),
(155, 11, 128, 100, 0.00, '2013-12-30', '10:01:58', '2013-12-30 04:31:58'),
(156, 11, 129, 100, 0.00, '2013-12-30', '10:01:58', '2013-12-30 04:31:58'),
(157, 11, 130, 100, 0.00, '2013-12-30', '10:01:58', '2013-12-30 04:31:58'),
(158, 11, 131, 100, 0.00, '2013-12-30', '10:01:58', '2013-12-30 04:31:58'),
(159, 11, 132, 100, 0.00, '2013-12-30', '10:01:58', '2013-12-30 04:31:58'),
(160, 11, 133, 100, 0.00, '2013-12-30', '10:01:58', '2013-12-30 04:31:58'),
(161, 11, 134, 100, 0.00, '2013-12-30', '10:01:58', '2013-12-30 04:31:58'),
(162, 11, 135, 100, 0.00, '2013-12-30', '10:01:58', '2013-12-30 04:31:58'),
(163, 11, 136, 100, 0.00, '2013-12-30', '10:01:58', '2013-12-30 04:31:58'),
(164, 11, 137, 100, 0.00, '2013-12-30', '10:01:58', '2013-12-30 04:31:58'),
(165, 11, 138, 100, 0.00, '2013-12-30', '10:01:58', '2013-12-30 04:31:58'),
(166, 11, 139, 100, 0.00, '2013-12-30', '10:01:58', '2013-12-30 04:31:58'),
(167, 11, 140, 100, 0.00, '2013-12-30', '10:01:58', '2013-12-30 04:31:58'),
(168, 11, 141, 100, 0.00, '2013-12-30', '10:01:58', '2013-12-30 04:31:58'),
(169, 11, 142, 100, 0.00, '2013-12-30', '10:01:58', '2013-12-30 04:31:58'),
(170, 11, 143, 100, 0.00, '2013-12-30', '10:01:58', '2013-12-30 04:31:58'),
(171, 11, 144, 100, 0.00, '2013-12-30', '10:01:58', '2013-12-30 04:31:58'),
(172, 11, 145, 100, 0.00, '2013-12-30', '10:01:58', '2013-12-30 04:31:58'),
(173, 11, 146, 100, 0.00, '2013-12-30', '10:01:58', '2013-12-30 04:31:58'),
(174, 11, 147, 100, 0.00, '2013-12-30', '10:01:58', '2013-12-30 04:31:58'),
(175, 11, 148, 100, 0.00, '2013-12-30', '10:01:58', '2013-12-30 04:31:58'),
(176, 11, 149, 100, 0.00, '2013-12-30', '10:01:58', '2013-12-30 04:31:58'),
(177, 11, 150, 100, 0.00, '2013-12-30', '10:01:58', '2013-12-30 04:31:58'),
(178, 11, 151, 100, 0.00, '2013-12-30', '10:01:58', '2013-12-30 04:31:58'),
(179, 11, 152, 100, 0.00, '2013-12-30', '10:01:58', '2013-12-30 04:31:58'),
(180, 11, 153, 100, 0.00, '2013-12-30', '10:01:58', '2013-12-30 04:31:58'),
(181, 11, 154, 100, 0.00, '2013-12-30', '10:01:58', '2013-12-30 04:31:58'),
(182, 11, 155, 100, 0.00, '2013-12-30', '10:01:58', '2013-12-30 04:31:58'),
(183, 11, 156, 100, 0.00, '2013-12-30', '10:01:58', '2013-12-30 04:31:58'),
(184, 11, 157, 100, 0.00, '2013-12-30', '10:01:58', '2013-12-30 04:31:58'),
(185, 11, 158, 100, 0.00, '2013-12-30', '10:01:58', '2013-12-30 04:31:58'),
(186, 11, 159, 100, 0.00, '2013-12-30', '10:01:58', '2013-12-30 04:31:58'),
(187, 11, 160, 100, 0.00, '2013-12-30', '10:01:58', '2013-12-30 04:31:58'),
(188, 11, 161, 100, 0.00, '2013-12-30', '10:01:58', '2013-12-30 04:31:58'),
(189, 11, 162, 100, 0.00, '2013-12-30', '10:01:58', '2013-12-30 04:31:58'),
(190, 11, 163, 100, 0.00, '2013-12-30', '10:01:58', '2013-12-30 04:31:58'),
(191, 11, 164, 100, 0.00, '2013-12-30', '10:01:58', '2013-12-30 04:31:58'),
(192, 11, 165, 100, 0.00, '2013-12-30', '10:01:58', '2013-12-30 04:31:58'),
(193, 11, 166, 100, 0.00, '2013-12-30', '10:01:58', '2013-12-30 04:31:58'),
(194, 11, 167, 100, 0.00, '2013-12-30', '10:01:58', '2013-12-30 04:31:58'),
(195, 11, 168, 100, 0.00, '2013-12-30', '10:01:58', '2013-12-30 04:31:58'),
(196, 11, 169, 100, 0.00, '2013-12-30', '10:01:58', '2013-12-30 04:31:58'),
(197, 11, 170, 100, 0.00, '2013-12-30', '10:01:58', '2013-12-30 04:31:58'),
(198, 11, 171, 100, 0.00, '2013-12-30', '10:01:58', '2013-12-30 04:31:58'),
(199, 11, 172, 100, 0.00, '2013-12-30', '10:01:58', '2013-12-30 04:31:58'),
(200, 11, 173, 100, 0.00, '2013-12-30', '10:01:58', '2013-12-30 04:31:58'),
(201, 11, 174, 100, 0.00, '2013-12-30', '10:01:58', '2013-12-30 04:31:58'),
(202, 11, 175, 100, 0.00, '2013-12-30', '10:01:58', '2013-12-30 04:31:58'),
(203, 11, 176, 100, 0.00, '2013-12-30', '10:01:58', '2013-12-30 04:31:58'),
(204, 11, 177, 100, 0.00, '2013-12-30', '10:01:58', '2013-12-30 04:31:58'),
(205, 11, 178, 100, 0.00, '2013-12-30', '10:01:58', '2013-12-30 04:31:58'),
(206, 11, 179, 100, 0.00, '2013-12-30', '10:01:58', '2013-12-30 04:31:58'),
(207, 11, 180, 100, 0.00, '2013-12-30', '10:01:58', '2013-12-30 04:31:58'),
(208, 11, 181, 100, 0.00, '2013-12-30', '10:01:58', '2013-12-30 04:31:58'),
(209, 11, 182, 100, 0.00, '2013-12-30', '10:01:58', '2013-12-30 04:31:58'),
(210, 11, 183, 100, 0.00, '2013-12-30', '10:01:58', '2013-12-30 04:31:58'),
(211, 11, 184, 100, 0.00, '2013-12-30', '10:01:58', '2013-12-30 04:31:58'),
(212, 11, 185, 100, 0.00, '2013-12-30', '10:01:58', '2013-12-30 04:31:58'),
(213, 11, 186, 100, 0.00, '2013-12-30', '10:01:58', '2013-12-30 04:31:58'),
(214, 11, 187, 100, 0.00, '2013-12-30', '10:01:58', '2013-12-30 04:31:58'),
(215, 11, 188, 100, 0.00, '2013-12-30', '10:01:58', '2013-12-30 04:31:58'),
(216, 11, 189, 100, 0.00, '2013-12-30', '10:01:58', '2013-12-30 04:31:58'),
(217, 11, 190, 100, 0.00, '2013-12-30', '10:01:58', '2013-12-30 04:31:58'),
(218, 11, 191, 100, 0.00, '2013-12-30', '10:01:58', '2013-12-30 04:31:58'),
(219, 11, 192, 100, 0.00, '2013-12-30', '10:01:58', '2013-12-30 04:31:58'),
(220, 11, 193, 100, 0.00, '2013-12-30', '10:01:58', '2013-12-30 04:31:58'),
(221, 11, 194, 100, 0.00, '2013-12-30', '10:01:58', '2013-12-30 04:31:58'),
(222, 11, 195, 100, 0.00, '2013-12-30', '10:01:58', '2013-12-30 04:31:58'),
(223, 11, 196, 100, 0.00, '2013-12-30', '10:01:58', '2013-12-30 04:31:58'),
(224, 11, 197, 100, 0.00, '2013-12-30', '10:01:58', '2013-12-30 04:31:58'),
(225, 11, 198, 100, 0.00, '2013-12-30', '10:01:58', '2013-12-30 04:31:58'),
(226, 11, 199, 100, 0.00, '2013-12-30', '10:01:58', '2013-12-30 04:31:58'),
(227, 11, 200, 100, 0.00, '2013-12-30', '10:01:58', '2013-12-30 04:31:58'),
(228, 11, 201, 100, 0.00, '2013-12-30', '10:01:58', '2013-12-30 04:31:58'),
(229, 11, 202, 100, 0.00, '2013-12-30', '10:01:58', '2013-12-30 04:31:58'),
(230, 11, 203, 100, 0.00, '2013-12-30', '10:01:58', '2013-12-30 04:31:58'),
(231, 11, 204, 100, 0.00, '2013-12-30', '10:01:58', '2013-12-30 04:31:58'),
(232, 11, 205, 100, 0.00, '2013-12-30', '10:01:58', '2013-12-30 04:31:58'),
(233, 11, 206, 100, 0.00, '2013-12-30', '10:01:58', '2013-12-30 04:31:58'),
(234, 11, 207, 100, 0.00, '2013-12-30', '10:01:58', '2013-12-30 04:31:58'),
(235, 11, 208, 100, 0.00, '2013-12-30', '10:01:58', '2013-12-30 04:31:58'),
(236, 11, 209, 100, 0.00, '2013-12-30', '10:01:58', '2013-12-30 04:31:58'),
(237, 11, 210, 100, 0.00, '2013-12-30', '10:01:58', '2013-12-30 04:31:58'),
(238, 11, 211, 100, 0.00, '2013-12-30', '10:01:58', '2013-12-30 04:31:58'),
(239, 11, 212, 100, 0.00, '2013-12-30', '10:01:58', '2013-12-30 04:31:58'),
(240, 11, 213, 100, 0.00, '2013-12-30', '10:01:58', '2013-12-30 04:31:58'),
(241, 11, 214, 100, 0.00, '2013-12-30', '10:01:58', '2013-12-30 04:31:58'),
(242, 11, 215, 100, 0.00, '2013-12-30', '10:01:58', '2013-12-30 04:31:58'),
(243, 11, 216, 100, 0.00, '2013-12-30', '10:01:58', '2013-12-30 04:31:58'),
(244, 11, 217, 100, 0.00, '2013-12-30', '10:01:58', '2013-12-30 04:31:58'),
(245, 11, 218, 100, 0.00, '2013-12-30', '10:01:58', '2013-12-30 04:31:58'),
(246, 11, 219, 100, 0.00, '2013-12-30', '10:01:58', '2013-12-30 04:31:58'),
(247, 11, 220, 100, 0.00, '2013-12-30', '10:01:58', '2013-12-30 04:31:58'),
(248, 11, 221, 100, 0.00, '2013-12-30', '10:01:58', '2013-12-30 04:31:58'),
(249, 11, 222, 100, 0.00, '2013-12-30', '10:01:58', '2013-12-30 04:31:58'),
(250, 11, 223, 100, 0.00, '2013-12-30', '10:01:58', '2013-12-30 04:31:58'),
(251, 11, 224, 100, 0.00, '2013-12-30', '10:01:58', '2013-12-30 04:31:58'),
(252, 11, 225, 100, 0.00, '2013-12-30', '10:01:58', '2013-12-30 04:31:58'),
(253, 11, 226, 100, 0.00, '2013-12-30', '10:01:58', '2013-12-30 04:31:58'),
(254, 11, 227, 100, 0.00, '2013-12-30', '10:01:58', '2013-12-30 04:31:58'),
(255, 11, 228, 100, 0.00, '2013-12-30', '10:01:58', '2013-12-30 04:31:58'),
(256, 11, 229, 100, 0.00, '2013-12-30', '10:01:58', '2013-12-30 04:31:58'),
(257, 11, 230, 100, 0.00, '2013-12-30', '10:01:58', '2013-12-30 04:31:58'),
(258, 11, 231, 100, 0.00, '2013-12-30', '10:01:58', '2013-12-30 04:31:58'),
(259, 11, 232, 100, 0.00, '2013-12-30', '10:01:58', '2013-12-30 04:31:58'),
(260, 11, 233, 100, 0.00, '2013-12-30', '10:01:58', '2013-12-30 04:31:58'),
(261, 11, 234, 100, 0.00, '2013-12-30', '10:01:58', '2013-12-30 04:31:58'),
(262, 11, 235, 100, 0.00, '2013-12-30', '10:01:58', '2013-12-30 04:31:58'),
(263, 11, 236, 100, 0.00, '2013-12-30', '10:01:58', '2013-12-30 04:31:58'),
(264, 11, 237, 100, 0.00, '2013-12-30', '10:01:58', '2013-12-30 04:31:58'),
(265, 11, 238, 100, 0.00, '2013-12-30', '10:01:58', '2013-12-30 04:31:58'),
(266, 11, 239, 100, 0.00, '2013-12-30', '10:01:58', '2013-12-30 04:31:58'),
(267, 11, 240, 100, 0.00, '2013-12-30', '10:01:58', '2013-12-30 04:31:58'),
(268, 11, 241, 100, 0.00, '2013-12-30', '10:01:58', '2013-12-30 04:31:58'),
(269, 11, 242, 100, 0.00, '2013-12-30', '10:01:58', '2013-12-30 04:31:58'),
(270, 11, 243, 100, 0.00, '2013-12-30', '10:01:58', '2013-12-30 04:31:58'),
(271, 11, 244, 100, 0.00, '2013-12-30', '10:01:58', '2013-12-30 04:31:58'),
(272, 11, 245, 100, 0.00, '2013-12-30', '10:01:58', '2013-12-30 04:31:58'),
(273, 11, 246, 100, 0.00, '2013-12-30', '10:01:58', '2013-12-30 04:31:58'),
(274, 11, 247, 100, 0.00, '2013-12-30', '10:01:58', '2013-12-30 04:31:58'),
(275, 11, 248, 100, 0.00, '2013-12-30', '10:01:58', '2013-12-30 04:31:59'),
(276, 11, 249, 100, 0.00, '2013-12-30', '10:01:58', '2013-12-30 04:31:59'),
(277, 11, 250, 100, 0.00, '2013-12-30', '10:01:58', '2013-12-30 04:31:59'),
(278, 11, 251, 100, 0.00, '2013-12-30', '10:01:59', '2013-12-30 04:31:59'),
(279, 11, 252, 100, 0.00, '2013-12-30', '10:01:59', '2013-12-30 04:31:59'),
(280, 11, 253, 100, 0.00, '2013-12-30', '10:01:59', '2013-12-30 04:31:59'),
(281, 11, 254, 100, 0.00, '2013-12-30', '10:01:59', '2013-12-30 04:31:59'),
(282, 11, 255, 100, 0.00, '2013-12-30', '10:01:59', '2013-12-30 04:31:59'),
(283, 11, 256, 100, 0.00, '2013-12-30', '10:01:59', '2013-12-30 04:31:59'),
(284, 11, 257, 100, 0.00, '2013-12-30', '10:01:59', '2013-12-30 04:31:59'),
(285, 11, 258, 100, 0.00, '2013-12-30', '10:01:59', '2013-12-30 04:31:59'),
(286, 11, 259, 100, 0.00, '2013-12-30', '10:01:59', '2013-12-30 04:31:59'),
(287, 11, 260, 100, 0.00, '2013-12-30', '10:01:59', '2013-12-30 04:31:59'),
(288, 11, 261, 100, 0.00, '2013-12-30', '10:01:59', '2013-12-30 04:31:59'),
(289, 11, 262, 100, 0.00, '2013-12-30', '10:01:59', '2013-12-30 04:31:59'),
(290, 11, 263, 100, 0.00, '2013-12-30', '10:01:59', '2013-12-30 04:31:59'),
(291, 11, 264, 100, 0.00, '2013-12-30', '10:01:59', '2013-12-30 04:31:59'),
(292, 11, 265, 100, 0.00, '2013-12-30', '10:01:59', '2013-12-30 04:31:59'),
(293, 11, 266, 100, 0.00, '2013-12-30', '10:01:59', '2013-12-30 04:31:59'),
(294, 11, 267, 100, 0.00, '2013-12-30', '10:01:59', '2013-12-30 04:31:59'),
(295, 11, 268, 100, 0.00, '2013-12-30', '10:01:59', '2013-12-30 04:31:59'),
(296, 11, 269, 100, 0.00, '2013-12-30', '10:01:59', '2013-12-30 04:31:59'),
(297, 11, 270, 100, 0.00, '2013-12-30', '10:01:59', '2013-12-30 04:31:59'),
(298, 11, 271, 100, 0.00, '2013-12-30', '10:01:59', '2013-12-30 04:31:59'),
(299, 11, 272, 100, 0.00, '2013-12-30', '10:01:59', '2013-12-30 04:31:59'),
(300, 11, 273, 100, 0.00, '2013-12-30', '10:01:59', '2013-12-30 04:31:59'),
(301, 11, 274, 100, 0.00, '2013-12-30', '10:01:59', '2013-12-30 04:31:59'),
(302, 11, 275, 100, 0.00, '2013-12-30', '10:01:59', '2013-12-30 04:31:59'),
(303, 11, 276, 100, 0.00, '2013-12-30', '10:01:59', '2013-12-30 04:31:59'),
(304, 11, 277, 100, 0.00, '2013-12-30', '10:01:59', '2013-12-30 04:31:59'),
(305, 11, 278, 100, 0.00, '2013-12-30', '10:01:59', '2013-12-30 04:31:59'),
(306, 11, 279, 100, 0.00, '2013-12-30', '10:01:59', '2013-12-30 04:31:59'),
(307, 11, 280, 100, 0.00, '2013-12-30', '10:01:59', '2013-12-30 04:31:59'),
(308, 11, 281, 100, 0.00, '2013-12-30', '10:01:59', '2013-12-30 04:31:59'),
(309, 11, 282, 100, 0.00, '2013-12-30', '10:01:59', '2013-12-30 04:31:59'),
(310, 11, 283, 100, 0.00, '2013-12-30', '10:01:59', '2013-12-30 04:31:59'),
(311, 11, 284, 100, 0.00, '2013-12-30', '10:01:59', '2013-12-30 04:31:59'),
(312, 11, 285, 100, 0.00, '2013-12-30', '10:01:59', '2013-12-30 04:31:59'),
(313, 11, 286, 100, 0.00, '2013-12-30', '10:01:59', '2013-12-30 04:31:59'),
(314, 11, 287, 100, 0.00, '2013-12-30', '10:01:59', '2013-12-30 04:31:59'),
(315, 11, 288, 100, 0.00, '2013-12-30', '10:01:59', '2013-12-30 04:31:59'),
(316, 11, 289, 100, 0.00, '2013-12-30', '10:01:59', '2013-12-30 04:31:59'),
(317, 11, 290, 100, 0.00, '2013-12-30', '10:01:59', '2013-12-30 04:31:59'),
(318, 11, 291, 100, 0.00, '2013-12-30', '10:01:59', '2013-12-30 04:31:59'),
(319, 11, 292, 100, 0.00, '2013-12-30', '10:01:59', '2013-12-30 04:31:59'),
(320, 11, 293, 100, 0.00, '2013-12-30', '10:01:59', '2013-12-30 04:31:59'),
(321, 11, 294, 100, 0.00, '2013-12-30', '10:01:59', '2013-12-30 04:31:59'),
(322, 11, 295, 100, 0.00, '2013-12-30', '10:01:59', '2013-12-30 04:31:59'),
(323, 11, 296, 100, 0.00, '2013-12-30', '10:01:59', '2013-12-30 04:31:59'),
(324, 11, 297, 100, 0.00, '2013-12-30', '10:01:59', '2013-12-30 04:31:59'),
(325, 11, 298, 100, 0.00, '2013-12-30', '10:01:59', '2013-12-30 04:31:59'),
(326, 11, 299, 100, 0.00, '2013-12-30', '10:01:59', '2013-12-30 04:31:59'),
(327, 11, 300, 100, 0.00, '2013-12-30', '10:01:59', '2013-12-30 04:31:59'),
(328, 11, 301, 100, 0.00, '2013-12-30', '10:01:59', '2013-12-30 04:31:59'),
(329, 11, 302, 100, 0.00, '2013-12-30', '10:01:59', '2013-12-30 04:31:59'),
(330, 11, 303, 100, 0.00, '2013-12-30', '10:01:59', '2013-12-30 04:31:59'),
(331, 11, 304, 100, 0.00, '2013-12-30', '10:01:59', '2013-12-30 04:31:59'),
(332, 11, 305, 100, 0.00, '2013-12-30', '10:01:59', '2013-12-30 04:31:59'),
(333, 11, 306, 100, 0.00, '2013-12-30', '10:01:59', '2013-12-30 04:31:59'),
(334, 11, 307, 100, 0.00, '2013-12-30', '10:01:59', '2013-12-30 04:31:59'),
(335, 11, 308, 100, 0.00, '2013-12-30', '10:01:59', '2013-12-30 04:31:59'),
(336, 11, 309, 100, 0.00, '2013-12-30', '10:01:59', '2013-12-30 04:31:59'),
(337, 11, 310, 100, 0.00, '2013-12-30', '10:01:59', '2013-12-30 04:31:59'),
(338, 11, 311, 100, 0.00, '2013-12-30', '10:01:59', '2013-12-30 04:31:59'),
(339, 11, 312, 100, 0.00, '2013-12-30', '10:01:59', '2013-12-30 04:31:59'),
(340, 11, 313, 100, 0.00, '2013-12-30', '10:01:59', '2013-12-30 04:31:59'),
(341, 11, 314, 100, 0.00, '2013-12-30', '10:01:59', '2013-12-30 04:31:59'),
(342, 11, 315, 100, 0.00, '2013-12-30', '10:01:59', '2013-12-30 04:31:59'),
(343, 11, 316, 100, 0.00, '2013-12-30', '10:01:59', '2013-12-30 04:31:59'),
(344, 11, 317, 100, 0.00, '2013-12-30', '10:01:59', '2013-12-30 04:31:59'),
(345, 11, 318, 100, 0.00, '2013-12-30', '10:01:59', '2013-12-30 04:31:59'),
(346, 11, 319, 100, 0.00, '2013-12-30', '10:01:59', '2013-12-30 04:31:59'),
(347, 11, 320, 100, 0.00, '2013-12-30', '10:01:59', '2013-12-30 04:31:59'),
(348, 11, 321, 100, 0.00, '2013-12-30', '10:01:59', '2013-12-30 04:31:59'),
(349, 11, 322, 100, 0.00, '2013-12-30', '10:01:59', '2013-12-30 04:31:59'),
(350, 11, 323, 100, 0.00, '2013-12-30', '10:01:59', '2013-12-30 04:31:59'),
(351, 11, 324, 100, 0.00, '2013-12-30', '10:01:59', '2013-12-30 04:31:59'),
(352, 11, 325, 100, 0.00, '2013-12-30', '10:01:59', '2013-12-30 04:31:59'),
(353, 11, 326, 100, 0.00, '2013-12-30', '10:01:59', '2013-12-30 04:31:59'),
(354, 11, 327, 100, 0.00, '2013-12-30', '10:01:59', '2013-12-30 04:31:59'),
(355, 11, 328, 100, 0.00, '2013-12-30', '10:01:59', '2013-12-30 04:31:59'),
(356, 11, 329, 100, 0.00, '2013-12-30', '10:01:59', '2013-12-30 04:31:59'),
(357, 11, 330, 100, 0.00, '2013-12-30', '10:01:59', '2013-12-30 04:31:59'),
(358, 11, 331, 100, 0.00, '2013-12-30', '10:01:59', '2013-12-30 04:31:59'),
(359, 11, 332, 100, 0.00, '2013-12-30', '10:01:59', '2013-12-30 04:31:59'),
(360, 11, 333, 100, 0.00, '2013-12-30', '10:01:59', '2013-12-30 04:31:59'),
(361, 11, 334, 100, 0.00, '2013-12-30', '10:01:59', '2013-12-30 04:31:59'),
(362, 11, 335, 100, 0.00, '2013-12-30', '10:01:59', '2013-12-30 04:31:59'),
(363, 11, 336, 100, 0.00, '2013-12-30', '10:01:59', '2013-12-30 04:31:59'),
(364, 11, 337, 100, 0.00, '2013-12-30', '10:01:59', '2013-12-30 04:31:59'),
(365, 11, 338, 100, 0.00, '2013-12-30', '10:01:59', '2013-12-30 04:31:59'),
(366, 11, 339, 100, 0.00, '2013-12-30', '10:01:59', '2013-12-30 04:31:59'),
(367, 11, 340, 100, 0.00, '2013-12-30', '10:01:59', '2013-12-30 04:31:59'),
(368, 11, 341, 100, 0.00, '2013-12-30', '10:01:59', '2013-12-30 04:31:59'),
(369, 11, 342, 100, 0.00, '2013-12-30', '10:01:59', '2013-12-30 04:31:59'),
(370, 11, 343, 100, 0.00, '2013-12-30', '10:01:59', '2013-12-30 04:31:59'),
(371, 11, 344, 100, 0.00, '2013-12-30', '10:01:59', '2013-12-30 04:31:59'),
(372, 11, 345, 100, 0.00, '2013-12-30', '10:01:59', '2013-12-30 04:31:59'),
(373, 11, 346, 100, 0.00, '2013-12-30', '10:01:59', '2013-12-30 04:31:59'),
(374, 11, 347, 100, 0.00, '2013-12-30', '10:01:59', '2013-12-30 04:31:59'),
(375, 11, 348, 100, 0.00, '2013-12-30', '10:01:59', '2013-12-30 04:31:59'),
(376, 11, 349, 100, 0.00, '2013-12-30', '10:01:59', '2013-12-30 04:31:59'),
(377, 11, 350, 100, 0.00, '2013-12-30', '10:01:59', '2013-12-30 04:31:59'),
(378, 11, 351, 100, 0.00, '2013-12-30', '10:01:59', '2013-12-30 04:31:59'),
(379, 11, 352, 100, 0.00, '2013-12-30', '10:01:59', '2013-12-30 04:31:59'),
(380, 11, 353, 100, 0.00, '2013-12-30', '10:01:59', '2013-12-30 04:31:59'),
(381, 11, 354, 100, 0.00, '2013-12-30', '10:01:59', '2013-12-30 04:31:59'),
(382, 11, 355, 100, 0.00, '2013-12-30', '10:01:59', '2013-12-30 04:31:59'),
(383, 11, 356, 100, 0.00, '2013-12-30', '10:01:59', '2013-12-30 04:31:59'),
(384, 11, 357, 100, 0.00, '2013-12-30', '10:01:59', '2013-12-30 04:31:59'),
(385, 11, 358, 100, 0.00, '2013-12-30', '10:01:59', '2013-12-30 04:31:59'),
(386, 11, 359, 100, 0.00, '2013-12-30', '10:01:59', '2013-12-30 04:31:59'),
(387, 11, 360, 100, 0.00, '2013-12-30', '10:01:59', '2013-12-30 04:31:59'),
(388, 11, 361, 100, 0.00, '2013-12-30', '10:01:59', '2013-12-30 04:31:59'),
(389, 11, 362, 100, 0.00, '2013-12-30', '10:01:59', '2013-12-30 04:31:59'),
(390, 11, 363, 100, 0.00, '2013-12-30', '10:01:59', '2013-12-30 04:31:59'),
(391, 11, 364, 100, 0.00, '2013-12-30', '10:01:59', '2013-12-30 04:31:59'),
(392, 11, 365, 100, 0.00, '2013-12-30', '10:01:59', '2013-12-30 04:31:59'),
(393, 11, 366, 100, 0.00, '2013-12-30', '10:01:59', '2013-12-30 04:31:59'),
(394, 11, 367, 100, 0.00, '2013-12-30', '10:01:59', '2013-12-30 04:31:59'),
(395, 11, 368, 100, 0.00, '2013-12-30', '10:01:59', '2013-12-30 04:31:59'),
(396, 11, 369, 100, 0.00, '2013-12-30', '10:01:59', '2013-12-30 04:31:59'),
(397, 11, 370, 100, 0.00, '2013-12-30', '10:01:59', '2013-12-30 04:31:59'),
(398, 11, 371, 100, 0.00, '2013-12-30', '10:01:59', '2013-12-30 04:31:59'),
(399, 11, 372, 100, 0.00, '2013-12-30', '10:01:59', '2013-12-30 04:31:59'),
(400, 11, 373, 100, 0.00, '2013-12-30', '10:01:59', '2013-12-30 04:31:59'),
(401, 11, 374, 100, 0.00, '2013-12-30', '10:01:59', '2013-12-30 04:31:59'),
(402, 11, 375, 100, 0.00, '2013-12-30', '10:01:59', '2013-12-30 04:31:59'),
(403, 11, 376, 100, 0.00, '2013-12-30', '10:01:59', '2013-12-30 04:31:59'),
(404, 11, 377, 100, 0.00, '2013-12-30', '10:01:59', '2013-12-30 04:31:59'),
(405, 11, 378, 100, 0.00, '2013-12-30', '10:01:59', '2013-12-30 04:31:59'),
(406, 11, 379, 100, 0.00, '2013-12-30', '10:01:59', '2013-12-30 04:31:59'),
(407, 11, 380, 100, 0.00, '2013-12-30', '10:01:59', '2013-12-30 04:31:59'),
(408, 11, 381, 100, 0.00, '2013-12-30', '10:01:59', '2013-12-30 04:31:59'),
(409, 11, 382, 100, 0.00, '2013-12-30', '10:01:59', '2013-12-30 04:31:59'),
(410, 11, 383, 100, 0.00, '2013-12-30', '10:01:59', '2013-12-30 04:31:59'),
(411, 11, 384, 100, 0.00, '2013-12-30', '10:01:59', '2013-12-30 04:31:59'),
(412, 11, 385, 100, 0.00, '2013-12-30', '10:01:59', '2013-12-30 04:31:59'),
(413, 11, 386, 100, 0.00, '2013-12-30', '10:01:59', '2013-12-30 04:31:59'),
(414, 11, 387, 100, 0.00, '2013-12-30', '10:01:59', '2013-12-30 04:31:59'),
(415, 11, 388, 100, 0.00, '2013-12-30', '10:01:59', '2013-12-30 04:31:59'),
(416, 11, 389, 100, 0.00, '2013-12-30', '10:01:59', '2013-12-30 04:31:59'),
(417, 11, 390, 100, 0.00, '2013-12-30', '10:01:59', '2013-12-30 04:31:59'),
(418, 11, 391, 100, 0.00, '2013-12-30', '10:01:59', '2013-12-30 04:31:59'),
(419, 11, 392, 100, 0.00, '2013-12-30', '10:01:59', '2013-12-30 04:31:59'),
(420, 11, 393, 100, 0.00, '2013-12-30', '10:01:59', '2013-12-30 04:31:59'),
(421, 11, 394, 100, 0.00, '2013-12-30', '10:01:59', '2013-12-30 04:31:59'),
(422, 11, 395, 100, 0.00, '2013-12-30', '10:01:59', '2013-12-30 04:31:59'),
(423, 11, 396, 100, 0.00, '2013-12-30', '10:01:59', '2013-12-30 04:31:59'),
(424, 11, 397, 100, 0.00, '2013-12-30', '10:01:59', '2013-12-30 04:31:59'),
(425, 11, 398, 100, 0.00, '2013-12-30', '10:01:59', '2013-12-30 04:31:59'),
(426, 11, 399, 100, 0.00, '2013-12-30', '10:01:59', '2013-12-30 04:31:59'),
(427, 11, 400, 100, 0.00, '2013-12-30', '10:01:59', '2013-12-30 04:31:59'),
(428, 11, 401, 100, 0.00, '2013-12-30', '10:01:59', '2013-12-30 04:31:59'),
(429, 11, 402, 100, 0.00, '2013-12-30', '10:01:59', '2013-12-30 04:31:59'),
(430, 11, 403, 100, 0.00, '2013-12-30', '10:01:59', '2013-12-30 04:31:59'),
(431, 11, 404, 100, 0.00, '2013-12-30', '10:01:59', '2013-12-30 04:31:59'),
(432, 11, 405, 100, 0.00, '2013-12-30', '10:01:59', '2013-12-30 04:31:59'),
(433, 11, 406, 100, 0.00, '2013-12-30', '10:01:59', '2013-12-30 04:31:59'),
(434, 11, 407, 100, 0.00, '2013-12-30', '10:01:59', '2013-12-30 04:31:59'),
(435, 11, 408, 100, 0.00, '2013-12-30', '10:01:59', '2013-12-30 04:31:59'),
(436, 11, 409, 100, 0.00, '2013-12-30', '10:01:59', '2013-12-30 04:31:59'),
(437, 11, 410, 100, 0.00, '2013-12-30', '10:01:59', '2013-12-30 04:31:59'),
(438, 11, 411, 100, 0.00, '2013-12-30', '10:01:59', '2013-12-30 04:31:59'),
(439, 11, 412, 100, 0.00, '2013-12-30', '10:01:59', '2013-12-30 04:31:59'),
(440, 11, 413, 100, 0.00, '2013-12-30', '10:01:59', '2013-12-30 04:31:59'),
(441, 11, 414, 100, 0.00, '2013-12-30', '10:01:59', '2013-12-30 04:31:59'),
(442, 11, 415, 100, 0.00, '2013-12-30', '10:01:59', '2013-12-30 04:31:59'),
(443, 11, 416, 100, 0.00, '2013-12-30', '10:01:59', '2013-12-30 04:31:59'),
(444, 11, 417, 100, 0.00, '2013-12-30', '10:01:59', '2013-12-30 04:31:59'),
(445, 11, 418, 100, 0.00, '2013-12-30', '10:01:59', '2013-12-30 04:31:59'),
(446, 11, 419, 100, 0.00, '2013-12-30', '10:01:59', '2013-12-30 04:31:59'),
(447, 11, 420, 100, 0.00, '2013-12-30', '10:01:59', '2013-12-30 04:31:59'),
(448, 11, 421, 100, 0.00, '2013-12-30', '10:01:59', '2013-12-30 04:31:59'),
(449, 11, 422, 100, 0.00, '2013-12-30', '10:01:59', '2013-12-30 04:31:59'),
(450, 11, 423, 100, 0.00, '2013-12-30', '10:01:59', '2013-12-30 04:31:59'),
(451, 11, 424, 100, 0.00, '2013-12-30', '10:01:59', '2013-12-30 04:31:59'),
(452, 11, 425, 100, 0.00, '2013-12-30', '10:01:59', '2013-12-30 04:31:59'),
(453, 11, 426, 100, 0.00, '2013-12-30', '10:01:59', '2013-12-30 04:31:59'),
(454, 11, 427, 100, 0.00, '2013-12-30', '10:01:59', '2013-12-30 04:31:59'),
(455, 11, 428, 100, 0.00, '2013-12-30', '10:01:59', '2013-12-30 04:31:59'),
(456, 11, 429, 100, 0.00, '2013-12-30', '10:01:59', '2013-12-30 04:31:59'),
(457, 11, 430, 100, 0.00, '2013-12-30', '10:01:59', '2013-12-30 04:31:59'),
(458, 11, 431, 100, 0.00, '2013-12-30', '10:01:59', '2013-12-30 04:31:59'),
(459, 11, 432, 100, 0.00, '2013-12-30', '10:01:59', '2013-12-30 04:31:59'),
(460, 11, 433, 100, 0.00, '2013-12-30', '10:01:59', '2013-12-30 04:31:59'),
(461, 11, 434, 100, 0.00, '2013-12-30', '10:01:59', '2013-12-30 04:31:59'),
(462, 11, 435, 100, 0.00, '2013-12-30', '10:01:59', '2013-12-30 04:31:59'),
(463, 11, 436, 100, 0.00, '2013-12-30', '10:01:59', '2013-12-30 04:31:59'),
(464, 11, 437, 100, 0.00, '2013-12-30', '10:01:59', '2013-12-30 04:31:59'),
(465, 11, 438, 100, 0.00, '2013-12-30', '10:01:59', '2013-12-30 04:31:59'),
(466, 11, 439, 100, 0.00, '2013-12-30', '10:01:59', '2013-12-30 04:31:59'),
(467, 11, 440, 100, 0.00, '2013-12-30', '10:01:59', '2013-12-30 04:31:59'),
(468, 11, 441, 100, 0.00, '2013-12-30', '10:01:59', '2013-12-30 04:31:59'),
(469, 11, 442, 100, 0.00, '2013-12-30', '10:01:59', '2013-12-30 04:31:59'),
(470, 11, 443, 100, 0.00, '2013-12-30', '10:01:59', '2013-12-30 04:31:59'),
(471, 11, 444, 100, 0.00, '2013-12-30', '10:01:59', '2013-12-30 04:31:59'),
(472, 11, 445, 100, 0.00, '2013-12-30', '10:01:59', '2013-12-30 04:31:59'),
(473, 11, 446, 100, 0.00, '2013-12-30', '10:01:59', '2013-12-30 04:31:59'),
(474, 11, 447, 100, 0.00, '2013-12-30', '10:01:59', '2013-12-30 04:31:59'),
(475, 11, 448, 100, 0.00, '2013-12-30', '10:01:59', '2013-12-30 04:31:59'),
(476, 11, 449, 100, 0.00, '2013-12-30', '10:01:59', '2013-12-30 04:31:59'),
(477, 11, 450, 100, 0.00, '2013-12-30', '10:01:59', '2013-12-30 04:31:59'),
(478, 11, 451, 100, 0.00, '2013-12-30', '10:01:59', '2013-12-30 04:31:59'),
(479, 11, 452, 100, 0.00, '2013-12-30', '10:01:59', '2013-12-30 04:31:59'),
(480, 11, 453, 100, 0.00, '2013-12-30', '10:01:59', '2013-12-30 04:31:59'),
(481, 11, 454, 100, 0.00, '2013-12-30', '10:01:59', '2013-12-30 04:31:59'),
(482, 11, 455, 100, 0.00, '2013-12-30', '10:01:59', '2013-12-30 04:31:59'),
(483, 11, 456, 100, 0.00, '2013-12-30', '10:01:59', '2013-12-30 04:31:59'),
(484, 11, 457, 100, 0.00, '2013-12-30', '10:01:59', '2013-12-30 04:31:59'),
(485, 11, 458, 100, 0.00, '2013-12-30', '10:01:59', '2013-12-30 04:31:59'),
(486, 11, 459, 100, 0.00, '2013-12-30', '10:01:59', '2013-12-30 04:31:59'),
(487, 11, 460, 100, 0.00, '2013-12-30', '10:01:59', '2013-12-30 04:31:59'),
(488, 11, 461, 100, 0.00, '2013-12-30', '10:01:59', '2013-12-30 04:31:59'),
(489, 11, 462, 100, 0.00, '2013-12-30', '10:01:59', '2013-12-30 04:31:59'),
(490, 11, 463, 100, 0.00, '2013-12-30', '10:01:59', '2013-12-30 04:31:59'),
(491, 11, 464, 100, 0.00, '2013-12-30', '10:01:59', '2013-12-30 04:31:59'),
(492, 11, 465, 100, 0.00, '2013-12-30', '10:01:59', '2013-12-30 04:31:59'),
(493, 11, 466, 100, 0.00, '2013-12-30', '10:01:59', '2013-12-30 04:31:59'),
(494, 11, 467, 100, 0.00, '2013-12-30', '10:01:59', '2013-12-30 04:31:59'),
(495, 11, 468, 100, 0.00, '2013-12-30', '10:01:59', '2013-12-30 04:31:59'),
(496, 11, 469, 100, 0.00, '2013-12-30', '10:01:59', '2013-12-30 04:31:59'),
(497, 11, 470, 100, 0.00, '2013-12-30', '10:01:59', '2013-12-30 04:31:59'),
(498, 11, 471, 100, 0.00, '2013-12-30', '10:01:59', '2013-12-30 04:31:59'),
(499, 11, 472, 100, 0.00, '2013-12-30', '10:01:59', '2013-12-30 04:31:59'),
(500, 11, 473, 100, 0.00, '2013-12-30', '10:01:59', '2013-12-30 04:31:59'),
(501, 11, 474, 100, 0.00, '2013-12-30', '10:01:59', '2013-12-30 04:31:59'),
(502, 11, 475, 100, 0.00, '2013-12-30', '10:01:59', '2013-12-30 04:31:59'),
(503, 11, 476, 100, 0.00, '2013-12-30', '10:01:59', '2013-12-30 04:31:59'),
(504, 11, 477, 100, 0.00, '2013-12-30', '10:01:59', '2013-12-30 04:31:59'),
(505, 11, 478, 100, 0.00, '2013-12-30', '10:01:59', '2013-12-30 04:31:59'),
(506, 11, 479, 100, 0.00, '2013-12-30', '10:01:59', '2013-12-30 04:31:59'),
(507, 11, 480, 100, 0.00, '2013-12-30', '10:01:59', '2013-12-30 04:31:59'),
(508, 11, 481, 100, 0.00, '2013-12-30', '10:01:59', '2013-12-30 04:31:59'),
(509, 11, 482, 100, 0.00, '2013-12-30', '10:01:59', '2013-12-30 04:31:59'),
(510, 11, 483, 100, 0.00, '2013-12-30', '10:01:59', '2013-12-30 04:31:59'),
(511, 11, 484, 100, 0.00, '2013-12-30', '10:01:59', '2013-12-30 04:31:59'),
(512, 11, 485, 100, 0.00, '2013-12-30', '10:01:59', '2013-12-30 04:31:59'),
(513, 11, 486, 100, 0.00, '2013-12-30', '10:01:59', '2013-12-30 04:31:59'),
(514, 11, 487, 100, 0.00, '2013-12-30', '10:01:59', '2013-12-30 04:31:59'),
(515, 11, 488, 100, 0.00, '2013-12-30', '10:01:59', '2013-12-30 04:31:59'),
(516, 11, 489, 100, 0.00, '2013-12-30', '10:01:59', '2013-12-30 04:31:59'),
(517, 11, 490, 100, 0.00, '2013-12-30', '10:01:59', '2013-12-30 04:31:59'),
(518, 11, 491, 100, 0.00, '2013-12-30', '10:01:59', '2013-12-30 04:31:59'),
(519, 11, 492, 100, 0.00, '2013-12-30', '10:01:59', '2013-12-30 04:31:59'),
(520, 11, 493, 100, 0.00, '2013-12-30', '10:01:59', '2013-12-30 04:31:59'),
(521, 11, 494, 100, 0.00, '2013-12-30', '10:01:59', '2013-12-30 04:31:59'),
(522, 11, 495, 100, 0.00, '2013-12-30', '10:01:59', '2013-12-30 04:31:59'),
(523, 11, 496, 100, 0.00, '2013-12-30', '10:01:59', '2013-12-30 04:31:59'),
(524, 11, 497, 100, 0.00, '2013-12-30', '10:01:59', '2013-12-30 04:31:59'),
(525, 11, 498, 100, 0.00, '2013-12-30', '10:01:59', '2013-12-30 04:31:59'),
(526, 11, 499, 100, 0.00, '2013-12-30', '10:01:59', '2013-12-30 04:31:59'),
(527, 11, 500, 100, 0.00, '2013-12-30', '10:01:59', '2013-12-30 04:31:59'),
(528, 11, 501, 100, 0.00, '2013-12-30', '10:01:59', '2013-12-30 04:31:59'),
(529, 11, 502, 100, 0.00, '2013-12-30', '10:01:59', '2013-12-30 04:31:59'),
(530, 11, 503, 100, 0.00, '2013-12-30', '10:01:59', '2013-12-30 04:31:59'),
(531, 11, 504, 100, 0.00, '2013-12-30', '10:01:59', '2013-12-30 04:31:59'),
(532, 11, 505, 100, 0.00, '2013-12-30', '10:01:59', '2013-12-30 04:31:59'),
(533, 11, 506, 100, 0.00, '2013-12-30', '10:01:59', '2013-12-30 04:31:59'),
(534, 11, 507, 100, 0.00, '2013-12-30', '10:01:59', '2013-12-30 04:31:59'),
(535, 11, 508, 100, 0.00, '2013-12-30', '10:01:59', '2013-12-30 04:31:59'),
(536, 11, 509, 100, 0.00, '2013-12-30', '10:01:59', '2013-12-30 04:31:59'),
(537, 11, 510, 100, 0.00, '2013-12-30', '10:01:59', '2013-12-30 04:31:59'),
(538, 11, 511, 100, 0.00, '2013-12-30', '10:01:59', '2013-12-30 04:31:59'),
(539, 11, 512, 100, 0.00, '2013-12-30', '10:01:59', '2013-12-30 04:31:59'),
(540, 11, 513, 100, 0.00, '2013-12-30', '10:01:59', '2013-12-30 04:31:59'),
(541, 11, 514, 100, 0.00, '2013-12-30', '10:01:59', '2013-12-30 04:31:59'),
(542, 11, 515, 100, 0.00, '2013-12-30', '10:01:59', '2013-12-30 04:31:59'),
(543, 11, 516, 100, 0.00, '2013-12-30', '10:01:59', '2013-12-30 04:31:59'),
(544, 11, 517, 100, 0.00, '2013-12-30', '10:01:59', '2013-12-30 04:31:59'),
(545, 11, 518, 100, 0.00, '2013-12-30', '10:01:59', '2013-12-30 04:31:59'),
(546, 11, 519, 100, 0.00, '2013-12-30', '10:01:59', '2013-12-30 04:31:59'),
(547, 11, 520, 100, 0.00, '2013-12-30', '10:01:59', '2013-12-30 04:31:59'),
(548, 11, 521, 100, 0.00, '2013-12-30', '10:01:59', '2013-12-30 04:31:59'),
(549, 11, 522, 100, 0.00, '2013-12-30', '10:01:59', '2013-12-30 04:31:59'),
(550, 11, 523, 100, 0.00, '2013-12-30', '10:01:59', '2013-12-30 04:31:59'),
(551, 11, 524, 100, 0.00, '2013-12-30', '10:01:59', '2013-12-30 04:31:59'),
(552, 11, 525, 100, 0.00, '2013-12-30', '10:01:59', '2013-12-30 04:31:59'),
(553, 11, 526, 100, 0.00, '2013-12-30', '10:01:59', '2013-12-30 04:31:59'),
(554, 11, 527, 100, 0.00, '2013-12-30', '10:01:59', '2013-12-30 04:31:59'),
(555, 11, 528, 100, 0.00, '2013-12-30', '10:01:59', '2013-12-30 04:31:59'),
(556, 11, 529, 100, 0.00, '2013-12-30', '10:01:59', '2013-12-30 04:31:59'),
(557, 11, 530, 100, 0.00, '2013-12-30', '10:01:59', '2013-12-30 04:31:59'),
(558, 11, 531, 100, 0.00, '2013-12-30', '10:01:59', '2013-12-30 04:31:59'),
(559, 11, 532, 100, 0.00, '2013-12-30', '10:01:59', '2013-12-30 04:31:59'),
(560, 11, 533, 100, 0.00, '2013-12-30', '10:01:59', '2013-12-30 04:31:59'),
(561, 11, 534, 100, 0.00, '2013-12-30', '10:01:59', '2013-12-30 04:31:59'),
(562, 11, 535, 100, 0.00, '2013-12-30', '10:01:59', '2013-12-30 04:31:59'),
(563, 11, 536, 100, 0.00, '2013-12-30', '10:01:59', '2013-12-30 04:31:59'),
(564, 11, 537, 100, 0.00, '2013-12-30', '10:01:59', '2013-12-30 04:31:59'),
(565, 11, 538, 100, 0.00, '2013-12-30', '10:01:59', '2013-12-30 04:31:59'),
(566, 11, 539, 100, 0.00, '2013-12-30', '10:01:59', '2013-12-30 04:31:59'),
(567, 11, 540, 100, 0.00, '2013-12-30', '10:01:59', '2013-12-30 04:31:59'),
(568, 11, 541, 100, 0.00, '2013-12-30', '10:01:59', '2013-12-30 04:31:59'),
(569, 11, 542, 100, 0.00, '2013-12-30', '10:01:59', '2013-12-30 04:31:59'),
(570, 11, 543, 100, 0.00, '2013-12-30', '10:01:59', '2013-12-30 04:31:59'),
(571, 11, 544, 100, 0.00, '2013-12-30', '10:01:59', '2013-12-30 04:31:59'),
(572, 11, 545, 100, 0.00, '2013-12-30', '10:01:59', '2013-12-30 04:31:59'),
(573, 11, 546, 100, 0.00, '2013-12-30', '10:01:59', '2013-12-30 04:31:59'),
(574, 11, 547, 100, 0.00, '2013-12-30', '10:01:59', '2013-12-30 04:31:59'),
(575, 11, 548, 100, 0.00, '2013-12-30', '10:01:59', '2013-12-30 04:31:59'),
(576, 11, 549, 100, 0.00, '2013-12-30', '10:01:59', '2013-12-30 04:31:59'),
(577, 11, 550, 100, 0.00, '2013-12-30', '10:01:59', '2013-12-30 04:31:59'),
(578, 11, 551, 100, 0.00, '2013-12-30', '10:01:59', '2013-12-30 04:31:59'),
(579, 11, 552, 100, 0.00, '2013-12-30', '10:01:59', '2013-12-30 04:31:59'),
(580, 11, 553, 100, 0.00, '2013-12-30', '10:01:59', '2013-12-30 04:31:59'),
(581, 11, 554, 100, 0.00, '2013-12-30', '10:01:59', '2013-12-30 04:31:59'),
(582, 11, 555, 100, 0.00, '2013-12-30', '10:01:59', '2013-12-30 04:31:59'),
(583, 11, 556, 100, 0.00, '2013-12-30', '10:01:59', '2013-12-30 04:31:59'),
(584, 11, 557, 100, 0.00, '2013-12-30', '10:01:59', '2013-12-30 04:31:59'),
(585, 11, 558, 100, 0.00, '2013-12-30', '10:01:59', '2013-12-30 04:31:59'),
(586, 11, 559, 100, 0.00, '2013-12-30', '10:01:59', '2013-12-30 04:31:59'),
(587, 11, 560, 100, 0.00, '2013-12-30', '10:01:59', '2013-12-30 04:31:59'),
(588, 11, 561, 100, 0.00, '2013-12-30', '10:01:59', '2013-12-30 04:31:59'),
(589, 11, 562, 100, 0.00, '2013-12-30', '10:01:59', '2013-12-30 04:31:59'),
(590, 11, 563, 100, 0.00, '2013-12-30', '10:01:59', '2013-12-30 04:31:59'),
(591, 11, 564, 100, 0.00, '2013-12-30', '10:01:59', '2013-12-30 04:31:59'),
(592, 11, 565, 100, 0.00, '2013-12-30', '10:01:59', '2013-12-30 04:31:59'),
(593, 11, 566, 100, 0.00, '2013-12-30', '10:01:59', '2013-12-30 04:31:59'),
(594, 11, 567, 100, 0.00, '2013-12-30', '10:01:59', '2013-12-30 04:31:59'),
(595, 11, 568, 100, 0.00, '2013-12-30', '10:01:59', '2013-12-30 04:31:59'),
(596, 11, 569, 100, 0.00, '2013-12-30', '10:01:59', '2013-12-30 04:31:59'),
(597, 11, 570, 100, 0.00, '2013-12-30', '10:01:59', '2013-12-30 04:31:59'),
(598, 11, 571, 100, 0.00, '2013-12-30', '10:01:59', '2013-12-30 04:31:59'),
(599, 11, 572, 100, 0.00, '2013-12-30', '10:01:59', '2013-12-30 04:31:59'),
(600, 11, 573, 100, 0.00, '2013-12-30', '10:01:59', '2013-12-30 04:31:59'),
(601, 11, 574, 100, 0.00, '2013-12-30', '10:01:59', '2013-12-30 04:31:59'),
(602, 11, 575, 100, 0.00, '2013-12-30', '10:01:59', '2013-12-30 04:31:59'),
(603, 11, 576, 100, 0.00, '2013-12-30', '10:01:59', '2013-12-30 04:31:59'),
(604, 11, 577, 100, 0.00, '2013-12-30', '10:01:59', '2013-12-30 04:31:59'),
(605, 11, 578, 100, 0.00, '2013-12-30', '10:01:59', '2013-12-30 04:31:59'),
(606, 11, 579, 100, 0.00, '2013-12-30', '10:01:59', '2013-12-30 04:31:59'),
(607, 11, 580, 100, 0.00, '2013-12-30', '10:01:59', '2013-12-30 04:31:59'),
(608, 11, 581, 100, 0.00, '2013-12-30', '10:01:59', '2013-12-30 04:31:59'),
(609, 11, 582, 100, 0.00, '2013-12-30', '10:01:59', '2013-12-30 04:31:59'),
(610, 11, 583, 100, 0.00, '2013-12-30', '10:01:59', '2013-12-30 04:31:59'),
(611, 11, 584, 100, 0.00, '2013-12-30', '10:01:59', '2013-12-30 04:31:59'),
(612, 11, 585, 100, 0.00, '2013-12-30', '10:01:59', '2013-12-30 04:31:59'),
(613, 11, 586, 100, 0.00, '2013-12-30', '10:01:59', '2013-12-30 04:31:59'),
(614, 11, 587, 100, 0.00, '2013-12-30', '10:01:59', '2013-12-30 04:31:59'),
(615, 11, 588, 100, 0.00, '2013-12-30', '10:01:59', '2013-12-30 04:31:59'),
(616, 11, 589, 100, 0.00, '2013-12-30', '10:01:59', '2013-12-30 04:31:59'),
(617, 11, 590, 100, 0.00, '2013-12-30', '10:01:59', '2013-12-30 04:31:59'),
(618, 11, 591, 100, 0.00, '2013-12-30', '10:01:59', '2013-12-30 04:31:59'),
(619, 11, 592, 100, 0.00, '2013-12-30', '10:01:59', '2013-12-30 04:31:59'),
(620, 11, 593, 100, 0.00, '2013-12-30', '10:01:59', '2013-12-30 04:31:59'),
(621, 11, 594, 100, 0.00, '2013-12-30', '10:01:59', '2013-12-30 04:31:59'),
(622, 11, 595, 100, 0.00, '2013-12-30', '10:01:59', '2013-12-30 04:31:59'),
(623, 11, 596, 100, 0.00, '2013-12-30', '10:01:59', '2013-12-30 04:31:59'),
(624, 11, 597, 100, 0.00, '2013-12-30', '10:01:59', '2013-12-30 04:31:59'),
(625, 11, 598, 100, 0.00, '2013-12-30', '10:01:59', '2013-12-30 04:31:59'),
(626, 11, 599, 100, 0.00, '2013-12-30', '10:01:59', '2013-12-30 04:31:59'),
(627, 11, 600, 100, 0.00, '2013-12-30', '10:01:59', '2013-12-30 04:31:59'),
(628, 11, 601, 100, 0.00, '2013-12-30', '10:01:59', '2013-12-30 04:31:59'),
(629, 11, 602, 100, 0.00, '2013-12-30', '10:01:59', '2013-12-30 04:31:59'),
(630, 11, 603, 100, 0.00, '2013-12-30', '10:01:59', '2013-12-30 04:31:59'),
(631, 11, 604, 100, 0.00, '2013-12-30', '10:01:59', '2013-12-30 04:31:59'),
(632, 11, 605, 100, 0.00, '2013-12-30', '10:01:59', '2013-12-30 04:31:59'),
(633, 11, 606, 100, 0.00, '2013-12-30', '10:01:59', '2013-12-30 04:31:59'),
(634, 11, 607, 100, 0.00, '2013-12-30', '10:01:59', '2013-12-30 04:31:59'),
(635, 11, 608, 100, 0.00, '2013-12-30', '10:01:59', '2013-12-30 04:31:59'),
(636, 11, 609, 100, 0.00, '2013-12-30', '10:01:59', '2013-12-30 04:31:59'),
(637, 11, 610, 100, 0.00, '2013-12-30', '10:01:59', '2013-12-30 04:31:59'),
(638, 11, 611, 100, 0.00, '2013-12-30', '10:01:59', '2013-12-30 04:31:59'),
(639, 11, 612, 100, 0.00, '2013-12-30', '10:01:59', '2013-12-30 04:31:59'),
(640, 11, 613, 100, 0.00, '2013-12-30', '10:01:59', '2013-12-30 04:31:59'),
(641, 11, 614, 100, 0.00, '2013-12-30', '10:01:59', '2013-12-30 04:31:59'),
(642, 11, 615, 100, 0.00, '2013-12-30', '10:01:59', '2013-12-30 04:31:59'),
(643, 11, 616, 100, 0.00, '2013-12-30', '10:01:59', '2013-12-30 04:31:59'),
(644, 11, 617, 100, 0.00, '2013-12-30', '10:01:59', '2013-12-30 04:31:59'),
(645, 11, 618, 100, 0.00, '2013-12-30', '10:01:59', '2013-12-30 04:31:59'),
(646, 11, 619, 100, 0.00, '2013-12-30', '10:01:59', '2013-12-30 04:31:59'),
(647, 11, 620, 100, 0.00, '2013-12-30', '10:01:59', '2013-12-30 04:31:59'),
(648, 11, 621, 100, 0.00, '2013-12-30', '10:01:59', '2013-12-30 04:31:59'),
(649, 11, 622, 100, 0.00, '2013-12-30', '10:01:59', '2013-12-30 04:31:59'),
(650, 11, 623, 100, 0.00, '2013-12-30', '10:01:59', '2013-12-30 04:31:59'),
(651, 11, 624, 100, 0.00, '2013-12-30', '10:01:59', '2013-12-30 04:31:59'),
(652, 11, 625, 100, 0.00, '2013-12-30', '10:01:59', '2013-12-30 04:31:59'),
(653, 11, 626, 100, 0.00, '2013-12-30', '10:01:59', '2013-12-30 04:31:59'),
(654, 11, 627, 100, 0.00, '2013-12-30', '10:01:59', '2013-12-30 04:31:59'),
(655, 11, 628, 100, 0.00, '2013-12-30', '10:01:59', '2013-12-30 04:31:59'),
(656, 11, 629, 100, 0.00, '2013-12-30', '10:01:59', '2013-12-30 04:31:59'),
(657, 11, 630, 100, 0.00, '2013-12-30', '10:01:59', '2013-12-30 04:31:59'),
(658, 11, 631, 100, 0.00, '2013-12-30', '10:01:59', '2013-12-30 04:31:59'),
(659, 11, 632, 100, 0.00, '2013-12-30', '10:01:59', '2013-12-30 04:31:59'),
(660, 11, 633, 100, 0.00, '2013-12-30', '10:01:59', '2013-12-30 04:31:59'),
(661, 11, 634, 100, 0.00, '2013-12-30', '10:01:59', '2013-12-30 04:31:59'),
(662, 11, 635, 100, 0.00, '2013-12-30', '10:01:59', '2013-12-30 04:31:59'),
(663, 11, 636, 100, 0.00, '2013-12-30', '10:01:59', '2013-12-30 04:31:59'),
(664, 11, 637, 100, 0.00, '2013-12-30', '10:01:59', '2013-12-30 04:31:59'),
(665, 11, 638, 100, 0.00, '2013-12-30', '10:01:59', '2013-12-30 04:31:59'),
(666, 11, 639, 100, 0.00, '2013-12-30', '10:01:59', '2013-12-30 04:31:59'),
(667, 11, 640, 100, 0.00, '2013-12-30', '10:01:59', '2013-12-30 04:31:59'),
(668, 11, 641, 100, 0.00, '2013-12-30', '10:01:59', '2013-12-30 04:31:59'),
(669, 11, 642, 100, 0.00, '2013-12-30', '10:01:59', '2013-12-30 04:31:59'),
(670, 11, 643, 100, 0.00, '2013-12-30', '10:01:59', '2013-12-30 04:31:59'),
(671, 11, 644, 100, 0.00, '2013-12-30', '10:01:59', '2013-12-30 04:31:59'),
(672, 11, 645, 100, 0.00, '2013-12-30', '10:01:59', '2013-12-30 04:31:59'),
(673, 11, 646, 100, 0.00, '2013-12-30', '10:01:59', '2013-12-30 04:31:59'),
(674, 11, 647, 100, 0.00, '2013-12-30', '10:01:59', '2013-12-30 04:31:59'),
(675, 11, 648, 100, 0.00, '2013-12-30', '10:01:59', '2013-12-30 04:31:59'),
(676, 11, 649, 100, 0.00, '2013-12-30', '10:01:59', '2013-12-30 04:31:59'),
(677, 11, 650, 100, 0.00, '2013-12-30', '10:01:59', '2013-12-30 04:31:59'),
(678, 11, 651, 100, 0.00, '2013-12-30', '10:01:59', '2013-12-30 04:31:59'),
(679, 11, 652, 100, 0.00, '2013-12-30', '10:01:59', '2013-12-30 04:31:59'),
(680, 11, 653, 100, 0.00, '2013-12-30', '10:01:59', '2013-12-30 04:31:59'),
(681, 11, 654, 100, 0.00, '2013-12-30', '10:01:59', '2013-12-30 04:31:59'),
(682, 11, 655, 100, 0.00, '2013-12-30', '10:01:59', '2013-12-30 04:31:59'),
(683, 11, 656, 100, 0.00, '2013-12-30', '10:01:59', '2013-12-30 04:31:59'),
(684, 11, 657, 100, 0.00, '2013-12-30', '10:01:59', '2013-12-30 04:31:59'),
(685, 11, 658, 100, 0.00, '2013-12-30', '10:01:59', '2013-12-30 04:31:59'),
(686, 11, 659, 100, 0.00, '2013-12-30', '10:01:59', '2013-12-30 04:31:59'),
(687, 11, 660, 100, 0.00, '2013-12-30', '10:01:59', '2013-12-30 04:31:59'),
(688, 11, 661, 100, 0.00, '2013-12-30', '10:01:59', '2013-12-30 04:31:59'),
(689, 11, 662, 100, 0.00, '2013-12-30', '10:01:59', '2013-12-30 04:31:59'),
(690, 11, 663, 100, 0.00, '2013-12-30', '10:01:59', '2013-12-30 04:31:59'),
(691, 11, 664, 100, 0.00, '2013-12-30', '10:01:59', '2013-12-30 04:31:59'),
(692, 11, 665, 100, 0.00, '2013-12-30', '10:01:59', '2013-12-30 04:31:59'),
(693, 11, 666, 100, 0.00, '2013-12-30', '10:01:59', '2013-12-30 04:31:59'),
(694, 11, 667, 100, 0.00, '2013-12-30', '10:01:59', '2013-12-30 04:31:59'),
(695, 11, 668, 100, 0.00, '2013-12-30', '10:01:59', '2013-12-30 04:31:59'),
(696, 11, 669, 100, 0.00, '2013-12-30', '10:01:59', '2013-12-30 04:31:59'),
(697, 11, 670, 100, 0.00, '2013-12-30', '10:01:59', '2013-12-30 04:31:59'),
(698, 11, 671, 100, 0.00, '2013-12-30', '10:01:59', '2013-12-30 04:31:59'),
(699, 11, 672, 100, 0.00, '2013-12-30', '10:01:59', '2013-12-30 04:31:59'),
(700, 11, 673, 100, 0.00, '2013-12-30', '10:01:59', '2013-12-30 04:31:59'),
(701, 11, 674, 100, 0.00, '2013-12-30', '10:01:59', '2013-12-30 04:31:59'),
(702, 11, 675, 100, 0.00, '2013-12-30', '10:01:59', '2013-12-30 04:31:59');
INSERT INTO `tbl_good_received_products` (`id_good_received_products`, `id_good_received`, `id_products`, `received_qty`, `product_discount`, `added_date`, `added_time`, `added_timestamp`) VALUES
(703, 11, 676, 100, 0.00, '2013-12-30', '10:01:59', '2013-12-30 04:31:59'),
(704, 11, 677, 100, 0.00, '2013-12-30', '10:01:59', '2013-12-30 04:32:00'),
(705, 11, 678, 100, 0.00, '2013-12-30', '10:01:59', '2013-12-30 04:32:00'),
(706, 11, 679, 100, 0.00, '2013-12-30', '10:02:00', '2013-12-30 04:32:00'),
(707, 11, 680, 100, 0.00, '2013-12-30', '10:02:00', '2013-12-30 04:32:00'),
(708, 11, 681, 100, 0.00, '2013-12-30', '10:02:00', '2013-12-30 04:32:00'),
(709, 11, 682, 100, 0.00, '2013-12-30', '10:02:00', '2013-12-30 04:32:00'),
(710, 11, 683, 100, 0.00, '2013-12-30', '10:02:00', '2013-12-30 04:32:00'),
(711, 11, 684, 100, 0.00, '2013-12-30', '10:02:00', '2013-12-30 04:32:00'),
(712, 11, 685, 100, 0.00, '2013-12-30', '10:02:00', '2013-12-30 04:32:00'),
(713, 11, 686, 100, 0.00, '2013-12-30', '10:02:00', '2013-12-30 04:32:00'),
(714, 11, 687, 100, 0.00, '2013-12-30', '10:02:00', '2013-12-30 04:32:00'),
(715, 11, 688, 100, 0.00, '2013-12-30', '10:02:00', '2013-12-30 04:32:00'),
(716, 11, 689, 100, 0.00, '2013-12-30', '10:02:00', '2013-12-30 04:32:00'),
(717, 11, 690, 100, 0.00, '2013-12-30', '10:02:00', '2013-12-30 04:32:00'),
(718, 11, 691, 100, 0.00, '2013-12-30', '10:02:00', '2013-12-30 04:32:00'),
(719, 11, 692, 100, 0.00, '2013-12-30', '10:02:00', '2013-12-30 04:32:00'),
(720, 11, 693, 100, 0.00, '2013-12-30', '10:02:00', '2013-12-30 04:32:00'),
(721, 11, 694, 100, 0.00, '2013-12-30', '10:02:00', '2013-12-30 04:32:00'),
(722, 11, 695, 100, 0.00, '2013-12-30', '10:02:00', '2013-12-30 04:32:00'),
(723, 11, 696, 100, 0.00, '2013-12-30', '10:02:00', '2013-12-30 04:32:00'),
(724, 11, 697, 100, 0.00, '2013-12-30', '10:02:00', '2013-12-30 04:32:00'),
(725, 11, 698, 100, 0.00, '2013-12-30', '10:02:00', '2013-12-30 04:32:00'),
(726, 11, 699, 100, 0.00, '2013-12-30', '10:02:00', '2013-12-30 04:32:00'),
(727, 11, 700, 100, 0.00, '2013-12-30', '10:02:00', '2013-12-30 04:32:00');

-- --------------------------------------------------------

--
-- Table structure for table `tbl_gps_info`
--

CREATE TABLE IF NOT EXISTS `tbl_gps_info` (
  `id_gps_info` int(11) NOT NULL AUTO_INCREMENT,
  `gps_latitude` varchar(100) DEFAULT NULL,
  `gps_longitude` varchar(100) DEFAULT NULL,
  `battry_level` varchar(100) DEFAULT NULL,
  `id_sales_order` int(11) NOT NULL,
  PRIMARY KEY (`id_gps_info`),
  KEY `fk_tbl_gps_info_tbl_sales_order1` (`id_sales_order`)
) ENGINE=InnoDB  DEFAULT CHARSET=latin1 AUTO_INCREMENT=252 ;

--
-- Dumping data for table `tbl_gps_info`
--

INSERT INTO `tbl_gps_info` (`id_gps_info`, `gps_latitude`, `gps_longitude`, `battry_level`, `id_sales_order`) VALUES
(248, '6.048070108518', '80.210813926533', '25', 240),
(249, '6.0485922172666', '80.210879556835', '24', 241),
(250, '6.0487555805594', '80.210700519383', '0', 242),
(251, '6.0487938020378', '80.21106957458', '0', 243);

-- --------------------------------------------------------

--
-- Table structure for table `tbl_invoice`
--

CREATE TABLE IF NOT EXISTS `tbl_invoice` (
  `id_invoice` int(11) NOT NULL AUTO_INCREMENT,
  `invoice_no` varchar(100) DEFAULT NULL,
  `id_sales_order` int(11) NOT NULL,
  `invoice_status` tinyint(4) NOT NULL DEFAULT '1',
  `added_date` date DEFAULT NULL,
  `added_time` time DEFAULT NULL,
  `added_timestamp` timestamp NOT NULL DEFAULT CURRENT_TIMESTAMP ON UPDATE CURRENT_TIMESTAMP,
  PRIMARY KEY (`id_invoice`),
  KEY `fk_tbl_invoice_tbl_sales_order1` (`id_sales_order`)
) ENGINE=InnoDB  DEFAULT CHARSET=latin1 AUTO_INCREMENT=14 ;

--
-- Dumping data for table `tbl_invoice`
--

INSERT INTO `tbl_invoice` (`id_invoice`, `invoice_no`, `id_sales_order`, `invoice_status`, `added_date`, `added_time`, `added_timestamp`) VALUES
(11, 'IN0001', 240, 1, '2013-12-27', '10:56:19', '2013-12-27 05:26:19'),
(12, 'IN0011', 243, 1, '2013-12-27', '14:19:09', '2013-12-27 08:49:09'),
(13, 'IN0012', 242, 1, '2014-01-07', '15:37:53', '2014-01-07 10:07:53');

-- --------------------------------------------------------

--
-- Table structure for table `tbl_item`
--

CREATE TABLE IF NOT EXISTS `tbl_item` (
  `id_item` int(11) NOT NULL AUTO_INCREMENT,
  `item_name` varchar(500) NOT NULL,
  `item_brand_id` int(11) NOT NULL,
  `id_item_category` int(11) DEFAULT '0',
  `item_no` varchar(45) NOT NULL,
  `item_account_code` varchar(45) DEFAULT NULL,
  `item_alias` varchar(100) NOT NULL,
  `item_status` tinyint(4) NOT NULL DEFAULT '1',
  `added_date` date DEFAULT NULL,
  `added_time` time DEFAULT NULL,
  `added_timestamp` timestamp NULL DEFAULT CURRENT_TIMESTAMP,
  PRIMARY KEY (`id_item`),
  KEY `fk_item_item_category1` (`id_item_category`)
) ENGINE=InnoDB  DEFAULT CHARSET=latin1 AUTO_INCREMENT=744 ;

--
-- Dumping data for table `tbl_item`
--

INSERT INTO `tbl_item` (`id_item`, `item_name`, `item_brand_id`, `id_item_category`, `item_no`, `item_account_code`, `item_alias`, `item_status`, `added_date`, `added_time`, `added_timestamp`) VALUES
(1, 'AGROTECH  mistblower - Vietnamese Engine', 1, 1, 'AS/14', 'AS/14', 'AGROTECH  mistblower - Vietnamese Engine', 1, '2013-12-26', '10:59:00', '2013-12-26 05:29:32'),
(2, 'AGROTECH  CY 708 Power Sprayer with  Brass Pump - 20 L', 1, 1, 'AS/15', 'AS/15', 'AGROTECH  CY 708 Power Sprayer with  Brass Pump - 20 L', 1, '2013-12-26', '10:59:00', '2013-12-26 05:29:32'),
(3, 'AGROTECH  Cy 708 Power Sprayer with  Brass Pump - 16 L', 1, 1, 'AS/15/16L', 'AS/15/16L', 'AGROTECH  Cy 708 Power Sprayer with  Brass Pump - 16 L', 1, '2013-12-26', '10:59:00', '2013-12-26 05:29:32'),
(4, 'AGROSPRAY  1LTR. Plastic Sprayer', 1, 1, 'SC/03', 'SC/03', 'AGROSPRAY  1LTR. Plastic Sprayer', 0, '2013-12-26', '10:59:00', '2013-12-26 05:29:33'),
(5, 'AGROSPRAY  1.5LTR. Plastic Sprayer', 1, 1, 'SC/04', 'SC/04', 'AGROSPRAY  1.5LTR. Plastic Sprayer', 1, '2013-12-26', '10:59:00', '2013-12-26 05:29:33'),
(6, 'AGROSPRAY  3LTR Pressure Sprayer', 1, 1, 'SC/11', 'SC/11', 'AGROSPRAY  3LTR Pressure Sprayer', 1, '2013-12-26', '10:59:00', '2013-12-26 05:29:33'),
(7, 'AGROSPRAY  5LTR Pressure Sprayer', 1, 1, 'SC/12', 'SC/12', 'AGROSPRAY  5LTR Pressure Sprayer', 1, '2013-12-26', '10:59:00', '2013-12-26 05:29:33'),
(8, 'HAYSPRAY  16LTR (PT 600) Semi Auto Sprayer', 1, 1, 'SC/16N', 'SC/16N', 'HAYSPRAY  16LTR (PT 600) Semi Auto Sprayer', 1, '2013-12-26', '10:59:00', '2013-12-26 05:29:33'),
(9, 'AGROTECH  Rocker Sprayer', 1, 1, 'SC/09', 'SC/09', 'AGROTECH  Rocker Sprayer', 1, '2013-12-26', '10:59:00', '2013-12-26 05:29:33'),
(10, 'AGROTECH  Fogging Machine', 1, 1, 'FG/02', 'FG/02', 'AGROTECH  Fogging Machine', 1, '2013-12-26', '10:59:00', '2013-12-26 05:29:33'),
(11, 'AGROTECH  Brush Cutter/ Reaper', 1, 1, 'A/M/41', 'A/M/41', 'AGROTECH  Brush Cutter/ Reaper', 1, '2013-12-26', '10:59:00', '2013-12-26 05:29:34'),
(12, 'FARMPRO  Milking Machine with Stainless Steel Bucket', 1, 1, 'MK/01/SS', 'MK/01/SS', 'FARMPRO  Milking Machine with Stainless Steel Bucket', 1, '2013-12-26', '10:59:00', '2013-12-26 05:29:34'),
(13, 'FARMPRO  Milking Machine with Transparent Bucket', 1, 1, 'MK/01/', 'MK/01/', 'FARMPRO  Milking Machine with Transparent Bucket', 1, '2013-12-26', '10:59:00', '2013-12-26 05:29:34'),
(14, 'JUMBO  Mammoty 9X9', 1, 8, 'JM/01', 'JM/01', 'JUMBO  Mammoty 9X9', 1, '2013-12-26', '10:59:00', '2013-12-26 05:29:34'),
(15, 'JUMBO  Mammoty  10X8', 1, 8, 'JM/02', 'JM/02', 'JUMBO  Mammoty  10X8', 1, '2013-12-26', '10:59:00', '2013-12-26 05:29:34'),
(16, 'HAYSP PRINT POLYTHENE ASSORTED', 1, 2, 'HS/M/10', 'HS/M/10', 'HAYSP PRINT POLYTHENE ASSORTED', 1, '2013-12-26', '10:59:00', '2013-12-26 05:29:34'),
(17, 'SEAFLOW WATER PUMP', 1, 2, 'HS/M/39/3/SAMPL', 'HS/M/39/3/SAMPL', 'SEAFLOW WATER PUMP', 1, '2013-12-26', '10:59:00', '2013-12-26 05:29:35'),
(18, 'RUBBER BEND', 1, 2, 'HS/M/50', 'HS/M/50', 'RUBBER BEND', 1, '2013-12-26', '10:59:00', '2013-12-26 05:29:35'),
(19, 'BOLT OF OUTLET/HF WITH NUT', 1, 2, 'HS/M/51', 'HS/M/51', 'BOLT OF OUTLET/HF WITH NUT', 1, '2013-12-26', '10:59:00', '2013-12-26 05:29:35'),
(20, 'HOSE CONNECTION', 1, 2, 'HS/M/52', 'HS/M/52', 'HOSE CONNECTION', 1, '2013-12-26', '10:59:00', '2013-12-26 05:29:35'),
(21, 'PRESSURE SWITCH B/O', 1, 2, 'HS/M/53', 'HS/M/53', 'PRESSURE SWITCH B/O', 1, '2013-12-26', '10:59:00', '2013-12-26 05:29:35'),
(22, 'POWER INDICATOR RELAY/SOCKET', 1, 2, 'HS/M/54', 'HS/M/54', 'POWER INDICATOR RELAY/SOCKET', 1, '2013-12-26', '10:59:00', '2013-12-26 05:29:35'),
(23, 'PUSH BUTTON SWITCH B/O', 1, 2, 'HS/M/55', 'HS/M/55', 'PUSH BUTTON SWITCH B/O', 1, '2013-12-26', '10:59:00', '2013-12-26 05:29:36'),
(24, 'IMPACT NOZZLE', 1, 2, 'SS/C/67', 'SS/C/67', 'IMPACT NOZZLE', 1, '2013-12-26', '10:59:00', '2013-12-26 05:29:36'),
(25, 'PLAS SPRAY NOZZLE SET', 1, 2, 'SS/C/68', 'SS/C/68', 'PLAS SPRAY NOZZLE SET', 1, '2013-12-26', '10:59:00', '2013-12-26 05:29:36'),
(26, 'PLASTIC NOZZLE SET 6PCS', 1, 2, 'SS/C/70', 'SS/C/70', 'PLASTIC NOZZLE SET 6PCS', 1, '2013-12-26', '10:59:00', '2013-12-26 05:29:36'),
(27, 'BALL BEARING', 1, 4, 'AK/02', 'AK/02', 'BALL BEARING', 1, '2013-12-26', '10:59:00', '2013-12-26 05:29:36'),
(28, 'NEEDLE BEARING', 1, 4, 'AK/03', 'AK/03', 'NEEDLE BEARING', 1, '2013-12-26', '10:59:00', '2013-12-26 05:29:36'),
(29, 'OIL SEAL', 1, 4, 'AK/04', 'AK/04', 'OIL SEAL', 1, '2013-12-26', '10:59:00', '2013-12-26 05:29:36'),
(30, 'CRANKSHAFT', 1, 4, 'AK/05', 'AK/05', 'CRANKSHAFT-AK/05', 1, '2013-12-26', '10:59:00', '2013-12-26 05:29:37'),
(31, 'CRANKSHAFT KEY', 1, 4, 'AK/05A', 'AK/05A', 'CRANKSHAFT KEY', 1, '2013-12-26', '10:59:00', '2013-12-26 05:29:37'),
(32, 'CRANKCASE STAR SIDE', 1, 4, 'AK/06', 'AK/06', 'CRANKCASE STAR SIDE', 1, '2013-12-26', '10:59:00', '2013-12-26 05:29:37'),
(33, 'CRANK CASS ASSY', 1, 4, 'AK/06/07', 'AK/06/07', 'CRANK CASS ASSY', 1, '2013-12-26', '10:59:00', '2013-12-26 05:29:37'),
(34, 'CRANKCASE PTO SIDE', 1, 4, 'AK/07', 'AK/07', 'CRANKCASE PTO SIDE', 1, '2013-12-26', '10:59:00', '2013-12-26 05:29:37'),
(35, 'SPARK PLUG', 1, 4, 'AK/08', 'AK/08', 'SPARK PLUG', 1, '2013-12-26', '10:59:00', '2013-12-26 05:29:37'),
(36, 'SPARK PLUG CONNECTOR', 1, 4, 'AK/08A', 'AK/08A', 'SPARK PLUG CONNECTOR', 1, '2013-12-26', '10:59:00', '2013-12-26 05:29:38'),
(37, 'STARTER HOUSING COMP.', 1, 4, 'AK/09', 'AK/09', 'STARTER HOUSING COMP.', 1, '2013-12-26', '10:59:00', '2013-12-26 05:29:38'),
(38, 'NUT', 1, 4, 'AK/09A', 'AK/09A', 'NUT-AK/09A', 1, '2013-12-26', '10:59:00', '2013-12-26 05:29:38'),
(39, 'SPRING', 1, 4, 'AK/09B', 'AK/09B', 'SPRING-AK/09B', 1, '2013-12-26', '10:59:00', '2013-12-26 05:29:38'),
(40, 'RECOIL STARTER COMPL', 1, 4, 'AK/09C', 'AK/09C', 'RECOIL STARTER COMPL', 1, '2013-12-26', '10:59:00', '2013-12-26 05:29:38'),
(41, 'ROPE DRUM', 1, 4, 'AK/09D', 'AK/09D', 'ROPE DRUM', 1, '2013-12-26', '10:59:00', '2013-12-26 05:29:38'),
(42, 'STARTER ROPE', 1, 4, 'AK/10', 'AK/10', 'STARTER ROPE', 1, '2013-12-26', '10:59:00', '2013-12-26 05:29:38'),
(43, 'HANDLE', 1, 4, 'AK/10A', 'AK/10A', 'HANDLE', 1, '2013-12-26', '10:59:00', '2013-12-26 05:29:39'),
(44, 'WASHER', 1, 4, 'AK/10B', 'AK/10B', 'WASHER-AK/10B', 1, '2013-12-26', '10:59:00', '2013-12-26 05:29:39'),
(45, 'STARTER PAWL', 1, 4, 'AK/11', 'AK/11', 'STARTER PAWL', 1, '2013-12-26', '10:59:00', '2013-12-26 05:29:39'),
(46, 'SPRING', 1, 4, 'AK/11A', 'AK/11A', 'SPRING-AK/11A', 1, '2013-12-26', '10:59:00', '2013-12-26 05:29:39'),
(47, 'SPRING CAP', 1, 4, 'AK/12', 'AK/12', 'SPRING CAP', 1, '2013-12-26', '10:59:00', '2013-12-26 05:29:39'),
(48, 'WASHER', 1, 4, 'AK/12A', 'AK/12A', 'WASHER-AK/12A', 1, '2013-12-26', '10:59:00', '2013-12-26 05:29:40'),
(49, 'SPRING', 1, 4, 'AK/12B', 'AK/12B', 'SPRING-AK/12B', 1, '2013-12-26', '10:59:00', '2013-12-26 05:29:40'),
(50, 'FLYWHEEL', 1, 4, 'AK/13', 'AK/13', 'FLYWHEEL', 1, '2013-12-26', '10:59:00', '2013-12-26 05:29:40'),
(51, 'PAWL CASE', 1, 4, 'AK/13A', 'AK/13A', 'PAWL CASE', 1, '2013-12-26', '10:59:00', '2013-12-26 05:29:40'),
(52, 'WASHER', 1, 4, 'AK/13B', 'AK/13B', 'WASHER-AK/13B', 1, '2013-12-26', '10:59:00', '2013-12-26 05:29:40'),
(53, 'C.D.I. UNIT (RED)', 1, 4, 'AK/14', 'AK/14', 'C.D.I. UNIT (RED)', 1, '2013-12-26', '10:59:00', '2013-12-26 05:29:40'),
(54, 'WASHER', 1, 4, 'AK/14A', 'AK/14A', 'WASHER-AK/14A', 1, '2013-12-26', '10:59:00', '2013-12-26 05:29:40'),
(55, 'SCREW', 1, 4, 'AK/14B', 'AK/14B', 'SCREW-AK/14B', 1, '2013-12-26', '10:59:00', '2013-12-26 05:29:41'),
(56, 'WASHER', 1, 4, 'AK/14C', 'AK/14C', 'WASHER-AK/14C', 1, '2013-12-26', '10:59:00', '2013-12-26 05:29:41'),
(57, 'C D I UNIT (BLUE)', 1, 4, 'AK/14D', 'AK/14D', 'C D I UNIT (BLUE)', 1, '2013-12-26', '10:59:00', '2013-12-26 05:29:41'),
(58, 'FLYWHEEL WITH C.D.I.', 1, 4, 'AK/14E', 'AK/14E', 'FLYWHEEL WITH C.D.I.', 1, '2013-12-26', '10:59:00', '2013-12-26 05:29:41'),
(59, 'C.D.I. UNIT WITH FLY WEEL', 1, 4, 'AK/14F', 'AK/14F', 'C.D.I. UNIT WITH FLY WEEL', 1, '2013-12-26', '10:59:00', '2013-12-26 05:29:41'),
(60, 'C.D.I. UNIT WITH FLY WEEL FOC', 1, 4, 'AK/14FOC', 'AK/14FOC', 'C.D.I. UNIT WITH FLY WEEL FOC', 1, '2013-12-26', '10:59:00', '2013-12-26 05:29:41'),
(61, 'PISTON RING', 1, 4, 'AK/15', 'AK/15', 'PISTON RING', 1, '2013-12-26', '10:59:00', '2013-12-26 05:29:42'),
(62, 'PISTON BARE', 1, 4, 'AK/15A', 'AK/15A', 'PISTON BARE', 1, '2013-12-26', '10:59:00', '2013-12-26 05:29:42'),
(63, 'WRIST PIN', 1, 4, 'AK/15B', 'AK/15B', 'WRIST PIN', 1, '2013-12-26', '10:59:00', '2013-12-26 05:29:42'),
(64, 'CIRCLIP', 1, 4, 'AK/15C', 'AK/15C', 'CIRCLIP', 1, '2013-12-26', '10:59:00', '2013-12-26 05:29:43'),
(65, 'CARBURETTOR', 1, 4, 'AK/16', 'AK/16', 'CARBURETTOR', 1, '2013-12-26', '10:59:00', '2013-12-26 05:29:43'),
(66, 'CARBURETTOR SCREW', 1, 4, 'AK/16A', 'AK/16A', 'CARBURETTOR SCREW', 1, '2013-12-26', '10:59:00', '2013-12-26 05:29:43'),
(67, 'P/WASHER FOR INLET D', 1, 4, 'AK/16B', 'AK/16B', 'P/WASHER FOR INLET D', 1, '2013-12-26', '10:59:00', '2013-12-26 05:29:43'),
(68, 'CARBUETTOR COMPLETE', 1, 4, 'AK/16C', 'AK/16C', 'CARBUETTOR COMPLETE', 1, '2013-12-26', '10:59:00', '2013-12-26 05:29:44'),
(69, 'SCREW', 1, 4, 'AK/16D', 'AK/16D', 'SCREW-AK/16D', 1, '2013-12-26', '10:59:00', '2013-12-26 05:29:44'),
(70, 'SPRING', 1, 4, 'AK/16E', 'AK/16E', 'SPRING-AK/16E', 1, '2013-12-26', '10:59:00', '2013-12-26 05:29:44'),
(71, 'SCREW', 1, 4, 'AK/16F', 'AK/16F', 'SCREW-AK/16F', 1, '2013-12-26', '10:59:00', '2013-12-26 05:29:44'),
(72, 'CARBARETOR PACKING SET', 1, 4, 'AK/16G', 'AK/16G', 'CARBARETOR PACKING SET', 1, '2013-12-26', '10:59:00', '2013-12-26 05:29:44'),
(73, 'SCREW', 1, 4, 'AK/17', 'AK/17', 'SCREW-AK/17', 1, '2013-12-26', '10:59:00', '2013-12-26 05:29:44'),
(74, 'INLET DUCT', 1, 4, 'AK/18', 'AK/18', 'INLET DUCT', 1, '2013-12-26', '10:59:00', '2013-12-26 05:29:45'),
(75, 'CYLINDER', 1, 4, 'AK/19', 'AK/19', 'CYLINDER-AK/19', 1, '2013-12-26', '10:59:00', '2013-12-26 05:29:45'),
(76, 'WASHER', 1, 4, 'AK/19A', 'AK/19A', 'WASHER-AK/19A', 1, '2013-12-26', '10:59:00', '2013-12-26 05:29:45'),
(77, 'SCREW', 1, 4, 'AK/19B', 'AK/19B', 'SCREW-AK/19B', 1, '2013-12-26', '10:59:00', '2013-12-26 05:29:45'),
(78, 'GASKET-AK/19C', 1, 4, 'AK/19C', 'AK/19C', 'GASKET-AK/19C', 1, '2013-12-26', '10:59:00', '2013-12-26 05:29:45'),
(79, 'SILENCER', 1, 4, 'AK/20', 'AK/20', 'SILENCER', 1, '2013-12-26', '10:59:00', '2013-12-26 05:29:46'),
(80, 'SILENCER GUARD', 1, 4, 'AK/20A', 'AK/20A', 'SILENCER GUARD', 1, '2013-12-26', '10:59:00', '2013-12-26 05:29:46'),
(81, 'SILENCER SCREW', 1, 4, 'AK/20B', 'AK/20B', 'SILENCER SCREW', 1, '2013-12-26', '10:59:00', '2013-12-26 05:29:46'),
(82, 'AIR CLEANER COVER', 1, 4, 'AK/21', 'AK/21', 'AIR CLEANER COVER', 1, '2013-12-26', '10:59:00', '2013-12-26 05:29:46'),
(83, 'FILTER', 1, 4, 'AK/21A', 'AK/21A', 'FILTER', 1, '2013-12-26', '10:59:00', '2013-12-26 05:29:46'),
(84, 'FILTER SET', 1, 4, 'AK/22', 'AK/22', 'FILTER SET-AK/22', 1, '2013-12-26', '10:59:00', '2013-12-26 05:29:46'),
(85, 'FLOATER CHAMBER SET', 1, 4, 'AK/22A', 'AK/22A', 'FLOATER CHAMBER SET', 1, '2013-12-26', '10:59:00', '2013-12-26 05:29:46'),
(86, 'CLAMP', 1, 4, 'AK/22B', 'AK/22B', 'CLAMP AK/22B', 1, '2013-12-26', '10:59:00', '2013-12-26 05:29:47'),
(87, 'FILTER', 1, 4, 'AK/22C', 'AK/22C', 'FILTER', 1, '2013-12-26', '10:59:00', '2013-12-26 05:29:47'),
(88, 'VALVE SET', 1, 4, 'AK/22D', 'AK/22D', 'VALVE SET', 1, '2013-12-26', '10:59:00', '2013-12-26 05:29:47'),
(89, 'SPRING', 1, 4, 'AK/22E', 'AK/22E', 'SPRING-AK/22E', 1, '2013-12-26', '10:59:00', '2013-12-26 05:29:48'),
(90, 'SCREW', 1, 4, 'AK/22F', 'AK/22F', 'SCREW-AK/22F', 1, '2013-12-26', '10:59:00', '2013-12-26 05:29:48'),
(91, 'REMOTE CONTROL UNIT', 1, 4, 'AK/23', 'AK/23', 'REMOTE CONTROL UNIT', 1, '2013-12-26', '10:59:00', '2013-12-26 05:29:48'),
(92, 'VALVE COVER', 1, 4, 'AK/23A', 'AK/23A', 'VALVE COVER', 1, '2013-12-26', '10:59:00', '2013-12-26 05:29:48'),
(93, 'VALVE', 1, 4, 'AK/23B', 'AK/23B', 'VALVE', 1, '2013-12-26', '10:59:00', '2013-12-26 05:29:48'),
(94, 'FILTER SET', 1, 4, 'AK/24', 'AK/24', 'FILTER SET-AK/24', 1, '2013-12-26', '10:59:00', '2013-12-26 05:29:48'),
(95, 'FUEL FILTER', 1, 4, 'AK/24A', 'AK/24A', 'FUEL FILTER', 1, '2013-12-26', '10:59:00', '2013-12-26 05:29:49'),
(96, 'FILTER PLUG', 1, 4, 'AK/24B', 'AK/24B', 'FILTER PLUG', 1, '2013-12-26', '10:59:00', '2013-12-26 05:29:49'),
(97, 'NUT', 1, 4, 'AK/25', 'AK/25', 'NUT-AK/25', 1, '2013-12-26', '10:59:00', '2013-12-26 05:29:49'),
(98, 'WASHER', 1, 4, 'AK/25A', 'AK/25A', 'WASHER-AK/25A', 1, '2013-12-26', '10:59:00', '2013-12-26 05:29:49'),
(99, 'SPRING', 1, 4, 'AK/25B', 'AK/25B', 'SPRING-AK/25B', 1, '2013-12-26', '10:59:00', '2013-12-26 05:29:49'),
(100, 'SCREW', 1, 4, 'AK/25C', 'AK/25C', 'SCREW-AK/25C', 1, '2013-12-26', '10:59:00', '2013-12-26 05:29:49'),
(101, 'WASHER', 1, 4, 'AK/26', 'AK/26', 'WASHER-AK/26', 1, '2013-12-26', '10:59:00', '2013-12-26 05:29:50'),
(102, 'SCREW', 1, 4, 'AK/27', 'AK/27', 'SCREW-AK/27', 1, '2013-12-26', '10:59:00', '2013-12-26 05:29:50'),
(103, 'PACKING SET', 1, 4, 'AK/28', 'AK/28', 'PACKING SET', 1, '2013-12-26', '10:59:00', '2013-12-26 05:29:50'),
(104, 'CYLINDER HEAD GASKET', 1, 4, 'AK/28A', 'AK/28A', 'CYLINDER HEAD GASKET', 1, '2013-12-26', '10:59:00', '2013-12-26 05:29:50'),
(105, 'SILENCER GASKET', 1, 4, 'AK/28B', 'AK/28B', 'SILENCER GASKET', 1, '2013-12-26', '10:59:00', '2013-12-26 05:29:50'),
(106, 'CARBURATTOR GASKET', 1, 4, 'AK/28C', 'AK/28C', 'CARBURATTOR GASKET', 1, '2013-12-26', '10:59:00', '2013-12-26 05:29:50'),
(107, 'PISTON ASSEMBLY', 1, 4, 'AK/29', 'AK/29', 'PISTON ASSEMBLY', 1, '2013-12-26', '10:59:00', '2013-12-26 05:29:51'),
(108, 'BRASS BOLT', 1, 4, 'AK/30', 'AK/30', 'BRASS BOLT', 1, '2013-12-26', '10:59:00', '2013-12-26 05:29:51'),
(109, 'FLOAT NEEDLE', 1, 4, 'AK/31', 'AK/31', 'FLOAT NEEDLE', 1, '2013-12-26', '10:59:00', '2013-12-26 05:29:51'),
(110, 'PIN', 1, 4, 'AK/31A', 'AK/31A', 'PIN-AK/31A', 1, '2013-12-26', '10:59:00', '2013-12-26 05:29:51'),
(111, 'JET', 1, 4, 'AK/31B', 'AK/31B', 'JET', 1, '2013-12-26', '10:59:00', '2013-12-26 05:29:51'),
(112, 'FLOAT', 1, 4, 'AK/31C', 'AK/31C', 'FLOAT', 1, '2013-12-26', '10:59:00', '2013-12-26 05:29:51'),
(113, 'NUT FOR FAN', 1, 4, 'AK/32', 'AK/32', 'NUT FOR FAN', 1, '2013-12-26', '10:59:00', '2013-12-26 05:29:52'),
(114, 'NEEDLE BEARING', 1, 4, 'AKN/03', 'AKN/03', 'NEEDLE BEARING', 1, '2013-12-26', '10:59:00', '2013-12-26 05:29:52'),
(115, 'CRANKSHAFT', 1, 4, 'AKN/05', 'AKN/05', 'CRANKSHAFT-AKN/05', 1, '2013-12-26', '10:59:00', '2013-12-26 05:29:52'),
(116, 'PIN', 1, 4, 'AKN/05B', 'AKN/05B', 'PIN-AKN/05B', 1, '2013-12-26', '10:59:00', '2013-12-26 05:29:52'),
(117, 'CRAKCASE STARTER SIDE', 1, 4, 'AKN/06', 'AKN/06', 'CRAKCASE STARTER SIDE', 1, '2013-12-26', '10:59:00', '2013-12-26 05:29:52'),
(118, 'CRANK CASE(PTO SIDE)', 1, 4, 'AKN/07', 'AKN/07', 'CRANK CASE(PTO SIDE)', 1, '2013-12-26', '10:59:00', '2013-12-26 05:29:52'),
(119, 'WASHER', 1, 4, 'AKN/07A', 'AKN/07A', 'WASHER-AKN/07A', 1, '2013-12-26', '10:59:00', '2013-12-26 05:29:53'),
(120, 'NUT', 1, 4, 'AKN/07B', 'AKN/07B', 'NUT-AKN/07B', 1, '2013-12-26', '10:59:00', '2013-12-26 05:29:53'),
(121, 'PISTON RING', 1, 4, 'AKN/15', 'AKN/15', 'PISTON RING', 1, '2013-12-26', '10:59:00', '2013-12-26 05:29:53'),
(122, 'PISTON PIN', 1, 4, 'AKN/15B', 'AKN/15B', 'PISTON PIN', 1, '2013-12-26', '10:59:00', '2013-12-26 05:29:54'),
(123, 'RING', 1, 4, 'AKN/15C', 'AKN/15C', 'RING', 1, '2013-12-26', '10:59:00', '2013-12-26 05:29:54'),
(124, 'SCREW', 1, 4, 'AKN/17', 'AKN/17', 'SCREW-AKN/17', 1, '2013-12-26', '10:59:00', '2013-12-26 05:29:54'),
(125, 'DUCT', 1, 4, 'AKN/18', 'AKN/18', 'DUCT', 1, '2013-12-26', '10:59:00', '2013-12-26 05:29:54'),
(126, 'SPACER', 1, 4, 'AKN/18A', 'AKN/18A', 'SPACER', 1, '2013-12-26', '10:59:00', '2013-12-26 05:29:54'),
(127, 'CYLINDER', 1, 4, 'AKN/19', 'AKN/19', 'CYLINDER-AKN/19', 1, '2013-12-26', '10:59:00', '2013-12-26 05:29:55'),
(128, 'MUFFLER-AKN/20', 1, 4, 'AKN/20', 'AKN/20', 'MUFFLERAKN/20', 1, '2013-12-26', '10:59:00', '2013-12-26 05:29:55'),
(129, 'MUFFLER GUAED', 1, 4, 'AKN/20A', 'AKN/20A', 'MUFFLER GUAED', 1, '2013-12-26', '10:59:00', '2013-12-26 05:29:55'),
(130, 'SILENCER SCREW', 1, 4, 'AKN/20B', 'AKN/20B', 'SILENCER SCREW', 1, '2013-12-26', '10:59:00', '2013-12-26 05:29:55'),
(131, 'NUT', 1, 4, 'AKN/20C', 'AKN/20C', 'NUT-AKN/20C', 1, '2013-12-26', '10:59:00', '2013-12-26 05:29:55'),
(132, 'WASHER', 1, 4, 'AKN/20D', 'AKN/20D', 'WASHER-AKN/20D', 1, '2013-12-26', '10:59:00', '2013-12-26 05:29:56'),
(133, 'NUT', 1, 4, 'AKN/20E', 'AKN/20E', 'NUT-AKN/20E', 1, '2013-12-26', '10:59:00', '2013-12-26 05:29:56'),
(134, 'GASKET SET', 1, 4, 'AKN/28', 'AKN/28', 'GASKET SET', 1, '2013-12-26', '10:59:00', '2013-12-26 05:29:56'),
(135, 'GASKET-AKN/28A', 1, 4, 'AKN/28A', 'AKN/28A', 'GASKET-AKN/28A', 1, '2013-12-26', '10:59:00', '2013-12-26 05:29:56'),
(136, 'GASKET-AKN/28B', 1, 4, 'AKN/28B', 'AKN/28B', 'GASKET-AKN/28B', 1, '2013-12-26', '10:59:00', '2013-12-26 05:29:56'),
(137, 'GASKET-AKN/28C', 1, 4, 'AKN/28C', 'AKN/28C', 'GASKET-AKN/28C', 1, '2013-12-26', '10:59:00', '2013-12-26 05:29:56'),
(138, 'NUT', 1, 4, 'AKN/28D', 'AKN/28D', 'NUT-AKN/28D', 1, '2013-12-26', '10:59:00', '2013-12-26 05:29:57'),
(139, 'PISTON ASSY.048', 1, 4, 'AKN/29', 'AKN/29', 'PISTON ASSY.048', 1, '2013-12-26', '10:59:00', '2013-12-26 05:29:57'),
(140, 'THROTLE CABLE', 1, 4, 'AKN/33', 'AKN/33', 'THROTLE CABLE', 1, '2013-12-26', '10:59:00', '2013-12-26 05:29:57'),
(141, 'SET COMP FOR MISTBL', 1, 4, 'AM/01', 'AM/01', 'SET COMP FOR MISTBL', 1, '2013-12-26', '10:59:00', '2013-12-26 05:29:57'),
(142, '2 STROKE ENGINE 48CC', 1, 4, 'AM/02', 'AM/02', '2 STROKE ENGINE 48CC', 1, '2013-12-26', '10:59:00', '2013-12-26 05:29:57'),
(143, 'SPIRAL HOSE', 1, 4, 'AM/03', 'AM/03', 'SPIRAL HOSE', 1, '2013-12-26', '10:59:00', '2013-12-26 05:29:57'),
(144, 'SPIRAL HOSE', 1, 4, 'AM/03A', 'AM/03A', 'SPIRAL HOSE', 1, '2013-12-26', '10:59:00', '2013-12-26 05:29:57'),
(145, 'ELBOW', 1, 4, 'AM/04', 'AM/04', 'ELBOW', 1, '2013-12-26', '10:59:00', '2013-12-26 05:29:58'),
(146, 'CAP', 1, 4, 'AM/04A', 'AM/04A', 'CAP', 1, '2013-12-26', '10:59:00', '2013-12-26 05:29:58'),
(147, 'CONNECTOR', 1, 4, 'AM/05', 'AM/05', 'CONNECTOR-AM/05', 1, '2013-12-26', '10:59:00', '2013-12-26 05:29:58'),
(148, 'HANDLE C/W COCK', 1, 4, 'AM/06', 'AM/06', 'HANDLE C/W COCK', 1, '2013-12-26', '10:59:00', '2013-12-26 05:29:58'),
(149, 'HANDLE COMPLET', 1, 4, 'AM/06A', 'AM/06A', 'HANDLE COMPLET', 1, '2013-12-26', '10:59:00', '2013-12-26 05:29:58'),
(150, 'VENTURY C/W COCK', 1, 4, 'AM/07', 'AM/07', 'VENTURY C/W COCK', 1, '2013-12-26', '10:59:00', '2013-12-26 05:29:58'),
(151, 'PLASTIC COCK', 1, 4, 'AM/08', 'AM/08', 'PLASTIC COCK', 1, '2013-12-26', '10:59:00', '2013-12-26 05:29:59'),
(152, 'O RING FOR PLAS.COCK', 1, 4, 'AM/08A', 'AM/08A', 'O RING FOR PLAS.COCK', 1, '2013-12-26', '10:59:00', '2013-12-26 05:29:59'),
(153, 'PLASTIC WASHER', 1, 4, 'AM/09', 'AM/09', 'PLASTIC WASHER', 1, '2013-12-26', '10:59:00', '2013-12-26 05:29:59'),
(154, 'RUBBER WASHER', 1, 4, 'AM/10', 'AM/10', 'RUBBER WASHER', 1, '2013-12-26', '10:59:00', '2013-12-26 05:29:59'),
(155, 'HOSE CLIP', 1, 4, 'AM/11', 'AM/11', 'HOSE CLIP', 1, '2013-12-26', '10:59:00', '2013-12-26 05:29:59'),
(156, 'CABLE', 1, 4, 'AM/16', 'AM/16', 'CABLE', 1, '2013-12-26', '10:59:00', '2013-12-26 05:29:59'),
(157, 'CONNECTOR', 1, 4, 'AM/17', 'AM/17', 'CONNECTOR-AM/17', 1, '2013-12-26', '10:59:00', '2013-12-26 05:30:00'),
(158, 'ELBOW FOR BLOWER', 1, 4, 'AM/18', 'AM/18', 'ELBOW FOR BLOWER', 1, '2013-12-26', '10:59:00', '2013-12-26 05:30:00'),
(159, 'VEE BELT B 62', 1, 4, 'AM/18/VB62', 'AM/18/VB62', 'VEE BELT B 62', 1, '2013-12-26', '10:59:00', '2013-12-26 05:30:00'),
(160, 'VEE BELT B 83', 1, 4, 'AM/18/VB83', 'AM/18/VB83', 'VEE BELT B 83', 1, '2013-12-26', '10:59:00', '2013-12-26 05:30:00'),
(161, 'VEE BELT B 96', 1, 4, 'AM/18/VB96', 'AM/18/VB96', 'VEE BELT B 96', 1, '2013-12-26', '10:59:00', '2013-12-26 05:30:00'),
(162, 'GAS HANDLE', 1, 4, 'AM/19', 'AM/19', 'GAS HANDLE', 1, '2013-12-26', '10:59:00', '2013-12-26 05:30:00'),
(163, 'NUT FOR GAS HANDLE', 1, 4, 'AM/20', 'AM/20', 'NUT FOR GAS HANDLE', 1, '2013-12-26', '10:59:00', '2013-12-26 05:30:01'),
(164, 'CONN.FOR R/MOUNT', 1, 4, 'AM/21', 'AM/21', 'CONN.FOR R/MOUNT', 1, '2013-12-26', '10:59:00', '2013-12-26 05:30:01'),
(165, 'BACK CUSHION', 1, 4, 'AM/22', 'AM/22', 'BACK CUSHION', 1, '2013-12-26', '10:59:00', '2013-12-26 05:30:01'),
(166, 'FUEL TANK CUP', 1, 4, 'AM/23', 'AM/23', 'FUEL TANK CUP', 1, '2013-12-26', '10:59:00', '2013-12-26 05:30:01'),
(167, 'FUEL TANK CUP PACKING', 1, 4, 'AM/24', 'AM/24', 'FUEL TANK CUP PACKING', 1, '2013-12-26', '10:59:00', '2013-12-26 05:30:01'),
(168, 'FUEL COCK', 1, 4, 'AM/25', 'AM/25', 'FUEL COCK', 1, '2013-12-26', '10:59:00', '2013-12-26 05:30:01'),
(169, 'WASHER FOR FUEL COCK', 1, 4, 'AM/26', 'AM/26', 'WASHER FOR FUEL COCK', 1, '2013-12-26', '10:59:00', '2013-12-26 05:30:01'),
(170, 'O RING FOR P/COCK', 1, 4, 'AM/27', 'AM/27', 'O RING FOR P/COCK', 1, '2013-12-26', '10:59:00', '2013-12-26 05:30:01'),
(171, 'STOP SWITCH', 1, 4, 'AM/28', 'AM/28', 'STOP SWITCH', 1, '2013-12-26', '10:59:00', '2013-12-26 05:30:02'),
(172, 'SWITCH', 1, 4, 'AM/28A', 'AM/28A', 'SWITCH', 1, '2013-12-26', '10:59:00', '2013-12-26 05:30:02'),
(173, 'SCREW FOR FAN CASING', 1, 4, 'AM/29', 'AM/29', 'SCREW FOR FAN CASING', 1, '2013-12-26', '10:59:00', '2013-12-26 05:30:02'),
(174, 'NUT FOR FAN CASING', 1, 4, 'AM/30', 'AM/30', 'NUT FOR FAN CASING', 1, '2013-12-26', '10:59:00', '2013-12-26 05:30:02'),
(175, 'BOLT', 1, 4, 'AM/31', 'AM/31', 'BOLT', 1, '2013-12-26', '10:59:00', '2013-12-26 05:30:02'),
(176, 'NUT', 1, 4, 'AM/32', 'AM/32', 'NUT-AM/32', 1, '2013-12-26', '10:59:00', '2013-12-26 05:30:02'),
(177, 'RUBBER MOUNT', 1, 4, 'AM/33', 'AM/33', 'RUBBER MOUNT', 1, '2013-12-26', '10:59:00', '2013-12-26 05:30:03'),
(178, 'SHOCK ABSORBER SET', 1, 4, 'AM/33A', 'AM/33A', 'SHOCK ABSORBER SET', 1, '2013-12-26', '10:59:00', '2013-12-26 05:30:03'),
(179, 'SCREW FOR NOZZLE', 1, 4, 'AM/34', 'AM/34', 'SCREW FOR NOZZLE', 1, '2013-12-26', '10:59:00', '2013-12-26 05:30:03'),
(180, 'SCREW', 1, 4, 'AM/35', 'AM/35', 'SCREW-AM/35', 1, '2013-12-26', '10:59:00', '2013-12-26 05:30:03'),
(181, 'LIQUID TANK CUP', 1, 4, 'AM/36', 'AM/36', 'LIQUID TANK CUP', 1, '2013-12-26', '10:59:00', '2013-12-26 05:30:03'),
(182, 'RUBBER PACKING', 1, 4, 'AM/37', 'AM/37', 'RUBBER PACKING', 1, '2013-12-26', '10:59:00', '2013-12-26 05:30:03'),
(183, 'SLIEVE', 1, 4, 'AM/38', 'AM/38', 'SLIEVE', 1, '2013-12-26', '10:59:00', '2013-12-26 05:30:03'),
(184, 'UNION', 1, 4, 'AM/39', 'AM/39', 'UNION', 1, '2013-12-26', '10:59:00', '2013-12-26 05:30:04'),
(185, 'GASKET FOR UNION', 1, 4, 'AM/39A', 'AM/39A', 'GASKET FOR UNION', 1, '2013-12-26', '10:59:00', '2013-12-26 05:30:04'),
(186, 'LIQUID HOSE (L)', 1, 4, 'AM/40', 'AM/40', 'LIQUID HOSE (L)', 1, '2013-12-26', '10:59:00', '2013-12-26 05:30:04'),
(187, 'LIQUID HOSE (S)', 1, 4, 'AM/41', 'AM/41', 'LIQUID HOSE (S)', 1, '2013-12-26', '10:59:00', '2013-12-26 05:30:04'),
(188, 'WASHER FOR GAS HANDLE', 1, 4, 'AM/42', 'AM/42', 'WASHER FOR GAS HANDLE', 1, '2013-12-26', '10:59:00', '2013-12-26 05:30:05'),
(189, 'FAN CASING (FRONT)', 1, 4, 'AM/43', 'AM/43', 'FAN CASING (FRONT)', 1, '2013-12-26', '10:59:00', '2013-12-26 05:30:05'),
(190, 'FAN CASING (BACK)', 1, 4, 'AM/44', 'AM/44', 'FAN CASING (BACK)', 1, '2013-12-26', '10:59:00', '2013-12-26 05:30:05'),
(191, 'TANK AND FRAME', 1, 4, 'AM/45', 'AM/45', 'TANK AND FRAME', 1, '2013-12-26', '10:59:00', '2013-12-26 05:30:05'),
(192, 'FAN', 1, 4, 'AM/46', 'AM/46', 'FAN', 1, '2013-12-26', '10:59:00', '2013-12-26 05:30:05'),
(193, 'NOZZLE', 1, 4, 'AM/47', 'AM/47', 'NOZZLE', 1, '2013-12-26', '10:59:00', '2013-12-26 05:30:05'),
(194, 'STRAINER FOR NOZZLE', 1, 4, 'AM/47A', 'AM/47A', 'STRAINER FOR NOZZLE', 1, '2013-12-26', '10:59:00', '2013-12-26 05:30:06'),
(195, 'DUSTING ATTACHMENT', 1, 4, 'AM/48', 'AM/48', 'DUSTING ATTACHMENT', 1, '2013-12-26', '10:59:00', '2013-12-26 05:30:06'),
(196, 'FUEL HOSE', 1, 4, 'AM/49', 'AM/49', 'FUEL HOSE', 1, '2013-12-26', '10:59:00', '2013-12-26 05:30:06'),
(197, 'FUEL TANK COMPLETE', 1, 4, 'AM/50', 'AM/50', 'FUEL TANK COMPLETE', 1, '2013-12-26', '10:59:00', '2013-12-26 05:30:06'),
(198, 'BACK CUSHION STUDE', 1, 4, 'AM/51', 'AM/51', 'BACK CUSHION STUDE', 1, '2013-12-26', '10:59:00', '2013-12-26 05:30:06'),
(199, 'SHOULDER STRAP', 1, 4, 'AM/52', 'AM/52', 'SHOULDER STRAP', 1, '2013-12-26', '10:59:00', '2013-12-26 05:30:06'),
(200, 'RIVET', 1, 4, 'AM/53', 'AM/53', 'RIVET', 1, '2013-12-26', '10:59:00', '2013-12-26 05:30:06'),
(201, 'PLASTIC COCK FOR HANDLE', 1, 4, 'AM/54', 'AM/54', 'PLASTIC COCK FOR HANDLE', 1, '2013-12-26', '10:59:00', '2013-12-26 05:30:07'),
(202, 'FUEL TANK LID', 1, 6, 'AS11/BG3051002', 'AS11/BG3051002', 'FUEL TANK LID', 1, '2013-12-26', '10:59:00', '2013-12-26 05:30:07'),
(203, 'FILTER NET ASSEMBLY', 1, 6, 'AS11/BG305101', 'AS11/BG305101', 'FILTER NET ASSEMBLY', 1, '2013-12-26', '10:59:00', '2013-12-26 05:30:07'),
(204, 'FUEL T/CAP SEAL WASHER', 1, 6, 'AS11/BG305102', 'AS11/BG305102', 'FUEL T/CAP SEAL WASHER', 1, '2013-12-26', '10:59:00', '2013-12-26 05:30:07'),
(205, 'SEALING WASHER', 1, 6, 'AS11/GB12351624', 'AS11/GB12351624', 'SEALING WASHER-AS11/GB12351624', 1, '2013-12-26', '10:59:00', '2013-12-26 05:30:07'),
(206, 'HOSE', 1, 6, 'AS11/ZB40502', 'AS11/ZB40502', 'HOSE', 1, '2013-12-26', '10:59:00', '2013-12-26 05:30:07'),
(207, 'CLAMP', 1, 6, 'AS11/ZB45401', 'AS11/ZB45401', 'CLAMP AS11/ZB45401', 1, '2013-12-26', '10:59:00', '2013-12-26 05:30:07'),
(208, 'PLASTIC CLIP', 1, 6, 'AS11/0157', 'AS11/0157', 'PLASTIC CLIP', 1, '2013-12-26', '10:59:00', '2013-12-26 05:30:07'),
(209, 'CLIP', 1, 6, 'AS11/0239', 'AS11/0239', 'CLIP-AS11/0239', 1, '2013-12-26', '10:59:00', '2013-12-26 05:30:08'),
(210, 'CLIP ASSY.', 1, 6, 'AS11/0239C', 'AS11/0239C', 'CLIP ASSY.', 1, '2013-12-26', '10:59:00', '2013-12-26 05:30:08'),
(211, 'PLASTC LID', 1, 6, 'AS11/0242', 'AS11/0242', 'PLASTC LID', 1, '2013-12-26', '10:59:00', '2013-12-26 05:30:08'),
(212, 'RUBBER LID', 1, 6, 'AS11/0243', 'AS11/0243', 'RUBBER LID', 1, '2013-12-26', '10:59:00', '2013-12-26 05:30:08'),
(213, 'SCREW', 1, 6, 'AS11/0285', 'AS11/0285', 'SCREW-AS11/0285', 1, '2013-12-26', '10:59:00', '2013-12-26 05:30:08'),
(214, 'RED HANDLE', 1, 6, 'AS11/0289', 'AS11/0289', 'RED HANDLE', 1, '2013-12-26', '10:59:00', '2013-12-26 05:30:08'),
(215, 'BLACK HANDLE', 1, 6, 'AS11/0290', 'AS11/0290', 'BLACK HANDLE', 1, '2013-12-26', '10:59:00', '2013-12-26 05:30:09'),
(216, 'CLIP', 1, 6, 'AS11/0298', 'AS11/0298', 'CLIP-AS11/0239', 1, '2013-12-26', '10:59:00', '2013-12-26 05:30:09'),
(217, 'CLIP ASSY.', 1, 6, 'AS11/0298C', 'AS11/0298C', 'CLIP ASSY.', 1, '2013-12-26', '10:59:00', '2013-12-26 05:30:09'),
(218, 'BELT COMPONENT', 1, 6, 'AS11/0312', 'AS11/0312', 'BELT COMPONENT', 1, '2013-12-26', '10:59:00', '2013-12-26 05:30:09'),
(219, 'CLIP 0.8*12.5', 1, 6, 'AS11/0323', 'AS11/0323', 'CLIP 0.8*12.5', 1, '2013-12-26', '10:59:00', '2013-12-26 05:30:09'),
(220, 'LID-AS11/0336', 1, 6, 'AS11/0336', 'AS11/0336', 'LID-AS11/0336', 1, '2013-12-26', '10:59:00', '2013-12-26 05:30:09'),
(221, 'FILTER NET(F/TANK LID)', 1, 6, 'AS11/0337', 'AS11/0337', 'FILTER NET(F/TANK LID)', 1, '2013-12-26', '10:59:00', '2013-12-26 05:30:09'),
(222, 'STOPPER', 1, 6, 'AS11/0344', 'AS11/0344', 'STOPPER', 1, '2013-12-26', '10:59:00', '2013-12-26 05:30:10'),
(223, 'SEALING WASHER', 1, 6, 'AS11/07', 'AS11/07', 'SEALING WASHER-AS11/07', 1, '2013-12-26', '10:59:00', '2013-12-26 05:30:10'),
(224, 'SWITCH', 1, 6, 'AS11/102', 'AS11/102', 'SWITCH', 1, '2013-12-26', '10:59:00', '2013-12-26 05:30:10'),
(225, 'PACKING-SWITCH', 1, 6, 'AS11/102A', 'AS11/102A', 'PACKING-SWITCH', 1, '2013-12-26', '10:59:00', '2013-12-26 05:30:10'),
(226, 'BOLT-SWITCH', 1, 6, 'AS11/102B', 'AS11/102B', 'BOLT-SWITCH', 1, '2013-12-26', '10:59:00', '2013-12-26 05:30:10'),
(227, 'BOLT-THROTLE', 1, 6, 'AS11/103', 'AS11/103', 'BOLT-THROTLE', 1, '2013-12-26', '10:59:00', '2013-12-26 05:30:10'),
(228, 'NUT-THROTLE', 1, 6, 'AS11/103A', 'AS11/103A', 'NUT-THROTLE', 1, '2013-12-26', '10:59:00', '2013-12-26 05:30:10'),
(229, 'AIR CLEANER', 1, 6, 'AS11/104', 'AS11/104', 'AIR CLEANER', 1, '2013-12-26', '10:59:00', '2013-12-26 05:30:11'),
(230, 'MUFFLER-AS11/130', 1, 6, 'AS11/130', 'AS11/130', 'MUFFLER-AS11/130', 1, '2013-12-26', '10:59:00', '2013-12-26 05:30:11'),
(231, 'VULUTE CASE.', 1, 6, 'AS11/1348', 'AS11/1348', 'VULUTE CASE.', 1, '2013-12-26', '10:59:00', '2013-12-26 05:30:11'),
(232, 'VULUTE CASE', 1, 6, 'AS11/1349', 'AS11/1349', 'VULUTE CASE', 1, '2013-12-26', '10:59:00', '2013-12-26 05:30:11'),
(233, 'SHUTTER', 1, 6, 'AS11/14A', 'AS11/14A', 'SHUTTER', 1, '2013-12-26', '10:59:00', '2013-12-26 05:30:11'),
(234, 'FUEL TUBE', 1, 6, 'AS11/2262', 'AS11/2262', 'FUEL TUBE', 1, '2013-12-26', '10:59:00', '2013-12-26 05:30:11'),
(235, 'CLIP 0.8*14.5', 1, 6, 'AS11/2316', 'AS11/2316', 'CLIP 0.8*14.5', 1, '2013-12-26', '10:59:00', '2013-12-26 05:30:11'),
(236, 'AIR CLEANER NET', 1, 6, 'AS11/3A32', 'AS11/3A32', 'AIR CLEANER NET', 1, '2013-12-26', '10:59:00', '2013-12-26 05:30:12'),
(237, 'FILTER CORE', 1, 6, 'AS11/3A33', 'AS11/3A33', 'FILTER CORE', 1, '2013-12-26', '10:59:00', '2013-12-26 05:30:12'),
(238, 'OUT SIDE COVER', 1, 6, 'AS11/3A34', 'AS11/3A34', 'OUT SIDE COVER', 1, '2013-12-26', '10:59:00', '2013-12-26 05:30:12'),
(239, 'CLAMP', 1, 6, 'AS11/3WF26A1', 'AS11/3WF26A1', 'CLAMP AS11/3WF26A1', 1, '2013-12-26', '10:59:00', '2013-12-26 05:30:12'),
(240, 'LINK FRAME', 1, 6, 'AS11/3WF26A112', 'AS11/3WF26A112', 'LINK FRAME', 1, '2013-12-26', '10:59:00', '2013-12-26 05:30:12'),
(241, 'RUBBER PILLAR', 1, 6, 'AS11/3WF26A6', 'AS11/3WF26A6', 'RUBBER PILLAR', 1, '2013-12-26', '10:59:00', '2013-12-26 05:30:12'),
(242, 'SUPPORT COMPONENT', 1, 6, 'AS11/3WF26A7', 'AS11/3WF26A7', 'SUPPORT COMPONENT', 1, '2013-12-26', '10:59:00', '2013-12-26 05:30:12'),
(243, 'FUEL TANK', 1, 6, 'AS11/3WF262', 'AS11/3WF262', 'FUEL TANK', 1, '2013-12-26', '10:59:00', '2013-12-26 05:30:12'),
(244, 'THROTTLE CABLE', 1, 6, 'AS11/3WF263', 'AS11/3WF263', 'THROTTLE CABLE', 1, '2013-12-26', '10:59:00', '2013-12-26 05:30:13'),
(245, 'CONNECTOR COMP.', 1, 6, 'AS11/3WF264.1', 'AS11/3WF264.1', 'CONNECTOR COMP.', 1, '2013-12-26', '10:59:00', '2013-12-26 05:30:13'),
(246, 'FAN JOINT', 1, 6, 'AS11/3WF2641', 'AS11/3WF2641', 'FAN JOINT', 1, '2013-12-26', '10:59:00', '2013-12-26 05:30:13'),
(247, 'PIPE (HOSE)', 1, 6, 'AS11/3WF2642', 'AS11/3WF2642', 'PIPE (HOSE)', 1, '2013-12-26', '10:59:00', '2013-12-26 05:30:13'),
(248, 'NET COVER', 1, 6, 'AS11/3WF2691', 'AS11/3WF2691', 'NET COVER', 1, '2013-12-26', '10:59:00', '2013-12-26 05:30:13'),
(249, 'IMPELLER ASSEMBLY', 1, 6, 'AS11/3WF2692', 'AS11/3WF2692', 'IMPELLER ASSEMBLY', 1, '2013-12-26', '10:59:00', '2013-12-26 05:30:14'),
(250, 'NOZZLE ASSEMBLY', 1, 6, 'AS11/3WF27.3', 'AS11/3WF27.3', 'NOZZLE ASSEMBLY', 1, '2013-12-26', '10:59:00', '2013-12-26 05:30:14'),
(251, 'HANDLE', 1, 6, 'AS11/3WF273', 'AS11/3WF273', 'HANDLE', 1, '2013-12-26', '10:59:00', '2013-12-26 05:30:14'),
(252, 'NOZZLE', 1, 6, 'AS11/3WF2732', 'AS11/3WF2732', 'NOZZLE', 1, '2013-12-26', '10:59:00', '2013-12-26 05:30:14'),
(253, 'WASHER', 1, 6, 'AS11/3WF2733', 'AS11/3WF2733', 'WASHER-AS11/3WF2733', 1, '2013-12-26', '10:59:00', '2013-12-26 05:30:14'),
(254, 'ROTATION IMPELLER', 1, 6, 'AS11/3WF2734', 'AS11/3WF2734', 'ROTATION IMPELLER', 1, '2013-12-26', '10:59:00', '2013-12-26 05:30:14'),
(255, 'ROTATION NOZZLE COMP.', 1, 6, 'AS11/3WF2734C', 'AS11/3WF2734C', 'ROTATION NOZZLE COMP.', 1, '2013-12-26', '10:59:00', '2013-12-26 05:30:14'),
(256, 'SEAL-AS11/3WF2735', 1, 6, 'AS11/3WF2735', 'AS11/3WF2735', 'SEAL-AS11/3WF2735', 1, '2013-12-26', '10:59:00', '2013-12-26 05:30:14'),
(257, 'CHEMICAL TANK (14L)', 1, 6, 'AS11/3WF3171', 'AS11/3WF3171', 'CHEMICAL TANK (14L)', 1, '2013-12-26', '10:59:00', '2013-12-26 05:30:15'),
(258, 'AIR VALVE', 1, 6, 'AS11/3WF31711', 'AS11/3WF31711', 'AIR VALVE', 1, '2013-12-26', '10:59:00', '2013-12-26 05:30:15'),
(259, 'LID-AS11/3WF31712', 1, 6, 'AS11/3WF31712', 'AS11/3WF31712', 'LID-AS11/3WF31712', 1, '2013-12-26', '10:59:00', '2013-12-26 05:30:15'),
(260, 'SEALING WASHER', 1, 6, 'AS11/3WF31713', 'AS11/3WF31713', 'SEALING WASHER-AS11/3WF31713', 1, '2013-12-26', '10:59:00', '2013-12-26 05:30:15'),
(261, 'PROTECTION', 1, 6, 'AS11/3WF319', 'AS11/3WF319', 'PROTECTION', 1, '2013-12-26', '10:59:00', '2013-12-26 05:30:16'),
(262, 'COCK ASSEMBLY', 1, 6, 'AS11/3WF3191', 'AS11/3WF3191', 'COCK ASSEMBLY', 1, '2013-12-26', '10:59:00', '2013-12-26 05:30:16'),
(263, 'VALVE', 1, 6, 'AS11/3WF31933', 'AS11/3WF31933', 'VALVE', 1, '2013-12-26', '10:59:00', '2013-12-26 05:30:16'),
(264, 'FILTER NET', 1, 6, 'AS11/3WF32001', 'AS11/3WF32001', 'FILTER NET', 1, '2013-12-26', '10:59:00', '2013-12-26 05:30:16'),
(265, 'TUBE', 1, 6, 'AS11/3WF3201', 'AS11/3WF3201', 'TUBE-AS11/3WF3201', 1, '2013-12-26', '10:59:00', '2013-12-26 05:30:16'),
(266, 'CONNECTOR LID', 1, 6, 'AS11/3WF32021', 'AS11/3WF32021', 'CONNECTOR LID', 1, '2013-12-26', '10:59:00', '2013-12-26 05:30:16'),
(267, 'LINK PIPE', 1, 6, 'AS11/3WF32022', 'AS11/3WF32022', 'LINK PIPE-AS11/3WF32022', 1, '2013-12-26', '10:59:00', '2013-12-26 05:30:16'),
(268, 'SEAL-AS11/3Z11', 1, 6, 'AS11/3Z11', 'AS11/3Z11', 'SEAL-AS11/3Z11', 1, '2013-12-26', '10:59:00', '2013-12-26 05:30:16'),
(269, 'BACK CRANK CASE', 1, 6, 'AS11/3Z12', 'AS11/3Z12', 'BACK CRANK CASE', 1, '2013-12-26', '10:59:00', '2013-12-26 05:30:17'),
(270, 'GASKET-AS11/3Z13', 1, 6, 'AS11/3Z13', 'AS11/3Z13', 'GASKET-AS11/3Z13', 1, '2013-12-26', '10:59:00', '2013-12-26 05:30:17'),
(271, 'FRONT CRANK CASE', 1, 6, 'AS11/3Z14', 'AS11/3Z14', 'FRONT CRANK CASE', 1, '2013-12-26', '10:59:00', '2013-12-26 05:30:17'),
(272, 'GASKET-AS11/3Z18', 1, 6, 'AS11/3Z18', 'AS11/3Z18', 'GASKET-AS11/3Z18', 1, '2013-12-26', '10:59:00', '2013-12-26 05:30:17'),
(273, 'RATCHET', 1, 6, 'AS11/3Z19', 'AS11/3Z19', 'RATCHET', 1, '2013-12-26', '10:59:00', '2013-12-26 05:30:17'),
(274, 'MUFFLER-AS11/3Z2', 1, 6, 'AS11/3Z2', 'AS11/3Z2', 'MUFFLER-AS11/3Z2', 1, '2013-12-26', '10:59:00', '2013-12-26 05:30:17'),
(275, 'PIPE', 1, 6, 'AS11/3Z2A', 'AS11/3Z2A', 'PIPE', 1, '2013-12-26', '10:59:00', '2013-12-26 05:30:17'),
(276, 'COIL AS11/3Z23', 1, 6, 'AS11/3Z23', 'AS11/3Z23', 'COIL AS11/3Z23', 1, '2013-12-26', '10:59:00', '2013-12-26 05:30:18'),
(277, 'COIL - AS11/3Z24', 1, 6, 'AS11/3Z24', 'AS11/3Z24', 'COIL -  AS11/3Z24', 1, '2013-12-26', '10:59:00', '2013-12-26 05:30:18'),
(278, 'ROTOR', 1, 6, 'AS11/3Z25', 'AS11/3Z25', 'ROTOR', 1, '2013-12-26', '10:59:00', '2013-12-26 05:30:18'),
(279, 'CRANK SHAFT', 1, 6, 'AS11/3Z3.1', 'AS11/3Z3.1', 'CRANK SHAFT', 1, '2013-12-26', '10:59:00', '2013-12-26 05:30:18'),
(280, 'BEARING', 1, 6, 'AS11/3Z3.2', 'AS11/3Z3.2', 'BEARING', 1, '2013-12-26', '10:59:00', '2013-12-26 05:30:18'),
(281, 'PISTON', 1, 6, 'AS11/3Z32', 'AS11/3Z32', 'PISTON-AS11/3Z32', 1, '2013-12-26', '10:59:00', '2013-12-26 05:30:18'),
(282, 'PISTON PIN', 1, 6, 'AS11/3Z33', 'AS11/3Z33', 'PISTON PIN', 1, '2013-12-26', '10:59:00', '2013-12-26 05:30:18'),
(283, 'PISTON RING', 1, 6, 'AS11/3Z35', 'AS11/3Z35', 'PISTON RING', 1, '2013-12-26', '10:59:00', '2013-12-26 05:30:19'),
(284, 'WASHER', 1, 6, 'AS11/3Z36', 'AS11/3Z36', 'WASHER-AS11/3Z36', 1, '2013-12-26', '10:59:00', '2013-12-26 05:30:19'),
(285, 'GASKET-AS11/3Z4', 1, 6, 'AS11/3Z4', 'AS11/3Z4', 'GASKET-AS11/3Z4', 1, '2013-12-26', '10:59:00', '2013-12-26 05:30:19'),
(286, 'RECOIL STARTER COMPLT', 1, 6, 'AS11/3Z4C', 'AS11/3Z4C', 'RECOIL STARTER COMPLT', 1, '2013-12-26', '10:59:00', '2013-12-26 05:30:19'),
(287, 'WASHER', 1, 6, 'AS11/3Z44', 'AS11/3Z44', 'WASHER-AS11/3Z44', 1, '2013-12-26', '10:59:00', '2013-12-26 05:30:19'),
(288, 'GIDE SLICE', 1, 6, 'AS11/3Z45', 'AS11/3Z45', 'GIDE SLICE', 1, '2013-12-26', '10:59:00', '2013-12-26 05:30:19'),
(289, 'PULLEY', 1, 6, 'AS11/3Z46', 'AS11/3Z46', 'PULLEY', 1, '2013-12-26', '10:59:00', '2013-12-26 05:30:20'),
(290, 'SPRING', 1, 6, 'AS11/3Z47', 'AS11/3Z47', 'SPRING-AS11/3Z47', 1, '2013-12-26', '10:59:00', '2013-12-26 05:30:20'),
(291, 'START WHEEL', 1, 6, 'AS11/3Z48', 'AS11/3Z48', 'START WHEEL', 1, '2013-12-26', '10:59:00', '2013-12-26 05:30:20'),
(292, 'ROPE', 1, 6, 'AS11/3Z49', 'AS11/3Z49', 'ROPE', 1, '2013-12-26', '10:59:00', '2013-12-26 05:30:20'),
(293, 'GASKET-AS11/3Z5', 1, 6, 'AS11/3Z5', 'AS11/3Z5', 'GASKET-AS11/3Z5', 1, '2013-12-26', '10:59:00', '2013-12-26 05:30:20'),
(294, 'GASKET-AS11/3Z6', 1, 6, 'AS11/3Z6', 'AS11/3Z6', 'GASKET-AS11/3Z6', 1, '2013-12-26', '10:59:00', '2013-12-26 05:30:20'),
(295, 'CYLINDER', 1, 6, 'AS11/3Z7', 'AS11/3Z7', 'CYLINDER-AS11/3Z7', 1, '2013-12-26', '10:59:00', '2013-12-26 05:30:20'),
(296, 'CARBURATOR ASSEMBLY', 1, 6, 'AS11/3Z7195', 'AS11/3Z7195', 'CARBURATOR ASSEMBLY', 1, '2013-12-26', '10:59:00', '2013-12-26 05:30:20'),
(297, 'SPARK PLUG CAP', 1, 6, 'AS11/3Z9', 'AS11/3Z9', 'SPARK PLUG CAP', 1, '2013-12-26', '10:59:00', '2013-12-26 05:30:21'),
(298, 'SEALING WASHER', 1, 6, 'AS11/34', 'AS11/34', 'SEALING WASHER-AS11/34', 1, '2013-12-26', '10:59:00', '2013-12-26 05:30:21'),
(299, 'MISTING PLATE', 1, 6, 'AS11/36', 'AS11/36', 'MISTING PLATE', 1, '2013-12-26', '10:59:00', '2013-12-26 05:30:21'),
(300, 'CLAMP', 1, 6, 'AS11/38', 'AS11/38', 'CLAMP - AS11/38', 1, '2013-12-26', '10:59:00', '2013-12-26 05:30:21'),
(301, 'SPARK PLUG', 1, 6, 'AS11/4106J', 'AS11/4106J', 'SPARK PLUG', 1, '2013-12-26', '10:59:00', '2013-12-26 05:30:21'),
(302, 'SCREW', 1, 6, 'AS11/57A', 'AS11/57A', 'SCREW-AS11/57A', 1, '2013-12-26', '10:59:00', '2013-12-26 05:30:21'),
(303, 'CHAIN AS11/8370', 1, 6, 'AS11/8370', 'AS11/8370', 'CHAIN - AS11/8370', 1, '2013-12-26', '10:59:00', '2013-12-26 05:30:22'),
(304, 'CHAIN 	AS11/8770', 1, 6, 'AS11/8770', 'AS11/8770', 'CHAIN - AS11/8770', 1, '2013-12-26', '10:59:00', '2013-12-26 05:30:22'),
(305, 'SCREW', 1, 5, 'AS14/ST29*16', 'AS14/ST29*16', 'SCREW-AS14/ST29*16', 1, '2013-12-26', '10:59:00', '2013-12-26 05:30:22'),
(306, 'TUBE', 1, 5, 'AS14/T13527.18', 'AS14/T13527.18', 'TUBE-AS14/T13527.18', 1, '2013-12-26', '10:59:00', '2013-12-26 05:30:22'),
(307, 'SEAL WASHER', 1, 5, 'AS14/3WF.3A', 'AS14/3WF.3A', 'SEAL WASHER-AS14/3WF.3A', 1, '2013-12-26', '10:59:00', '2013-12-26 05:30:22'),
(308, 'DUSTING PLATE', 1, 5, 'AS14/3WF.372', 'AS14/3WF.372', 'DUSTING PLATE', 1, '2013-12-26', '10:59:00', '2013-12-26 05:30:22'),
(309, 'CLAMP', 1, 5, 'AS14/3WF3.1', 'AS14/3WF3.1', 'CLAMP-AS14/3WF3.1', 1, '2013-12-26', '10:59:00', '2013-12-26 05:30:22'),
(310, 'IMPELLER', 1, 5, 'AS14/3WF3-13', 'AS14/3WF3-13', 'IMPELLER', 1, '2013-12-26', '10:59:00', '2013-12-26 05:30:23'),
(311, 'LINK PIPE', 1, 5, 'AS14/3WF3A.11', 'AS14/3WF3A.11', 'LINK PIPE-AS14/3WF3A.11', 1, '2013-12-26', '10:59:00', '2013-12-26 05:30:23'),
(312, 'CONNECTOR LID', 1, 5, 'AS14/3WF3A.13', 'AS14/3WF3A.13', 'CONNECTOR LID', 1, '2013-12-26', '10:59:00', '2013-12-26 05:30:23'),
(313, 'SHUTTER', 1, 5, 'AS14/3WF31', 'AS14/3WF31', 'SHUTTER', 1, '2013-12-26', '10:59:00', '2013-12-26 05:30:23'),
(314, 'VOLUTE CASE BACK', 1, 5, 'AS14/3WF313', 'AS14/3WF313', 'VOLUTE CASE BACK', 1, '2013-12-26', '10:59:00', '2013-12-26 05:30:23'),
(315, 'VOLUTE CASE FRONT', 1, 5, 'AS14/3WF314', 'AS14/3WF314', 'VOLUTE CASE FRONT', 1, '2013-12-26', '10:59:00', '2013-12-26 05:30:23'),
(316, 'FILTER NET ASSY.', 1, 5, 'AS14/3WF316.1', 'AS14/3WF316.1', 'FILTER NET ASSY.', 1, '2013-12-26', '10:59:00', '2013-12-26 05:30:23'),
(317, 'FUEL TANK', 1, 5, 'AS14/3WF3161', 'AS14/3WF3161', 'FUEL TANK', 1, '2013-12-26', '10:59:00', '2013-12-26 05:30:23'),
(318, 'FUEL TANK LID ASSY.', 1, 5, 'AS14/3WF3162', 'AS14/3WF3162', 'FUEL TANK LID ASSY.', 1, '2013-12-26', '10:59:00', '2013-12-26 05:30:24'),
(319, 'SEAL WASHER', 1, 5, 'AS14/3WF317.22', 'AS14/3WF317.22', 'SEAL WASHER-AS14/3WF317.22', 1, '2013-12-26', '10:59:00', '2013-12-26 05:30:24'),
(320, 'CLAMP', 1, 5, 'AS14/3WF319.2', 'AS14/3WF319.2', 'CLAMP - AS14/3WF319.2', 1, '2013-12-26', '10:59:00', '2013-12-26 05:30:24'),
(321, 'NOZZLE ASSY.', 1, 5, 'AS14/3WF319.3', 'AS14/3WF319.3', 'NOZZLE ASSY.', 1, '2013-12-26', '10:59:00', '2013-12-26 05:30:24'),
(322, 'CONNECTOR ASSY.', 1, 5, 'AS14/3WF3192', 'AS14/3WF3192', 'CONNECTOR ASSY.', 1, '2013-12-26', '10:59:00', '2013-12-26 05:30:24'),
(323, 'LONG BEND PIPE', 1, 5, 'AS14/3WF3193', 'AS14/3WF3193', 'LONG BEND PIPE', 1, '2013-12-26', '10:59:00', '2013-12-26 05:30:24'),
(324, 'NOZZLE PIECE', 1, 5, 'AS14/3WF319311', 'AS14/3WF319311', 'NOZZLE PIECE-AS14/3WF319311', 1, '2013-12-26', '10:59:00', '2013-12-26 05:30:24'),
(325, 'NOZZLE PIECE', 1, 5, 'AS14/3WF319312', 'AS14/3WF319312', 'NOZZLE PIECE-AS14/3WF319312', 1, '2013-12-26', '10:59:00', '2013-12-26 05:30:25'),
(326, 'HOSE', 1, 5, 'AS14/3WF3194', 'AS14/3WF3194', 'HOSE', 1, '2013-12-26', '10:59:00', '2013-12-26 05:30:25'),
(327, 'HANDLE ASSY.', 1, 5, 'AS14/3WF3196', 'AS14/3WF3196', 'HANDLE ASSY.', 1, '2013-12-26', '10:59:00', '2013-12-26 05:30:25'),
(328, 'TUBE', 1, 5, 'AS14/3WF320.1', 'AS14/3WF320.1', 'TUBE-AS14/3WF320.1', 1, '2013-12-26', '10:59:00', '2013-12-26 05:30:25'),
(329, 'MISTING PLATE', 1, 5, 'AS14/3WF320.2', 'AS14/3WF320.2', 'MISTING PLATE', 1, '2013-12-26', '10:59:00', '2013-12-26 05:30:25'),
(330, 'CONNECTOR LID', 1, 5, 'AS14/3WF320.21', 'AS14/3WF320.21', 'CONNECTOR LID', 1, '2013-12-26', '10:59:00', '2013-12-26 05:30:26'),
(331, 'LINK PIPE', 1, 5, 'AS14/3WF320.22', 'AS14/3WF320.22', 'LINK PIPE-AS14/3WF320.22', 1, '2013-12-26', '10:59:00', '2013-12-26 05:30:26'),
(332, 'THROTTLE CABLE', 1, 5, 'AS14/3WF3251', 'AS14/3WF3251', 'THROTTLE CABLE', 1, '2013-12-26', '10:59:00', '2013-12-26 05:30:26'),
(333, 'BEND PIPE', 1, 5, 'AS14/3WF36', 'AS14/3WF36', 'BEND PIPE', 1, '2013-12-26', '10:59:00', '2013-12-26 05:30:26'),
(334, 'SEAL WASHER', 1, 5, 'AS14/3WF371', 'AS14/3WF371', 'SEAL WASHER -AS14/3WF371', 1, '2013-12-26', '10:59:00', '2013-12-26 05:30:26'),
(335, 'WINDING', 1, 5, 'AS14/3Z.5', 'AS14/3Z.5', 'WINDING', 1, '2013-12-26', '10:59:00', '2013-12-26 05:30:26'),
(336, 'WINDING', 1, 5, 'AS14/3Z.6', 'AS14/3Z.6', 'WINDING', 1, '2013-12-26', '10:59:00', '2013-12-26 05:30:26'),
(337, 'OUT SIDE COVER', 1, 5, 'AS14/3Z61', 'AS14/3Z61', 'OUT SIDE COVER', 1, '2013-12-26', '10:59:00', '2013-12-26 05:30:27'),
(338, 'AIR CLEANER COMPLETE.', 1, 5, 'AS14/3Z61C', 'AS14/3Z61C', 'AIR CLEANER COMPLETE.', 1, '2013-12-26', '10:59:00', '2013-12-26 05:30:27'),
(339, 'FILTER', 1, 5, 'AS14/3Z62', 'AS14/3Z62', 'FILTER', 1, '2013-12-26', '10:59:00', '2013-12-26 05:30:27'),
(340, 'SPARES PACKET', 1, 3, 'AS15/ACC01', 'AS15/ACC01', 'SPARES PACKET', 1, '2013-12-26', '10:59:00', '2013-12-26 05:30:27'),
(341, 'TOOL KIT', 1, 3, 'AS15/ACC02', 'AS15/ACC02', 'TOOL KIT', 1, '2013-12-26', '10:59:00', '2013-12-26 05:30:27'),
(342, 'CARTON', 1, 3, 'AS15/ACC03', 'AS15/ACC03', 'CARTON', 1, '2013-12-26', '10:59:00', '2013-12-26 05:30:27'),
(343, 'MANUAL', 1, 3, 'AS15/ACC04', 'AS15/ACC04', 'MANUAL', 1, '2013-12-26', '10:59:00', '2013-12-26 05:30:28'),
(344, 'OIL/PETROL MIX CAN', 1, 3, 'AS15/ACC05', 'AS15/ACC05', 'OIL/PETROL MIX CAN', 1, '2013-12-26', '10:59:00', '2013-12-26 05:30:28'),
(345, 'FUNNEL', 1, 3, 'AS15/ACC06', 'AS15/ACC06', 'FUNNEL', 1, '2013-12-26', '10:59:00', '2013-12-26 05:30:28'),
(346, 'TANK CAP', 1, 3, 'AS15/B02', 'AS15/B02', 'TANK CAP', 1, '2013-12-26', '10:59:00', '2013-12-26 05:30:28'),
(347, 'TANK CAP O RING', 1, 3, 'AS15/B03', 'AS15/B03', 'TANK CAP O RING', 1, '2013-12-26', '10:59:00', '2013-12-26 05:30:28'),
(348, 'TANK STRAINER', 1, 3, 'AS15/B04', 'AS15/B04', 'TANK STRAINER', 1, '2013-12-26', '10:59:00', '2013-12-26 05:30:28'),
(349, 'CHEMICAL TANK', 1, 3, 'AS15/B07', 'AS15/B07', 'CHEMICAL TANK', 1, '2013-12-26', '10:59:00', '2013-12-26 05:30:29'),
(350, 'SHOULDER STRAP', 1, 3, 'AS15/B08', 'AS15/B08', 'SHOULDER STRAP', 1, '2013-12-26', '10:59:00', '2013-12-26 05:30:29'),
(351, 'DRAINING NUT', 1, 3, 'AS15/B09', 'AS15/B09', 'DRAINING NUT', 1, '2013-12-26', '10:59:00', '2013-12-26 05:30:29'),
(352, 'DRAINING OIL SEAT', 1, 3, 'AS15/B10', 'AS15/B10', 'DRAINING OIL SEAT', 1, '2013-12-26', '10:59:00', '2013-12-26 05:30:29'),
(353, 'OIL PIPE', 1, 3, 'AS15/B11A', 'AS15/B11A', 'OIL PIPE AS15/B11A', 1, '2013-12-26', '10:59:00', '2013-12-26 05:30:29'),
(354, 'OIL PIPE', 1, 3, 'AS15/B11B', 'AS15/B11B', 'OIL PIPE AS15/B11B', 1, '2013-12-26', '10:59:00', '2013-12-26 05:30:29'),
(355, 'OIL TANK', 1, 3, 'AS15/B14', 'AS15/B14', 'OIL TANK', 1, '2013-12-26', '10:59:00', '2013-12-26 05:30:29'),
(356, 'FRAME', 1, 3, 'AS15/B21', 'AS15/B21', 'FRAME', 1, '2013-12-26', '10:59:00', '2013-12-26 05:30:30'),
(357, 'ABSORBER', 1, 3, 'AS15/B29', 'AS15/B29', 'ABSORBER', 1, '2013-12-26', '10:59:00', '2013-12-26 05:30:30'),
(358, 'THROTTLE CABLE', 1, 3, 'AS15/B36', 'AS15/B36', 'THROTTLE CABLE', 1, '2013-12-26', '10:59:00', '2013-12-26 05:30:30'),
(359, 'TANK BOTTOM FILTER', 1, 3, 'AS15/B38', 'AS15/B38', 'TANK BOTTOM FILTER', 1, '2013-12-26', '10:59:00', '2013-12-26 05:30:30'),
(360, 'LANCE 2NOS./3 NOZZLES', 1, 3, 'AS15/B39', 'AS15/B39', 'LANCE 2NOS./3 NOZZLES', 1, '2013-12-26', '10:59:00', '2013-12-26 05:30:30'),
(361, 'LONG GUN', 1, 3, 'AS15/B40', 'AS15/B40', 'LONG GUN', 1, '2013-12-26', '10:59:00', '2013-12-26 05:30:30'),
(362, 'PRESSURE GUN HANDLE', 1, 3, 'AS15/B40A', 'AS15/B40A', 'PRESSURE GUN HANDLE', 1, '2013-12-26', '10:59:00', '2013-12-26 05:30:30'),
(363, 'HIGH PRESSURE HOSE', 1, 3, 'AS15/B41', 'AS15/B41', 'HIGH PRESSURE HOSE', 1, '2013-12-26', '10:59:00', '2013-12-26 05:30:31'),
(364, 'GUN HIGH PRESSURE', 1, 3, 'AS15/B42', 'AS15/B42', 'GUN HIGH PRESSURE', 1, '2013-12-26', '10:59:00', '2013-12-26 05:30:31'),
(365, 'STOP SWITCH', 1, 3, 'AS15/B43', 'AS15/B43', 'STOP SWITCH', 1, '2013-12-26', '10:59:00', '2013-12-26 05:30:31'),
(366, 'CIR-CLIP', 1, 3, 'AS15/C01', 'AS15/C01', 'CIR-CLIP', 1, '2013-12-26', '10:59:00', '2013-12-26 05:30:31'),
(367, 'AIR CLEANER FIX BOLT', 1, 3, 'AS15/E01', 'AS15/E01', 'AIR CLEANER FIX BOLT', 1, '2013-12-26', '10:59:00', '2013-12-26 05:30:31'),
(368, 'AIR CLEANER COMPLETE', 1, 3, 'AS15/E05C', 'AS15/E05C', 'AIR CLEANER COMPLETE', 1, '2013-12-26', '10:59:00', '2013-12-26 05:30:31'),
(369, 'CARBURETOR', 1, 3, 'AS15/E09', 'AS15/E09', 'CARBURETOR', 1, '2013-12-26', '10:59:00', '2013-12-26 05:30:32'),
(370, '"GASKET', 1, 3, 'AS15/E10', 'AS15/E10', '"GASKET', 1, '2013-12-26', '10:59:00', '2013-12-26 05:30:32'),
(371, 'INSULATOR', 1, 3, 'AS15/E12', 'AS15/E12', 'INSULATOR', 1, '2013-12-26', '10:59:00', '2013-12-26 05:30:32'),
(372, '"GASKET', 1, 3, 'AS15/E13', 'AS15/E13', '"GASKET', 1, '2013-12-26', '10:59:00', '2013-12-26 05:30:32'),
(373, '"COVER', 1, 3, 'AS15/E16', 'AS15/E16', '"COVER', 1, '2013-12-26', '10:59:00', '2013-12-26 05:30:32'),
(374, '"BOLT', 1, 3, 'AS15/E17', 'AS15/E17', '"BOLT', 1, '2013-12-26', '10:59:00', '2013-12-26 05:30:32'),
(375, 'WASHER', 1, 3, 'AS15/E18', 'AS15/E18', 'WASHER-AS15/E18', 1, '2013-12-26', '10:59:00', '2013-12-26 05:30:33'),
(376, 'CLUTCH SET', 1, 3, 'AS15/E19C', 'AS15/E19C', 'CLUTCH SET', 1, '2013-12-26', '10:59:00', '2013-12-26 05:30:33'),
(377, 'SPRING WASHER', 1, 3, 'AS15/E20', 'AS15/E20', 'SPRING WASHER', 1, '2013-12-26', '10:59:00', '2013-12-26 05:30:33'),
(378, 'SPRING', 1, 3, 'AS15/E21', 'AS15/E21', 'SPRING-AS15/E21', 1, '2013-12-26', '10:59:00', '2013-12-26 05:30:33'),
(379, '"NUT', 1, 3, 'AS15/E22', 'AS15/E22', '"NUT', 1, '2013-12-26', '10:59:00', '2013-12-26 05:30:33'),
(380, 'COIL IGNITION', 1, 3, 'AS15/E26', 'AS15/E26', 'COIL IGNITION', 1, '2013-12-26', '10:59:00', '2013-12-26 05:30:33'),
(381, 'ROTOR', 1, 3, 'AS15/E26A', 'AS15/E26A', 'ROTOR', 1, '2013-12-26', '10:59:00', '2013-12-26 05:30:34'),
(382, 'FRONT HALF CRANK CASE', 1, 3, 'AS15/E28', 'AS15/E28', 'FRONT HALF CRANK CASE', 1, '2013-12-26', '10:59:00', '2013-12-26 05:30:34'),
(383, '"GASKET', 1, 3, 'AS15/E30', 'AS15/E30', '"GASKET', 1, '2013-12-26', '10:59:00', '2013-12-26 05:30:34'),
(384, 'OIL SEAL', 1, 3, 'AS15/E31A', 'AS15/E31A', 'OIL SEAL AS15/E31A', 1, '2013-12-26', '10:59:00', '2013-12-26 05:30:34'),
(385, 'OIL SEAL', 1, 3, 'AS15/E31B', 'AS15/E31B', 'OIL SEAL AS15/E31B', 1, '2013-12-26', '10:59:00', '2013-12-26 05:30:34'),
(386, 'CRANK SHAFT', 1, 3, 'AS15/E34', 'AS15/E34', 'CRANK SHAFT', 1, '2013-12-26', '10:59:00', '2013-12-26 05:30:34'),
(387, 'REAR  HALF CRANK CASE', 1, 3, 'AS15/E35', 'AS15/E35', 'REAR  HALF CRANK CASE', 1, '2013-12-26', '10:59:00', '2013-12-26 05:30:35'),
(388, '"CAP', 1, 3, 'AS15/E53', 'AS15/E53', '"CAP', 1, '2013-12-26', '10:59:00', '2013-12-26 05:30:35'),
(389, '"SPARK', 1, 3, 'AS15/E54', 'AS15/E54', '"SPARK', 1, '2013-12-26', '10:59:00', '2013-12-26 05:30:35'),
(390, 'BOLT', 1, 3, 'AS15/E55', 'AS15/E55', 'BOLT', 1, '2013-12-26', '10:59:00', '2013-12-26 05:30:35'),
(391, '"GASKET', 1, 3, 'AS15/E58', 'AS15/E58', '"GASKET', 1, '2013-12-26', '10:59:00', '2013-12-26 05:30:36'),
(392, 'MUFFLER-AS15/E59', 1, 3, 'AS15/E59', 'AS15/E59', 'MUFFLER-AS15/E59', 1, '2013-12-26', '10:59:00', '2013-12-26 05:30:36'),
(393, '"BOLT', 1, 3, 'AS15/E60', 'AS15/E60', '"BOLT', 1, '2013-12-26', '10:59:00', '2013-12-26 05:30:36'),
(394, 'NUT', 1, 3, 'AS15/E61', 'AS15/E61', 'NUT-AS15/E61', 1, '2013-12-26', '10:59:00', '2013-12-26 05:30:36'),
(395, 'CYLINDER', 1, 3, 'AS15/E63', 'AS15/E63', 'CYLINDER-AS15/E63', 1, '2013-12-26', '10:59:00', '2013-12-26 05:30:37'),
(396, '"GASKET', 1, 3, 'AS15/E64', 'AS15/E64', '"GASKET', 1, '2013-12-26', '10:59:00', '2013-12-26 05:30:37'),
(397, '"RING', 1, 3, 'AS15/E65', 'AS15/E65', '"RING', 1, '2013-12-26', '10:59:00', '2013-12-26 05:30:37'),
(398, 'PISTON', 1, 3, 'AS15/E66', 'AS15/E66', 'PISTON-AS15/E66', 1, '2013-12-26', '10:59:00', '2013-12-26 05:30:37'),
(399, '"PIN', 1, 3, 'AS15/E68', 'AS15/E68', '"PIN', 1, '2013-12-26', '10:59:00', '2013-12-26 05:30:37'),
(400, '"BEARING', 1, 3, 'AS15/E69', 'AS15/E69', '"BEARING', 1, '2013-12-26', '10:59:00', '2013-12-26 05:30:37'),
(401, '"CLIP', 1, 3, 'AS15/E70', 'AS15/E70', '"CLIP', 1, '2013-12-26', '10:59:00', '2013-12-26 05:30:38'),
(402, '"PULLEY', 1, 3, 'AS15/E71', 'AS15/E71', '"PULLEY', 1, '2013-12-26', '10:59:00', '2013-12-26 05:30:38'),
(403, 'STARTER ASSEMBLY', 1, 3, 'AS15/E72', 'AS15/E72', 'STARTER ASSEMBLY', 1, '2013-12-26', '10:59:00', '2013-12-26 05:30:38'),
(404, 'PUMP UNIT ASSY', 1, 3, 'AS15/P01', 'AS15/P01', 'PUMP UNIT ASSY', 1, '2013-12-26', '10:59:00', '2013-12-26 05:30:38'),
(405, 'LEFT WATER INLET PIPE', 1, 3, 'AS15/P02', 'AS15/P02', 'LEFT WATER INLET PIPE', 1, '2013-12-26', '10:59:00', '2013-12-26 05:30:38'),
(406, 'LEFT SUCTION MET.ELBOW', 1, 3, 'AS15/P02A', 'AS15/P02A', 'LEFT SUCTION MET.ELBOW', 1, '2013-12-26', '10:59:00', '2013-12-26 05:30:38'),
(407, 'END CAP', 1, 3, 'AS15/P02B', 'AS15/P02B', 'END CAP', 1, '2013-12-26', '10:59:00', '2013-12-26 05:30:38'),
(408, 'SUCTION HOSE', 1, 3, 'AS15/P04', 'AS15/P04', 'SUCTION HOSE', 1, '2013-12-26', '10:59:00', '2013-12-26 05:30:39'),
(409, 'VALVE ASSEMBLY', 1, 3, 'AS15/P11C', 'AS15/P11C', 'VALVE ASSEMBLY', 1, '2013-12-26', '10:59:00', '2013-12-26 05:30:39'),
(410, 'LEFT PRESSURE CHAMBER', 1, 3, 'AS15/P12L', 'AS15/P12L', 'LEFT PRESSURE CHAMBER', 1, '2013-12-26', '10:59:00', '2013-12-26 05:30:39'),
(411, 'RIGHT PRESSURE CHAMBER', 1, 3, 'AS15/P12R', 'AS15/P12R', 'RIGHT PRESSURE CHAMBER', 1, '2013-12-26', '10:59:00', '2013-12-26 05:30:39');
INSERT INTO `tbl_item` (`id_item`, `item_name`, `item_brand_id`, `id_item_category`, `item_no`, `item_account_code`, `item_alias`, `item_status`, `added_date`, `added_time`, `added_timestamp`) VALUES
(412, 'PAD', 1, 3, 'AS15/P13', 'AS15/P13', 'PAD', 1, '2013-12-26', '10:59:00', '2013-12-26 05:30:39'),
(413, 'GREASE RING', 1, 3, 'AS15/P14', 'AS15/P14', 'GREASE RING', 1, '2013-12-26', '10:59:00', '2013-12-26 05:30:39'),
(414, 'V PACKING', 1, 3, 'AS15/P15', 'AS15/P15', 'V PACKING', 1, '2013-12-26', '10:59:00', '2013-12-26 05:30:40'),
(415, 'O RING', 1, 3, 'AS15/P16', 'AS15/P16', 'O RING-AS15/P16', 1, '2013-12-26', '10:59:00', '2013-12-26 05:30:40'),
(416, 'PLUNGER PRESS PLATE', 1, 3, 'AS15/P16B', 'AS15/P16B', 'PLUNGER PRESS PLATE', 1, '2013-12-26', '10:59:00', '2013-12-26 05:30:40'),
(417, 'PRESSURE RING', 1, 3, 'AS15/P17', 'AS15/P17', 'PRESSURE RING', 1, '2013-12-26', '10:59:00', '2013-12-26 05:30:40'),
(418, 'OIL SEAL', 1, 3, 'AS15/P18', 'AS15/P18', 'OIL SEAL', 1, '2013-12-26', '10:59:00', '2013-12-26 05:30:40'),
(419, 'PISTON', 1, 3, 'AS15/P19', 'AS15/P19', 'PISTON-AS15/P19', 1, '2013-12-26', '10:59:00', '2013-12-26 05:30:41'),
(420, 'O RING', 1, 3, 'AS15/P20', 'AS15/P20', 'O RING-AS15/P20', 1, '2013-12-26', '10:59:00', '2013-12-26 05:30:41'),
(421, 'DRAINING OIL SCREW', 1, 3, 'AS15/P21', 'AS15/P21', 'DRAINING OIL SCREW', 1, '2013-12-26', '10:59:00', '2013-12-26 05:30:41'),
(422, 'OIL LEVER MIRROR', 1, 3, 'AS15/P23', 'AS15/P23', 'OIL LEVER MIRROR', 1, '2013-12-26', '10:59:00', '2013-12-26 05:30:41'),
(423, 'PUMP BODY', 1, 3, 'AS15/P25', 'AS15/P25', 'PUMP BODY', 1, '2013-12-26', '10:59:00', '2013-12-26 05:30:41'),
(424, 'O RING', 1, 3, 'AS15/P26', 'AS15/P26', 'O RING AS15/P26', 1, '2013-12-26', '10:59:00', '2013-12-26 05:30:41'),
(425, 'FILLING OIL SCREW', 1, 3, 'AS15/P27', 'AS15/P27', 'FILLING OIL SCREW', 1, '2013-12-26', '10:59:00', '2013-12-26 05:30:42'),
(426, 'RIGHTWATER INLET PIPE', 1, 3, 'AS15/P28', 'AS15/P28', 'RIGHTWATER INLET PIPE', 1, '2013-12-26', '10:59:00', '2013-12-26 05:30:42'),
(427, 'BIG GEAR', 1, 3, 'AS15/P31', 'AS15/P31', 'BIG GEAR', 1, '2013-12-26', '10:59:00', '2013-12-26 05:30:42'),
(428, 'GEAR CASE B', 1, 3, 'AS15/P33', 'AS15/P33', 'GEAR CASE B-AS15/P33', 1, '2013-12-26', '10:59:00', '2013-12-26 05:30:42'),
(429, 'DRIVING SET', 1, 3, 'AS15/P34', 'AS15/P34', 'DRIVING SET', 1, '2013-12-26', '10:59:00', '2013-12-26 05:30:42'),
(430, 'SMALL GEAR', 1, 3, 'AS15/P35', 'AS15/P35', 'SMALL GEAR', 1, '2013-12-26', '10:59:00', '2013-12-26 05:30:42'),
(431, 'NEEDLE BEARING', 1, 3, 'AS15/P35A', 'AS15/P35A', 'NEEDLE BEARING', 1, '2013-12-26', '10:59:00', '2013-12-26 05:30:43'),
(432, 'O RING', 1, 3, 'AS15/P36A', 'AS15/P36A', 'O RING-AS15/P36A', 1, '2013-12-26', '10:59:00', '2013-12-26 05:30:43'),
(433, 'SHAFT SLEEVE', 1, 3, 'AS15/P36B', 'AS15/P36B', 'SHAFT SLEEVE', 1, '2013-12-26', '10:59:00', '2013-12-26 05:30:43'),
(434, 'ASBESTOS PAD', 1, 3, 'AS15/P37', 'AS15/P37', 'ASBESTOS PAD', 1, '2013-12-26', '10:59:00', '2013-12-26 05:30:43'),
(435, 'GEAR CASE B', 1, 3, 'AS15/P38', 'AS15/P38', 'GEAR CASE B-AS15/P38', 1, '2013-12-26', '10:59:00', '2013-12-26 05:30:43'),
(436, 'ASBESTOS PAD B', 1, 3, 'AS15/P39', 'AS15/P39', 'ASBESTOS PAD B', 1, '2013-12-26', '10:59:00', '2013-12-26 05:30:44'),
(437, 'RIGHT DISCHARGE METAL', 1, 3, 'AS15/P45', 'AS15/P45', 'RIGHT DISCHARGE METAL', 1, '2013-12-26', '10:59:00', '2013-12-26 05:30:44'),
(438, 'GREASE CUP', 1, 3, 'AS15/P45A', 'AS15/P45A', 'GREASE CUP', 1, '2013-12-26', '10:59:00', '2013-12-26 05:30:44'),
(439, 'GRESE CUP COVER', 1, 3, 'AS15/P45B', 'AS15/P45B', 'GRESE CUP COVER', 1, '2013-12-26', '10:59:00', '2013-12-26 05:30:44'),
(440, 'CONECTING HOSE', 1, 3, 'AS15/P47', 'AS15/P47', 'CONECTING HOSE', 1, '2013-12-26', '10:59:00', '2013-12-26 05:30:44'),
(441, 'LEFT DISCHARGE METAL', 1, 3, 'AS15/P48', 'AS15/P48', 'LEFT DISCHARGE METAL', 1, '2013-12-26', '10:59:00', '2013-12-26 05:30:44'),
(442, 'PRESSURE ADJUST.SEAT', 1, 3, 'AS15/P51', 'AS15/P51', 'PRESSURE ADJUST.SEAT', 1, '2013-12-26', '10:59:00', '2013-12-26 05:30:44'),
(443, 'PRESSURE ADJUST BODY', 1, 3, 'AS15/P52', 'AS15/P52', 'PRESSURE ADJUST BODY', 1, '2013-12-26', '10:59:00', '2013-12-26 05:30:45'),
(444, 'STEEL BALL', 1, 3, 'AS15/P53', 'AS15/P53', 'STEEL BALL', 1, '2013-12-26', '10:59:00', '2013-12-26 05:30:45'),
(445, 'RETURNING SPINDLE', 1, 3, 'AS15/P54', 'AS15/P54', 'RETURNING SPINDLE', 1, '2013-12-26', '10:59:00', '2013-12-26 05:30:45'),
(446, 'SPRING', 1, 3, 'AS15/P55', 'AS15/P55', 'SPRING-AS15/P55', 1, '2013-12-26', '10:59:00', '2013-12-26 05:30:45'),
(447, 'O RING', 1, 3, 'AS15/P56', 'AS15/P56', 'O RING AS15/P56', 1, '2013-12-26', '10:59:00', '2013-12-26 05:30:45'),
(448, 'WATER RETURN ELBOW', 1, 3, 'AS15/P57', 'AS15/P57', 'WATER RETURN ELBOW', 1, '2013-12-26', '10:59:00', '2013-12-26 05:30:46'),
(449, 'PRESSURE ADJUST SPINDLE', 1, 3, 'AS15/P58', 'AS15/P58', 'PRESSURE ADJUST SPINDLE', 1, '2013-12-26', '10:59:00', '2013-12-26 05:30:46'),
(450, 'NUT', 1, 3, 'AS15/P59', 'AS15/P59', 'NUT AS15/P59', 1, '2013-12-26', '10:59:00', '2013-12-26 05:30:46'),
(451, 'START HANDLE', 1, 3, 'AS15/P60', 'AS15/P60', 'START HANDLE', 1, '2013-12-26', '10:59:00', '2013-12-26 05:30:47'),
(452, 'PRESSURE HOSE', 1, 3, 'AS15/P64', 'AS15/P64', 'PRESSURE HOSE', 1, '2013-12-26', '10:59:00', '2013-12-26 05:30:47'),
(453, 'BRASS CUP', 1, 2, 'B/18', 'B/18', 'BRASS CUP', 1, '2013-12-26', '10:59:00', '2013-12-26 05:30:47'),
(454, 'SPRING WASHER', 1, 2, 'B/49', 'B/49', 'SPRING WASHER', 1, '2013-12-26', '10:59:00', '2013-12-26 05:30:47'),
(455, 'PLUMMER BLOCK BALL', 1, 2, 'BB/10', 'BB/10', 'PLUMMER BLOCK BALL', 1, '2013-12-26', '10:59:00', '2013-12-26 05:30:48'),
(456, 'LIQUID TANK D/B 16L', 1, 2, 'DB/C/01', 'DB/C/01', 'LIQUID TANK D/B 16L', 1, '2013-12-26', '10:59:00', '2013-12-26 05:30:48'),
(457, '16L PUMP UNIT COMPLETE', 1, 2, 'DB/C/02', 'DB/C/02', '16L PUMP UNIT COMPLETE', 1, '2013-12-26', '10:59:00', '2013-12-26 05:30:48'),
(458, 'LIQUID TANK D/B-13L', 1, 2, 'DB/C/03', 'DB/C/03', 'LIQUID TANK D/B-13L', 1, '2013-12-26', '10:59:00', '2013-12-26 05:30:48'),
(459, 'PUMP UNIT COMPL D/B', 1, 2, 'DB/C/04', 'DB/C/04', 'PUMP UNIT COMPL D/B', 1, '2013-12-26', '10:59:00', '2013-12-26 05:30:48'),
(460, 'AGROTECH  TANK BARE', 1, 2, 'DB/C/05', 'DB/C/05', 'AGROTECH  TANK BARE', 1, '2013-12-26', '10:59:00', '2013-12-26 05:30:48'),
(461, '2  PLASTIC PUMP UNIT', 1, 2, 'DB/C/06', 'DB/C/06', '2  PLASTIC PUMP UNIT', 1, '2013-12-26', '10:59:00', '2013-12-26 05:30:49'),
(462, 'TOP COVER (D/B)', 1, 2, 'DB/01', 'DB/01', 'TOP COVER (D/B)', 1, '2013-12-26', '10:59:00', '2013-12-26 05:30:49'),
(463, 'TANK HANGER SET 10PCS', 1, 2, 'DB/02', 'DB/02', 'TANK HANGER SET 10PCS', 1, '2013-12-26', '10:59:00', '2013-12-26 05:30:49'),
(464, 'COPPER RIVET', 1, 2, 'DB/03', 'DB/03', 'COPPER RIVET', 1, '2013-12-26', '10:59:00', '2013-12-26 05:30:49'),
(465, 'CYLINDER CAP', 1, 2, 'DB/04', 'DB/04', 'CYLINDER CAP-DB/04', 1, '2013-12-26', '10:59:00', '2013-12-26 05:30:49'),
(466, 'CYLINDER CAP (PLASTIC)', 1, 2, 'DB/04B', 'DB/04B', 'CYLINDER CAP (PLASTIC)', 1, '2013-12-26', '10:59:00', '2013-12-26 05:30:49'),
(467, 'PLUNGER LEATHER/H', 1, 2, 'DB/05', 'DB/05', 'PLUNGER LEATHER/H', 1, '2013-12-26', '10:59:00', '2013-12-26 05:30:50'),
(468, 'PLASTIC SWIVELLED RING', 1, 2, 'DB/06', 'DB/06', 'PLASTIC SWIVELLED RING', 1, '2013-12-26', '10:59:00', '2013-12-26 05:30:50'),
(469, 'SWIVELLED RING BRASS', 1, 2, 'DB/06B', 'DB/06B', 'SWIVELLED RING BRASS', 1, '2013-12-26', '10:59:00', '2013-12-26 05:30:50'),
(470, 'CONNECTING RING', 1, 2, 'DB/07', 'DB/07', 'CONNECTING RING', 1, '2013-12-26', '10:59:00', '2013-12-26 05:30:50'),
(471, 'DELIVERY PIPE HEAD', 1, 2, 'DB/08', 'DB/08', 'DELIVERY PIPE HEAD', 1, '2013-12-26', '10:59:00', '2013-12-26 05:30:50'),
(472, 'BENT ADAPTOR OF PUMP', 1, 2, 'DB/09', 'DB/09', 'BENT ADAPTOR OF PUMP', 1, '2013-12-26', '10:59:00', '2013-12-26 05:30:51'),
(473, 'BOLT OF OUTLET', 1, 2, 'DB/09A', 'DB/09A', 'BOLT OF OUTLET', 1, '2013-12-26', '10:59:00', '2013-12-26 05:30:51'),
(474, 'STRAINER ASSY. PLASTIC', 1, 2, 'DB/10', 'DB/10', 'STRAINER ASSY. PLASTIC', 1, '2013-12-26', '10:59:00', '2013-12-26 05:30:51'),
(475, 'NET FOR STRAINER ASSY', 1, 2, 'DB/10A', 'DB/10A', 'NET FOR STRAINER ASSY', 1, '2013-12-26', '10:59:00', '2013-12-26 05:30:51'),
(476, 'STRAINER ASSY.COMPL', 1, 2, 'DB/10B', 'DB/10B', 'STRAINER ASSY.COMPL', 1, '2013-12-26', '10:59:00', '2013-12-26 05:30:51'),
(477, 'STRAINER ADAPTOR', 1, 2, 'DB/11', 'DB/11', 'STRAINER ADAPTOR', 1, '2013-12-26', '10:59:00', '2013-12-26 05:30:51'),
(478, 'CYLINDER TOP COVER', 1, 2, 'DB/12', 'DB/12', 'CYLINDER TOP COVER', 1, '2013-12-26', '10:59:00', '2013-12-26 05:30:51'),
(479, 'CYLINDER BOTTOM COVER', 1, 2, 'DB/13', 'DB/13', 'CYLINDER BOTTOM COVER', 1, '2013-12-26', '10:59:00', '2013-12-26 05:30:52'),
(480, 'CUP LEATHER IMP', 1, 2, 'DB/14', 'DB/14', 'CUP LEATHER IMP', 1, '2013-12-26', '10:59:00', '2013-12-26 05:30:52'),
(481, 'S/STEEL CUP', 1, 2, 'DB/15', 'DB/15', 'S/STEEL CUP', 1, '2013-12-26', '10:59:00', '2013-12-26 05:30:52'),
(482, 'PLASTIC CUP FOR PLUNGER', 1, 2, 'DB/15A', 'DB/15A', 'PLASTIC CUP FOR PLUNGER', 1, '2013-12-26', '10:59:00', '2013-12-26 05:30:52'),
(483, 'FIX NUT', 1, 2, 'DB/16', 'DB/16', 'FIX NUT-DB/16', 1, '2013-12-26', '10:59:00', '2013-12-26 05:30:53'),
(484, 'WASHER', 1, 2, 'DB/16A', 'DB/16A', 'WASHER-DB/16A', 1, '2013-12-26', '10:59:00', '2013-12-26 05:30:53'),
(485, 'BALL CAGE', 1, 2, 'DB/17', 'DB/17', 'BALL CAGE', 1, '2013-12-26', '10:59:00', '2013-12-26 05:30:53'),
(486, 'PACKING', 1, 2, 'DB/19', 'DB/19', 'PACKING', 1, '2013-12-26', '10:59:00', '2013-12-26 05:30:53'),
(487, 'PACKING (PN-24-2)', 1, 2, 'DB/20', 'DB/20', 'PACKING (PN-24-2)', 1, '2013-12-26', '10:59:00', '2013-12-26 05:30:53'),
(488, 'HOSE CRIMP', 1, 2, 'DB/22', 'DB/22', 'HOSE CRIMP', 1, '2013-12-26', '10:59:00', '2013-12-26 05:30:54'),
(489, 'PACKING (PN-32-1)', 1, 2, 'DB/23', 'DB/23', 'PACKING (PN-32-1)', 1, '2013-12-26', '10:59:00', '2013-12-26 05:30:54'),
(490, '13L PUMP BARE', 1, 2, 'DB/24', 'DB/24', '13L PUMP BARE', 1, '2013-12-26', '10:59:00', '2013-12-26 05:30:54'),
(491, '13L PLUNGER ROD BARE', 1, 2, 'DB/25', 'DB/25', '13L PLUNGER ROD BARE', 1, '2013-12-26', '10:59:00', '2013-12-26 05:30:54'),
(492, '16L PUMP BARE', 1, 2, 'DB/26', 'DB/26', '16L PUMP BARE', 1, '2013-12-26', '10:59:00', '2013-12-26 05:30:54'),
(493, '16L PLUNGER ROD BARE', 1, 2, 'DB/27', 'DB/27', '16L PLUNGER ROD BARE', 1, '2013-12-26', '10:59:00', '2013-12-26 05:30:54'),
(494, 'ADAPTOR FOR LANCE SET', 1, 2, 'DB/28', 'DB/28', 'ADAPTOR FOR LANCE SET', 1, '2013-12-26', '10:59:00', '2013-12-26 05:30:54'),
(495, 'O RING FOR SINGLE NOZZLE', 1, 2, 'DB/29', 'DB/29', 'O RING FOR SINGLE NOZZLE', 1, '2013-12-26', '10:59:00', '2013-12-26 05:30:55'),
(496, 'TANK CAP (METAL)', 1, 2, 'DB/30', 'DB/30', 'TANK CAP (METAL)', 1, '2013-12-26', '10:59:00', '2013-12-26 05:30:55'),
(497, 'TANK CAP RING.', 1, 2, 'DB/31A', 'DB/31A', 'TANK CAP RING.', 1, '2013-12-26', '10:59:00', '2013-12-26 05:30:55'),
(498, '11/2  S/S TUBES 390MM', 1, 2, 'DB/32', 'DB/32', '11/2  S/S TUBES 390MM', 1, '2013-12-26', '10:59:00', '2013-12-26 05:30:55'),
(499, '1 X.7MM S/S TUBES 390MM', 1, 2, 'DB/33', 'DB/33', '1 X.7MM S/S TUBES 390MM', 1, '2013-12-26', '10:59:00', '2013-12-26 05:30:56'),
(500, '3/8  X 22 S/S TUBE', 1, 2, 'DB/34', 'DB/34', '3/8  X 22 S/S TUBE', 1, '2013-12-26', '10:59:00', '2013-12-26 05:30:56'),
(501, '3/8  X 1.5FT S.S.TUBE', 1, 2, 'DB/35', 'DB/35', '3/8  X 1.5FT S.S.TUBE', 1, '2013-12-26', '10:59:00', '2013-12-26 05:30:56'),
(502, 'PLASTIC GUIDE RING', 1, 2, 'DB/37', 'DB/37', 'PLASTIC GUIDE RING', 1, '2013-12-26', '10:59:00', '2013-12-26 05:30:56'),
(503, 'ALUMINIUM TANK CAP', 1, 2, 'DB/38', 'DB/38', 'ALUMINIUM TANK CAP', 1, '2013-12-26', '10:59:00', '2013-12-26 05:30:56'),
(504, 'SS TOP COVER FOR 2  PUMP', 1, 2, 'DB/40', 'DB/40', 'SS TOP COVER FOR 2  PUMP', 1, '2013-12-26', '10:59:00', '2013-12-26 05:30:56'),
(505, 'SS BOTTOM COVER 2  PUMP', 1, 2, 'DB/41', 'DB/41', 'SS BOTTOM COVER 2  PUMP', 1, '2013-12-26', '10:59:00', '2013-12-26 05:30:56'),
(506, 'GREAVES ENGINE FOR MISTBLOWER', 1, 2, 'HS/M/02', 'HS/M/02', 'GREAVES ENGINE FOR MISTBLOWER', 1, '2013-12-26', '10:59:00', '2013-12-26 05:30:57'),
(507, '10 X 7 POLYTHENE BAG.', 1, 2, 'HS/M/05', 'HS/M/05', '10 X 7 POLYTHENE BAG.', 1, '2013-12-26', '10:59:00', '2013-12-26 05:30:57'),
(508, 'POLYTHENE BAG 18 X 36', 1, 2, 'HS/M/09', 'HS/M/09', 'POLYTHENE BAG 18 X 36', 1, '2013-12-26', '10:59:00', '2013-12-26 05:30:57'),
(509, 'OPERA LEVER HAN/GRIP', 1, 2, 'HS/M/12', 'HS/M/12', 'OPERA LEVER HAN/GRIP', 1, '2013-12-26', '10:59:00', '2013-12-26 05:30:58'),
(510, 'GUMMED TAPE', 1, 2, 'HS/M/13', 'HS/M/13', 'GUMMED TAPE', 1, '2013-12-26', '10:59:00', '2013-12-26 05:30:58'),
(511, 'HANDLE GRIP BROWN', 1, 2, 'HS/M/14', 'HS/M/14', 'HANDLE GRIP BROWN', 1, '2013-12-26', '10:59:00', '2013-12-26 05:30:58'),
(512, 'O  RING FOR PLA SPRA', 1, 2, 'HS/M/17', 'HS/M/17', 'O  RING FOR PLA SPRA', 1, '2013-12-26', '10:59:00', '2013-12-26 05:30:58'),
(513, 'PLAS WINNOWING FAN', 1, 2, 'HS/M/19', 'HS/M/19', 'PLAS WINNOWING FAN', 1, '2013-12-26', '10:59:00', '2013-12-26 05:30:58'),
(514, '4HP HONDA ENGINE', 1, 2, 'HS/M/20', 'HS/M/20', '4HP HONDA ENGINE', 1, '2013-12-26', '10:59:00', '2013-12-26 05:30:59'),
(515, 'WHITE PVC BOTTLE WITH CAP', 1, 2, 'HS/M/21', 'HS/M/21', 'WHITE PVC BOTTLE WITH CAP', 1, '2013-12-26', '10:59:00', '2013-12-26 05:30:59'),
(516, 'CASTOR OIL 450ML', 1, 2, 'HS/M/22', 'HS/M/22', 'CASTOR OIL 450ML', 1, '2013-12-26', '10:59:00', '2013-12-26 05:30:59'),
(517, 'KUBOTA KS200 ENGINE', 1, 2, 'HS/M/23', 'HS/M/23', 'KUBOTA KS200 ENGINE', 1, '2013-12-26', '10:59:00', '2013-12-26 05:30:59'),
(518, 'A-220P  4HP P/K ENGINE', 1, 2, 'HS/M/24', 'HS/M/24', 'A-220P  4HP P/K ENGINE', 1, '2013-12-26', '10:59:00', '2013-12-26 05:30:59'),
(519, 'PLUG COCK FOR WATER FILTER', 1, 2, 'HS/M/26', 'HS/M/26', 'PLUG COCK FOR WATER FILTER', 1, '2013-12-26', '10:59:00', '2013-12-26 05:31:00'),
(520, 'NEOPRENE BRUSH', 1, 2, 'HS/M/28', 'HS/M/28', 'NEOPRENE BRUSH', 1, '2013-12-26', '10:59:00', '2013-12-26 05:31:00'),
(521, 'FILTER CANDLE', 1, 2, 'HS/M/29', 'HS/M/29', 'FILTER CANDLE', 1, '2013-12-26', '10:59:00', '2013-12-26 05:31:00'),
(522, '18MM STAPLE PIN.', 1, 2, 'HS/M/30', 'HS/M/30', '18MM STAPLE PIN.', 1, '2013-12-26', '10:59:00', '2013-12-26 05:31:00'),
(523, 'GREAVES MK 12 ENGINE', 1, 2, 'HS/M/31', 'HS/M/31', 'GREAVES MK 12 ENGINE', 1, '2013-12-26', '10:59:00', '2013-12-26 05:31:00'),
(524, 'COMPONENTS FOR .05HP MOTOR', 1, 2, 'HS/M/32', 'HS/M/32', 'COMPONENTS FOR .05HP MOTOR', 1, '2013-12-26', '10:59:00', '2013-12-26 05:31:00'),
(525, 'COMPONENTS FOR 0.75HP MOTOR', 1, 2, 'HS/M/33', 'HS/M/33', 'COMPONENTS FOR 0.75HP MOTOR', 1, '2013-12-26', '10:59:00', '2013-12-26 05:31:00'),
(526, 'KS-130 KUBOTA ENGINE OIL', 1, 2, 'HS/M/34', 'HS/M/34', 'KS-130 KUBOTA ENGINE OIL', 1, '2013-12-26', '10:59:00', '2013-12-26 05:31:01'),
(527, 'COMPONENTS FOR 1HP MOTOR', 1, 2, 'HS/M/35', 'HS/M/35', 'COMPONENTS FOR 1HP MOTOR', 1, '2013-12-26', '10:59:00', '2013-12-26 05:31:01'),
(528, 'COMPONENTS FOR 1.5HP MOTOR', 1, 2, 'HS/M/36', 'HS/M/36', 'COMPONENTS FOR 1.5HP MOTOR', 1, '2013-12-26', '10:59:00', '2013-12-26 05:31:01'),
(529, 'GS-130 KUBOTA ENGINE', 1, 2, 'HS/M/37', 'HS/M/37', 'GS-130 KUBOTA ENGINE', 1, '2013-12-26', '10:59:00', '2013-12-26 05:31:01'),
(530, '3.5HP VILLIERS ENGIN', 1, 2, 'HS/M/38', 'HS/M/38', '3.5HP VILLIERS ENGIN', 1, '2013-12-26', '10:59:00', '2013-12-26 05:31:01'),
(531, 'ELECTRIC PUMP B/OP', 1, 2, 'HS/M/39', 'HS/M/39', 'ELECTRIC PUMP B/OP', 1, '2013-12-26', '10:59:00', '2013-12-26 05:31:01'),
(532, 'SEAFLOW WATER PUMP', 1, 2, 'HS/M/39/1/SAMPA', 'HS/M/39/1/SAMPA', 'SEAFLOW WATER PUMP', 1, '2013-12-26', '10:59:00', '2013-12-26 05:31:02'),
(533, 'SEAFLOW WATER PUMP', 1, 2, 'HS/M/39/2/SAMPL', 'HS/M/39/2/SAMPL', 'SEAFLOW WATER PUMP', 1, '2013-12-26', '10:59:00', '2013-12-26 05:31:02'),
(534, 'RECHARG.BATTERY 12V 7A', 1, 2, 'HS/M/40', 'HS/M/40', 'RECHARG.BATTERY 12V 7A', 1, '2013-12-26', '10:59:00', '2013-12-26 05:31:02'),
(535, 'LIQUID STRAINER B/OP', 1, 2, 'HS/M/41', 'HS/M/41', 'LIQUID STRAINER B/OP', 1, '2013-12-26', '10:59:00', '2013-12-26 05:31:02'),
(536, 'HEX BOLT/NUT ETC B/O', 1, 2, 'HS/M/42', 'HS/M/42', 'HEX BOLT/NUT ETC B/O', 1, '2013-12-26', '10:59:00', '2013-12-26 05:31:02'),
(537, 'AC/DC CONVERTOR B/OP', 1, 2, 'HS/M/43', 'HS/M/43', 'AC/DC CONVERTOR B/OP', 1, '2013-12-26', '10:59:00', '2013-12-26 05:31:02'),
(538, 'ON/OFF SWITCH WITH', 1, 2, 'HS/M/44', 'HS/M/44', 'ON/OFF SWITCH WITH', 1, '2013-12-26', '10:59:00', '2013-12-26 05:31:02'),
(539, 'RUBBER MOUNTING BOOT', 1, 2, 'HS/M/45', 'HS/M/45', 'RUBBER MOUNTING BOOT', 1, '2013-12-26', '10:59:00', '2013-12-26 05:31:03'),
(540, 'PLASTIC BATTERY CASING', 1, 2, 'HS/M/46', 'HS/M/46', 'PLASTIC BATTERY CASING', 1, '2013-12-26', '10:59:00', '2013-12-26 05:31:03'),
(541, 'BRASS VALVE & NUT', 1, 2, 'HS/M/47', 'HS/M/47', 'BRASS VALVE & NUT', 1, '2013-12-26', '10:59:00', '2013-12-26 05:31:03'),
(542, 'SS SWITCH BRACKET', 1, 2, 'HS/M/48', 'HS/M/48', 'SS SWITCH BRACKET', 1, '2013-12-26', '10:59:00', '2013-12-26 05:31:03'),
(543, '2 COLOUR STICKER B/OP', 1, 2, 'HS/M/49', 'HS/M/49', '2 COLOUR STICKER B/OP', 1, '2013-12-26', '10:59:00', '2013-12-26 05:31:03'),
(544, 'TANK STRAINER B/OP', 1, 2, 'HS/M/56', 'HS/M/56', 'TANK STRAINER B/OP', 1, '2013-12-26', '10:59:00', '2013-12-26 05:31:04'),
(545, 'GREEVES ENGINE FOR M/BLOWER', 1, 2, 'HSS/M/02', 'HSS/M/02', 'GREEVES ENGINE FOR M/BLOWER', 1, '2013-12-26', '10:59:00', '2013-12-26 05:31:04'),
(546, 'FIX NUT FOR CYL/PUMP', 1, 8, 'KU/01', 'KU/01', 'FIX NUT FOR CYL/PUMP', 1, '2013-12-26', '10:59:00', '2013-12-26 05:31:04'),
(547, 'CYLINDER CAP', 1, 8, 'KU/02', 'KU/02', 'CYLINDER CAP-KU/02', 1, '2013-12-26', '10:59:00', '2013-12-26 05:31:04'),
(548, 'HOOKS FOR CYLINDER CAP', 1, 8, 'KU/02B', 'KU/02B', 'HOOKS FOR CYLINDER CAP', 1, '2013-12-26', '10:59:00', '2013-12-26 05:31:04'),
(549, 'RUBBER SEAL PACKING', 1, 8, 'KU/03', 'KU/03', 'RUBBER SEAL PACKING', 1, '2013-12-26', '10:59:00', '2013-12-26 05:31:04'),
(550, 'PRESURE GUAGE', 1, 8, 'KU/04', 'KU/04', 'PRESURE GUAGE', 1, '2013-12-26', '10:59:00', '2013-12-26 05:31:04'),
(551, 'DELIVERY ADAPTOR/NUT', 1, 8, 'KU/05', 'KU/05', 'DELIVERY ADAPTOR/NUT', 1, '2013-12-26', '10:59:00', '2013-12-26 05:31:05'),
(552, 'NUT FOR DELIVERY ADOPTER', 1, 8, 'KU/05A', 'KU/05A', 'NUT FOR DELIVERY ADOPTER', 1, '2013-12-26', '10:59:00', '2013-12-26 05:31:05'),
(553, 'FILLER CAP/HANDLE', 1, 8, 'KU/06', 'KU/06', 'FILLER CAP/HANDLE', 1, '2013-12-26', '10:59:00', '2013-12-26 05:31:05'),
(554, 'FILLER CAP WASHER', 1, 8, 'KU/06A', 'KU/06A', 'FILLER CAP WASHER', 1, '2013-12-26', '10:59:00', '2013-12-26 05:31:05'),
(555, 'RIVERT FOR FILLER CAP', 1, 8, 'KU/06C', 'KU/06C', 'RIVERT FOR FILLER CAP', 1, '2013-12-26', '10:59:00', '2013-12-26 05:31:05'),
(556, 'PLASTIC TUBE', 1, 8, 'KU/07', 'KU/07', 'PLASTIC TUBE', 1, '2013-12-26', '10:59:00', '2013-12-26 05:31:05'),
(557, 'WASHER FOR PLASTIC TUBE', 1, 8, 'KU/07A', 'KU/07A', 'WASHER FOR PLASTIC TUBE', 1, '2013-12-26', '10:59:00', '2013-12-26 05:31:06'),
(558, 'STRAINER ASSEMBLY', 1, 8, 'KU/08', 'KU/08', 'STRAINER ASSEMBLY', 1, '2013-12-26', '10:59:00', '2013-12-26 05:31:06'),
(559, 'NUT FOR END COVER', 1, 8, 'KU/08A', 'KU/08A', 'NUT FOR END COVER', 1, '2013-12-26', '10:59:00', '2013-12-26 05:31:06'),
(560, 'VALVE BOX', 1, 8, 'KU/08B', 'KU/08B', 'VALVE BOX', 1, '2013-12-26', '10:59:00', '2013-12-26 05:31:06'),
(561, 'BALL 8.9 MM', 1, 8, 'KU/08C', 'KU/08C', 'BALL 8.9 MM', 1, '2013-12-26', '10:59:00', '2013-12-26 05:31:06'),
(562, 'PLASTIC HANDLE', 1, 8, 'KU/09', 'KU/09', 'PLASTIC HANDLE', 1, '2013-12-26', '10:59:00', '2013-12-26 05:31:06'),
(563, 'HEAD FOR HANDLE', 1, 8, 'KU/10', 'KU/10', 'HEAD FOR HANDLE', 1, '2013-12-26', '10:59:00', '2013-12-26 05:31:07'),
(564, '3/4 CYLINDER SPRING', 1, 8, 'KU/11', 'KU/11', '3/4 CYLINDER SPRING', 1, '2013-12-26', '10:59:00', '2013-12-26 05:31:07'),
(565, 'PISTON BARREL COMPL', 1, 8, 'KU/12', 'KU/12', 'PISTON BARREL COMPL', 1, '2013-12-26', '10:59:00', '2013-12-26 05:31:07'),
(566, 'PLUNGER LEATHER (CUP)', 1, 8, 'KU/13', 'KU/13', 'PLUNGER LEATHER (CUP)', 1, '2013-12-26', '10:59:00', '2013-12-26 05:31:07'),
(567, 'RUBBER DISC', 1, 8, 'KU/13A', 'KU/13A', 'RUBBER DISC', 1, '2013-12-26', '10:59:00', '2013-12-26 05:31:07'),
(568, 'STEEL CUP', 1, 8, 'KU/14', 'KU/14', 'STEEL CUP', 1, '2013-12-26', '10:59:00', '2013-12-26 05:31:07'),
(569, 'FIX NUT', 1, 8, 'KU/15', 'KU/15', 'FIX NUT-KU/15', 1, '2013-12-26', '10:59:00', '2013-12-26 05:31:08'),
(570, 'WASHER FOR FIX NUT', 1, 8, 'KU/15A', 'KU/15A', 'WASHER FOR FIX NUT', 1, '2013-12-26', '10:59:00', '2013-12-26 05:31:08'),
(571, 'FUNNEL WITH NET', 1, 8, 'KU/16', 'KU/16', 'FUNNEL WITH NET', 1, '2013-12-26', '10:59:00', '2013-12-26 05:31:08'),
(572, 'PLUNGER ROD WITH HAN', 1, 8, 'KU/17A', 'KU/17A', 'PLUNGER ROD WITH HAN', 1, '2013-12-26', '10:59:00', '2013-12-26 05:31:09'),
(573, 'PLUNGER ROD W/O HAN', 1, 8, 'KU/17B', 'KU/17B', 'PLUNGER ROD W/O HAN', 1, '2013-12-26', '10:59:00', '2013-12-26 05:31:09'),
(574, 'CUP LEATHER LOCAL', 1, 8, 'KU/18', 'KU/18', 'CUP LEATHER LOCAL', 1, '2013-12-26', '10:59:00', '2013-12-26 05:31:09'),
(575, 'PISTON BARREL COMPLETE N/T', 1, 8, 'KU/19', 'KU/19', 'PISTON BARREL COMPLETE N/T', 1, '2013-12-26', '10:59:00', '2013-12-26 05:31:09'),
(576, 'PISTON BARREL N/T', 1, 8, 'KU/19A', 'KU/19A', 'PISTON BARREL N/T', 1, '2013-12-26', '10:59:00', '2013-12-26 05:31:09'),
(577, 'AUTO PUMP UNIT COMPT', 1, 8, 'KU/19B', 'KU/19B', 'AUTO PUMP UNIT COMPT', 1, '2013-12-26', '10:59:00', '2013-12-26 05:31:09'),
(578, 'PLUG COCK', 1, 8, 'KU/20', 'KU/20', 'PLUG COCK', 1, '2013-12-26', '10:59:00', '2013-12-26 05:31:10'),
(579, 'TANK BARE 16L', 1, 8, 'KU/21', 'KU/21', 'TANK BARE 16L', 1, '2013-12-26', '10:59:00', '2013-12-26 05:31:10'),
(580, '9L TANK BARE', 1, 8, 'KU/21A', 'KU/21A', '9L TANK BARE', 1, '2013-12-26', '10:59:00', '2013-12-26 05:31:10'),
(581, 'CARTON FOR 16L AUTO', 1, 8, 'KU/22', 'KU/22', 'CARTON FOR 16L AUTO', 1, '2013-12-26', '10:59:00', '2013-12-26 05:31:10'),
(582, 'PLUNG LEATHER HOLDER', 1, 8, 'KU/23', 'KU/23', 'PLUNG LEATHER HOLDER', 1, '2013-12-26', '10:59:00', '2013-12-26 05:31:10'),
(583, 'PLUNGER ROD COMPLETE', 1, 8, 'KU/24', 'KU/24', 'PLUNGER ROD COMPLETE', 1, '2013-12-26', '10:59:00', '2013-12-26 05:31:11'),
(584, 'TOP COVER', 1, 8, 'KU/25', 'KU/25', 'TOP COVER', 1, '2013-12-26', '10:59:00', '2013-12-26 05:31:11'),
(585, 'BRASS RING FOR TOP COVER', 1, 8, 'KU/25A', 'KU/25A', 'BRASS RING FOR TOP COVER', 1, '2013-12-26', '10:59:00', '2013-12-26 05:31:11'),
(586, 'GAUGE STAND', 1, 8, 'KU/26', 'KU/26', 'GAUGE STAND', 1, '2013-12-26', '10:59:00', '2013-12-26 05:31:11'),
(587, 'BOTTOM COVER', 1, 8, 'KU/27', 'KU/27', 'BOTTOM COVER', 1, '2013-12-26', '10:59:00', '2013-12-26 05:31:11'),
(588, 'KNAPSACK PLATE', 1, 8, 'KU/28', 'KU/28', 'KNAPSACK PLATE', 1, '2013-12-26', '10:59:00', '2013-12-26 05:31:11'),
(589, 'CARRIER HOOKS/W HOLDER (SET)', 1, 8, 'KU/29', 'KU/29', 'CARRIER HOOKS/W HOLDER (SET)', 1, '2013-12-26', '10:59:00', '2013-12-26 05:31:11'),
(590, 'DELIVERY PIPE', 1, 8, 'KU/30', 'KU/30', 'DELIVERY PIPE', 1, '2013-12-26', '10:59:00', '2013-12-26 05:31:12'),
(591, 'STRAINER FOR FUNNEL', 1, 8, 'KU/30A', 'KU/30A', 'STRAINER FOR FUNNEL', 1, '2013-12-26', '10:59:00', '2013-12-26 05:31:12'),
(592, 'FILLER CAP STAND', 1, 8, 'KU/31', 'KU/31', 'FILLER CAP STAND', 1, '2013-12-26', '10:59:00', '2013-12-26 05:31:12'),
(593, 'NEW TYPE VALVE BOX', 1, 8, 'KU/32', 'KU/32', 'NEW TYPE VALVE BOX', 1, '2013-12-26', '10:59:00', '2013-12-26 05:31:12'),
(594, 'STICKER FOR AUTO METER', 1, 8, 'KU/33', 'KU/33', 'STICKER FOR AUTO METER', 1, '2013-12-26', '10:59:00', '2013-12-26 05:31:12'),
(595, 'AUTO VALVE VITON PACKING', 1, 8, 'KU/35', 'KU/35', 'AUTO VALVE VITON PACKING', 1, '2013-12-26', '10:59:00', '2013-12-26 05:31:12'),
(596, 'O   RING FOR SINGLE NOZZLE', 1, 2, 'L-36A', 'L-36A', 'O   RING FOR SINGLE NOZZLE', 1, '2013-12-26', '10:59:00', '2013-12-26 05:31:12'),
(597, 'THINNER', 1, 2, 'L/M/01', 'L/M/01', 'THINNER', 1, '2013-12-26', '10:59:00', '2013-12-26 05:31:13'),
(598, 'SOLDERING FLUID', 1, 2, 'L/M/04', 'L/M/04', 'SOLDERING FLUID', 1, '2013-12-26', '10:59:00', '2013-12-26 05:31:13'),
(599, 'BRASS STOP COCK', 1, 2, 'L/M/06', 'L/M/06', 'BRASS STOP COCK', 1, '2013-12-26', '10:59:00', '2013-12-26 05:31:13'),
(600, 'OIL PRIMMER', 1, 2, 'L/M/06A', 'L/M/06A', 'OIL PRIMMER', 1, '2013-12-26', '10:59:00', '2013-12-26 05:31:13'),
(601, 'BRASS CAST PLUG COCK', 1, 2, 'L/M/07', 'L/M/07', 'BRASS CAST PLUG COCK', 1, '2013-12-26', '10:59:00', '2013-12-26 05:31:13'),
(602, 'BRASS STOP COCK', 1, 2, 'L/M/6', 'L/M/6', 'BRASS STOP COCK', 1, '2013-12-26', '10:59:00', '2013-12-26 05:31:13'),
(603, 'DUCO PAINTS ASSORTED COLOUR', 1, 2, 'L/P/02', 'L/P/02', 'DUCO PAINTS ASSORTED COLOUR', 1, '2013-12-26', '10:59:00', '2013-12-26 05:31:14'),
(604, 'YELLOW PAINT DUCO', 1, 2, 'L/P/04', 'L/P/04', 'YELLOW PAINT DUCO', 1, '2013-12-26', '10:59:00', '2013-12-26 05:31:14'),
(605, 'GREEN PAINT DULUX', 1, 2, 'L/P/05', 'L/P/05', 'GREEN PAINT DULUX', 1, '2013-12-26', '10:59:00', '2013-12-26 05:31:14'),
(606, 'SILVER PAINT DUCO', 1, 2, 'L/P/06', 'L/P/06', 'SILVER PAINT DUCO', 1, '2013-12-26', '10:59:00', '2013-12-26 05:31:14'),
(607, 'DULUX PAINT BLUE', 1, 2, 'L/P/12', 'L/P/12', 'DULUX PAINT BLUE', 1, '2013-12-26', '10:59:00', '2013-12-26 05:31:14'),
(608, 'CAP PACKING', 1, 2, 'L/04/01', 'L/04/01', 'CAP PACKING', 1, '2013-12-26', '10:59:00', '2013-12-26 05:31:15'),
(609, 'IMP TRIGGER HEAD N/T', 1, 2, 'L/14', 'L/14', 'IMP TRIGGER HEAD N/T', 1, '2013-12-26', '10:59:00', '2013-12-26 05:31:15'),
(610, 'CUP LEATHER (LOCAL)', 1, 2, 'L/16', 'L/16', 'CUP LEATHER (LOCAL)', 1, '2013-12-26', '10:59:00', '2013-12-26 05:31:15'),
(611, 'PRESSURE CHAMBER', 1, 2, 'L/21/1A', 'L/21/1A', 'PRESSURE CHAMBER', 1, '2013-12-26', '10:59:00', '2013-12-26 05:31:15'),
(612, '1 1/2  BRASS TUBE', 1, 2, 'L/21/2', 'L/21/2', '1 1/2  BRASS TUBE', 1, '2013-12-26', '10:59:00', '2013-12-26 05:31:15'),
(613, 'DELIVERY PIPE/ADOPTER', 1, 2, 'L/28', 'L/28', 'DELIVERY PIPE/ADOPTER', 1, '2013-12-26', '10:59:00', '2013-12-26 05:31:15'),
(614, 'HOSE COMPLETE', 1, 2, 'L/33A', 'L/33A', 'HOSE COMPLETE', 1, '2013-12-26', '10:59:00', '2013-12-26 05:31:16'),
(615, 'LONG HOSE COMP.(6YRD)', 1, 2, 'L/34', 'L/34', 'LONG HOSE COMP.(6YRD)', 1, '2013-12-26', '10:59:00', '2013-12-26 05:31:16'),
(616, 'O   RING FOR S/NOZZLE', 1, 2, 'L/36A', 'L/36A', 'O   RING FOR S/NOZZLE', 1, '2013-12-26', '10:59:00', '2013-12-26 05:31:16'),
(617, 'WASHER FOR WING NUT', 1, 2, 'L/37A', 'L/37A', 'WASHER FOR WING NUT', 1, '2013-12-26', '10:59:00', '2013-12-26 05:31:16'),
(618, 'NOZZLE CAP', 1, 2, 'L/38A', 'L/38A', 'NOZZLE CAP', 1, '2013-12-26', '10:59:00', '2013-12-26 05:31:16'),
(619, 'WASHER FOR NOZZLE CAP', 1, 2, 'L/38B', 'L/38B', 'WASHER FOR NOZZLE CAP', 1, '2013-12-26', '10:59:00', '2013-12-26 05:31:16'),
(620, 'N/CAP WITH WASHER', 1, 2, 'L/38C', 'L/38C', 'N/CAP WITH WASHER', 1, '2013-12-26', '10:59:00', '2013-12-26 05:31:16'),
(621, 'BRASS CAP', 1, 2, 'L/46A', 'L/46A', 'BRASS CAP', 1, '2013-12-26', '10:59:00', '2013-12-26 05:31:17'),
(622, 'WASHER FOR PLUG COCK CAP', 1, 2, 'L/46B', 'L/46B', 'WASHER FOR PLUG COCK CAP', 1, '2013-12-26', '10:59:00', '2013-12-26 05:31:17'),
(623, 'RUBBER WASHER', 1, 2, 'L/47', 'L/47', 'RUBBER WASHER', 1, '2013-12-26', '10:59:00', '2013-12-26 05:31:17'),
(624, 'MAMMOTY A  TECH 9 X9', 1, 7, 'M/01', 'M/01', 'MAMMOTY A  TECH 9 X9', 1, '2013-12-26', '10:59:00', '2013-12-26 05:31:17'),
(625, 'S/RUBBER FLAP T/C', 1, 7, 'M/11', 'M/11', 'S/RUBBER FLAP T/C', 1, '2013-12-26', '10:59:00', '2013-12-26 05:31:17'),
(626, 'L/RUBBER FLAP T/C', 1, 7, 'M/13', 'M/13', 'L/RUBBER FLAP T/C', 1, '2013-12-26', '10:59:00', '2013-12-26 05:31:18'),
(627, 'RUBBER FLAP (L) E/C', 1, 7, 'M/17', 'M/17', 'RUBBER FLAP (L) E/C', 1, '2013-12-26', '10:59:00', '2013-12-26 05:31:18'),
(628, 'RUBBER FLAP (S) E/C', 1, 7, 'M/18', 'M/18', 'RUBBER FLAP (S) E/C', 1, '2013-12-26', '10:59:00', '2013-12-26 05:31:18'),
(629, 'LUBRICANT OIL 50 ML', 1, 7, 'M/88', 'M/88', 'LUBRICANT OIL 50 ML', 1, '2013-12-26', '10:59:00', '2013-12-26 05:31:18'),
(630, 'CUPLEATHER IMP 1 1/4', 1, 2, 'PT/P/PL/03', 'PT/P/PL/03', 'CUPLEATHER IMP 1 1/4', 1, '2013-12-26', '10:59:00', '2013-12-26 05:31:18'),
(631, 'BALL VALVE 1/2 S.S', 1, 2, 'PT/P/PR/03', 'PT/P/PR/03', 'BALL VALVE 1/2 S.S', 1, '2013-12-26', '10:59:00', '2013-12-26 05:31:18'),
(632, 'BALL VALVE', 1, 2, 'PT/P/PR/3', 'PT/P/PR/3', 'BALL VALVE', 1, '2013-12-26', '10:59:00', '2013-12-26 05:31:19'),
(633, 'FOAMED IRON FOR LEVER', 1, 2, 'PT/T/05', 'PT/T/05', 'FOAMED IRON FOR LEVER', 1, '2013-12-26', '10:59:00', '2013-12-26 05:31:19'),
(634, 'OPERATING LEVER', 1, 2, 'PT/T/06', 'PT/T/06', 'OPERATING LEVER', 1, '2013-12-26', '10:59:00', '2013-12-26 05:31:20'),
(635, 'PLUNGER HEAD', 1, 2, 'S/01', 'S/01', 'PLUNGER HEAD', 1, '2013-12-26', '10:59:00', '2013-12-26 05:31:20'),
(636, 'CYLINDER CAP', 1, 2, 'S/02', 'S/02', 'CYLINDER CAP-S/02', 1, '2013-12-26', '10:59:00', '2013-12-26 05:31:20'),
(637, 'SWIVELLED RING', 1, 2, 'S/05', 'S/05', 'SWIVELLED RING', 1, '2013-12-26', '10:59:00', '2013-12-26 05:31:20'),
(638, 'CONNECTING RING', 1, 2, 'S/06', 'S/06', 'CONNECTING RING', 1, '2013-12-26', '10:59:00', '2013-12-26 05:31:20'),
(639, '11/4 VALVE BOX', 1, 2, 'S/07', 'S/07', '11/4 VALVE BOX', 1, '2013-12-26', '10:59:00', '2013-12-26 05:31:20'),
(640, '11/4 INTAKE VALVE SEAT', 1, 2, 'S/08', 'S/08', '11/4 INTAKE VALVE SEAT', 1, '2013-12-26', '10:59:00', '2013-12-26 05:31:21'),
(641, 'PLUNGER END', 1, 2, 'S/10', 'S/10', 'PLUNGER END', 1, '2013-12-26', '10:59:00', '2013-12-26 05:31:21'),
(642, 'PUMP BOTTOM COVER', 1, 2, 'S/11', 'S/11', 'PUMP BOTTOM COVER', 1, '2013-12-26', '10:59:00', '2013-12-26 05:31:21'),
(643, 'PUMP TOP COVER', 1, 2, 'S/12', 'S/12', 'PUMP TOP COVER', 1, '2013-12-26', '10:59:00', '2013-12-26 05:31:21'),
(644, 'STRAINER ASSEMBLE', 1, 2, 'S/13', 'S/13', 'STRAINER ASSEMBLE', 1, '2013-12-26', '10:59:00', '2013-12-26 05:31:21'),
(645, '8L TOP COVER', 1, 2, 'SS/C/02', 'SS/C/02', '8L TOP COVER', 1, '2013-12-26', '10:59:00', '2013-12-26 05:31:21'),
(646, '8L BOTTOM COVER', 1, 2, 'SS/C/03', 'SS/C/03', '8L BOTTOM COVER', 1, '2013-12-26', '10:59:00', '2013-12-26 05:31:22'),
(647, '8L COPPER RIVET', 1, 2, 'SS/C/04', 'SS/C/04', '8L COPPER RIVET', 1, '2013-12-26', '10:59:00', '2013-12-26 05:31:22'),
(648, '8L EXTRA PACKING SET', 1, 2, 'SS/C/05', 'SS/C/05', '8L EXTRA PACKING SET', 1, '2013-12-26', '10:59:00', '2013-12-26 05:31:22'),
(649, 'PVC HOSE GREEN', 1, 2, 'SS/C/06', 'SS/C/06', 'PVC HOSE GREEN', 1, '2013-12-26', '10:59:00', '2013-12-26 05:31:22'),
(650, 'PVC HOSE (TUBE)', 1, 2, 'SS/C/07', 'SS/C/07', 'PVC HOSE (TUBE)', 1, '2013-12-26', '10:59:00', '2013-12-26 05:31:22'),
(651, 'LIQUID TANK FOR 8L', 1, 2, 'SS/C/08', 'SS/C/08', 'LIQUID TANK FOR 8L', 1, '2013-12-26', '10:59:00', '2013-12-26 05:31:22'),
(652, '1 1/8 SHOULDER STRAPS', 1, 2, 'SS/C/09', 'SS/C/09', '1 1/8 SHOULDER STRAPS', 1, '2013-12-26', '10:59:00', '2013-12-26 05:31:23'),
(653, '11/4  SHOULDER STRAPS', 1, 2, 'SS/C/10', 'SS/C/10', '11/4  SHOULDER STRAPS', 1, '2013-12-26', '10:59:00', '2013-12-26 05:31:23'),
(654, 'SHOULDER CUSHION', 1, 2, 'SS/C/11', 'SS/C/11', 'SHOULDER CUSHION', 1, '2013-12-26', '10:59:00', '2013-12-26 05:31:23'),
(655, 'CARTON FOR 16L/13L', 1, 2, 'SS/C/12', 'SS/C/12', 'CARTON FOR 16L/13L', 1, '2013-12-26', '10:59:00', '2013-12-26 05:31:24'),
(656, 'AGRO TECH CARTON', 1, 2, 'SS/C/13', 'SS/C/13', 'AGRO TECH CARTON', 1, '2013-12-26', '10:59:00', '2013-12-26 05:31:24'),
(657, 'HOOKS LARGE', 1, 2, 'SS/C/14', 'SS/C/14', 'HOOKS LARGE', 1, '2013-12-26', '10:59:00', '2013-12-26 05:31:24'),
(658, 'HOOKS SMALL', 1, 2, 'SS/C/15', 'SS/C/15', 'HOOKS SMALL', 1, '2013-12-26', '10:59:00', '2013-12-26 05:31:24'),
(659, 'S.S.SPRING FOR HOSE', 1, 2, 'SS/C/16', 'SS/C/16', 'S.S.SPRING FOR HOSE', 1, '2013-12-26', '10:59:00', '2013-12-26 05:31:24'),
(660, 'BUCKLE', 1, 2, 'SS/C/17', 'SS/C/17', 'BUCKLE', 1, '2013-12-26', '10:59:00', '2013-12-26 05:31:25'),
(661, 'CYLINDER SPRING', 1, 2, 'SS/C/18', 'SS/C/18', 'CYLINDER SPRING', 1, '2013-12-26', '10:59:00', '2013-12-26 05:31:25'),
(662, 'CARTON FOR 8L', 1, 2, 'SS/C/19', 'SS/C/19', 'CARTON FOR 8L', 1, '2013-12-26', '10:59:00', '2013-12-26 05:31:25'),
(663, 'POLYTHENE FILM 18', 1, 2, 'SS/C/20', 'SS/C/20', 'POLYTHENE FILM 18', 1, '2013-12-26', '10:59:00', '2013-12-26 05:31:25'),
(664, '13L S/S PUMP COMPLETE', 1, 2, 'SS/C/21', 'SS/C/21', '13L S/S PUMP COMPLETE', 1, '2013-12-26', '10:59:00', '2013-12-26 05:31:26'),
(665, '16L S/S PUMP UNIT S/B', 1, 2, 'SS/C/22', 'SS/C/22', '16L S/S PUMP UNIT S/B', 1, '2013-12-26', '10:59:00', '2013-12-26 05:31:26'),
(666, 'PUMP UNIT COMPL 8L', 1, 2, 'SS/C/23', 'SS/C/23', 'PUMP UNIT COMPL 8L', 1, '2013-12-26', '10:59:00', '2013-12-26 05:31:26'),
(667, '8L PLASTIC PUMP UNIT', 1, 2, 'SS/C/23A', 'SS/C/23A', '8L PLASTIC PUMP UNIT', 1, '2013-12-26', '10:59:00', '2013-12-26 05:31:26'),
(668, 'PUMP STAND FOR 16L', 1, 2, 'SS/C/24', 'SS/C/24', 'PUMP STAND FOR 16L', 1, '2013-12-26', '10:59:00', '2013-12-26 05:31:26'),
(669, 'PUMP STAND FOR 8L', 1, 2, 'SS/C/26', 'SS/C/26', 'PUMP STAND FOR 8L', 1, '2013-12-26', '10:59:00', '2013-12-26 05:31:26'),
(670, 'POP RIVET', 1, 2, 'SS/C/27', 'SS/C/27', 'POP RIVET', 1, '2013-12-26', '10:59:00', '2013-12-26 05:31:26'),
(671, 'TWO ORIFICES NOZZLE', 1, 2, 'SS/C/28', 'SS/C/28', 'TWO ORIFICES NOZZLE', 1, '2013-12-26', '10:59:00', '2013-12-26 05:31:27'),
(672, 'LANCE TUBE', 1, 2, 'SS/C/29', 'SS/C/29', 'LANCE TUBE', 1, '2013-12-26', '10:59:00', '2013-12-26 05:31:27'),
(673, 'LANCE TUBE SHORT', 1, 2, 'SS/C/29A', 'SS/C/29A', 'LANCE TUBE SHORT', 1, '2013-12-26', '10:59:00', '2013-12-26 05:31:27'),
(674, 'LANCE TUBE LONG', 1, 2, 'SS/C/29B', 'SS/C/29B', 'LANCE TUBE LONG', 1, '2013-12-26', '10:59:00', '2013-12-26 05:31:27'),
(675, 'PLASTIC HANDLE RED', 1, 2, 'SS/C/30', 'SS/C/30', 'PLASTIC HANDLE RED', 1, '2013-12-26', '10:59:00', '2013-12-26 05:31:27'),
(676, 'HANDLE OF LANCE W/LO', 1, 2, 'SS/C/31', 'SS/C/31', 'HANDLE OF LANCE W/LO', 1, '2013-12-26', '10:59:00', '2013-12-26 05:31:28'),
(677, 'LA HANDLE LANCE W/L', 1, 2, 'SS/C/31A', 'SS/C/31A', 'LA HANDLE LANCE W/L', 1, '2013-12-26', '10:59:00', '2013-12-26 05:31:28'),
(678, 'HOSE COUPLE', 1, 2, 'SS/C/32', 'SS/C/32', 'HOSE COUPLE', 1, '2013-12-26', '10:59:00', '2013-12-26 05:31:28'),
(679, 'WING NUT FOR HOSE', 1, 2, 'SS/C/33', 'SS/C/33', 'WING NUT FOR HOSE', 1, '2013-12-26', '10:59:00', '2013-12-26 05:31:28'),
(680, 'BOLT FOR HOSE', 1, 2, 'SS/C/34', 'SS/C/34', 'BOLT FOR HOSE', 1, '2013-12-26', '10:59:00', '2013-12-26 05:31:28'),
(681, 'LANCE COMPLETE', 1, 2, 'SS/C/35', 'SS/C/35', 'LANCE COMPLETE', 1, '2013-12-26', '10:59:00', '2013-12-26 05:31:28'),
(682, 'SHOULDER STRAP PAIR', 1, 2, 'SS/C/36', 'SS/C/36', 'SHOULDER STRAP PAIR', 1, '2013-12-26', '10:59:00', '2013-12-26 05:31:29'),
(683, 'SHOULDER STRAP (LOCAL)', 1, 2, 'SS/C/36A', 'SS/C/36A', 'SHOULDER STRAP (LOCAL)', 1, '2013-12-26', '10:59:00', '2013-12-26 05:31:29'),
(684, 'SHOULDER STRAP 8L', 1, 2, 'SS/C/37', 'SS/C/37', 'SHOULDER STRAP 8L', 1, '2013-12-26', '10:59:00', '2013-12-26 05:31:29'),
(685, 'CYL/PACKING FOR S/B', 1, 2, 'SS/C/38', 'SS/C/38', 'CYL/PACKING FOR S/B', 1, '2013-12-26', '10:59:00', '2013-12-26 05:31:29'),
(686, 'CYL/PACKING FOR D/B', 1, 2, 'SS/C/38A', 'SS/C/38A', 'CYL/PACKING FOR D/B', 1, '2013-12-26', '10:59:00', '2013-12-26 05:31:29'),
(687, 'FIX WING BOLT', 1, 2, 'SS/C/39', 'SS/C/39', 'FIX WING BOLT', 1, '2013-12-26', '10:59:00', '2013-12-26 05:31:29'),
(688, 'PLUNGER BOLT', 1, 2, 'SS/C/40', 'SS/C/40', 'PLUNGER BOLT', 1, '2013-12-26', '10:59:00', '2013-12-26 05:31:30'),
(689, 'PIN', 1, 2, 'SS/C/41', 'SS/C/41', 'PIN SS/C/41', 1, '2013-12-26', '10:59:00', '2013-12-26 05:31:30'),
(690, 'S/ORIFICE NOZZLE', 1, 2, 'SS/C/42', 'SS/C/42', 'S/ORIFICE NOZZLE', 1, '2013-12-26', '10:59:00', '2013-12-26 05:31:31'),
(691, 'BRASS S/NOZZLE CAP', 1, 2, 'SS/C/42A', 'SS/C/42A', 'BRASS S/NOZZLE CAP', 1, '2013-12-26', '10:59:00', '2013-12-26 05:31:31'),
(692, 'TANK CAP PLASTIC', 1, 2, 'SS/C/43', 'SS/C/43', 'TANK CAP PLASTIC', 1, '2013-12-26', '10:59:00', '2013-12-26 05:31:31'),
(693, 'FILTER CAP', 1, 2, 'SS/C/43A', 'SS/C/43A', 'FILTER CAP', 1, '2013-12-26', '10:59:00', '2013-12-26 05:31:31'),
(694, 'STRAINER 16L', 1, 2, 'SS/C/44', 'SS/C/44', 'STRAINER 16L', 1, '2013-12-26', '10:59:00', '2013-12-26 05:31:31'),
(695, 'WING NUT FOR 8L', 1, 2, 'SS/C/45', 'SS/C/45', 'WING NUT FOR 8L', 1, '2013-12-26', '10:59:00', '2013-12-26 05:31:31'),
(696, 'FILLER CAP 8L', 1, 2, 'SS/C/46', 'SS/C/46', 'FILLER CAP 8L', 1, '2013-12-26', '10:59:00', '2013-12-26 05:31:32'),
(697, 'STRAINER 8L', 1, 2, 'SS/C/47', 'SS/C/47', 'STRAINER 8L', 1, '2013-12-26', '10:59:00', '2013-12-26 05:31:32'),
(698, 'PACKING RING 8L', 1, 2, 'SS/C/48', 'SS/C/48', 'PACKING RING 8L', 1, '2013-12-26', '10:59:00', '2013-12-26 05:31:32'),
(699, 'LINEN POLISHIN WHEEL', 1, 2, 'SS/C/50', 'SS/C/50', 'LINEN POLISHIN WHEEL', 1, '2013-12-26', '10:59:00', '2013-12-26 05:31:32'),
(700, 'RUBBER GLOVE', 1, 2, 'SS/C/53', 'SS/C/53', 'RUBBER GLOVE', 1, '2013-12-26', '10:59:00', '2013-12-26 05:31:32'),
(701, 'FACE MASK', 1, 2, 'SS/C/54', 'SS/C/54', 'FACE MASK', 1, '2013-12-26', '10:59:00', '2013-12-26 05:31:32'),
(702, 'INDUSTRIAL FACE MASK', 1, 2, 'SS/C/54A', 'SS/C/54A', 'INDUSTRIAL FACE MASK', 1, '2013-12-26', '10:59:00', '2013-12-26 05:31:32'),
(703, 'BENT ADAPT FOR LANCE', 1, 2, 'SS/C/55', 'SS/C/55', 'BENT ADAPT FOR LANCE', 1, '2013-12-26', '10:59:00', '2013-12-26 05:31:33'),
(704, 'DOSAGE COCK', 1, 2, 'SS/C/56', 'SS/C/56', 'DOSAGE COCK', 1, '2013-12-26', '10:59:00', '2013-12-26 05:31:33'),
(705, 'BOTTOM COVER', 1, 2, 'SS/C/57', 'SS/C/57', 'BOTTOM COVER', 1, '2013-12-26', '10:59:00', '2013-12-26 05:31:33'),
(706, 'NOZZLE', 1, 2, 'SS/C/58', 'SS/C/58', 'NOZZLE', 1, '2013-12-26', '10:59:00', '2013-12-26 05:31:33'),
(707, 'P/FILLER CAP STAND', 1, 2, 'SS/C/59', 'SS/C/59', 'P/FILLER CAP STAND', 1, '2013-12-26', '10:59:00', '2013-12-26 05:31:33'),
(708, 'ADJUSTABLE D/NOZZLE', 1, 2, 'SS/C/60', 'SS/C/60', 'ADJUSTABLE D/NOZZLE', 1, '2013-12-26', '10:59:00', '2013-12-26 05:31:33'),
(709, 'WEEDICIDE NOZZLE', 1, 2, 'SS/C/61', 'SS/C/61', 'WEEDICIDE NOZZLE', 1, '2013-12-26', '10:59:00', '2013-12-26 05:31:34'),
(710, 'NOZZLE GUARD (PLASTIC)', 1, 2, 'SS/C/62', 'SS/C/62', 'NOZZLE GUARD (PLASTIC)', 1, '2013-12-26', '10:59:00', '2013-12-26 05:31:34'),
(711, '4 HOLE ADJ.NOZZLE', 1, 2, 'SS/C/63', 'SS/C/63', '4 HOLE ADJ.NOZZLE', 1, '2013-12-26', '10:59:00', '2013-12-26 05:31:34'),
(712, 'MULTI PURPOSE NOZZLE', 1, 2, 'SS/C/66', 'SS/C/66', 'MULTI PURPOSE NOZZLE', 1, '2013-12-26', '10:59:00', '2013-12-26 05:31:34'),
(713, 'B-65/84 VEE BELT', 1, 7, 'V/B/22', 'V/B/22', 'B-65/84 VEE BELT', 1, '2013-12-26', '10:59:00', '2013-12-26 05:31:34'),
(714, 'B-69 VEE BELT', 1, 7, 'V/B/23', 'V/B/23', 'B-69 VEE BELT', 1, '2013-12-26', '10:59:00', '2013-12-26 05:31:34'),
(715, 'DELIVERY TUBE WASHER', 1, 2, '13L/06', '13L/06', 'DELIVERY TUBE WASHER', 1, '2013-12-26', '10:59:00', '2013-12-26 05:31:35'),
(716, 'PLUNGER ROD COMPLETE', 1, 2, '13L/10', '13L/10', 'PLUNGER ROD COMPLETE', 1, '2013-12-26', '10:59:00', '2013-12-26 05:31:35'),
(717, 'CUP LEATHER (LOCAL)', 1, 2, '13L/16', '13L/16', 'CUP LEATHER (LOCAL)', 1, '2013-12-26', '10:59:00', '2013-12-26 05:31:35'),
(718, 'BRASS TUBE 1 1/4', 1, 2, '13L/21-2', '13L/21-2', 'BRASS TUBE 1 1/4', 1, '2013-12-26', '10:59:00', '2013-12-26 05:31:35'),
(719, '13L SB PUMP UNIT COM', 1, 2, '13L/21/B', '13L/21/B', '13L SB PUMP UNIT COM', 1, '2013-12-26', '10:59:00', '2013-12-26 05:31:35'),
(720, 'BRASS TUBE 1 1/4', 1, 2, '13L/21/2', '13L/21/2', 'BRASS TUBE 1 1/4', 1, '2013-12-26', '10:59:00', '2013-12-26 05:31:35'),
(721, 'PUMP UNIT COMPL S/B', 1, 2, '13L/21B', '13L/21B', 'PUMP UNIT COMPL S/B', 1, '2013-12-26', '10:59:00', '2013-12-26 05:31:36'),
(722, 'TANK CAP', 1, 2, '13L/30', '13L/30', 'TANK CAP', 1, '2013-12-26', '10:59:00', '2013-12-26 05:31:36'),
(723, 'ASSY TANK FUEL.', 1, 2, '41012', '41012', 'ASSY TANK FUEL.', 1, '2013-12-26', '10:59:00', '2013-12-26 05:31:36'),
(724, 'PLUN LEATHER HOLDER', 1, 2, '8L/10/2', '8L/10/2', 'PLUN LEATHER HOLDER', 1, '2013-12-26', '10:59:00', '2013-12-26 05:31:36'),
(725, 'PLAS HANDLE WITH ROD', 1, 2, '8L/10A', '8L/10A', 'PLAS HANDLE WITH ROD', 1, '2013-12-26', '10:59:00', '2013-12-26 05:31:36'),
(726, 'LEATHER STRAP', 1, 2, '8L/11', '8L/11', 'LEATHER STRAP', 1, '2013-12-26', '10:59:00', '2013-12-26 05:31:36'),
(727, 'SPRING FOR PLUNGER', 1, 2, '8L/13', '8L/13', 'SPRING FOR PLUNGER', 1, '2013-12-26', '10:59:00', '2013-12-26 05:31:36'),
(728, 'CYLINDER CAP', 1, 2, '8L/14', '8L/14', 'CYLINDER CAP-8L/14', 1, '2013-12-26', '10:59:00', '2013-12-26 05:31:37'),
(729, 'CUP LEATHER (LOCAL)', 1, 2, '8L/16', '8L/16', 'CUP LEATHER (LOCAL)', 1, '2013-12-26', '10:59:00', '2013-12-26 05:31:37'),
(730, 'CUP LEATHER (IMP)', 1, 2, '8L/16A', '8L/16A', 'CUP LEATHER (IMP)', 1, '2013-12-26', '10:59:00', '2013-12-26 05:31:37'),
(731, '8L CUP LEATHER COMPL', 1, 2, '8L/16C', '8L/16C', '8L CUP LEATHER COMPL', 1, '2013-12-26', '10:59:00', '2013-12-26 05:31:37'),
(732, 'INNER CUP', 1, 2, '8L/17', '8L/17', 'INNER CUP', 1, '2013-12-26', '10:59:00', '2013-12-26 05:31:37'),
(733, 'FIX NUT', 1, 2, '8L/18', '8L/18', 'FIX NUT-8L/18', 1, '2013-12-26', '10:59:00', '2013-12-26 05:31:38'),
(734, '8L PUMP PE CUP', 1, 2, '8L/19', '8L/19', '8L PUMP PE CUP', 1, '2013-12-26', '10:59:00', '2013-12-26 05:31:38'),
(735, 'PUMP TOP COVER', 1, 2, '8L/21/1', '8L/21/1', 'PUMP TOP COVER', 1, '2013-12-26', '10:59:00', '2013-12-26 05:31:38'),
(736, 'PLUNGER BARREL', 1, 2, '8L/21/2', '8L/21/2', 'PLUNGER BARREL', 1, '2013-12-26', '10:59:00', '2013-12-26 05:31:38'),
(737, 'AIR CHAMBER B/COVER', 1, 2, '8L/21/3', '8L/21/3', 'AIR CHAMBER B/COVER', 1, '2013-12-26', '10:59:00', '2013-12-26 05:31:38'),
(738, 'BALL VALVE 3/8', 1, 2, '8L/22', '8L/22', 'BALL VALVE 3/8', 1, '2013-12-26', '10:59:00', '2013-12-26 05:31:38'),
(739, '8L STRAINER ASSY', 1, 2, '8L/24', '8L/24', '8L STRAINER ASSY', 1, '2013-12-26', '10:59:00', '2013-12-26 05:31:38'),
(740, '8L STRAINER ADAPTOR', 1, 2, '8L/25', '8L/25', '8L STRAINER ADAPTOR', 1, '2013-12-26', '10:59:00', '2013-12-26 05:31:39'),
(741, 'DELIVERY VALVE BOX', 1, 2, '8L/27', '8L/27', 'DELIVERY VALVE BOX', 1, '2013-12-26', '10:59:00', '2013-12-26 05:31:39'),
(742, 'DELIVERY TUBE', 1, 2, '8L/28', '8L/28', 'DELIVERY TUBE', 1, '2013-12-26', '10:59:00', '2013-12-26 05:31:39'),
(743, 'WINGNUT FOR DEL TUBE', 1, 2, '8L/28A', '8L/28A', 'WINGNUT FOR DEL TUBE', 1, '2013-12-26', '10:59:00', '2013-12-26 05:31:39');

-- --------------------------------------------------------

--
-- Table structure for table `tbl_item_brand`
--

CREATE TABLE IF NOT EXISTS `tbl_item_brand` (
  `item_brand_id` int(11) NOT NULL AUTO_INCREMENT,
  `brand_name` varchar(40) NOT NULL,
  PRIMARY KEY (`item_brand_id`),
  KEY `itm_brand_id` (`item_brand_id`)
) ENGINE=InnoDB  DEFAULT CHARSET=latin1 AUTO_INCREMENT=2 ;

--
-- Dumping data for table `tbl_item_brand`
--

INSERT INTO `tbl_item_brand` (`item_brand_id`, `brand_name`) VALUES
(1, 'Osram');

-- --------------------------------------------------------

--
-- Table structure for table `tbl_item_category`
--

CREATE TABLE IF NOT EXISTS `tbl_item_category` (
  `id_item_category` int(11) NOT NULL AUTO_INCREMENT,
  `tbl_item_category_name` varchar(450) DEFAULT NULL,
  `tbl_item_category_status` tinyint(4) DEFAULT '1',
  `added_date` date DEFAULT NULL,
  `added_time` time DEFAULT NULL,
  `category_timestamp` timestamp NULL DEFAULT CURRENT_TIMESTAMP ON UPDATE CURRENT_TIMESTAMP,
  PRIMARY KEY (`id_item_category`)
) ENGINE=InnoDB  DEFAULT CHARSET=latin1 AUTO_INCREMENT=10 ;

--
-- Dumping data for table `tbl_item_category`
--

INSERT INTO `tbl_item_category` (`id_item_category`, `tbl_item_category_name`, `tbl_item_category_status`, `added_date`, `added_time`, `category_timestamp`) VALUES
(1, 'Machinery', 1, '2013-11-20', '14:14:36', '2013-11-28 03:58:39'),
(2, 'Hayspray Spare Parts', 1, '2013-11-21', '06:52:39', '2013-11-28 04:02:56'),
(3, 'CY Power Spray Spare Parts', 1, '2013-11-21', '06:53:53', '2013-11-28 04:33:26'),
(4, 'Italian Power Spray Spare Parts', 1, '2013-11-21', '06:52:06', '2013-11-28 04:04:22'),
(5, 'VT Super Spare Parts', 1, '2013-11-21', '06:49:00', '2013-11-28 04:06:08'),
(6, 'AS11 Spare Parts', 1, '2013-11-21', '06:41:47', '2013-11-28 04:06:30'),
(7, 'Thresuer', 1, '2013-11-21', '06:48:02', '2013-11-28 04:07:19'),
(8, 'Other', 1, '2013-11-21', '06:48:02', '2013-11-28 04:10:32'),
(9, 'Milking Machine Spaire Parts', 1, '2013-11-21', '06:48:02', '2013-11-28 04:10:43');

-- --------------------------------------------------------

--
-- Table structure for table `tbl_item_category_has_division`
--

CREATE TABLE IF NOT EXISTS `tbl_item_category_has_division` (
  `id_item_category_has_division` int(11) NOT NULL AUTO_INCREMENT,
  `id_item_category` int(11) NOT NULL,
  `id_division` int(11) NOT NULL,
  PRIMARY KEY (`id_item_category_has_division`),
  KEY `fk_tbl_item_category_has_tbl_division_tbl_item_category1` (`id_item_category`),
  KEY `fk_tbl_item_category_has_tbl_division_tbl_division1` (`id_division`)
) ENGINE=InnoDB DEFAULT CHARSET=latin1 AUTO_INCREMENT=1 ;

-- --------------------------------------------------------

--
-- Table structure for table `tbl_item_has_item_keyword`
--

CREATE TABLE IF NOT EXISTS `tbl_item_has_item_keyword` (
  `id_item_has_item_keyword` int(11) NOT NULL AUTO_INCREMENT,
  `id_item` int(11) NOT NULL,
  `id_item_keyword` int(11) NOT NULL,
  PRIMARY KEY (`id_item_has_item_keyword`),
  KEY `fk_tbl_item_has_tbl_item_keyword_tbl_item_keyword1` (`id_item_keyword`),
  KEY `fk_tbl_item_has_tbl_item_keyword_tbl_item1` (`id_item`)
) ENGINE=InnoDB DEFAULT CHARSET=latin1 AUTO_INCREMENT=1 ;

-- --------------------------------------------------------

--
-- Table structure for table `tbl_item_keyword`
--

CREATE TABLE IF NOT EXISTS `tbl_item_keyword` (
  `id_item_keyword` int(11) NOT NULL AUTO_INCREMENT,
  `item_keyword` varchar(45) NOT NULL,
  `item_keyword_status` tinyint(4) NOT NULL DEFAULT '1',
  PRIMARY KEY (`id_item_keyword`)
) ENGINE=InnoDB DEFAULT CHARSET=latin1 AUTO_INCREMENT=1 ;

-- --------------------------------------------------------

--
-- Table structure for table `tbl_item_map`
--

CREATE TABLE IF NOT EXISTS `tbl_item_map` (
  `id_item_map` int(11) NOT NULL AUTO_INCREMENT,
  `id_division` int(11) NOT NULL,
  `id_item_category` int(11) NOT NULL,
  `id_item` int(11) NOT NULL,
  `item_map_satatus` tinyint(4) NOT NULL DEFAULT '1',
  `added_date` date DEFAULT NULL,
  `added_time` time DEFAULT NULL,
  `added_timestamp` timestamp NOT NULL DEFAULT CURRENT_TIMESTAMP ON UPDATE CURRENT_TIMESTAMP,
  PRIMARY KEY (`id_item_map`),
  KEY `fk_tbl_item_map_tbl_division1` (`id_division`),
  KEY `fk_tbl_item_map_tbl_item_category1` (`id_item_category`),
  KEY `fk_tbl_item_map_tbl_item1` (`id_item`)
) ENGINE=InnoDB  DEFAULT CHARSET=latin1 AUTO_INCREMENT=744 ;

--
-- Dumping data for table `tbl_item_map`
--

INSERT INTO `tbl_item_map` (`id_item_map`, `id_division`, `id_item_category`, `id_item`, `item_map_satatus`, `added_date`, `added_time`, `added_timestamp`) VALUES
(1, 1, 1, 1, 1, '2013-12-26', '10:59:00', '2013-12-26 05:29:32'),
(2, 1, 1, 2, 1, '2013-12-26', '10:59:00', '2013-12-26 05:29:32'),
(3, 1, 1, 3, 1, '2013-12-26', '10:59:00', '2013-12-26 05:29:33'),
(4, 1, 1, 4, 0, '2013-12-26', '10:59:00', '2014-01-13 09:11:43'),
(5, 1, 1, 5, 1, '2013-12-26', '10:59:00', '2013-12-26 05:29:33'),
(6, 1, 1, 6, 1, '2013-12-26', '10:59:00', '2013-12-26 05:29:33'),
(7, 1, 1, 7, 1, '2013-12-26', '10:59:00', '2013-12-26 05:29:33'),
(8, 1, 1, 8, 1, '2013-12-26', '10:59:00', '2013-12-26 05:29:33'),
(9, 1, 1, 9, 1, '2013-12-26', '10:59:00', '2013-12-26 05:29:33'),
(10, 1, 1, 10, 1, '2013-12-26', '10:59:00', '2013-12-26 05:29:34'),
(11, 1, 1, 11, 1, '2013-12-26', '10:59:00', '2013-12-26 05:29:34'),
(12, 1, 1, 12, 1, '2013-12-26', '10:59:00', '2013-12-26 05:29:34'),
(13, 1, 1, 13, 1, '2013-12-26', '10:59:00', '2013-12-26 05:29:34'),
(14, 1, 8, 14, 1, '2013-12-26', '10:59:00', '2013-12-26 05:29:34'),
(15, 1, 8, 15, 1, '2013-12-26', '10:59:00', '2013-12-26 05:29:34'),
(16, 1, 2, 16, 1, '2013-12-26', '10:59:00', '2013-12-26 05:29:34'),
(17, 1, 2, 17, 1, '2013-12-26', '10:59:00', '2013-12-26 05:29:35'),
(18, 1, 2, 18, 1, '2013-12-26', '10:59:00', '2013-12-26 05:29:35'),
(19, 1, 2, 19, 1, '2013-12-26', '10:59:00', '2013-12-26 05:29:35'),
(20, 1, 2, 20, 1, '2013-12-26', '10:59:00', '2013-12-26 05:29:35'),
(21, 1, 2, 21, 1, '2013-12-26', '10:59:00', '2013-12-26 05:29:35'),
(22, 1, 2, 22, 1, '2013-12-26', '10:59:00', '2013-12-26 05:29:35'),
(23, 1, 2, 23, 1, '2013-12-26', '10:59:00', '2013-12-26 05:29:36'),
(24, 1, 2, 24, 1, '2013-12-26', '10:59:00', '2013-12-26 05:29:36'),
(25, 1, 2, 25, 1, '2013-12-26', '10:59:00', '2013-12-26 05:29:36'),
(26, 1, 2, 26, 1, '2013-12-26', '10:59:00', '2013-12-26 05:29:36'),
(27, 1, 4, 27, 1, '2013-12-26', '10:59:00', '2013-12-26 05:29:36'),
(28, 1, 4, 28, 1, '2013-12-26', '10:59:00', '2013-12-26 05:29:36'),
(29, 1, 4, 29, 1, '2013-12-26', '10:59:00', '2013-12-26 05:29:36'),
(30, 1, 4, 30, 1, '2013-12-26', '10:59:00', '2013-12-26 05:29:37'),
(31, 1, 4, 31, 1, '2013-12-26', '10:59:00', '2013-12-26 05:29:37'),
(32, 1, 4, 32, 1, '2013-12-26', '10:59:00', '2013-12-26 05:29:37'),
(33, 1, 4, 33, 1, '2013-12-26', '10:59:00', '2013-12-26 05:29:37'),
(34, 1, 4, 34, 1, '2013-12-26', '10:59:00', '2013-12-26 05:29:37'),
(35, 1, 4, 35, 1, '2013-12-26', '10:59:00', '2013-12-26 05:29:38'),
(36, 1, 4, 36, 1, '2013-12-26', '10:59:00', '2013-12-26 05:29:38'),
(37, 1, 4, 37, 1, '2013-12-26', '10:59:00', '2013-12-26 05:29:38'),
(38, 1, 4, 38, 1, '2013-12-26', '10:59:00', '2013-12-26 05:29:38'),
(39, 1, 4, 39, 1, '2013-12-26', '10:59:00', '2013-12-26 05:29:38'),
(40, 1, 4, 40, 1, '2013-12-26', '10:59:00', '2013-12-26 05:29:38'),
(41, 1, 4, 41, 1, '2013-12-26', '10:59:00', '2013-12-26 05:29:38'),
(42, 1, 4, 42, 1, '2013-12-26', '10:59:00', '2013-12-26 05:29:39'),
(43, 1, 4, 43, 1, '2013-12-26', '10:59:00', '2013-12-26 05:29:39'),
(44, 1, 4, 44, 1, '2013-12-26', '10:59:00', '2013-12-26 05:29:39'),
(45, 1, 4, 45, 1, '2013-12-26', '10:59:00', '2013-12-26 05:29:39'),
(46, 1, 4, 46, 1, '2013-12-26', '10:59:00', '2013-12-26 05:29:39'),
(47, 1, 4, 47, 1, '2013-12-26', '10:59:00', '2013-12-26 05:29:40'),
(48, 1, 4, 48, 1, '2013-12-26', '10:59:00', '2013-12-26 05:29:40'),
(49, 1, 4, 49, 1, '2013-12-26', '10:59:00', '2013-12-26 05:29:40'),
(50, 1, 4, 50, 1, '2013-12-26', '10:59:00', '2013-12-26 05:29:40'),
(51, 1, 4, 51, 1, '2013-12-26', '10:59:00', '2013-12-26 05:29:40'),
(52, 1, 4, 52, 1, '2013-12-26', '10:59:00', '2013-12-26 05:29:40'),
(53, 1, 4, 53, 1, '2013-12-26', '10:59:00', '2013-12-26 05:29:40'),
(54, 1, 4, 54, 1, '2013-12-26', '10:59:00', '2013-12-26 05:29:41'),
(55, 1, 4, 55, 1, '2013-12-26', '10:59:00', '2013-12-26 05:29:41'),
(56, 1, 4, 56, 1, '2013-12-26', '10:59:00', '2013-12-26 05:29:41'),
(57, 1, 4, 57, 1, '2013-12-26', '10:59:00', '2013-12-26 05:29:41'),
(58, 1, 4, 58, 1, '2013-12-26', '10:59:00', '2013-12-26 05:29:41'),
(59, 1, 4, 59, 1, '2013-12-26', '10:59:00', '2013-12-26 05:29:41'),
(60, 1, 4, 60, 1, '2013-12-26', '10:59:00', '2013-12-26 05:29:42'),
(61, 1, 4, 61, 1, '2013-12-26', '10:59:00', '2013-12-26 05:29:42'),
(62, 1, 4, 62, 1, '2013-12-26', '10:59:00', '2013-12-26 05:29:42'),
(63, 1, 4, 63, 1, '2013-12-26', '10:59:00', '2013-12-26 05:29:43'),
(64, 1, 4, 64, 1, '2013-12-26', '10:59:00', '2013-12-26 05:29:43'),
(65, 1, 4, 65, 1, '2013-12-26', '10:59:00', '2013-12-26 05:29:43'),
(66, 1, 4, 66, 1, '2013-12-26', '10:59:00', '2013-12-26 05:29:43'),
(67, 1, 4, 67, 1, '2013-12-26', '10:59:00', '2013-12-26 05:29:44'),
(68, 1, 4, 68, 1, '2013-12-26', '10:59:00', '2013-12-26 05:29:44'),
(69, 1, 4, 69, 1, '2013-12-26', '10:59:00', '2013-12-26 05:29:44'),
(70, 1, 4, 70, 1, '2013-12-26', '10:59:00', '2013-12-26 05:29:44'),
(71, 1, 4, 71, 1, '2013-12-26', '10:59:00', '2013-12-26 05:29:44'),
(72, 1, 4, 72, 1, '2013-12-26', '10:59:00', '2013-12-26 05:29:44'),
(73, 1, 4, 73, 1, '2013-12-26', '10:59:00', '2013-12-26 05:29:45'),
(74, 1, 4, 74, 1, '2013-12-26', '10:59:00', '2013-12-26 05:29:45'),
(75, 1, 4, 75, 1, '2013-12-26', '10:59:00', '2013-12-26 05:29:45'),
(76, 1, 4, 76, 1, '2013-12-26', '10:59:00', '2013-12-26 05:29:45'),
(77, 1, 4, 77, 1, '2013-12-26', '10:59:00', '2013-12-26 05:29:45'),
(78, 1, 4, 78, 1, '2013-12-26', '10:59:00', '2013-12-26 05:29:45'),
(79, 1, 4, 79, 1, '2013-12-26', '10:59:00', '2013-12-26 05:29:46'),
(80, 1, 4, 80, 1, '2013-12-26', '10:59:00', '2013-12-26 05:29:46'),
(81, 1, 4, 81, 1, '2013-12-26', '10:59:00', '2013-12-26 05:29:46'),
(82, 1, 4, 82, 1, '2013-12-26', '10:59:00', '2013-12-26 05:29:46'),
(83, 1, 4, 83, 1, '2013-12-26', '10:59:00', '2013-12-26 05:29:46'),
(84, 1, 4, 84, 1, '2013-12-26', '10:59:00', '2013-12-26 05:29:46'),
(85, 1, 4, 85, 1, '2013-12-26', '10:59:00', '2013-12-26 05:29:47'),
(86, 1, 4, 86, 1, '2013-12-26', '10:59:00', '2013-12-26 05:29:47'),
(87, 1, 4, 87, 1, '2013-12-26', '10:59:00', '2013-12-26 05:29:47'),
(88, 1, 4, 88, 1, '2013-12-26', '10:59:00', '2013-12-26 05:29:47'),
(89, 1, 4, 89, 1, '2013-12-26', '10:59:00', '2013-12-26 05:29:48'),
(90, 1, 4, 90, 1, '2013-12-26', '10:59:00', '2013-12-26 05:29:48'),
(91, 1, 4, 91, 1, '2013-12-26', '10:59:00', '2013-12-26 05:29:48'),
(92, 1, 4, 92, 1, '2013-12-26', '10:59:00', '2013-12-26 05:29:48'),
(93, 1, 4, 93, 1, '2013-12-26', '10:59:00', '2013-12-26 05:29:48'),
(94, 1, 4, 94, 1, '2013-12-26', '10:59:00', '2013-12-26 05:29:49'),
(95, 1, 4, 95, 1, '2013-12-26', '10:59:00', '2013-12-26 05:29:49'),
(96, 1, 4, 96, 1, '2013-12-26', '10:59:00', '2013-12-26 05:29:49'),
(97, 1, 4, 97, 1, '2013-12-26', '10:59:00', '2013-12-26 05:29:49'),
(98, 1, 4, 98, 1, '2013-12-26', '10:59:00', '2013-12-26 05:29:49'),
(99, 1, 4, 99, 1, '2013-12-26', '10:59:00', '2013-12-26 05:29:49'),
(100, 1, 4, 100, 1, '2013-12-26', '10:59:00', '2013-12-26 05:29:49'),
(101, 1, 4, 101, 1, '2013-12-26', '10:59:00', '2013-12-26 05:29:50'),
(102, 1, 4, 102, 1, '2013-12-26', '10:59:00', '2013-12-26 05:29:50'),
(103, 1, 4, 103, 1, '2013-12-26', '10:59:00', '2013-12-26 05:29:50'),
(104, 1, 4, 104, 1, '2013-12-26', '10:59:00', '2013-12-26 05:29:50'),
(105, 1, 4, 105, 1, '2013-12-26', '10:59:00', '2013-12-26 05:29:50'),
(106, 1, 4, 106, 1, '2013-12-26', '10:59:00', '2013-12-26 05:29:51'),
(107, 1, 4, 107, 1, '2013-12-26', '10:59:00', '2013-12-26 05:29:51'),
(108, 1, 4, 108, 1, '2013-12-26', '10:59:00', '2013-12-26 05:29:51'),
(109, 1, 4, 109, 1, '2013-12-26', '10:59:00', '2013-12-26 05:29:51'),
(110, 1, 4, 110, 1, '2013-12-26', '10:59:00', '2013-12-26 05:29:51'),
(111, 1, 4, 111, 1, '2013-12-26', '10:59:00', '2013-12-26 05:29:51'),
(112, 1, 4, 112, 1, '2013-12-26', '10:59:00', '2013-12-26 05:29:51'),
(113, 1, 4, 113, 1, '2013-12-26', '10:59:00', '2013-12-26 05:29:52'),
(114, 1, 4, 114, 1, '2013-12-26', '10:59:00', '2013-12-26 05:29:52'),
(115, 1, 4, 115, 1, '2013-12-26', '10:59:00', '2013-12-26 05:29:52'),
(116, 1, 4, 116, 1, '2013-12-26', '10:59:00', '2013-12-26 05:29:52'),
(117, 1, 4, 117, 1, '2013-12-26', '10:59:00', '2013-12-26 05:29:52'),
(118, 1, 4, 118, 1, '2013-12-26', '10:59:00', '2013-12-26 05:29:52'),
(119, 1, 4, 119, 1, '2013-12-26', '10:59:00', '2013-12-26 05:29:53'),
(120, 1, 4, 120, 1, '2013-12-26', '10:59:00', '2013-12-26 05:29:53'),
(121, 1, 4, 121, 1, '2013-12-26', '10:59:00', '2013-12-26 05:29:53'),
(122, 1, 4, 122, 1, '2013-12-26', '10:59:00', '2013-12-26 05:29:54'),
(123, 1, 4, 123, 1, '2013-12-26', '10:59:00', '2013-12-26 05:29:54'),
(124, 1, 4, 124, 1, '2013-12-26', '10:59:00', '2013-12-26 05:29:54'),
(125, 1, 4, 125, 1, '2013-12-26', '10:59:00', '2013-12-26 05:29:54'),
(126, 1, 4, 126, 1, '2013-12-26', '10:59:00', '2013-12-26 05:29:55'),
(127, 1, 4, 127, 1, '2013-12-26', '10:59:00', '2013-12-26 05:29:55'),
(128, 1, 4, 128, 1, '2013-12-26', '10:59:00', '2013-12-26 05:29:55'),
(129, 1, 4, 129, 1, '2013-12-26', '10:59:00', '2013-12-26 05:29:55'),
(130, 1, 4, 130, 1, '2013-12-26', '10:59:00', '2013-12-26 05:29:55'),
(131, 1, 4, 131, 1, '2013-12-26', '10:59:00', '2013-12-26 05:29:55'),
(132, 1, 4, 132, 1, '2013-12-26', '10:59:00', '2013-12-26 05:29:56'),
(133, 1, 4, 133, 1, '2013-12-26', '10:59:00', '2013-12-26 05:29:56'),
(134, 1, 4, 134, 1, '2013-12-26', '10:59:00', '2013-12-26 05:29:56'),
(135, 1, 4, 135, 1, '2013-12-26', '10:59:00', '2013-12-26 05:29:56'),
(136, 1, 4, 136, 1, '2013-12-26', '10:59:00', '2013-12-26 05:29:56'),
(137, 1, 4, 137, 1, '2013-12-26', '10:59:00', '2013-12-26 05:29:56'),
(138, 1, 4, 138, 1, '2013-12-26', '10:59:00', '2013-12-26 05:29:57'),
(139, 1, 4, 139, 1, '2013-12-26', '10:59:00', '2013-12-26 05:29:57'),
(140, 1, 4, 140, 1, '2013-12-26', '10:59:00', '2013-12-26 05:29:57'),
(141, 1, 4, 141, 1, '2013-12-26', '10:59:00', '2013-12-26 05:29:57'),
(142, 1, 4, 142, 1, '2013-12-26', '10:59:00', '2013-12-26 05:29:57'),
(143, 1, 4, 143, 1, '2013-12-26', '10:59:00', '2013-12-26 05:29:57'),
(144, 1, 4, 144, 1, '2013-12-26', '10:59:00', '2013-12-26 05:29:58'),
(145, 1, 4, 145, 1, '2013-12-26', '10:59:00', '2013-12-26 05:29:58'),
(146, 1, 4, 146, 1, '2013-12-26', '10:59:00', '2013-12-26 05:29:58'),
(147, 1, 4, 147, 1, '2013-12-26', '10:59:00', '2013-12-26 05:29:58'),
(148, 1, 4, 148, 1, '2013-12-26', '10:59:00', '2013-12-26 05:29:58'),
(149, 1, 4, 149, 1, '2013-12-26', '10:59:00', '2013-12-26 05:29:58'),
(150, 1, 4, 150, 1, '2013-12-26', '10:59:00', '2013-12-26 05:29:59'),
(151, 1, 4, 151, 1, '2013-12-26', '10:59:00', '2013-12-26 05:29:59'),
(152, 1, 4, 152, 1, '2013-12-26', '10:59:00', '2013-12-26 05:29:59'),
(153, 1, 4, 153, 1, '2013-12-26', '10:59:00', '2013-12-26 05:29:59'),
(154, 1, 4, 154, 1, '2013-12-26', '10:59:00', '2013-12-26 05:29:59'),
(155, 1, 4, 155, 1, '2013-12-26', '10:59:00', '2013-12-26 05:29:59'),
(156, 1, 4, 156, 1, '2013-12-26', '10:59:00', '2013-12-26 05:30:00'),
(157, 1, 4, 157, 1, '2013-12-26', '10:59:00', '2013-12-26 05:30:00'),
(158, 1, 4, 158, 1, '2013-12-26', '10:59:00', '2013-12-26 05:30:00'),
(159, 1, 4, 159, 1, '2013-12-26', '10:59:00', '2013-12-26 05:30:00'),
(160, 1, 4, 160, 1, '2013-12-26', '10:59:00', '2013-12-26 05:30:00'),
(161, 1, 4, 161, 1, '2013-12-26', '10:59:00', '2013-12-26 05:30:00'),
(162, 1, 4, 162, 1, '2013-12-26', '10:59:00', '2013-12-26 05:30:01'),
(163, 1, 4, 163, 1, '2013-12-26', '10:59:00', '2013-12-26 05:30:01'),
(164, 1, 4, 164, 1, '2013-12-26', '10:59:00', '2013-12-26 05:30:01'),
(165, 1, 4, 165, 1, '2013-12-26', '10:59:00', '2013-12-26 05:30:01'),
(166, 1, 4, 166, 1, '2013-12-26', '10:59:00', '2013-12-26 05:30:01'),
(167, 1, 4, 167, 1, '2013-12-26', '10:59:00', '2013-12-26 05:30:01'),
(168, 1, 4, 168, 1, '2013-12-26', '10:59:00', '2013-12-26 05:30:01'),
(169, 1, 4, 169, 1, '2013-12-26', '10:59:00', '2013-12-26 05:30:01'),
(170, 1, 4, 170, 1, '2013-12-26', '10:59:00', '2013-12-26 05:30:02'),
(171, 1, 4, 171, 1, '2013-12-26', '10:59:00', '2013-12-26 05:30:02'),
(172, 1, 4, 172, 1, '2013-12-26', '10:59:00', '2013-12-26 05:30:02'),
(173, 1, 4, 173, 1, '2013-12-26', '10:59:00', '2013-12-26 05:30:02'),
(174, 1, 4, 174, 1, '2013-12-26', '10:59:00', '2013-12-26 05:30:02'),
(175, 1, 4, 175, 1, '2013-12-26', '10:59:00', '2013-12-26 05:30:02'),
(176, 1, 4, 176, 1, '2013-12-26', '10:59:00', '2013-12-26 05:30:03'),
(177, 1, 4, 177, 1, '2013-12-26', '10:59:00', '2013-12-26 05:30:03'),
(178, 1, 4, 178, 1, '2013-12-26', '10:59:00', '2013-12-26 05:30:03'),
(179, 1, 4, 179, 1, '2013-12-26', '10:59:00', '2013-12-26 05:30:03'),
(180, 1, 4, 180, 1, '2013-12-26', '10:59:00', '2013-12-26 05:30:03'),
(181, 1, 4, 181, 1, '2013-12-26', '10:59:00', '2013-12-26 05:30:03'),
(182, 1, 4, 182, 1, '2013-12-26', '10:59:00', '2013-12-26 05:30:03'),
(183, 1, 4, 183, 1, '2013-12-26', '10:59:00', '2013-12-26 05:30:03'),
(184, 1, 4, 184, 1, '2013-12-26', '10:59:00', '2013-12-26 05:30:04'),
(185, 1, 4, 185, 1, '2013-12-26', '10:59:00', '2013-12-26 05:30:04'),
(186, 1, 4, 186, 1, '2013-12-26', '10:59:00', '2013-12-26 05:30:04'),
(187, 1, 4, 187, 1, '2013-12-26', '10:59:00', '2013-12-26 05:30:05'),
(188, 1, 4, 188, 1, '2013-12-26', '10:59:00', '2013-12-26 05:30:05'),
(189, 1, 4, 189, 1, '2013-12-26', '10:59:00', '2013-12-26 05:30:05'),
(190, 1, 4, 190, 1, '2013-12-26', '10:59:00', '2013-12-26 05:30:05'),
(191, 1, 4, 191, 1, '2013-12-26', '10:59:00', '2013-12-26 05:30:05'),
(192, 1, 4, 192, 1, '2013-12-26', '10:59:00', '2013-12-26 05:30:05'),
(193, 1, 4, 193, 1, '2013-12-26', '10:59:00', '2013-12-26 05:30:06'),
(194, 1, 4, 194, 1, '2013-12-26', '10:59:00', '2013-12-26 05:30:06'),
(195, 1, 4, 195, 1, '2013-12-26', '10:59:00', '2013-12-26 05:30:06'),
(196, 1, 4, 196, 1, '2013-12-26', '10:59:00', '2013-12-26 05:30:06'),
(197, 1, 4, 197, 1, '2013-12-26', '10:59:00', '2013-12-26 05:30:06'),
(198, 1, 4, 198, 1, '2013-12-26', '10:59:00', '2013-12-26 05:30:06'),
(199, 1, 4, 199, 1, '2013-12-26', '10:59:00', '2013-12-26 05:30:06'),
(200, 1, 4, 200, 1, '2013-12-26', '10:59:00', '2013-12-26 05:30:07'),
(201, 1, 4, 201, 1, '2013-12-26', '10:59:00', '2013-12-26 05:30:07'),
(202, 1, 6, 202, 1, '2013-12-26', '10:59:00', '2013-12-26 05:30:07'),
(203, 1, 6, 203, 1, '2013-12-26', '10:59:00', '2013-12-26 05:30:07'),
(204, 1, 6, 204, 1, '2013-12-26', '10:59:00', '2013-12-26 05:30:07'),
(205, 1, 6, 205, 1, '2013-12-26', '10:59:00', '2013-12-26 05:30:07'),
(206, 1, 6, 206, 1, '2013-12-26', '10:59:00', '2013-12-26 05:30:07'),
(207, 1, 6, 207, 1, '2013-12-26', '10:59:00', '2013-12-26 05:30:07'),
(208, 1, 6, 208, 1, '2013-12-26', '10:59:00', '2013-12-26 05:30:08'),
(209, 1, 6, 209, 1, '2013-12-26', '10:59:00', '2013-12-26 05:30:08'),
(210, 1, 6, 210, 1, '2013-12-26', '10:59:00', '2013-12-26 05:30:08'),
(211, 1, 6, 211, 1, '2013-12-26', '10:59:00', '2013-12-26 05:30:08'),
(212, 1, 6, 212, 1, '2013-12-26', '10:59:00', '2013-12-26 05:30:08'),
(213, 1, 6, 213, 1, '2013-12-26', '10:59:00', '2013-12-26 05:30:08'),
(214, 1, 6, 214, 1, '2013-12-26', '10:59:00', '2013-12-26 05:30:09'),
(215, 1, 6, 215, 1, '2013-12-26', '10:59:00', '2013-12-26 05:30:09'),
(216, 1, 6, 216, 1, '2013-12-26', '10:59:00', '2013-12-26 05:30:09'),
(217, 1, 6, 217, 1, '2013-12-26', '10:59:00', '2013-12-26 05:30:09'),
(218, 1, 6, 218, 1, '2013-12-26', '10:59:00', '2013-12-26 05:30:09'),
(219, 1, 6, 219, 1, '2013-12-26', '10:59:00', '2013-12-26 05:30:09'),
(220, 1, 6, 220, 1, '2013-12-26', '10:59:00', '2013-12-26 05:30:09'),
(221, 1, 6, 221, 1, '2013-12-26', '10:59:00', '2013-12-26 05:30:10'),
(222, 1, 6, 222, 1, '2013-12-26', '10:59:00', '2013-12-26 05:30:10'),
(223, 1, 6, 223, 1, '2013-12-26', '10:59:00', '2013-12-26 05:30:10'),
(224, 1, 6, 224, 1, '2013-12-26', '10:59:00', '2013-12-26 05:30:10'),
(225, 1, 6, 225, 1, '2013-12-26', '10:59:00', '2013-12-26 05:30:10'),
(226, 1, 6, 226, 1, '2013-12-26', '10:59:00', '2013-12-26 05:30:10'),
(227, 1, 6, 227, 1, '2013-12-26', '10:59:00', '2013-12-26 05:30:10'),
(228, 1, 6, 228, 1, '2013-12-26', '10:59:00', '2013-12-26 05:30:10'),
(229, 1, 6, 229, 1, '2013-12-26', '10:59:00', '2013-12-26 05:30:11'),
(230, 1, 6, 230, 1, '2013-12-26', '10:59:00', '2013-12-26 05:30:11'),
(231, 1, 6, 231, 1, '2013-12-26', '10:59:00', '2013-12-26 05:30:11'),
(232, 1, 6, 232, 1, '2013-12-26', '10:59:00', '2013-12-26 05:30:11'),
(233, 1, 6, 233, 1, '2013-12-26', '10:59:00', '2013-12-26 05:30:11'),
(234, 1, 6, 234, 1, '2013-12-26', '10:59:00', '2013-12-26 05:30:11'),
(235, 1, 6, 235, 1, '2013-12-26', '10:59:00', '2013-12-26 05:30:11'),
(236, 1, 6, 236, 1, '2013-12-26', '10:59:00', '2013-12-26 05:30:12'),
(237, 1, 6, 237, 1, '2013-12-26', '10:59:00', '2013-12-26 05:30:12'),
(238, 1, 6, 238, 1, '2013-12-26', '10:59:00', '2013-12-26 05:30:12'),
(239, 1, 6, 239, 1, '2013-12-26', '10:59:00', '2013-12-26 05:30:12'),
(240, 1, 6, 240, 1, '2013-12-26', '10:59:00', '2013-12-26 05:30:12'),
(241, 1, 6, 241, 1, '2013-12-26', '10:59:00', '2013-12-26 05:30:12'),
(242, 1, 6, 242, 1, '2013-12-26', '10:59:00', '2013-12-26 05:30:12'),
(243, 1, 6, 243, 1, '2013-12-26', '10:59:00', '2013-12-26 05:30:13'),
(244, 1, 6, 244, 1, '2013-12-26', '10:59:00', '2013-12-26 05:30:13'),
(245, 1, 6, 245, 1, '2013-12-26', '10:59:00', '2013-12-26 05:30:13'),
(246, 1, 6, 246, 1, '2013-12-26', '10:59:00', '2013-12-26 05:30:13'),
(247, 1, 6, 247, 1, '2013-12-26', '10:59:00', '2013-12-26 05:30:13'),
(248, 1, 6, 248, 1, '2013-12-26', '10:59:00', '2013-12-26 05:30:14'),
(249, 1, 6, 249, 1, '2013-12-26', '10:59:00', '2013-12-26 05:30:14'),
(250, 1, 6, 250, 1, '2013-12-26', '10:59:00', '2013-12-26 05:30:14'),
(251, 1, 6, 251, 1, '2013-12-26', '10:59:00', '2013-12-26 05:30:14'),
(252, 1, 6, 252, 1, '2013-12-26', '10:59:00', '2013-12-26 05:30:14'),
(253, 1, 6, 253, 1, '2013-12-26', '10:59:00', '2013-12-26 05:30:14'),
(254, 1, 6, 254, 1, '2013-12-26', '10:59:00', '2013-12-26 05:30:14'),
(255, 1, 6, 255, 1, '2013-12-26', '10:59:00', '2013-12-26 05:30:14'),
(256, 1, 6, 256, 1, '2013-12-26', '10:59:00', '2013-12-26 05:30:15'),
(257, 1, 6, 257, 1, '2013-12-26', '10:59:00', '2013-12-26 05:30:15'),
(258, 1, 6, 258, 1, '2013-12-26', '10:59:00', '2013-12-26 05:30:15'),
(259, 1, 6, 259, 1, '2013-12-26', '10:59:00', '2013-12-26 05:30:15'),
(260, 1, 6, 260, 1, '2013-12-26', '10:59:00', '2013-12-26 05:30:15'),
(261, 1, 6, 261, 1, '2013-12-26', '10:59:00', '2013-12-26 05:30:16'),
(262, 1, 6, 262, 1, '2013-12-26', '10:59:00', '2013-12-26 05:30:16'),
(263, 1, 6, 263, 1, '2013-12-26', '10:59:00', '2013-12-26 05:30:16'),
(264, 1, 6, 264, 1, '2013-12-26', '10:59:00', '2013-12-26 05:30:16'),
(265, 1, 6, 265, 1, '2013-12-26', '10:59:00', '2013-12-26 05:30:16'),
(266, 1, 6, 266, 1, '2013-12-26', '10:59:00', '2013-12-26 05:30:16'),
(267, 1, 6, 267, 1, '2013-12-26', '10:59:00', '2013-12-26 05:30:16'),
(268, 1, 6, 268, 1, '2013-12-26', '10:59:00', '2013-12-26 05:30:17'),
(269, 1, 6, 269, 1, '2013-12-26', '10:59:00', '2013-12-26 05:30:17'),
(270, 1, 6, 270, 1, '2013-12-26', '10:59:00', '2013-12-26 05:30:17'),
(271, 1, 6, 271, 1, '2013-12-26', '10:59:00', '2013-12-26 05:30:17'),
(272, 1, 6, 272, 1, '2013-12-26', '10:59:00', '2013-12-26 05:30:17'),
(273, 1, 6, 273, 1, '2013-12-26', '10:59:00', '2013-12-26 05:30:17'),
(274, 1, 6, 274, 1, '2013-12-26', '10:59:00', '2013-12-26 05:30:17'),
(275, 1, 6, 275, 1, '2013-12-26', '10:59:00', '2013-12-26 05:30:18'),
(276, 1, 6, 276, 1, '2013-12-26', '10:59:00', '2013-12-26 05:30:18'),
(277, 1, 6, 277, 1, '2013-12-26', '10:59:00', '2013-12-26 05:30:18'),
(278, 1, 6, 278, 1, '2013-12-26', '10:59:00', '2013-12-26 05:30:18'),
(279, 1, 6, 279, 1, '2013-12-26', '10:59:00', '2013-12-26 05:30:18'),
(280, 1, 6, 280, 1, '2013-12-26', '10:59:00', '2013-12-26 05:30:18'),
(281, 1, 6, 281, 1, '2013-12-26', '10:59:00', '2013-12-26 05:30:18'),
(282, 1, 6, 282, 1, '2013-12-26', '10:59:00', '2013-12-26 05:30:18'),
(283, 1, 6, 283, 1, '2013-12-26', '10:59:00', '2013-12-26 05:30:19'),
(284, 1, 6, 284, 1, '2013-12-26', '10:59:00', '2013-12-26 05:30:19'),
(285, 1, 6, 285, 1, '2013-12-26', '10:59:00', '2013-12-26 05:30:19'),
(286, 1, 6, 286, 1, '2013-12-26', '10:59:00', '2013-12-26 05:30:19'),
(287, 1, 6, 287, 1, '2013-12-26', '10:59:00', '2013-12-26 05:30:19'),
(288, 1, 6, 288, 1, '2013-12-26', '10:59:00', '2013-12-26 05:30:19'),
(289, 1, 6, 289, 1, '2013-12-26', '10:59:00', '2013-12-26 05:30:20'),
(290, 1, 6, 290, 1, '2013-12-26', '10:59:00', '2013-12-26 05:30:20'),
(291, 1, 6, 291, 1, '2013-12-26', '10:59:00', '2013-12-26 05:30:20'),
(292, 1, 6, 292, 1, '2013-12-26', '10:59:00', '2013-12-26 05:30:20'),
(293, 1, 6, 293, 1, '2013-12-26', '10:59:00', '2013-12-26 05:30:20'),
(294, 1, 6, 294, 1, '2013-12-26', '10:59:00', '2013-12-26 05:30:20'),
(295, 1, 6, 295, 1, '2013-12-26', '10:59:00', '2013-12-26 05:30:20'),
(296, 1, 6, 296, 1, '2013-12-26', '10:59:00', '2013-12-26 05:30:21'),
(297, 1, 6, 297, 1, '2013-12-26', '10:59:00', '2013-12-26 05:30:21'),
(298, 1, 6, 298, 1, '2013-12-26', '10:59:00', '2013-12-26 05:30:21'),
(299, 1, 6, 299, 1, '2013-12-26', '10:59:00', '2013-12-26 05:30:21'),
(300, 1, 6, 300, 1, '2013-12-26', '10:59:00', '2013-12-26 05:30:21'),
(301, 1, 6, 301, 1, '2013-12-26', '10:59:00', '2013-12-26 05:30:21'),
(302, 1, 6, 302, 1, '2013-12-26', '10:59:00', '2013-12-26 05:30:22'),
(303, 1, 6, 303, 1, '2013-12-26', '10:59:00', '2013-12-26 05:30:22'),
(304, 1, 6, 304, 1, '2013-12-26', '10:59:00', '2013-12-26 05:30:22'),
(305, 1, 5, 305, 1, '2013-12-26', '10:59:00', '2013-12-26 05:30:22'),
(306, 1, 5, 306, 1, '2013-12-26', '10:59:00', '2013-12-26 05:30:22'),
(307, 1, 5, 307, 1, '2013-12-26', '10:59:00', '2013-12-26 05:30:22'),
(308, 1, 5, 308, 1, '2013-12-26', '10:59:00', '2013-12-26 05:30:22'),
(309, 1, 5, 309, 1, '2013-12-26', '10:59:00', '2013-12-26 05:30:22'),
(310, 1, 5, 310, 1, '2013-12-26', '10:59:00', '2013-12-26 05:30:23'),
(311, 1, 5, 311, 1, '2013-12-26', '10:59:00', '2013-12-26 05:30:23'),
(312, 1, 5, 312, 1, '2013-12-26', '10:59:00', '2013-12-26 05:30:23'),
(313, 1, 5, 313, 1, '2013-12-26', '10:59:00', '2013-12-26 05:30:23'),
(314, 1, 5, 314, 1, '2013-12-26', '10:59:00', '2013-12-26 05:30:23'),
(315, 1, 5, 315, 1, '2013-12-26', '10:59:00', '2013-12-26 05:30:23'),
(316, 1, 5, 316, 1, '2013-12-26', '10:59:00', '2013-12-26 05:30:23'),
(317, 1, 5, 317, 1, '2013-12-26', '10:59:00', '2013-12-26 05:30:24'),
(318, 1, 5, 318, 1, '2013-12-26', '10:59:00', '2013-12-26 05:30:24'),
(319, 1, 5, 319, 1, '2013-12-26', '10:59:00', '2013-12-26 05:30:24'),
(320, 1, 5, 320, 1, '2013-12-26', '10:59:00', '2013-12-26 05:30:24'),
(321, 1, 5, 321, 1, '2013-12-26', '10:59:00', '2013-12-26 05:30:24'),
(322, 1, 5, 322, 1, '2013-12-26', '10:59:00', '2013-12-26 05:30:24'),
(323, 1, 5, 323, 1, '2013-12-26', '10:59:00', '2013-12-26 05:30:24'),
(324, 1, 5, 324, 1, '2013-12-26', '10:59:00', '2013-12-26 05:30:25'),
(325, 1, 5, 325, 1, '2013-12-26', '10:59:00', '2013-12-26 05:30:25'),
(326, 1, 5, 326, 1, '2013-12-26', '10:59:00', '2013-12-26 05:30:25'),
(327, 1, 5, 327, 1, '2013-12-26', '10:59:00', '2013-12-26 05:30:25'),
(328, 1, 5, 328, 1, '2013-12-26', '10:59:00', '2013-12-26 05:30:25'),
(329, 1, 5, 329, 1, '2013-12-26', '10:59:00', '2013-12-26 05:30:26'),
(330, 1, 5, 330, 1, '2013-12-26', '10:59:00', '2013-12-26 05:30:26'),
(331, 1, 5, 331, 1, '2013-12-26', '10:59:00', '2013-12-26 05:30:26'),
(332, 1, 5, 332, 1, '2013-12-26', '10:59:00', '2013-12-26 05:30:26'),
(333, 1, 5, 333, 1, '2013-12-26', '10:59:00', '2013-12-26 05:30:26'),
(334, 1, 5, 334, 1, '2013-12-26', '10:59:00', '2013-12-26 05:30:26'),
(335, 1, 5, 335, 1, '2013-12-26', '10:59:00', '2013-12-26 05:30:26'),
(336, 1, 5, 336, 1, '2013-12-26', '10:59:00', '2013-12-26 05:30:27'),
(337, 1, 5, 337, 1, '2013-12-26', '10:59:00', '2013-12-26 05:30:27'),
(338, 1, 5, 338, 1, '2013-12-26', '10:59:00', '2013-12-26 05:30:27'),
(339, 1, 5, 339, 1, '2013-12-26', '10:59:00', '2013-12-26 05:30:27'),
(340, 1, 3, 340, 1, '2013-12-26', '10:59:00', '2013-12-26 05:30:27'),
(341, 1, 3, 341, 1, '2013-12-26', '10:59:00', '2013-12-26 05:30:27'),
(342, 1, 3, 342, 1, '2013-12-26', '10:59:00', '2013-12-26 05:30:28'),
(343, 1, 3, 343, 1, '2013-12-26', '10:59:00', '2013-12-26 05:30:28'),
(344, 1, 3, 344, 1, '2013-12-26', '10:59:00', '2013-12-26 05:30:28'),
(345, 1, 3, 345, 1, '2013-12-26', '10:59:00', '2013-12-26 05:30:28'),
(346, 1, 3, 346, 1, '2013-12-26', '10:59:00', '2013-12-26 05:30:28'),
(347, 1, 3, 347, 1, '2013-12-26', '10:59:00', '2013-12-26 05:30:28'),
(348, 1, 3, 348, 1, '2013-12-26', '10:59:00', '2013-12-26 05:30:28'),
(349, 1, 3, 349, 1, '2013-12-26', '10:59:00', '2013-12-26 05:30:29'),
(350, 1, 3, 350, 1, '2013-12-26', '10:59:00', '2013-12-26 05:30:29'),
(351, 1, 3, 351, 1, '2013-12-26', '10:59:00', '2013-12-26 05:30:29'),
(352, 1, 3, 352, 1, '2013-12-26', '10:59:00', '2013-12-26 05:30:29'),
(353, 1, 3, 353, 1, '2013-12-26', '10:59:00', '2013-12-26 05:30:29'),
(354, 1, 3, 354, 1, '2013-12-26', '10:59:00', '2013-12-26 05:30:29'),
(355, 1, 3, 355, 1, '2013-12-26', '10:59:00', '2013-12-26 05:30:29'),
(356, 1, 3, 356, 1, '2013-12-26', '10:59:00', '2013-12-26 05:30:30'),
(357, 1, 3, 357, 1, '2013-12-26', '10:59:00', '2013-12-26 05:30:30'),
(358, 1, 3, 358, 1, '2013-12-26', '10:59:00', '2013-12-26 05:30:30'),
(359, 1, 3, 359, 1, '2013-12-26', '10:59:00', '2013-12-26 05:30:30'),
(360, 1, 3, 360, 1, '2013-12-26', '10:59:00', '2013-12-26 05:30:30'),
(361, 1, 3, 361, 1, '2013-12-26', '10:59:00', '2013-12-26 05:30:30'),
(362, 1, 3, 362, 1, '2013-12-26', '10:59:00', '2013-12-26 05:30:31'),
(363, 1, 3, 363, 1, '2013-12-26', '10:59:00', '2013-12-26 05:30:31'),
(364, 1, 3, 364, 1, '2013-12-26', '10:59:00', '2013-12-26 05:30:31'),
(365, 1, 3, 365, 1, '2013-12-26', '10:59:00', '2013-12-26 05:30:31'),
(366, 1, 3, 366, 1, '2013-12-26', '10:59:00', '2013-12-26 05:30:31'),
(367, 1, 3, 367, 1, '2013-12-26', '10:59:00', '2013-12-26 05:30:31'),
(368, 1, 3, 368, 1, '2013-12-26', '10:59:00', '2013-12-26 05:30:32'),
(369, 1, 3, 369, 1, '2013-12-26', '10:59:00', '2013-12-26 05:30:32'),
(370, 1, 3, 370, 1, '2013-12-26', '10:59:00', '2013-12-26 05:30:32'),
(371, 1, 3, 371, 1, '2013-12-26', '10:59:00', '2013-12-26 05:30:32'),
(372, 1, 3, 372, 1, '2013-12-26', '10:59:00', '2013-12-26 05:30:32'),
(373, 1, 3, 373, 1, '2013-12-26', '10:59:00', '2013-12-26 05:30:32'),
(374, 1, 3, 374, 1, '2013-12-26', '10:59:00', '2013-12-26 05:30:33'),
(375, 1, 3, 375, 1, '2013-12-26', '10:59:00', '2013-12-26 05:30:33'),
(376, 1, 3, 376, 1, '2013-12-26', '10:59:00', '2013-12-26 05:30:33'),
(377, 1, 3, 377, 1, '2013-12-26', '10:59:00', '2013-12-26 05:30:33'),
(378, 1, 3, 378, 1, '2013-12-26', '10:59:00', '2013-12-26 05:30:33'),
(379, 1, 3, 379, 1, '2013-12-26', '10:59:00', '2013-12-26 05:30:33'),
(380, 1, 3, 380, 1, '2013-12-26', '10:59:00', '2013-12-26 05:30:33'),
(381, 1, 3, 381, 1, '2013-12-26', '10:59:00', '2013-12-26 05:30:34'),
(382, 1, 3, 382, 1, '2013-12-26', '10:59:00', '2013-12-26 05:30:34'),
(383, 1, 3, 383, 1, '2013-12-26', '10:59:00', '2013-12-26 05:30:34'),
(384, 1, 3, 384, 1, '2013-12-26', '10:59:00', '2013-12-26 05:30:34'),
(385, 1, 3, 385, 1, '2013-12-26', '10:59:00', '2013-12-26 05:30:34'),
(386, 1, 3, 386, 1, '2013-12-26', '10:59:00', '2013-12-26 05:30:35'),
(387, 1, 3, 387, 1, '2013-12-26', '10:59:00', '2013-12-26 05:30:35'),
(388, 1, 3, 388, 1, '2013-12-26', '10:59:00', '2013-12-26 05:30:35'),
(389, 1, 3, 389, 1, '2013-12-26', '10:59:00', '2013-12-26 05:30:35'),
(390, 1, 3, 390, 1, '2013-12-26', '10:59:00', '2013-12-26 05:30:36'),
(391, 1, 3, 391, 1, '2013-12-26', '10:59:00', '2013-12-26 05:30:36'),
(392, 1, 3, 392, 1, '2013-12-26', '10:59:00', '2013-12-26 05:30:36'),
(393, 1, 3, 393, 1, '2013-12-26', '10:59:00', '2013-12-26 05:30:36'),
(394, 1, 3, 394, 1, '2013-12-26', '10:59:00', '2013-12-26 05:30:37'),
(395, 1, 3, 395, 1, '2013-12-26', '10:59:00', '2013-12-26 05:30:37'),
(396, 1, 3, 396, 1, '2013-12-26', '10:59:00', '2013-12-26 05:30:37'),
(397, 1, 3, 397, 1, '2013-12-26', '10:59:00', '2013-12-26 05:30:37'),
(398, 1, 3, 398, 1, '2013-12-26', '10:59:00', '2013-12-26 05:30:37'),
(399, 1, 3, 399, 1, '2013-12-26', '10:59:00', '2013-12-26 05:30:37'),
(400, 1, 3, 400, 1, '2013-12-26', '10:59:00', '2013-12-26 05:30:37'),
(401, 1, 3, 401, 1, '2013-12-26', '10:59:00', '2013-12-26 05:30:38'),
(402, 1, 3, 402, 1, '2013-12-26', '10:59:00', '2013-12-26 05:30:38'),
(403, 1, 3, 403, 1, '2013-12-26', '10:59:00', '2013-12-26 05:30:38'),
(404, 1, 3, 404, 1, '2013-12-26', '10:59:00', '2013-12-26 05:30:38'),
(405, 1, 3, 405, 1, '2013-12-26', '10:59:00', '2013-12-26 05:30:38'),
(406, 1, 3, 406, 1, '2013-12-26', '10:59:00', '2013-12-26 05:30:38'),
(407, 1, 3, 407, 1, '2013-12-26', '10:59:00', '2013-12-26 05:30:39'),
(408, 1, 3, 408, 1, '2013-12-26', '10:59:00', '2013-12-26 05:30:39'),
(409, 1, 3, 409, 1, '2013-12-26', '10:59:00', '2013-12-26 05:30:39'),
(410, 1, 3, 410, 1, '2013-12-26', '10:59:00', '2013-12-26 05:30:39'),
(411, 1, 3, 411, 1, '2013-12-26', '10:59:00', '2013-12-26 05:30:39'),
(412, 1, 3, 412, 1, '2013-12-26', '10:59:00', '2013-12-26 05:30:39'),
(413, 1, 3, 413, 1, '2013-12-26', '10:59:00', '2013-12-26 05:30:40'),
(414, 1, 3, 414, 1, '2013-12-26', '10:59:00', '2013-12-26 05:30:40'),
(415, 1, 3, 415, 1, '2013-12-26', '10:59:00', '2013-12-26 05:30:40'),
(416, 1, 3, 416, 1, '2013-12-26', '10:59:00', '2013-12-26 05:30:40'),
(417, 1, 3, 417, 1, '2013-12-26', '10:59:00', '2013-12-26 05:30:40'),
(418, 1, 3, 418, 1, '2013-12-26', '10:59:00', '2013-12-26 05:30:40'),
(419, 1, 3, 419, 1, '2013-12-26', '10:59:00', '2013-12-26 05:30:41'),
(420, 1, 3, 420, 1, '2013-12-26', '10:59:00', '2013-12-26 05:30:41'),
(421, 1, 3, 421, 1, '2013-12-26', '10:59:00', '2013-12-26 05:30:41'),
(422, 1, 3, 422, 1, '2013-12-26', '10:59:00', '2013-12-26 05:30:41'),
(423, 1, 3, 423, 1, '2013-12-26', '10:59:00', '2013-12-26 05:30:41'),
(424, 1, 3, 424, 1, '2013-12-26', '10:59:00', '2013-12-26 05:30:41'),
(425, 1, 3, 425, 1, '2013-12-26', '10:59:00', '2013-12-26 05:30:42'),
(426, 1, 3, 426, 1, '2013-12-26', '10:59:00', '2013-12-26 05:30:42'),
(427, 1, 3, 427, 1, '2013-12-26', '10:59:00', '2013-12-26 05:30:42'),
(428, 1, 3, 428, 1, '2013-12-26', '10:59:00', '2013-12-26 05:30:42'),
(429, 1, 3, 429, 1, '2013-12-26', '10:59:00', '2013-12-26 05:30:42'),
(430, 1, 3, 430, 1, '2013-12-26', '10:59:00', '2013-12-26 05:30:43'),
(431, 1, 3, 431, 1, '2013-12-26', '10:59:00', '2013-12-26 05:30:43'),
(432, 1, 3, 432, 1, '2013-12-26', '10:59:00', '2013-12-26 05:30:43'),
(433, 1, 3, 433, 1, '2013-12-26', '10:59:00', '2013-12-26 05:30:43'),
(434, 1, 3, 434, 1, '2013-12-26', '10:59:00', '2013-12-26 05:30:43'),
(435, 1, 3, 435, 1, '2013-12-26', '10:59:00', '2013-12-26 05:30:43'),
(436, 1, 3, 436, 1, '2013-12-26', '10:59:00', '2013-12-26 05:30:44'),
(437, 1, 3, 437, 1, '2013-12-26', '10:59:00', '2013-12-26 05:30:44'),
(438, 1, 3, 438, 1, '2013-12-26', '10:59:00', '2013-12-26 05:30:44'),
(439, 1, 3, 439, 1, '2013-12-26', '10:59:00', '2013-12-26 05:30:44'),
(440, 1, 3, 440, 1, '2013-12-26', '10:59:00', '2013-12-26 05:30:44'),
(441, 1, 3, 441, 1, '2013-12-26', '10:59:00', '2013-12-26 05:30:44'),
(442, 1, 3, 442, 1, '2013-12-26', '10:59:00', '2013-12-26 05:30:45'),
(443, 1, 3, 443, 1, '2013-12-26', '10:59:00', '2013-12-26 05:30:45'),
(444, 1, 3, 444, 1, '2013-12-26', '10:59:00', '2013-12-26 05:30:45'),
(445, 1, 3, 445, 1, '2013-12-26', '10:59:00', '2013-12-26 05:30:45'),
(446, 1, 3, 446, 1, '2013-12-26', '10:59:00', '2013-12-26 05:30:45'),
(447, 1, 3, 447, 1, '2013-12-26', '10:59:00', '2013-12-26 05:30:45'),
(448, 1, 3, 448, 1, '2013-12-26', '10:59:00', '2013-12-26 05:30:46'),
(449, 1, 3, 449, 1, '2013-12-26', '10:59:00', '2013-12-26 05:30:46'),
(450, 1, 3, 450, 1, '2013-12-26', '10:59:00', '2013-12-26 05:30:47'),
(451, 1, 3, 451, 1, '2013-12-26', '10:59:00', '2013-12-26 05:30:47'),
(452, 1, 3, 452, 1, '2013-12-26', '10:59:00', '2013-12-26 05:30:47'),
(453, 1, 2, 453, 1, '2013-12-26', '10:59:00', '2013-12-26 05:30:47'),
(454, 1, 2, 454, 1, '2013-12-26', '10:59:00', '2013-12-26 05:30:47'),
(455, 1, 2, 455, 1, '2013-12-26', '10:59:00', '2013-12-26 05:30:48'),
(456, 1, 2, 456, 1, '2013-12-26', '10:59:00', '2013-12-26 05:30:48'),
(457, 1, 2, 457, 1, '2013-12-26', '10:59:00', '2013-12-26 05:30:48'),
(458, 1, 2, 458, 1, '2013-12-26', '10:59:00', '2013-12-26 05:30:48'),
(459, 1, 2, 459, 1, '2013-12-26', '10:59:00', '2013-12-26 05:30:48'),
(460, 1, 2, 460, 1, '2013-12-26', '10:59:00', '2013-12-26 05:30:49'),
(461, 1, 2, 461, 1, '2013-12-26', '10:59:00', '2013-12-26 05:30:49'),
(462, 1, 2, 462, 1, '2013-12-26', '10:59:00', '2013-12-26 05:30:49'),
(463, 1, 2, 463, 1, '2013-12-26', '10:59:00', '2013-12-26 05:30:49'),
(464, 1, 2, 464, 1, '2013-12-26', '10:59:00', '2013-12-26 05:30:49'),
(465, 1, 2, 465, 1, '2013-12-26', '10:59:00', '2013-12-26 05:30:49'),
(466, 1, 2, 466, 1, '2013-12-26', '10:59:00', '2013-12-26 05:30:49'),
(467, 1, 2, 467, 1, '2013-12-26', '10:59:00', '2013-12-26 05:30:50'),
(468, 1, 2, 468, 1, '2013-12-26', '10:59:00', '2013-12-26 05:30:50'),
(469, 1, 2, 469, 1, '2013-12-26', '10:59:00', '2013-12-26 05:30:50'),
(470, 1, 2, 470, 1, '2013-12-26', '10:59:00', '2013-12-26 05:30:50'),
(471, 1, 2, 471, 1, '2013-12-26', '10:59:00', '2013-12-26 05:30:50'),
(472, 1, 2, 472, 1, '2013-12-26', '10:59:00', '2013-12-26 05:30:51'),
(473, 1, 2, 473, 1, '2013-12-26', '10:59:00', '2013-12-26 05:30:51'),
(474, 1, 2, 474, 1, '2013-12-26', '10:59:00', '2013-12-26 05:30:51'),
(475, 1, 2, 475, 1, '2013-12-26', '10:59:00', '2013-12-26 05:30:51'),
(476, 1, 2, 476, 1, '2013-12-26', '10:59:00', '2013-12-26 05:30:51'),
(477, 1, 2, 477, 1, '2013-12-26', '10:59:00', '2013-12-26 05:30:51'),
(478, 1, 2, 478, 1, '2013-12-26', '10:59:00', '2013-12-26 05:30:52'),
(479, 1, 2, 479, 1, '2013-12-26', '10:59:00', '2013-12-26 05:30:52'),
(480, 1, 2, 480, 1, '2013-12-26', '10:59:00', '2013-12-26 05:30:52'),
(481, 1, 2, 481, 1, '2013-12-26', '10:59:00', '2013-12-26 05:30:52'),
(482, 1, 2, 482, 1, '2013-12-26', '10:59:00', '2013-12-26 05:30:53'),
(483, 1, 2, 483, 1, '2013-12-26', '10:59:00', '2013-12-26 05:30:53'),
(484, 1, 2, 484, 1, '2013-12-26', '10:59:00', '2013-12-26 05:30:53'),
(485, 1, 2, 485, 1, '2013-12-26', '10:59:00', '2013-12-26 05:30:53'),
(486, 1, 2, 486, 1, '2013-12-26', '10:59:00', '2013-12-26 05:30:53'),
(487, 1, 2, 487, 1, '2013-12-26', '10:59:00', '2013-12-26 05:30:53'),
(488, 1, 2, 488, 1, '2013-12-26', '10:59:00', '2013-12-26 05:30:54'),
(489, 1, 2, 489, 1, '2013-12-26', '10:59:00', '2013-12-26 05:30:54'),
(490, 1, 2, 490, 1, '2013-12-26', '10:59:00', '2013-12-26 05:30:54'),
(491, 1, 2, 491, 1, '2013-12-26', '10:59:00', '2013-12-26 05:30:54'),
(492, 1, 2, 492, 1, '2013-12-26', '10:59:00', '2013-12-26 05:30:54'),
(493, 1, 2, 493, 1, '2013-12-26', '10:59:00', '2013-12-26 05:30:54'),
(494, 1, 2, 494, 1, '2013-12-26', '10:59:00', '2013-12-26 05:30:55'),
(495, 1, 2, 495, 1, '2013-12-26', '10:59:00', '2013-12-26 05:30:55'),
(496, 1, 2, 496, 1, '2013-12-26', '10:59:00', '2013-12-26 05:30:55'),
(497, 1, 2, 497, 1, '2013-12-26', '10:59:00', '2013-12-26 05:30:55'),
(498, 1, 2, 498, 1, '2013-12-26', '10:59:00', '2013-12-26 05:30:55'),
(499, 1, 2, 499, 1, '2013-12-26', '10:59:00', '2013-12-26 05:30:56'),
(500, 1, 2, 500, 1, '2013-12-26', '10:59:00', '2013-12-26 05:30:56'),
(501, 1, 2, 501, 1, '2013-12-26', '10:59:00', '2013-12-26 05:30:56'),
(502, 1, 2, 502, 1, '2013-12-26', '10:59:00', '2013-12-26 05:30:56'),
(503, 1, 2, 503, 1, '2013-12-26', '10:59:00', '2013-12-26 05:30:56'),
(504, 1, 2, 504, 1, '2013-12-26', '10:59:00', '2013-12-26 05:30:56'),
(505, 1, 2, 505, 1, '2013-12-26', '10:59:00', '2013-12-26 05:30:57'),
(506, 1, 2, 506, 1, '2013-12-26', '10:59:00', '2013-12-26 05:30:57'),
(507, 1, 2, 507, 1, '2013-12-26', '10:59:00', '2013-12-26 05:30:57'),
(508, 1, 2, 508, 1, '2013-12-26', '10:59:00', '2013-12-26 05:30:58'),
(509, 1, 2, 509, 1, '2013-12-26', '10:59:00', '2013-12-26 05:30:58'),
(510, 1, 2, 510, 1, '2013-12-26', '10:59:00', '2013-12-26 05:30:58'),
(511, 1, 2, 511, 1, '2013-12-26', '10:59:00', '2013-12-26 05:30:58'),
(512, 1, 2, 512, 1, '2013-12-26', '10:59:00', '2013-12-26 05:30:58'),
(513, 1, 2, 513, 1, '2013-12-26', '10:59:00', '2013-12-26 05:30:59'),
(514, 1, 2, 514, 1, '2013-12-26', '10:59:00', '2013-12-26 05:30:59'),
(515, 1, 2, 515, 1, '2013-12-26', '10:59:00', '2013-12-26 05:30:59'),
(516, 1, 2, 516, 1, '2013-12-26', '10:59:00', '2013-12-26 05:30:59'),
(517, 1, 2, 517, 1, '2013-12-26', '10:59:00', '2013-12-26 05:30:59'),
(518, 1, 2, 518, 1, '2013-12-26', '10:59:00', '2013-12-26 05:30:59'),
(519, 1, 2, 519, 1, '2013-12-26', '10:59:00', '2013-12-26 05:31:00'),
(520, 1, 2, 520, 1, '2013-12-26', '10:59:00', '2013-12-26 05:31:00'),
(521, 1, 2, 521, 1, '2013-12-26', '10:59:00', '2013-12-26 05:31:00'),
(522, 1, 2, 522, 1, '2013-12-26', '10:59:00', '2013-12-26 05:31:00'),
(523, 1, 2, 523, 1, '2013-12-26', '10:59:00', '2013-12-26 05:31:00'),
(524, 1, 2, 524, 1, '2013-12-26', '10:59:00', '2013-12-26 05:31:00'),
(525, 1, 2, 525, 1, '2013-12-26', '10:59:00', '2013-12-26 05:31:01'),
(526, 1, 2, 526, 1, '2013-12-26', '10:59:00', '2013-12-26 05:31:01'),
(527, 1, 2, 527, 1, '2013-12-26', '10:59:00', '2013-12-26 05:31:01'),
(528, 1, 2, 528, 1, '2013-12-26', '10:59:00', '2013-12-26 05:31:01'),
(529, 1, 2, 529, 1, '2013-12-26', '10:59:00', '2013-12-26 05:31:01'),
(530, 1, 2, 530, 1, '2013-12-26', '10:59:00', '2013-12-26 05:31:01'),
(531, 1, 2, 531, 1, '2013-12-26', '10:59:00', '2013-12-26 05:31:01'),
(532, 1, 2, 532, 1, '2013-12-26', '10:59:00', '2013-12-26 05:31:02'),
(533, 1, 2, 533, 1, '2013-12-26', '10:59:00', '2013-12-26 05:31:02'),
(534, 1, 2, 534, 1, '2013-12-26', '10:59:00', '2013-12-26 05:31:02'),
(535, 1, 2, 535, 1, '2013-12-26', '10:59:00', '2013-12-26 05:31:02'),
(536, 1, 2, 536, 1, '2013-12-26', '10:59:00', '2013-12-26 05:31:02'),
(537, 1, 2, 537, 1, '2013-12-26', '10:59:00', '2013-12-26 05:31:02'),
(538, 1, 2, 538, 1, '2013-12-26', '10:59:00', '2013-12-26 05:31:03'),
(539, 1, 2, 539, 1, '2013-12-26', '10:59:00', '2013-12-26 05:31:03'),
(540, 1, 2, 540, 1, '2013-12-26', '10:59:00', '2013-12-26 05:31:03'),
(541, 1, 2, 541, 1, '2013-12-26', '10:59:00', '2013-12-26 05:31:03'),
(542, 1, 2, 542, 1, '2013-12-26', '10:59:00', '2013-12-26 05:31:03'),
(543, 1, 2, 543, 1, '2013-12-26', '10:59:00', '2013-12-26 05:31:03'),
(544, 1, 2, 544, 1, '2013-12-26', '10:59:00', '2013-12-26 05:31:04'),
(545, 1, 2, 545, 1, '2013-12-26', '10:59:00', '2013-12-26 05:31:04'),
(546, 1, 8, 546, 1, '2013-12-26', '10:59:00', '2013-12-26 05:31:04'),
(547, 1, 8, 547, 1, '2013-12-26', '10:59:00', '2013-12-26 05:31:04'),
(548, 1, 8, 548, 1, '2013-12-26', '10:59:00', '2013-12-26 05:31:04'),
(549, 1, 8, 549, 1, '2013-12-26', '10:59:00', '2013-12-26 05:31:04'),
(550, 1, 8, 550, 1, '2013-12-26', '10:59:00', '2013-12-26 05:31:05'),
(551, 1, 8, 551, 1, '2013-12-26', '10:59:00', '2013-12-26 05:31:05'),
(552, 1, 8, 552, 1, '2013-12-26', '10:59:00', '2013-12-26 05:31:05'),
(553, 1, 8, 553, 1, '2013-12-26', '10:59:00', '2013-12-26 05:31:05'),
(554, 1, 8, 554, 1, '2013-12-26', '10:59:00', '2013-12-26 05:31:05'),
(555, 1, 8, 555, 1, '2013-12-26', '10:59:00', '2013-12-26 05:31:05'),
(556, 1, 8, 556, 1, '2013-12-26', '10:59:00', '2013-12-26 05:31:05'),
(557, 1, 8, 557, 1, '2013-12-26', '10:59:00', '2013-12-26 05:31:06'),
(558, 1, 8, 558, 1, '2013-12-26', '10:59:00', '2013-12-26 05:31:06'),
(559, 1, 8, 559, 1, '2013-12-26', '10:59:00', '2013-12-26 05:31:06'),
(560, 1, 8, 560, 1, '2013-12-26', '10:59:00', '2013-12-26 05:31:06'),
(561, 1, 8, 561, 1, '2013-12-26', '10:59:00', '2013-12-26 05:31:06'),
(562, 1, 8, 562, 1, '2013-12-26', '10:59:00', '2013-12-26 05:31:07'),
(563, 1, 8, 563, 1, '2013-12-26', '10:59:00', '2013-12-26 05:31:07'),
(564, 1, 8, 564, 1, '2013-12-26', '10:59:00', '2013-12-26 05:31:07'),
(565, 1, 8, 565, 1, '2013-12-26', '10:59:00', '2013-12-26 05:31:07'),
(566, 1, 8, 566, 1, '2013-12-26', '10:59:00', '2013-12-26 05:31:07'),
(567, 1, 8, 567, 1, '2013-12-26', '10:59:00', '2013-12-26 05:31:07'),
(568, 1, 8, 568, 1, '2013-12-26', '10:59:00', '2013-12-26 05:31:08'),
(569, 1, 8, 569, 1, '2013-12-26', '10:59:00', '2013-12-26 05:31:08'),
(570, 1, 8, 570, 1, '2013-12-26', '10:59:00', '2013-12-26 05:31:08'),
(571, 1, 8, 571, 1, '2013-12-26', '10:59:00', '2013-12-26 05:31:09'),
(572, 1, 8, 572, 1, '2013-12-26', '10:59:00', '2013-12-26 05:31:09'),
(573, 1, 8, 573, 1, '2013-12-26', '10:59:00', '2013-12-26 05:31:09'),
(574, 1, 8, 574, 1, '2013-12-26', '10:59:00', '2013-12-26 05:31:09'),
(575, 1, 8, 575, 1, '2013-12-26', '10:59:00', '2013-12-26 05:31:09'),
(576, 1, 8, 576, 1, '2013-12-26', '10:59:00', '2013-12-26 05:31:09'),
(577, 1, 8, 577, 1, '2013-12-26', '10:59:00', '2013-12-26 05:31:10'),
(578, 1, 8, 578, 1, '2013-12-26', '10:59:00', '2013-12-26 05:31:10'),
(579, 1, 8, 579, 1, '2013-12-26', '10:59:00', '2013-12-26 05:31:10'),
(580, 1, 8, 580, 1, '2013-12-26', '10:59:00', '2013-12-26 05:31:10'),
(581, 1, 8, 581, 1, '2013-12-26', '10:59:00', '2013-12-26 05:31:10'),
(582, 1, 8, 582, 1, '2013-12-26', '10:59:00', '2013-12-26 05:31:10'),
(583, 1, 8, 583, 1, '2013-12-26', '10:59:00', '2013-12-26 05:31:11'),
(584, 1, 8, 584, 1, '2013-12-26', '10:59:00', '2013-12-26 05:31:11'),
(585, 1, 8, 585, 1, '2013-12-26', '10:59:00', '2013-12-26 05:31:11'),
(586, 1, 8, 586, 1, '2013-12-26', '10:59:00', '2013-12-26 05:31:11'),
(587, 1, 8, 587, 1, '2013-12-26', '10:59:00', '2013-12-26 05:31:11'),
(588, 1, 8, 588, 1, '2013-12-26', '10:59:00', '2013-12-26 05:31:11'),
(589, 1, 8, 589, 1, '2013-12-26', '10:59:00', '2013-12-26 05:31:12'),
(590, 1, 8, 590, 1, '2013-12-26', '10:59:00', '2013-12-26 05:31:12'),
(591, 1, 8, 591, 1, '2013-12-26', '10:59:00', '2013-12-26 05:31:12'),
(592, 1, 8, 592, 1, '2013-12-26', '10:59:00', '2013-12-26 05:31:12'),
(593, 1, 8, 593, 1, '2013-12-26', '10:59:00', '2013-12-26 05:31:12'),
(594, 1, 8, 594, 1, '2013-12-26', '10:59:00', '2013-12-26 05:31:12'),
(595, 1, 8, 595, 1, '2013-12-26', '10:59:00', '2013-12-26 05:31:12'),
(596, 1, 2, 596, 1, '2013-12-26', '10:59:00', '2013-12-26 05:31:13'),
(597, 1, 2, 597, 1, '2013-12-26', '10:59:00', '2013-12-26 05:31:13'),
(598, 1, 2, 598, 1, '2013-12-26', '10:59:00', '2013-12-26 05:31:13'),
(599, 1, 2, 599, 1, '2013-12-26', '10:59:00', '2013-12-26 05:31:13'),
(600, 1, 2, 600, 1, '2013-12-26', '10:59:00', '2013-12-26 05:31:13'),
(601, 1, 2, 601, 1, '2013-12-26', '10:59:00', '2013-12-26 05:31:13'),
(602, 1, 2, 602, 1, '2013-12-26', '10:59:00', '2013-12-26 05:31:14'),
(603, 1, 2, 603, 1, '2013-12-26', '10:59:00', '2013-12-26 05:31:14'),
(604, 1, 2, 604, 1, '2013-12-26', '10:59:00', '2013-12-26 05:31:14'),
(605, 1, 2, 605, 1, '2013-12-26', '10:59:00', '2013-12-26 05:31:14'),
(606, 1, 2, 606, 1, '2013-12-26', '10:59:00', '2013-12-26 05:31:14'),
(607, 1, 2, 607, 1, '2013-12-26', '10:59:00', '2013-12-26 05:31:14'),
(608, 1, 2, 608, 1, '2013-12-26', '10:59:00', '2013-12-26 05:31:15'),
(609, 1, 2, 609, 1, '2013-12-26', '10:59:00', '2013-12-26 05:31:15'),
(610, 1, 2, 610, 1, '2013-12-26', '10:59:00', '2013-12-26 05:31:15'),
(611, 1, 2, 611, 1, '2013-12-26', '10:59:00', '2013-12-26 05:31:15'),
(612, 1, 2, 612, 1, '2013-12-26', '10:59:00', '2013-12-26 05:31:15'),
(613, 1, 2, 613, 1, '2013-12-26', '10:59:00', '2013-12-26 05:31:15'),
(614, 1, 2, 614, 1, '2013-12-26', '10:59:00', '2013-12-26 05:31:16'),
(615, 1, 2, 615, 1, '2013-12-26', '10:59:00', '2013-12-26 05:31:16'),
(616, 1, 2, 616, 1, '2013-12-26', '10:59:00', '2013-12-26 05:31:16'),
(617, 1, 2, 617, 1, '2013-12-26', '10:59:00', '2013-12-26 05:31:16'),
(618, 1, 2, 618, 1, '2013-12-26', '10:59:00', '2013-12-26 05:31:16'),
(619, 1, 2, 619, 1, '2013-12-26', '10:59:00', '2013-12-26 05:31:16'),
(620, 1, 2, 620, 1, '2013-12-26', '10:59:00', '2013-12-26 05:31:17'),
(621, 1, 2, 621, 1, '2013-12-26', '10:59:00', '2013-12-26 05:31:17'),
(622, 1, 2, 622, 1, '2013-12-26', '10:59:00', '2013-12-26 05:31:17'),
(623, 1, 2, 623, 1, '2013-12-26', '10:59:00', '2013-12-26 05:31:17'),
(624, 1, 7, 624, 1, '2013-12-26', '10:59:00', '2013-12-26 05:31:17'),
(625, 1, 7, 625, 1, '2013-12-26', '10:59:00', '2013-12-26 05:31:18'),
(626, 1, 7, 626, 1, '2013-12-26', '10:59:00', '2013-12-26 05:31:18'),
(627, 1, 7, 627, 1, '2013-12-26', '10:59:00', '2013-12-26 05:31:18'),
(628, 1, 7, 628, 1, '2013-12-26', '10:59:00', '2013-12-26 05:31:18'),
(629, 1, 7, 629, 1, '2013-12-26', '10:59:00', '2013-12-26 05:31:18'),
(630, 1, 2, 630, 1, '2013-12-26', '10:59:00', '2013-12-26 05:31:18'),
(631, 1, 2, 631, 1, '2013-12-26', '10:59:00', '2013-12-26 05:31:19'),
(632, 1, 2, 632, 1, '2013-12-26', '10:59:00', '2013-12-26 05:31:19'),
(633, 1, 2, 633, 1, '2013-12-26', '10:59:00', '2013-12-26 05:31:20'),
(634, 1, 2, 634, 1, '2013-12-26', '10:59:00', '2013-12-26 05:31:20'),
(635, 1, 2, 635, 1, '2013-12-26', '10:59:00', '2013-12-26 05:31:20'),
(636, 1, 2, 636, 1, '2013-12-26', '10:59:00', '2013-12-26 05:31:20'),
(637, 1, 2, 637, 1, '2013-12-26', '10:59:00', '2013-12-26 05:31:20'),
(638, 1, 2, 638, 1, '2013-12-26', '10:59:00', '2013-12-26 05:31:20'),
(639, 1, 2, 639, 1, '2013-12-26', '10:59:00', '2013-12-26 05:31:21'),
(640, 1, 2, 640, 1, '2013-12-26', '10:59:00', '2013-12-26 05:31:21'),
(641, 1, 2, 641, 1, '2013-12-26', '10:59:00', '2013-12-26 05:31:21'),
(642, 1, 2, 642, 1, '2013-12-26', '10:59:00', '2013-12-26 05:31:21'),
(643, 1, 2, 643, 1, '2013-12-26', '10:59:00', '2013-12-26 05:31:21'),
(644, 1, 2, 644, 1, '2013-12-26', '10:59:00', '2013-12-26 05:31:21'),
(645, 1, 2, 645, 1, '2013-12-26', '10:59:00', '2013-12-26 05:31:22'),
(646, 1, 2, 646, 1, '2013-12-26', '10:59:00', '2013-12-26 05:31:22'),
(647, 1, 2, 647, 1, '2013-12-26', '10:59:00', '2013-12-26 05:31:22'),
(648, 1, 2, 648, 1, '2013-12-26', '10:59:00', '2013-12-26 05:31:22'),
(649, 1, 2, 649, 1, '2013-12-26', '10:59:00', '2013-12-26 05:31:22'),
(650, 1, 2, 650, 1, '2013-12-26', '10:59:00', '2013-12-26 05:31:22'),
(651, 1, 2, 651, 1, '2013-12-26', '10:59:00', '2013-12-26 05:31:23'),
(652, 1, 2, 652, 1, '2013-12-26', '10:59:00', '2013-12-26 05:31:23'),
(653, 1, 2, 653, 1, '2013-12-26', '10:59:00', '2013-12-26 05:31:23'),
(654, 1, 2, 654, 1, '2013-12-26', '10:59:00', '2013-12-26 05:31:23'),
(655, 1, 2, 655, 1, '2013-12-26', '10:59:00', '2013-12-26 05:31:24'),
(656, 1, 2, 656, 1, '2013-12-26', '10:59:00', '2013-12-26 05:31:24'),
(657, 1, 2, 657, 1, '2013-12-26', '10:59:00', '2013-12-26 05:31:24'),
(658, 1, 2, 658, 1, '2013-12-26', '10:59:00', '2013-12-26 05:31:24'),
(659, 1, 2, 659, 1, '2013-12-26', '10:59:00', '2013-12-26 05:31:25'),
(660, 1, 2, 660, 1, '2013-12-26', '10:59:00', '2013-12-26 05:31:25'),
(661, 1, 2, 661, 1, '2013-12-26', '10:59:00', '2013-12-26 05:31:25'),
(662, 1, 2, 662, 1, '2013-12-26', '10:59:00', '2013-12-26 05:31:25'),
(663, 1, 2, 663, 1, '2013-12-26', '10:59:00', '2013-12-26 05:31:25'),
(664, 1, 2, 664, 1, '2013-12-26', '10:59:00', '2013-12-26 05:31:26'),
(665, 1, 2, 665, 1, '2013-12-26', '10:59:00', '2013-12-26 05:31:26'),
(666, 1, 2, 666, 1, '2013-12-26', '10:59:00', '2013-12-26 05:31:26'),
(667, 1, 2, 667, 1, '2013-12-26', '10:59:00', '2013-12-26 05:31:26'),
(668, 1, 2, 668, 1, '2013-12-26', '10:59:00', '2013-12-26 05:31:26'),
(669, 1, 2, 669, 1, '2013-12-26', '10:59:00', '2013-12-26 05:31:26'),
(670, 1, 2, 670, 1, '2013-12-26', '10:59:00', '2013-12-26 05:31:27'),
(671, 1, 2, 671, 1, '2013-12-26', '10:59:00', '2013-12-26 05:31:27'),
(672, 1, 2, 672, 1, '2013-12-26', '10:59:00', '2013-12-26 05:31:27'),
(673, 1, 2, 673, 1, '2013-12-26', '10:59:00', '2013-12-26 05:31:27'),
(674, 1, 2, 674, 1, '2013-12-26', '10:59:00', '2013-12-26 05:31:27'),
(675, 1, 2, 675, 1, '2013-12-26', '10:59:00', '2013-12-26 05:31:27'),
(676, 1, 2, 676, 1, '2013-12-26', '10:59:00', '2013-12-26 05:31:28'),
(677, 1, 2, 677, 1, '2013-12-26', '10:59:00', '2013-12-26 05:31:28'),
(678, 1, 2, 678, 1, '2013-12-26', '10:59:00', '2013-12-26 05:31:28'),
(679, 1, 2, 679, 1, '2013-12-26', '10:59:00', '2013-12-26 05:31:28'),
(680, 1, 2, 680, 1, '2013-12-26', '10:59:00', '2013-12-26 05:31:28'),
(681, 1, 2, 681, 1, '2013-12-26', '10:59:00', '2013-12-26 05:31:28'),
(682, 1, 2, 682, 1, '2013-12-26', '10:59:00', '2013-12-26 05:31:29'),
(683, 1, 2, 683, 1, '2013-12-26', '10:59:00', '2013-12-26 05:31:29'),
(684, 1, 2, 684, 1, '2013-12-26', '10:59:00', '2013-12-26 05:31:29'),
(685, 1, 2, 685, 1, '2013-12-26', '10:59:00', '2013-12-26 05:31:29'),
(686, 1, 2, 686, 1, '2013-12-26', '10:59:00', '2013-12-26 05:31:29'),
(687, 1, 2, 687, 1, '2013-12-26', '10:59:00', '2013-12-26 05:31:29'),
(688, 1, 2, 688, 1, '2013-12-26', '10:59:00', '2013-12-26 05:31:30'),
(689, 1, 2, 689, 1, '2013-12-26', '10:59:00', '2013-12-26 05:31:31'),
(690, 1, 2, 690, 1, '2013-12-26', '10:59:00', '2013-12-26 05:31:31'),
(691, 1, 2, 691, 1, '2013-12-26', '10:59:00', '2013-12-26 05:31:31'),
(692, 1, 2, 692, 1, '2013-12-26', '10:59:00', '2013-12-26 05:31:31'),
(693, 1, 2, 693, 1, '2013-12-26', '10:59:00', '2013-12-26 05:31:31'),
(694, 1, 2, 694, 1, '2013-12-26', '10:59:00', '2013-12-26 05:31:31'),
(695, 1, 2, 695, 1, '2013-12-26', '10:59:00', '2013-12-26 05:31:31'),
(696, 1, 2, 696, 1, '2013-12-26', '10:59:00', '2013-12-26 05:31:32'),
(697, 1, 2, 697, 1, '2013-12-26', '10:59:00', '2013-12-26 05:31:32'),
(698, 1, 2, 698, 1, '2013-12-26', '10:59:00', '2013-12-26 05:31:32'),
(699, 1, 2, 699, 1, '2013-12-26', '10:59:00', '2013-12-26 05:31:32'),
(700, 1, 2, 700, 1, '2013-12-26', '10:59:00', '2013-12-26 05:31:32'),
(701, 1, 2, 701, 1, '2013-12-26', '10:59:00', '2013-12-26 05:31:32'),
(702, 1, 2, 702, 1, '2013-12-26', '10:59:00', '2013-12-26 05:31:33'),
(703, 1, 2, 703, 1, '2013-12-26', '10:59:00', '2013-12-26 05:31:33'),
(704, 1, 2, 704, 1, '2013-12-26', '10:59:00', '2013-12-26 05:31:33'),
(705, 1, 2, 705, 1, '2013-12-26', '10:59:00', '2013-12-26 05:31:33'),
(706, 1, 2, 706, 1, '2013-12-26', '10:59:00', '2013-12-26 05:31:33'),
(707, 1, 2, 707, 1, '2013-12-26', '10:59:00', '2013-12-26 05:31:33'),
(708, 1, 2, 708, 1, '2013-12-26', '10:59:00', '2013-12-26 05:31:34'),
(709, 1, 2, 709, 1, '2013-12-26', '10:59:00', '2013-12-26 05:31:34'),
(710, 1, 2, 710, 1, '2013-12-26', '10:59:00', '2013-12-26 05:31:34'),
(711, 1, 2, 711, 1, '2013-12-26', '10:59:00', '2013-12-26 05:31:34'),
(712, 1, 2, 712, 1, '2013-12-26', '10:59:00', '2013-12-26 05:31:34'),
(713, 1, 7, 713, 1, '2013-12-26', '10:59:00', '2013-12-26 05:31:34'),
(714, 1, 7, 714, 1, '2013-12-26', '10:59:00', '2013-12-26 05:31:35'),
(715, 1, 2, 715, 1, '2013-12-26', '10:59:00', '2013-12-26 05:31:35'),
(716, 1, 2, 716, 1, '2013-12-26', '10:59:00', '2013-12-26 05:31:35'),
(717, 1, 2, 717, 1, '2013-12-26', '10:59:00', '2013-12-26 05:31:35'),
(718, 1, 2, 718, 1, '2013-12-26', '10:59:00', '2013-12-26 05:31:35'),
(719, 1, 2, 719, 1, '2013-12-26', '10:59:00', '2013-12-26 05:31:35'),
(720, 1, 2, 720, 1, '2013-12-26', '10:59:00', '2013-12-26 05:31:35'),
(721, 1, 2, 721, 1, '2013-12-26', '10:59:00', '2013-12-26 05:31:36'),
(722, 1, 2, 722, 1, '2013-12-26', '10:59:00', '2013-12-26 05:31:36'),
(723, 1, 2, 723, 1, '2013-12-26', '10:59:00', '2013-12-26 05:31:36'),
(724, 1, 2, 724, 1, '2013-12-26', '10:59:00', '2013-12-26 05:31:36'),
(725, 1, 2, 725, 1, '2013-12-26', '10:59:00', '2013-12-26 05:31:36'),
(726, 1, 2, 726, 1, '2013-12-26', '10:59:00', '2013-12-26 05:31:36'),
(727, 1, 2, 727, 1, '2013-12-26', '10:59:00', '2013-12-26 05:31:37'),
(728, 1, 2, 728, 1, '2013-12-26', '10:59:00', '2013-12-26 05:31:37'),
(729, 1, 2, 729, 1, '2013-12-26', '10:59:00', '2013-12-26 05:31:37'),
(730, 1, 2, 730, 1, '2013-12-26', '10:59:00', '2013-12-26 05:31:37'),
(731, 1, 2, 731, 1, '2013-12-26', '10:59:00', '2013-12-26 05:31:37'),
(732, 1, 2, 732, 1, '2013-12-26', '10:59:00', '2013-12-26 05:31:38'),
(733, 1, 2, 733, 1, '2013-12-26', '10:59:00', '2013-12-26 05:31:38'),
(734, 1, 2, 734, 1, '2013-12-26', '10:59:00', '2013-12-26 05:31:38'),
(735, 1, 2, 735, 1, '2013-12-26', '10:59:00', '2013-12-26 05:31:38'),
(736, 1, 2, 736, 1, '2013-12-26', '10:59:00', '2013-12-26 05:31:38');
INSERT INTO `tbl_item_map` (`id_item_map`, `id_division`, `id_item_category`, `id_item`, `item_map_satatus`, `added_date`, `added_time`, `added_timestamp`) VALUES
(737, 1, 2, 737, 1, '2013-12-26', '10:59:00', '2013-12-26 05:31:38'),
(738, 1, 2, 738, 1, '2013-12-26', '10:59:00', '2013-12-26 05:31:38'),
(739, 1, 2, 739, 1, '2013-12-26', '10:59:00', '2013-12-26 05:31:39'),
(740, 1, 2, 740, 1, '2013-12-26', '10:59:00', '2013-12-26 05:31:39'),
(741, 1, 2, 741, 1, '2013-12-26', '10:59:00', '2013-12-26 05:31:39'),
(742, 1, 2, 742, 1, '2013-12-26', '10:59:00', '2013-12-26 05:31:39'),
(743, 1, 2, 743, 1, '2013-12-26', '10:59:00', '2013-12-26 05:31:39');

-- --------------------------------------------------------

--
-- Table structure for table `tbl_log`
--

CREATE TABLE IF NOT EXISTS `tbl_log` (
  `id_log` int(11) NOT NULL AUTO_INCREMENT,
  PRIMARY KEY (`id_log`)
) ENGINE=InnoDB DEFAULT CHARSET=latin1 AUTO_INCREMENT=1 ;

-- --------------------------------------------------------

--
-- Table structure for table `tbl_message`
--

CREATE TABLE IF NOT EXISTS `tbl_message` (
  `id_message` int(11) NOT NULL AUTO_INCREMENT,
  `id_employee_registration` int(11) DEFAULT NULL,
  `id_division` int(11) DEFAULT NULL,
  `id_territory` int(11) DEFAULT NULL,
  `message` text NOT NULL,
  `is_read` tinyint(4) DEFAULT '0',
  `message_status` tinyint(4) NOT NULL DEFAULT '1',
  `added_date` date DEFAULT NULL,
  `added_time` time DEFAULT NULL,
  `added_timestamp` timestamp NOT NULL DEFAULT CURRENT_TIMESTAMP ON UPDATE CURRENT_TIMESTAMP,
  PRIMARY KEY (`id_message`),
  KEY `fk_tbl_message_tbl_employee_registration1` (`id_employee_registration`),
  KEY `fk_tbl_message_tbl_division1` (`id_division`),
  KEY `fk_tbl_message_tbl_territory1` (`id_territory`)
) ENGINE=InnoDB DEFAULT CHARSET=latin1 AUTO_INCREMENT=1 ;

-- --------------------------------------------------------

--
-- Table structure for table `tbl_outlet`
--

CREATE TABLE IF NOT EXISTS `tbl_outlet` (
  `id_outlet` int(11) NOT NULL AUTO_INCREMENT,
  `id_outlet_registration` int(11) NOT NULL,
  `id_outlet_category` int(11) NOT NULL,
  `outlet_name` varchar(450) NOT NULL,
  `outlet_image` varchar(500) NOT NULL,
  `outlet_status` tinyint(4) NOT NULL,
  `added_date` date DEFAULT NULL,
  `added_time` time DEFAULT NULL,
  `added_timestamp` timestamp NULL DEFAULT CURRENT_TIMESTAMP ON UPDATE CURRENT_TIMESTAMP,
  PRIMARY KEY (`id_outlet`),
  KEY `fk_tbl_outlets_tbl_outlet_category1` (`id_outlet_category`),
  KEY `fk_tbl_outlet_tbl_outlet_registration1` (`id_outlet_registration`)
) ENGINE=InnoDB  DEFAULT CHARSET=latin1 AUTO_INCREMENT=102 ;

--
-- Dumping data for table `tbl_outlet`
--

INSERT INTO `tbl_outlet` (`id_outlet`, `id_outlet_registration`, `id_outlet_category`, `outlet_name`, `outlet_image`, `outlet_status`, `added_date`, `added_time`, `added_timestamp`) VALUES
(1, 1, 1, 'Prasadika Chemical', '', 1, '2013-11-21', '07:50:12', '2013-12-03 05:08:27'),
(2, 2, 7, 'N.D.S H.W', '', 1, '2013-11-21', '07:53:21', '2013-11-28 06:06:49'),
(3, 3, 1, 'Lalinda Chemical', '', 0, '2013-11-21', '07:55:29', '2013-12-03 04:44:40'),
(4, 4, 1, 'Sanajaya Chemical', '17-12-2013_4.jpg', 1, '2013-11-21', '07:56:38', '2013-12-17 06:39:05'),
(5, 5, 2, 'Aruna H.W', '', 1, '2013-11-21', '07:57:51', '2013-11-28 06:06:49'),
(6, 6, 5, 'Central Motors', '', 1, '2013-11-21', '07:57:52', '2013-11-28 06:06:49'),
(7, 7, 8, 'Madagama T.C', '', 1, '2013-11-21', '07:59:27', '2013-11-28 06:06:49'),
(8, 8, 7, 'Cadar Brothers', '16-12-2013_8.jpg', 1, '2013-11-21', '08:00:13', '2013-12-16 11:00:25'),
(9, 9, 8, 'Himesha T.C', '16-12-2013_9.jpg', 1, '2013-11-21', '08:01:48', '2013-12-16 05:22:19'),
(10, 10, 1, 'Shantha Chemical', '16-12-2013_10.jpg', 1, '2013-11-21', '08:03:05', '2013-12-16 11:03:56'),
(11, 11, 3, 'Singer Meegalawa', '', 1, '2013-11-21', '08:05:13', '2013-11-28 06:06:49'),
(12, 12, 1, 'Multy Chemical', '', 1, '2013-11-21', '08:06:13', '2013-11-28 06:06:49'),
(13, 13, 7, 'Razan chemical', '', 1, '2013-11-21', '08:06:22', '2013-11-28 06:06:49'),
(14, 14, 2, 'Mannr H.W', '', 1, '2013-11-21', '08:08:51', '2013-11-28 06:06:49'),
(15, 15, 1, 'Shan Chemical', '', 1, '2013-11-21', '08:21:24', '2013-11-28 06:06:49'),
(16, 16, 6, 'Pahalawaththa Stores', '', 1, '2013-11-21', '08:22:07', '2013-11-28 06:06:49'),
(17, 17, 1, 'Nirasha T.C', '16-12-2013_17.jpg', 1, '2013-11-21', '08:23:56', '2013-12-16 11:24:12'),
(18, 18, 1, 'Gifit Lanka', '04-01-2012_18.jpg', 1, '2013-11-21', '08:25:35', '2013-12-23 07:56:44'),
(19, 19, 1, 'Samarakoon', '', 1, '2013-11-21', '08:28:19', '2013-11-28 06:06:49'),
(20, 20, 1, 'Gunasiri Group', '16-12-2013_20.jpg', 1, '2013-11-21', '08:29:38', '2013-12-16 09:13:30'),
(21, 21, 1, 'A.D Agro', '23-12-2013_21.jpg', 1, '2013-11-21', '08:30:51', '2013-12-23 05:24:37'),
(22, 22, 8, 'W.Punchibanda', '', 1, '2013-11-21', '08:32:29', '2013-11-28 06:06:49'),
(23, 23, 1, 'Agro Lanka', '16-12-2013_23.jpg', 1, '2013-11-21', '08:33:28', '2013-12-16 11:02:23'),
(24, 24, 1, 'Purasda Krusisewa', '', 1, '2013-11-21', '08:34:15', '2013-11-28 06:06:49'),
(25, 25, 8, 'Rjarata Tool Center', '18-12-2013_25.jpg', 1, '2013-11-21', '08:34:40', '2013-12-18 10:49:27'),
(26, 26, 3, 'A.S.B Group', '', 1, '2013-11-21', '08:35:10', '2013-11-28 06:06:49'),
(27, 27, 5, 'Suramya', '', 1, '2013-11-21', '08:36:13', '2013-11-28 06:06:49'),
(28, 28, 1, 'Agrotech Lanka', '', 1, '2013-11-21', '08:36:17', '2013-11-28 06:06:49'),
(29, 29, 1, 'Chandana chemical', '', 1, '2013-11-21', '08:37:03', '2013-11-28 06:06:49'),
(30, 30, 1, 'Sampath T.C', '', 1, '2013-11-21', '08:38:05', '2013-11-28 06:06:49'),
(31, 31, 1, 'Sarusara gro', '', 1, '2013-11-21', '08:38:56', '2013-11-28 06:06:49'),
(32, 32, 1, 'K.M.G Chemical', '', 1, '2013-11-21', '08:39:46', '2013-11-28 06:06:49'),
(33, 33, 1, 'G.M.G Chemical', '', 1, '2013-11-21', '08:40:34', '2013-11-28 06:06:49'),
(34, 34, 3, 'S.N.B Finance', '', 1, '2013-11-21', '08:41:18', '2013-11-28 06:06:49'),
(35, 35, 1, 'Haritha Agro', '16-12-2013_35.jpg', 1, '2013-11-21', '08:41:58', '2013-12-16 09:18:39'),
(36, 36, 8, 'Yasiru T.C', '', 1, '2013-11-21', '08:42:51', '2013-11-28 06:06:49'),
(37, 37, 1, 'Sawasthipura Chemical', '', 1, '2013-11-21', '08:43:12', '2013-11-28 06:06:49'),
(38, 38, 1, 'Samarakoon', '', 1, '2013-11-21', '08:43:42', '2013-11-28 06:06:49'),
(39, 39, 1, 'Govijana Agro', '', 1, '2013-11-21', '08:44:27', '2013-11-28 06:06:49'),
(40, 40, 1, 'Rajangana Agro', '', 1, '2013-11-21', '08:45:10', '2013-11-28 06:06:49'),
(41, 41, 1, 'Gunawardena Chemical', '', 1, '2013-11-21', '08:45:55', '2013-11-28 06:06:49'),
(42, 42, 1, 'Dkshina Lanka', '', 1, '2013-11-21', '08:46:40', '2013-11-28 06:06:49'),
(43, 43, 2, 'Karunarathna stores', '01-01-2012_43.jpg', 1, '2013-11-21', '08:47:57', '2013-12-20 05:23:16'),
(44, 44, 1, 'Rehan T.C', '18-12-2013_44.jpg', 1, '2013-11-21', '08:52:07', '2013-12-18 10:45:52'),
(45, 45, 1, 'Pamal Moters', '', 1, '2013-11-21', '08:58:32', '2013-11-28 06:06:49'),
(46, 46, 1, 'test', '', 1, '2013-11-22', '04:25:33', '2013-11-28 06:06:49'),
(47, 47, 6, 'D.J.H', '', 1, '2013-11-26', '10:02:48', '2013-11-28 06:06:49'),
(48, 48, 3, 'K.B Ekanayaka', '16-12-2013_48.jpg', 0, '2013-11-26', '10:14:04', '2013-12-16 11:35:24'),
(49, 49, 1, 'Saumya Chemical', '', 1, '2013-11-26', '10:18:34', '2013-11-28 06:06:49'),
(50, 50, 7, 'Sri Sanpath', '', 1, '2013-11-26', '10:20:57', '2013-11-28 06:06:49'),
(51, 51, 7, 'U.B Dissanayake', '', 1, '2013-11-26', '10:24:16', '2013-11-28 06:06:49'),
(52, 52, 1, 'Saruketha', '', 1, '2013-11-26', '10:27:20', '2013-11-28 06:06:49'),
(53, 53, 1, 'Ganga Chemical', '', 1, '2013-11-26', '10:29:12', '2013-11-28 06:06:49'),
(54, 54, 1, 'Anfel Chemical', '', 1, '2013-11-26', '10:30:56', '2013-11-28 06:06:49'),
(55, 55, 1, 'Mahawali H.W', '', 1, '2013-11-26', '10:32:28', '2013-11-28 06:06:49'),
(56, 56, 1, 'Wijayas Chemical', '', 1, '2013-11-26', '10:33:41', '2013-11-28 06:06:49'),
(57, 57, 8, 'Wayamba Lanka', '', 1, '2013-11-26', '10:35:15', '2013-11-28 06:06:49'),
(58, 58, 1, 'Govipiyasa', '', 1, '2013-11-26', '10:37:36', '2013-11-28 06:06:49'),
(59, 59, 1, 'Ruvini T.c', '', 1, '2013-11-26', '10:40:54', '2013-11-28 06:06:49'),
(60, 60, 1, 'Indika Chemical', '', 1, '2013-11-26', '10:43:03', '2013-11-28 06:06:49'),
(61, 61, 3, 'Chandana T.C', '', 1, '2013-11-26', '10:45:10', '2013-11-28 06:06:49'),
(62, 62, 1, 'Ananda Chemical', '', 1, '2013-11-26', '10:47:10', '2013-11-28 06:06:49'),
(63, 63, 6, 'Cheep House', '', 1, '2013-11-26', '10:48:36', '2013-11-28 06:06:49'),
(64, 64, 1, 'Mahira Chemical', '', 1, '2013-11-26', '10:50:25', '2013-11-28 06:06:49'),
(65, 65, 1, 'M.A Motoes', '', 1, '2013-11-26', '10:51:29', '2013-11-28 06:06:49'),
(66, 66, 3, 'Nalinda T.C', '', 1, '2013-11-26', '10:53:34', '2013-11-28 06:06:49'),
(67, 67, 1, 'R.C.C Chemical', '', 1, '2013-11-26', '10:55:05', '2013-11-28 06:06:49'),
(68, 68, 1, 'Prwing Chemical', '', 1, '2013-11-26', '10:56:32', '2013-11-28 06:06:49'),
(69, 69, 8, 'Rathnayake T.C', '', 1, '2013-11-26', '10:58:00', '2013-11-28 06:06:49'),
(70, 70, 8, 'Salinda T.C', '', 1, '2013-11-26', '10:59:09', '2013-11-28 06:06:49'),
(71, 71, 1, 'Dissanayake Chemical', '', 1, '2013-11-26', '11:02:15', '2013-11-28 06:06:49'),
(72, 72, 6, 'W.A Susantha Stores', '', 1, '2013-11-26', '11:03:21', '2013-11-28 06:06:49'),
(73, 73, 1, 'Darmasiri Chemical', '', 1, '2013-11-26', '11:05:14', '2013-11-28 06:06:49'),
(74, 74, 1, 'Wasana Chemical', '', 1, '2013-11-26', '11:06:42', '2013-11-28 06:06:49'),
(75, 75, 7, 'Mashi H.W', '', 1, '2013-11-26', '11:07:51', '2013-11-28 06:06:49'),
(76, 76, 5, 'A.V.P Moters', '', 1, '2013-11-26', '11:14:23', '2013-11-28 06:06:49'),
(77, 77, 4, 'Idunila Multi Center', '', 1, '2013-11-26', '11:18:25', '2013-11-28 06:06:49'),
(78, 78, 8, 'Lanka Traders', '', 1, '2013-11-26', '11:19:35', '2013-11-28 06:06:49'),
(79, 79, 3, 'Givinda T.C', '', 1, '2013-11-26', '11:21:46', '2013-11-28 06:06:49'),
(80, 80, 5, 'M.R.S Moters', '', 1, '2013-11-26', '11:22:54', '2013-11-28 06:06:49'),
(81, 81, 1, 'Govisetha Chemical', '16-12-2013_81.jpg', 1, '2013-11-26', '11:25:16', '2013-12-16 08:03:54'),
(82, 82, 1, 'Sripura Rise Mills', '', 1, '2013-11-26', '11:26:52', '2013-11-28 06:06:49'),
(83, 83, 6, 'Jeewani Stores', '', 1, '2013-11-26', '11:28:00', '2013-11-28 06:06:49'),
(84, 84, 6, 'Dimuthu Stores', '', 1, '2013-11-26', '11:29:18', '2013-11-28 06:06:49'),
(85, 85, 6, 'Piyasena Stores', '', 1, '2013-11-26', '11:30:25', '2013-11-28 06:06:49'),
(86, 86, 5, 'Samansiri Moters', '', 1, '2013-11-26', '11:32:17', '2013-11-28 06:06:49'),
(87, 87, 6, 'Lakmal Stores', '', 1, '2013-11-26', '11:33:28', '2013-11-28 06:06:49'),
(88, 88, 1, 'Mahawali Chemical', '', 1, '2013-11-26', '11:34:22', '2013-11-28 06:06:49'),
(89, 89, 2, 'Parakum H.W', '', 1, '2013-11-26', '11:35:08', '2013-11-28 06:06:49'),
(90, 90, 6, 'Kandy Stores', '', 1, '2013-11-26', '11:35:52', '2013-11-28 06:06:49'),
(91, 91, 7, 'tugu', '', 1, '2013-12-02', '04:20:41', '2013-12-02 04:20:41'),
(92, 92, 7, 'tugu', '', 1, '2013-12-02', '04:35:25', '2013-12-02 04:35:25'),
(93, 93, 3, 'yuajjszk', '', 1, '2013-12-02', '04:40:46', '2013-12-02 04:40:46'),
(94, 94, 3, 'yuajjszk', '', 1, '2013-12-02', '04:46:33', '2013-12-02 04:46:33'),
(95, 95, 4, 'yuajjszk', '', 1, '2013-12-02', '04:51:19', '2013-12-02 04:51:19'),
(96, 96, 7, 'go back .5', '', 1, '2013-12-02', '04:58:55', '2013-12-02 04:58:55'),
(97, 97, 7, 'kaniya stores', '', 1, '2013-12-02', '05:01:22', '2013-12-02 05:01:22'),
(98, 98, 5, 'ududd', '', 1, '2013-12-02', '05:18:54', '2013-12-02 05:18:54'),
(99, 99, 3, 'elec abc', '16-12-2013_99.jpg', 1, '2013-12-02', '05:23:08', '2013-12-16 09:15:05'),
(100, 1, 1, 'Prasadika Chemicals', '16-12-2013_100.jpg', 1, '2013-12-03', '04:43:36', '2013-12-16 10:59:02'),
(101, 3, 1, 'Lalinda Chemicals', '', 1, '2013-12-03', '04:44:40', '2013-12-03 04:44:40');

-- --------------------------------------------------------

--
-- Table structure for table `tbl_outlet_category`
--

CREATE TABLE IF NOT EXISTS `tbl_outlet_category` (
  `id_outlet_category` int(11) NOT NULL AUTO_INCREMENT,
  `outlet_category_name` varchar(450) DEFAULT NULL,
  `outlet_category_status` tinyint(4) DEFAULT '1',
  `added_date` date DEFAULT NULL,
  `added_time` time DEFAULT NULL,
  `added_timestamp` timestamp NULL DEFAULT CURRENT_TIMESTAMP ON UPDATE CURRENT_TIMESTAMP,
  PRIMARY KEY (`id_outlet_category`)
) ENGINE=InnoDB  DEFAULT CHARSET=latin1 AUTO_INCREMENT=9 ;

--
-- Dumping data for table `tbl_outlet_category`
--

INSERT INTO `tbl_outlet_category` (`id_outlet_category`, `outlet_category_name`, `outlet_category_status`, `added_date`, `added_time`, `added_timestamp`) VALUES
(1, 'Chemical Dealers', 1, '2013-11-20', '13:05:13', '2013-11-21 08:56:35'),
(2, 'Hardware Shop', 1, '2013-11-20', '13:06:01', '2013-11-20 07:36:20'),
(3, 'Electronic Shop', 1, '2013-11-20', '13:06:38', '2013-11-21 06:57:19'),
(4, 'Other Shops', 1, '2013-11-21', '06:57:56', '2013-11-21 06:58:16'),
(5, 'Motors', 1, '2013-11-21', '07:43:36', '2013-11-28 06:08:32'),
(6, 'Stores', 1, '2013-11-21', '07:43:52', '2013-11-28 06:08:38'),
(7, 'Chemical and  H.W', 1, '2013-11-21', '07:46:50', '2013-11-28 06:08:44'),
(8, 'Trade Center', 1, '2013-11-21', '07:58:19', '2013-11-28 06:08:50');

-- --------------------------------------------------------

--
-- Table structure for table `tbl_outlet_has_branch`
--

CREATE TABLE IF NOT EXISTS `tbl_outlet_has_branch` (
  `id_outlet_has_branch` int(11) NOT NULL AUTO_INCREMENT,
  `id_outlet` int(11) NOT NULL,
  `id_branch_registration` int(11) NOT NULL,
  `id_territory` int(11) NOT NULL,
  `branch_address` varchar(450) DEFAULT NULL,
  `branch_telephone` varchar(45) DEFAULT NULL,
  `branch_mobile` varchar(45) DEFAULT NULL,
  `branch_contact_person` varchar(450) DEFAULT NULL,
  `branch_contact_person_designation` varchar(450) DEFAULT NULL,
  `outlet_has_branch_status` tinyint(4) DEFAULT '1',
  `added_date` date DEFAULT NULL,
  `added_time` time DEFAULT NULL,
  `added_timestamp` timestamp NULL DEFAULT CURRENT_TIMESTAMP ON UPDATE CURRENT_TIMESTAMP,
  `percentage_discount` decimal(20,2) NOT NULL DEFAULT '0.00',
  `price_discount` decimal(20,2) NOT NULL DEFAULT '0.00',
  PRIMARY KEY (`id_outlet_has_branch`),
  KEY `fk_tbl_outlet_has_branch_tbl_territory1` (`id_territory`),
  KEY `fk_tbl_outlet_has_branch_tbl_outlet1` (`id_outlet`),
  KEY `fk_tbl_outlet_has_branch_tbl_branch_registration1` (`id_branch_registration`)
) ENGINE=InnoDB  DEFAULT CHARSET=latin1 AUTO_INCREMENT=123 ;

--
-- Dumping data for table `tbl_outlet_has_branch`
--

INSERT INTO `tbl_outlet_has_branch` (`id_outlet_has_branch`, `id_outlet`, `id_branch_registration`, `id_territory`, `branch_address`, `branch_telephone`, `branch_mobile`, `branch_contact_person`, `branch_contact_person_designation`, `outlet_has_branch_status`, `added_date`, `added_time`, `added_timestamp`, `percentage_discount`, `price_discount`) VALUES
(22, 1, 13, 4, 'Horoupathana Road, Mihinthale', '071-7483652', '071-7483652', 'Miss. Puspa', 'Owner', 0, '2013-11-21', '07:50:12', '2013-12-03 04:43:36', 0.00, 0.00),
(23, 2, 14, 4, 'Galenbidunuwewa Road,\nSippukulama', '025-49919208', '025-49919208', 'Mr.Kumara', 'Owner', 1, '2013-11-21', '07:53:21', '2013-11-21 07:53:21', 0.00, 0.00),
(24, 3, 15, 4, 'Horoupathana Road,\nSippukulama', '072-6396996', '072-6396996', 'Mr.Lalinda', 'Owner', 0, '2013-11-21', '07:55:29', '2013-12-03 04:44:40', 0.00, 0.00),
(25, 4, 16, 5, 'Thalakolawewa,Hurigaswewa', '071-4490490', '071-4490490', 'Mr. Sanjaya', 'Owner', 1, '2013-11-21', '07:56:38', '2013-11-21 07:56:38', 0.00, 0.00),
(26, 5, 17, 5, 'New Town Galnewa', '025-2269556', '025-2269556', 'None', 'None', 1, '2013-11-21', '07:57:51', '2013-11-21 07:57:51', 0.00, 0.00),
(27, 6, 18, 4, 'Upuldeniya Road Katukaliyawa', '077-6647608', '077-6647608', 'none', 'Owner', 1, '2013-11-21', '07:57:52', '2013-11-21 07:57:52', 0.00, 0.00),
(28, 7, 19, 5, 'Thambuththegama Road Bullnewa.', '072-4227642', '072-4227642', 'Mr Asela', 'Owner', 1, '2013-11-21', '07:59:27', '2013-11-21 07:59:27', 0.00, 0.00),
(29, 8, 20, 4, 'New Town Galenbidunuwewa', '025-2258247', '025-2258247', 'none', 'Owner', 1, '2013-11-21', '08:00:13', '2013-11-21 08:00:13', 0.00, 0.00),
(30, 9, 21, 5, 'New Town Galnewa', '0252269534', '0252269534', 'None', 'None', 1, '2013-11-21', '08:01:48', '2013-11-21 08:01:48', 0.00, 0.00),
(31, 10, 22, 5, 'Galgamuwa Road , Meegalawa', '072-7877845', '072-7877845', 'Mr. Shantha', 'Owner', 1, '2013-11-21', '08:03:05', '2013-11-21 08:03:05', 0.00, 0.00),
(32, 11, 23, 5, 'New Town Meegalawa', '071-4003053', '071-4003053', 'Mr. Bandara', 'Owner', 1, '2013-11-21', '08:05:13', '2013-11-21 08:05:13', 0.00, 0.00),
(33, 12, 24, 4, 'Kannimaduwa Road Galenbidunuwewa', '025-2258283', '025-2258283', 'Mr.Puwad', 'Owner', 1, '2013-11-21', '08:06:13', '2013-11-21 08:06:13', 0.00, 0.00),
(34, 13, 25, 5, 'Kakirawa Road, Jayamawatha.', '077-3412017', '077-3412017', 'Mr. Jinna', 'Owner', 1, '2013-11-21', '08:06:22', '2013-11-21 08:06:22', 0.00, 0.00),
(35, 14, 26, 4, 'Kandy Road Mihinthale', '0000000000', '0000000000', 'Mr.Asmi', 'Owner', 1, '2013-11-21', '08:08:51', '2013-11-21 08:08:51', 0.00, 0.00),
(36, 15, 27, 5, 'Eppawala Road, Karuwalwgaswewa.\n', 'None', 'None', 'None', 'None', 1, '2013-11-21', '08:21:24', '2013-11-21 08:21:24', 0.00, 0.00),
(37, 16, 28, 5, 'New Town Galnewa', 'None', 'None', 'None', 'None', 1, '2013-11-21', '08:22:07', '2013-11-21 08:22:07', 0.00, 0.00),
(38, 17, 29, 4, 'New Town Galenbidunuwewa', '025-7923930', '025-7923930', 'Mr.Erantha', 'Owner', 1, '2013-11-21', '08:23:56', '2013-11-21 08:23:56', 0.00, 0.00),
(39, 18, 30, 4, 'New Town Galenbidunuwewa', '0000000000', '0000000000', 'none', 'Owner', 1, '2013-11-21', '08:25:35', '2013-11-21 08:25:35', 0.00, 0.00),
(40, 19, 31, 11, 'Darmapala Mawatha Anuradhapura', '0000000000', '0000000000', 'none', 'Owner', 1, '2013-11-21', '08:28:19', '2013-11-21 08:28:19', 0.00, 0.00),
(41, 20, 32, 11, 'No:04,Darmapala Mawatha Anuradapura', '0000000000', '0000000000', 'none', 'Owner', 1, '2013-11-21', '08:29:38', '2013-11-21 08:29:38', 0.00, 0.00),
(42, 21, 33, 11, 'No:140B/7 Road,Market Side Anuradhapura', '0000000000', '0000000000', 'none', 'Owner', 1, '2013-11-21', '08:30:51', '2013-11-21 08:30:51', 0.00, 0.00),
(43, 22, 34, 11, 'Bank Sate Anuradhapura', '0000000000', '0000000000', 'none', 'Owner', 1, '2013-11-21', '08:32:29', '2013-11-21 08:32:29', 0.00, 0.00),
(44, 23, 35, 6, 'New Town Nochchiyagama', '072-2332030', '072-2332030', 'Mr. Sumith', 'Owner', 1, '2013-11-21', '08:33:28', '2013-11-21 08:33:28', 0.00, 0.00),
(45, 24, 36, 6, 'New Town Nochchiyagama', '025-2257809', '025-2257809', 'Mr. Layanal', 'Owner', 1, '2013-11-21', '08:34:15', '2013-11-21 08:34:15', 0.00, 0.00),
(46, 25, 37, 11, 'New Bustand Anuradhapura', '077-7603438', '077-7603438', 'Mr:Rasika', 'Owner', 1, '2013-11-21', '08:34:40', '2013-11-21 08:34:40', 0.00, 0.00),
(47, 26, 38, 6, 'Puththalam, Road,Nochchiyagama.', '071-2900900', '071-2900900', 'Mr. Asanka', 'Owner', 1, '2013-11-21', '08:35:10', '2013-11-21 08:35:10', 0.00, 0.00),
(48, 27, 39, 11, 'New Town Thalawa', '025-2276391', '025-2276391', 'none', 'Owner', 1, '2013-11-21', '08:36:13', '2013-11-21 08:36:13', 0.00, 0.00),
(49, 28, 40, 6, 'Puththalam Road, Kalawawa.', '072-4629150', '072-4629150', 'Mr. Nelsan', 'Owner', 1, '2013-11-21', '08:36:17', '2013-11-21 08:36:17', 0.00, 0.00),
(50, 29, 41, 6, 'Rjanganaya Yaya 08', 'None', 'None', 'Mr:Chandana', 'Owner', 1, '2013-11-21', '08:37:03', '2013-11-21 08:37:03', 0.00, 0.00),
(51, 30, 42, 6, 'Rajanganaya Yaya 05', '072-7878889', '072-7878889', 'Mr:Sisira', 'Owner', 1, '2013-11-21', '08:38:05', '2013-11-21 08:38:05', 0.00, 0.00),
(52, 31, 43, 6, 'Pahalahalmillawa, Nochchiyagama.\n', '077-418361', '077-418361', 'Mr:Thanuja', 'Owner', 1, '2013-11-21', '08:38:56', '2013-11-21 08:38:56', 0.00, 0.00),
(53, 32, 44, 6, 'Nochchiyagama Road, Thamuththegama.\n', '025-5620032', '025-5620032', 'Mr. Nalaka', 'Owner', 1, '2013-11-21', '08:39:46', '2013-11-21 08:39:46', 0.00, 0.00),
(54, 33, 45, 6, 'Rajanganaya Road, Thambuththegama.\n', '025-2276338', '025-2276338', 'Mr. Gunarathna', 'Owner', 1, '2013-11-21', '08:40:34', '2013-11-21 08:40:34', 0.00, 0.00),
(55, 34, 46, 6, 'Anuradhapura Road, Thambuththegama.\n', '071-9923924', '071-9923924', 'Mr:Senaka', 'Owner', 1, '2013-11-21', '08:41:18', '2013-11-21 08:41:18', 0.00, 0.00),
(56, 35, 47, 6, 'No:74, Thambuththegama.\n', '025-2276353', '025-2276353', 'Mr. Thennakoon', 'Owner', 1, '2013-11-21', '08:41:58', '2013-11-21 08:41:58', 0.00, 0.00),
(57, 36, 48, 6, 'Kurunagala Road, Thambuththegama.\n', '077-4609847', '077-4609847', 'Mr:Chminda', 'Owner', 1, '2013-11-21', '08:42:51', '2013-11-21 08:42:51', 0.00, 0.00),
(58, 37, 49, 11, 'Anuradhapura Road Sawasthipura', '0000000000', '0000000000', 'none', 'Owner', 1, '2013-11-21', '08:43:12', '2013-11-21 08:43:12', 0.00, 0.00),
(59, 38, 50, 6, 'Kurunagala Road, Thambuththegama.\n', 'None', 'None', 'None', 'None', 1, '2013-11-21', '08:43:42', '2013-11-21 08:43:42', 0.00, 0.00),
(60, 39, 51, 6, 'Rajanganaya Yaya 11', '077-9672239', '077-9672239', 'Mr. Jayathissa', 'Owner', 1, '2013-11-21', '08:44:27', '2013-11-21 08:44:27', 0.00, 0.00),
(61, 40, 52, 6, 'Rajanganaya Yaya 05', '071-18105488', '071-18105488', 'Mr:Nilantha', 'Owner', 1, '2013-11-21', '08:45:10', '2013-11-21 08:45:10', 0.00, 0.00),
(62, 41, 53, 6, 'Nochchiyagama Road, Thamuththegama.\n', 'None', 'None', 'Mr:Gunawrdena', 'Owner', 1, '2013-11-21', '08:45:55', '2013-11-21 08:45:55', 0.00, 0.00),
(63, 42, 54, 6, 'Anuradhapura Road, Thambuththegama.\n', 'None', 'None', 'None', 'None', 1, '2013-11-21', '08:46:40', '2013-11-21 08:46:40', 0.00, 0.00),
(64, 43, 55, 6, 'Rajanganaya Yaya 13', 'None', 'None', 'None', 'None', 1, '2013-11-21', '08:47:57', '2013-11-21 08:47:57', 0.00, 0.00),
(65, 44, 56, 11, 'Kurunagala Road Thalawa', '071-8612718', '071-8612718', 'Mr:Palitha', 'Owner', 1, '2013-11-21', '08:52:07', '2013-11-21 08:52:07', 0.00, 0.00),
(66, 45, 57, 11, 'Andarawewa Road Thalawa', '071-4319552', '071-4319552', 'Mr:Amila', 'Owner', 1, '2013-11-21', '08:58:32', '2013-11-21 08:58:32', 0.00, 0.00),
(67, 46, 58, 6, 'Test', 'none', 'none', 'ashan', 'test', 1, '2013-11-22', '04:25:33', '2013-11-22 04:25:33', 0.00, 0.00),
(68, 47, 59, 7, 'Thambuththegama Road Eppawala\n', '0000000000', '0000000000', 'none', 'Owner', 1, '2013-11-26', '10:02:48', '2013-11-26 10:02:48', 0.00, 0.00),
(69, 48, 60, 7, 'Kakirawa Road Eppawala\n', '0000000000', '713038059', 'none', 'none', 1, '2013-11-26', '10:14:04', '2013-11-26 10:14:04', 0.00, 0.00),
(70, 49, 61, 7, 'Kakirawa Road Eppawala\n', '0000000000', '077-3592492', 'none', 'none', 1, '2013-11-26', '10:18:34', '2013-11-26 10:18:34', 0.00, 0.00),
(71, 50, 62, 7, 'Kakirawa Road Gonapathirawa\n', '025-4985121', '077-1153771', 'none', 'none', 1, '2013-11-26', '10:20:57', '2013-11-26 10:20:57', 0.00, 0.00),
(72, 51, 63, 7, 'Anuradhapura Road Eppawala\n', '0000000000', '0000000000', 'none', 'none', 1, '2013-11-26', '10:24:16', '2013-11-26 10:24:16', 0.00, 0.00),
(73, 52, 64, 7, 'Kandy Road Kakirawa\n', '0000000000', '0000000000', 'none', 'none', 1, '2013-11-26', '10:27:20', '2013-11-26 10:27:20', 0.00, 0.00),
(74, 53, 65, 7, 'Kandy Road Kakirawa\n', '0000000000', '077-72467655', 'none', 'none', 1, '2013-11-26', '10:29:12', '2013-11-26 10:29:12', 0.00, 0.00),
(75, 54, 66, 7, 'Kandy Road Kakirawa\n', '0000000000', '0000000000', 'none', 'none', 1, '2013-11-26', '10:30:56', '2013-11-26 10:30:56', 0.00, 0.00),
(76, 55, 67, 7, 'Anuradhapura Road kiralogama\n', '025-2249353', '0000000000', 'none', 'none', 1, '2013-11-26', '10:32:28', '2013-11-26 10:32:28', 0.00, 0.00),
(77, 56, 68, 7, 'Kandy Road Kakirawa\n', '025-2264489', '0000000000', 'none', 'none', 1, '2013-11-26', '10:33:41', '2013-11-26 10:33:41', 0.00, 0.00),
(78, 57, 69, 7, 'Anuradhapura Road Eppawala\n', '0000000000', '0000000000', 'none', 'none', 1, '2013-11-26', '10:35:15', '2013-11-26 10:35:15', 0.00, 0.00),
(79, 58, 70, 7, 'Kandy Road Thirappane\n', '0000000000', '0000000000', 'none', 'none', 1, '2013-11-26', '10:37:36', '2013-11-26 10:37:36', 0.00, 0.00),
(80, 59, 71, 7, 'Anuradhapura Road Thirappane\n', '0000000000', '077-5551080', 'none', 'none', 1, '2013-11-26', '10:40:54', '2013-11-26 10:40:54', 0.00, 0.00),
(81, 60, 72, 8, 'Galenbidunuwewa Road Kahatagasdigiliya\n', '025-2247399', '0000000000', 'none', 'none', 1, '2013-11-26', '10:43:03', '2013-11-26 10:43:03', 0.00, 0.00),
(82, 61, 73, 8, 'New Town Horoupathana\n', '0000000000', '077-3375555', 'none', 'none', 1, '2013-11-26', '10:45:10', '2013-11-26 10:45:10', 0.00, 0.00),
(83, 62, 74, 8, 'New Town Horoupathana\n', '0000000000', '071-1259083', 'none', 'none', 1, '2013-11-26', '10:47:10', '2013-11-26 10:47:10', 0.00, 0.00),
(84, 63, 75, 8, 'New Town Khatagasdigiliya\n', '0000000000', '0000000000', 'none', 'none', 1, '2013-11-26', '10:48:36', '2013-11-26 10:48:36', 0.00, 0.00),
(85, 64, 76, 8, 'New Town Horoupathana\n', '0000000000', '0000000000', 'none', 'none', 1, '2013-11-26', '10:50:25', '2013-11-26 10:50:25', 0.00, 0.00),
(86, 65, 77, 8, 'Anuradhapura Road Khatagasdigiliya\n', '0000000000', '077-3076607', 'none', 'none', 1, '2013-11-26', '10:51:29', '2013-11-26 10:51:29', 0.00, 0.00),
(87, 66, 78, 8, 'Anuradhapura Road Horoupathana\n', '0000000000', '077-3063915', 'none', 'none', 1, '2013-11-26', '10:53:34', '2013-11-26 10:53:34', 0.00, 0.00),
(88, 67, 79, 8, 'New Town Horoupathana\n', '0000000000', '0000000000', 'none', 'none', 1, '2013-11-26', '10:55:05', '2013-11-26 10:55:05', 0.00, 0.00),
(89, 68, 80, 8, 'Trinkomali Road Horoupathana\n', '0000000000', '0000000000', 'none', 'none', 1, '2013-11-26', '10:56:32', '2013-11-26 10:56:32', 0.00, 0.00),
(90, 69, 81, 8, 'Anuradhapura Road Dachchahalmillawa\n', '0000000000', '072-7339330', 'none', 'none', 1, '2013-11-26', '10:58:00', '2013-11-26 10:58:00', 0.00, 0.00),
(91, 70, 82, 8, 'Anuradhapura Road Horoupathana\n', '025-2278587', '0000000000', 'none', 'none', 1, '2013-11-26', '10:59:09', '2013-11-26 10:59:09', 0.00, 0.00),
(92, 71, 83, 9, 'Bogashandiya Road Pemaduwa\n', '0000000000', '071-7153200', 'none', 'none', 1, '2013-11-26', '11:02:15', '2013-11-26 11:02:15', 0.00, 0.00),
(93, 72, 84, 9, 'Wilachchiya Road Aliwanguwa\n', '0000000000', '0000000000', 'none', 'none', 1, '2013-11-26', '11:03:21', '2013-11-26 11:03:21', 0.00, 0.00),
(94, 73, 85, 9, 'New Town Pemaduwa\n', '0000000000', '077-3818360', 'none', 'none', 1, '2013-11-26', '11:05:14', '2013-11-26 11:05:14', 0.00, 0.00),
(95, 74, 86, 9, 'Pemaduwa,Bogashandiya\n', '0000000000', '0000000000', 'none', 'none', 1, '2013-11-26', '11:06:42', '2013-11-26 11:06:42', 0.00, 0.00),
(96, 75, 87, 9, 'Pemaduwa,Bogashandiya\n', '025-3256312', '0000000000', 'none', 'none', 1, '2013-11-26', '11:07:51', '2013-11-26 11:07:51', 0.00, 0.00),
(97, 76, 88, 10, 'Mihinthale Road Rembawa\n', '0000000000', '071-8745100', 'none', 'none', 1, '2013-11-26', '11:14:23', '2013-11-26 11:14:23', 0.00, 0.00),
(98, 77, 89, 10, 'Medhawachchiya Road Rembawa\n', '0000000000', '0000000000', 'none', 'none', 1, '2013-11-26', '11:18:25', '2013-11-26 11:18:25', 0.00, 0.00),
(99, 78, 90, 10, 'New Town Madhawachchiya\n', '0000000000', '077-4303065', 'none', 'none', 1, '2013-11-26', '11:19:35', '2013-11-26 11:19:35', 0.00, 0.00),
(100, 79, 91, 10, 'Anuradhapura Road Medhawachchiya\n', '0000000000', '071-4169979', 'none', 'none', 1, '2013-11-26', '11:21:46', '2013-11-26 11:21:46', 0.00, 0.00),
(101, 80, 92, 10, 'Anuradhapura Road Medhawachchiya\n', '0000000000', '0000000000', 'none', 'none', 1, '2013-11-26', '11:22:54', '2013-11-26 11:22:54', 0.00, 0.00),
(102, 81, 93, 12, 'New Town Padawiya\n', '0000000000', '0000000000', 'none', 'none', 1, '2013-11-26', '11:25:16', '2013-11-26 11:25:16', 0.00, 0.00),
(103, 82, 94, 12, 'New Town Padawisripura\n', '0000000000', '0000000000', 'none', 'none', 1, '2013-11-26', '11:26:52', '2013-11-26 11:26:52', 0.00, 0.00),
(104, 83, 95, 12, 'New Town Padawisripura\n', '0000000000', '0000000000', 'none', 'none', 1, '2013-11-26', '11:28:00', '2013-11-26 11:28:00', 0.00, 0.00),
(105, 84, 96, 12, 'New Town Padawisripura\n', '0000000000', '0000000000', 'none', 'none', 1, '2013-11-26', '11:29:18', '2013-11-26 11:29:18', 0.00, 0.00),
(106, 85, 97, 12, 'Padawi Road Kabithigollawa\n', '0000000000', '0000000000', 'none', 'none', 1, '2013-11-26', '11:30:25', '2013-11-26 11:30:25', 0.00, 0.00),
(107, 86, 98, 12, 'Padawiparakramapura\n', '0000000000', '0000000000', 'none', 'none', 1, '2013-11-26', '11:32:17', '2013-11-26 11:32:17', 0.00, 0.00),
(108, 87, 99, 12, 'Aliwanguwa Padawiya\n', '0000000000', '0000000000', 'none', 'none', 1, '2013-11-26', '11:33:28', '2013-11-26 11:33:28', 0.00, 0.00),
(109, 88, 100, 12, 'Padawi Road Kabithigollawa\n', '0000000000', '0000000000', 'none', 'none', 1, '2013-11-26', '11:34:22', '2013-11-26 11:34:22', 0.00, 0.00),
(110, 89, 101, 12, 'Padawi Sripura\n', '0000000000', '0000000000', 'none', 'none', 1, '2013-11-26', '11:35:08', '2013-11-26 11:35:08', 0.00, 0.00),
(111, 90, 102, 12, 'Padawi Sripura\n', '0000000000', '0000000000', 'none', 'none', 1, '2013-11-26', '11:35:52', '2013-11-26 11:35:52', 0.00, 0.00),
(112, 91, 103, 3, 'ryg', '', '46556', 'bbkj', 'jgj', 1, '2013-12-02', '04:20:41', '2013-12-02 04:20:41', 0.00, 0.00),
(113, 92, 104, 3, 'ryg', '', '46556', 'bbkj', 'jgj', 1, '2013-12-02', '04:35:25', '2013-12-02 04:35:25', 0.00, 0.00),
(114, 93, 105, 7, 'mcmcmc', '', '767686855', 'fnjffjf', 'fifiiddj', 1, '2013-12-02', '04:40:46', '2013-12-02 04:40:46', 0.00, 0.00),
(115, 94, 106, 7, 'mcmcmc', '', '767686855', 'fnjffjf', 'fifiiddj', 1, '2013-12-02', '04:46:33', '2013-12-02 04:46:33', 0.00, 0.00),
(116, 95, 107, 7, 'mcmcmc', '', '767686855', 'fnjffjf', 'fifiiddj', 1, '2013-12-02', '04:51:19', '2013-12-02 04:51:19', 0.00, 0.00),
(117, 96, 108, 5, '6rlgou', '', '86057676764', 'fjititihy', 'g8uhihhih', 1, '2013-12-02', '04:58:55', '2013-12-02 04:58:55', 0.00, 0.00),
(118, 97, 109, 6, 'hikkaduwa.com''', '', '0912275445', 'bula', 'ownew', 1, '2013-12-02', '05:01:22', '2013-12-02 05:01:22', 0.00, 0.00),
(119, 98, 110, 7, 'idddd', '', '6455', 'fidid', 'jsisidi', 1, '2013-12-02', '05:18:54', '2013-12-02 05:18:54', 0.00, 0.00),
(120, 99, 111, 17, '23,,54 galle', '', '5556322556558', 'nimal', 'dddd', 1, '2013-12-02', '05:23:08', '2013-12-02 05:23:08', 0.00, 0.00),
(121, 100, 13, 4, 'Horoupathana Road, Mihinthale', '071-7483652', '071-7483652', 'Miss. Puspa', 'Owner', 1, '2013-12-03', '04:43:36', '2013-12-03 04:43:36', 0.00, 0.00),
(122, 101, 15, 4, 'Horoupathana Road,\nSippukulama', '072-6396996', '072-6396996', 'Mr.Lalinda', 'Owner', 1, '2013-12-03', '04:44:40', '2013-12-03 04:44:40', 0.00, 0.00);

-- --------------------------------------------------------

--
-- Table structure for table `tbl_outlet_registration`
--

CREATE TABLE IF NOT EXISTS `tbl_outlet_registration` (
  `id_outlet_registration` int(11) NOT NULL AUTO_INCREMENT,
  `outlet_code` varchar(100) NOT NULL,
  `outlet_registration_status` tinyint(4) NOT NULL,
  `added_date` date DEFAULT NULL,
  `added_time` time DEFAULT NULL,
  `added_timestamp` timestamp NOT NULL DEFAULT CURRENT_TIMESTAMP ON UPDATE CURRENT_TIMESTAMP,
  PRIMARY KEY (`id_outlet_registration`)
) ENGINE=InnoDB  DEFAULT CHARSET=latin1 AUTO_INCREMENT=100 ;

--
-- Dumping data for table `tbl_outlet_registration`
--

INSERT INTO `tbl_outlet_registration` (`id_outlet_registration`, `outlet_code`, `outlet_registration_status`, `added_date`, `added_time`, `added_timestamp`) VALUES
(1, '1', 1, '2013-11-21', '07:50:12', '2013-11-28 06:04:10'),
(2, '1', 1, '2013-11-21', '07:53:21', '2013-11-28 06:04:10'),
(3, '1', 1, '2013-11-21', '07:55:29', '2013-11-28 06:04:10'),
(4, '1', 1, '2013-11-21', '07:56:38', '2013-11-28 06:04:10'),
(5, '0', 1, '2013-11-21', '07:57:51', '2013-11-28 06:04:10'),
(6, '1', 1, '2013-11-21', '07:57:52', '2013-11-28 06:04:10'),
(7, '0', 1, '2013-11-21', '07:59:27', '2013-11-28 06:04:10'),
(8, '1', 1, '2013-11-21', '08:00:13', '2013-11-28 06:04:10'),
(9, '1', 1, '2013-11-21', '08:01:48', '2013-11-28 06:04:10'),
(10, '0', 1, '2013-11-21', '08:03:05', '2013-11-28 06:04:10'),
(11, '0', 1, '2013-11-21', '08:05:13', '2013-11-28 06:04:10'),
(12, '1', 1, '2013-11-21', '08:06:13', '2013-11-28 06:04:10'),
(13, '0', 1, '2013-11-21', '08:06:22', '2013-11-28 06:04:10'),
(14, '1', 1, '2013-11-21', '08:08:51', '2013-11-28 06:04:10'),
(15, '0', 1, '2013-11-21', '08:21:24', '2013-11-28 06:04:10'),
(16, '0', 1, '2013-11-21', '08:22:07', '2013-11-28 06:04:10'),
(17, '1', 1, '2013-11-21', '08:23:56', '2013-11-28 06:04:10'),
(18, '1', 1, '2013-11-21', '08:25:35', '2013-11-28 06:04:10'),
(19, '1', 1, '2013-11-21', '08:28:19', '2013-11-28 06:04:10'),
(20, '1', 1, '2013-11-21', '08:29:38', '2013-11-28 06:04:10'),
(21, '1', 1, '2013-11-21', '08:30:51', '2013-11-28 06:04:10'),
(22, '1', 1, '2013-11-21', '08:32:29', '2013-11-28 06:04:10'),
(23, '0', 1, '2013-11-21', '08:33:28', '2013-11-28 06:04:10'),
(24, '0', 1, '2013-11-21', '08:34:15', '2013-11-28 06:04:10'),
(25, '1', 1, '2013-11-21', '08:34:40', '2013-11-28 06:04:10'),
(26, '0', 1, '2013-11-21', '08:35:10', '2013-11-28 06:04:10'),
(27, '1', 1, '2013-11-21', '08:36:13', '2013-11-28 06:04:10'),
(28, '0', 1, '2013-11-21', '08:36:17', '2013-11-28 06:04:10'),
(29, '0', 1, '2013-11-21', '08:37:03', '2013-11-28 06:04:10'),
(30, '0', 1, '2013-11-21', '08:38:05', '2013-11-28 06:04:10'),
(31, '0', 1, '2013-11-21', '08:38:56', '2013-11-28 06:04:10'),
(32, '0', 1, '2013-11-21', '08:39:46', '2013-11-28 06:04:10'),
(33, '0', 1, '2013-11-21', '08:40:34', '2013-11-28 06:04:10'),
(34, '0', 1, '2013-11-21', '08:41:18', '2013-11-28 06:04:10'),
(35, '0', 1, '2013-11-21', '08:41:58', '2013-11-28 06:04:10'),
(36, '0', 1, '2013-11-21', '08:42:51', '2013-11-28 06:04:10'),
(37, '1', 1, '2013-11-21', '08:43:12', '2013-11-28 06:04:10'),
(38, '0', 1, '2013-11-21', '08:43:42', '2013-11-28 06:04:10'),
(39, '0', 1, '2013-11-21', '08:44:27', '2013-11-28 06:04:10'),
(40, '0', 1, '2013-11-21', '08:45:10', '2013-11-28 06:04:10'),
(41, '0', 1, '2013-11-21', '08:45:55', '2013-11-28 06:04:10'),
(42, '0', 1, '2013-11-21', '08:46:40', '2013-11-28 06:04:10'),
(43, '0', 1, '2013-11-21', '08:47:57', '2013-11-28 06:04:10'),
(44, '1', 1, '2013-11-21', '08:52:07', '2013-11-28 06:04:10'),
(45, '1', 1, '2013-11-21', '08:58:32', '2013-11-28 06:04:10'),
(46, '0', 1, '2013-11-22', '04:25:33', '2013-11-28 06:04:10'),
(47, '1', 1, '2013-11-26', '10:02:48', '2013-11-28 06:04:10'),
(48, '1', 1, '2013-11-26', '10:14:04', '2013-11-28 06:04:10'),
(49, '1', 1, '2013-11-26', '10:18:34', '2013-11-28 06:04:10'),
(50, '1', 1, '2013-11-26', '10:20:57', '2013-11-28 06:04:10'),
(51, '1', 1, '2013-11-26', '10:24:16', '2013-11-28 06:04:10'),
(52, '1', 1, '2013-11-26', '10:27:20', '2013-11-28 06:04:10'),
(53, '1', 1, '2013-11-26', '10:29:12', '2013-11-28 06:04:10'),
(54, '1', 1, '2013-11-26', '10:30:56', '2013-11-28 06:04:10'),
(55, '1', 1, '2013-11-26', '10:32:28', '2013-11-28 06:04:10'),
(56, '1', 1, '2013-11-26', '10:33:41', '2013-11-28 06:04:10'),
(57, '1', 1, '2013-11-26', '10:35:15', '2013-11-28 06:04:10'),
(58, '1', 1, '2013-11-26', '10:37:36', '2013-11-28 06:04:10'),
(59, '1', 1, '2013-11-26', '10:40:54', '2013-11-28 06:04:10'),
(60, '1', 1, '2013-11-26', '10:43:03', '2013-11-28 06:04:10'),
(61, '1', 1, '2013-11-26', '10:45:10', '2013-11-28 06:04:10'),
(62, '1', 1, '2013-11-26', '10:47:10', '2013-11-28 06:04:10'),
(63, '1', 1, '2013-11-26', '10:48:36', '2013-11-28 06:04:10'),
(64, '1', 1, '2013-11-26', '10:50:25', '2013-11-28 06:04:10'),
(65, '1', 1, '2013-11-26', '10:51:29', '2013-11-28 06:04:10'),
(66, '1', 1, '2013-11-26', '10:53:34', '2013-11-28 06:04:10'),
(67, '1', 1, '2013-11-26', '10:55:05', '2013-11-28 06:04:10'),
(68, '1', 1, '2013-11-26', '10:56:32', '2013-11-28 06:04:10'),
(69, '1', 1, '2013-11-26', '10:58:00', '2013-11-28 06:04:10'),
(70, '1', 1, '2013-11-26', '10:59:09', '2013-11-28 06:04:10'),
(71, '1', 1, '2013-11-26', '11:02:15', '2013-11-28 06:04:10'),
(72, '1', 1, '2013-11-26', '11:03:21', '2013-11-28 06:04:10'),
(73, '1', 1, '2013-11-26', '11:05:14', '2013-11-28 06:04:10'),
(74, '1', 1, '2013-11-26', '11:06:42', '2013-11-28 06:04:10'),
(75, '1', 1, '2013-11-26', '11:07:51', '2013-11-28 06:04:10'),
(76, '1', 1, '2013-11-26', '11:14:23', '2013-11-28 06:04:10'),
(77, '1', 1, '2013-11-26', '11:18:25', '2013-11-28 06:04:10'),
(78, '1', 1, '2013-11-26', '11:19:35', '2013-11-28 06:04:10'),
(79, '1', 1, '2013-11-26', '11:21:46', '2013-11-28 06:04:10'),
(80, '1', 1, '2013-11-26', '11:22:54', '2013-11-28 06:04:10'),
(81, '1', 1, '2013-11-26', '11:25:16', '2013-11-28 06:04:10'),
(82, '1', 1, '2013-11-26', '11:26:52', '2013-11-28 06:04:10'),
(83, '1', 1, '2013-11-26', '11:28:00', '2013-11-28 06:04:10'),
(84, '1', 1, '2013-11-26', '11:29:18', '2013-11-28 06:04:10'),
(85, '1', 1, '2013-11-26', '11:30:25', '2013-11-28 06:04:10'),
(86, '1', 1, '2013-11-26', '11:32:17', '2013-11-28 06:04:10'),
(87, '1', 1, '2013-11-26', '11:33:28', '2013-11-28 06:04:10'),
(88, '1', 1, '2013-11-26', '11:34:22', '2013-11-28 06:04:10'),
(89, '1', 1, '2013-11-26', '11:35:08', '2013-11-28 06:04:10'),
(90, '1', 1, '2013-11-26', '11:35:52', '2013-11-28 06:04:10'),
(91, 'OR0090', 0, '2013-12-02', '04:20:41', '2013-12-02 04:20:41'),
(92, 'OR0091', 0, '2013-12-02', '04:35:25', '2013-12-02 04:35:25'),
(93, 'OR0092', 0, '2013-12-02', '04:40:46', '2013-12-02 04:40:46'),
(94, 'OR0093', 0, '2013-12-02', '04:46:33', '2013-12-02 04:46:33'),
(95, 'OR0094', 0, '2013-12-02', '04:51:19', '2013-12-02 04:51:19'),
(96, 'OR0095', 0, '2013-12-02', '04:58:55', '2013-12-02 04:58:55'),
(97, 'OR0096', 0, '2013-12-02', '05:01:22', '2013-12-02 05:01:22'),
(98, 'OR0097', 0, '2013-12-02', '05:18:54', '2013-12-02 05:18:54'),
(99, 'OR0098', 0, '2013-12-02', '05:23:08', '2013-12-02 05:23:08');

-- --------------------------------------------------------

--
-- Table structure for table `tbl_payment_remark`
--

CREATE TABLE IF NOT EXISTS `tbl_payment_remark` (
  `id_payment_remark` int(11) NOT NULL AUTO_INCREMENT,
  `id_sales_order` int(11) NOT NULL,
  `payment_type` varchar(20) NOT NULL,
  `payment_amount` decimal(20,2) NOT NULL,
  `cheque_bank` varchar(50) NOT NULL,
  `cheque_no` varchar(50) NOT NULL,
  `cheque_date` date NOT NULL,
  `credit_date` date NOT NULL,
  `credit_payment` decimal(10,2) NOT NULL DEFAULT '0.00',
  `chequepayment` decimal(10,2) NOT NULL DEFAULT '0.00',
  PRIMARY KEY (`id_payment_remark`)
) ENGINE=InnoDB  DEFAULT CHARSET=latin1 AUTO_INCREMENT=23 ;

--
-- Dumping data for table `tbl_payment_remark`
--

INSERT INTO `tbl_payment_remark` (`id_payment_remark`, `id_sales_order`, `payment_type`, `payment_amount`, `cheque_bank`, `cheque_no`, `cheque_date`, `credit_date`, `credit_payment`, `chequepayment`) VALUES
(1, 185, 'Cash', 100.00, '', '', '0000-00-00', '0000-00-00', 0.00, 0.00),
(2, 185, 'Credit', 0.00, '', '', '0000-00-00', '2013-12-25', 123.00, 0.00),
(3, 186, 'Cash', 100.00, '', '', '0000-00-00', '0000-00-00', 0.00, 0.00),
(4, 186, 'Cheque', 0.00, 'sampath', '233', '2013-12-30', '0000-00-00', 0.00, 200.00),
(5, 186, 'Credit', 0.00, '', '', '0000-00-00', '2013-12-29', 300.00, 0.00),
(6, 189, 'Cash', 100.00, '', '', '0000-00-00', '0000-00-00', 0.00, 0.00),
(7, 189, 'Credit', 0.00, '', '', '0000-00-00', '2013-12-24', 200.00, 0.00),
(8, 190, 'Cash', 1200.00, '', '', '0000-00-00', '0000-00-00', 0.00, 0.00),
(9, 190, 'Cash', 1200.00, '', '', '0000-00-00', '0000-00-00', 0.00, 0.00),
(10, 190, 'Cheque', 0.00, 'boc', 'ch001', '2013-12-28', '0000-00-00', 0.00, 1000.00),
(11, 190, 'Credit', 0.00, '', '', '0000-00-00', '2013-12-29', 1300.00, 0.00),
(12, 211, 'Cash', 100.00, '', '', '0000-00-00', '0000-00-00', 0.00, 0.00),
(13, 211, 'Cheque', 0.00, 'sampath', '45', '2013-12-15', '0000-00-00', 0.00, 200.00),
(14, 218, 'Cheque', 0.00, 'sasa', '1234', '2013-12-16', '0000-00-00', 0.00, 5000.00),
(15, 219, 'Cheque', 0.00, 'sampath', 'ch001', '2013-12-26', '0000-00-00', 0.00, 200.00),
(16, 219, 'Cheque', 0.00, 'boc', 'ch002', '2013-12-25', '0000-00-00', 0.00, 300.00),
(17, 220, 'Cash', 50.00, '', '', '0000-00-00', '0000-00-00', 0.00, 0.00),
(18, 220, 'Cheque', 0.00, 'sampath', 'ch99', '2013-12-24', '0000-00-00', 0.00, 60.00),
(19, 220, 'Cheque', 0.00, 'nsb', 'cg999', '2013-12-30', '0000-00-00', 0.00, 150.00),
(20, 221, 'Cash', 100.00, '', '', '0000-00-00', '0000-00-00', 0.00, 0.00),
(21, 226, 'Cheque', 0.00, 'sam', '23', '2013-02-12', '0000-00-00', 0.00, 200.00),
(22, 227, 'Cash', 1000.00, '', '', '0000-00-00', '0000-00-00', 0.00, 0.00);

-- --------------------------------------------------------

--
-- Table structure for table `tbl_permission`
--

CREATE TABLE IF NOT EXISTS `tbl_permission` (
  `id_permission` int(11) NOT NULL AUTO_INCREMENT,
  `id_permission_type` int(11) NOT NULL,
  `permission_name` varchar(150) NOT NULL,
  `permission_status` tinyint(4) NOT NULL DEFAULT '1',
  `added_date` date DEFAULT NULL,
  `added_time` time DEFAULT NULL,
  `added_timestamp` timestamp NOT NULL DEFAULT CURRENT_TIMESTAMP ON UPDATE CURRENT_TIMESTAMP,
  PRIMARY KEY (`id_permission`),
  KEY `fk_tbl_permission_tbl_permission_type1` (`id_permission_type`)
) ENGINE=InnoDB DEFAULT CHARSET=latin1 AUTO_INCREMENT=1 ;

-- --------------------------------------------------------

--
-- Table structure for table `tbl_permission_type`
--

CREATE TABLE IF NOT EXISTS `tbl_permission_type` (
  `id_permission_type` int(11) NOT NULL AUTO_INCREMENT,
  `permission_type` varchar(100) NOT NULL,
  `permission_type_icon` varchar(500) DEFAULT NULL,
  `permission_type_status` tinyint(4) NOT NULL DEFAULT '1',
  `added_date` date DEFAULT NULL,
  `added_time` time DEFAULT NULL,
  `added_timestamp` timestamp NOT NULL DEFAULT CURRENT_TIMESTAMP ON UPDATE CURRENT_TIMESTAMP,
  PRIMARY KEY (`id_permission_type`)
) ENGINE=InnoDB DEFAULT CHARSET=latin1 AUTO_INCREMENT=1 ;

-- --------------------------------------------------------

--
-- Table structure for table `tbl_physical_place`
--

CREATE TABLE IF NOT EXISTS `tbl_physical_place` (
  `id_physical_place` int(11) NOT NULL AUTO_INCREMENT,
  `id_physical_place_category` int(11) NOT NULL,
  `physical_place_name` varchar(500) NOT NULL,
  `physical_place_address` varchar(450) DEFAULT NULL,
  `added_date` date DEFAULT NULL,
  `physical_place_status` tinyint(4) NOT NULL DEFAULT '1',
  `added_time` time DEFAULT NULL,
  `added_timestamp` timestamp NULL DEFAULT CURRENT_TIMESTAMP ON UPDATE CURRENT_TIMESTAMP,
  PRIMARY KEY (`id_physical_place`),
  KEY `fk_tbl_physical_place_tbl_physical_place_category1` (`id_physical_place_category`)
) ENGINE=InnoDB  DEFAULT CHARSET=latin1 AUTO_INCREMENT=4 ;

--
-- Dumping data for table `tbl_physical_place`
--

INSERT INTO `tbl_physical_place` (`id_physical_place`, `id_physical_place_category`, `physical_place_name`, `physical_place_address`, `added_date`, `physical_place_status`, `added_time`, `added_timestamp`) VALUES
(1, 1, 'Hayleys Agro', 'Colombo', '2013-11-20', 1, '12:57:00', '2013-11-20 07:28:02'),
(2, 3, 'A.M Trading Anuradhapura', 'No 110, Main Street, Anuradhapura.', '2013-11-21', 1, '05:50:03', '2013-11-28 05:01:58'),
(3, 3, 'Dimuth Stores', 'galle', '2013-12-17', 1, '09:11:45', '2013-12-17 03:41:45');

-- --------------------------------------------------------

--
-- Table structure for table `tbl_physical_place_category`
--

CREATE TABLE IF NOT EXISTS `tbl_physical_place_category` (
  `id_physical_place_category` int(11) NOT NULL AUTO_INCREMENT,
  `physical_place_category_name` varchar(450) NOT NULL,
  `physical_place_category_status` tinyint(4) DEFAULT '1',
  `added_date` date DEFAULT NULL,
  `added_time` time DEFAULT NULL,
  `added_timestamp` timestamp NULL DEFAULT CURRENT_TIMESTAMP ON UPDATE CURRENT_TIMESTAMP,
  PRIMARY KEY (`id_physical_place_category`)
) ENGINE=InnoDB  DEFAULT CHARSET=latin1 AUTO_INCREMENT=4 ;

--
-- Dumping data for table `tbl_physical_place_category`
--

INSERT INTO `tbl_physical_place_category` (`id_physical_place_category`, `physical_place_category_name`, `physical_place_category_status`, `added_date`, `added_time`, `added_timestamp`) VALUES
(1, 'Company', 1, '2013-11-20', '12:53:00', '2013-11-20 07:23:25'),
(2, 'Warehouse', 1, '2013-11-20', '13:09:22', '2013-11-28 04:58:05'),
(3, 'Distributor Point', 1, '2013-11-20', '13:09:46', '2013-11-28 05:00:00');

-- --------------------------------------------------------

--
-- Table structure for table `tbl_production`
--

CREATE TABLE IF NOT EXISTS `tbl_production` (
  `id_production` int(11) NOT NULL AUTO_INCREMENT,
  `id_employee` int(11) NOT NULL DEFAULT '0',
  `id_division` int(11) NOT NULL DEFAULT '0',
  `id_batch` int(11) NOT NULL DEFAULT '0',
  `production_code` varchar(100) DEFAULT NULL,
  `production_date` varchar(45) NOT NULL,
  `production_remark` varchar(100) DEFAULT NULL,
  `production_time` varchar(45) NOT NULL,
  `added_date` date NOT NULL,
  `added_time` time NOT NULL DEFAULT '00:00:00',
  `added_timestamp` timestamp NOT NULL DEFAULT CURRENT_TIMESTAMP ON UPDATE CURRENT_TIMESTAMP,
  `production_status` tinyint(4) NOT NULL DEFAULT '1',
  PRIMARY KEY (`id_production`),
  KEY `fk_tbl_production_tbl_batch1` (`id_batch`),
  KEY `fk_tbl_production_tbl_employee1` (`id_employee`),
  KEY `fk_tbl_production_tbl_division1` (`id_division`)
) ENGINE=InnoDB DEFAULT CHARSET=latin1 AUTO_INCREMENT=1 ;

-- --------------------------------------------------------

--
-- Table structure for table `tbl_production_has_products`
--

CREATE TABLE IF NOT EXISTS `tbl_production_has_products` (
  `id_production_has_products` int(11) NOT NULL AUTO_INCREMENT,
  `id_production` int(11) NOT NULL,
  `id_item` int(11) NOT NULL,
  `product_qty` int(11) NOT NULL,
  `product_price` decimal(20,2) NOT NULL,
  `product_cost` decimal(20,2) DEFAULT NULL,
  `product_exripe_date` date NOT NULL,
  `added_timestamp` timestamp NOT NULL DEFAULT CURRENT_TIMESTAMP ON UPDATE CURRENT_TIMESTAMP,
  `production_has_products_status` tinyint(4) NOT NULL DEFAULT '1',
  PRIMARY KEY (`id_production_has_products`),
  KEY `fk_production_recived_has_item_production_recived1` (`id_production`),
  KEY `fk_tbl_production_has_products_tbl_item1` (`id_item`)
) ENGINE=InnoDB DEFAULT CHARSET=latin1 AUTO_INCREMENT=1 ;

-- --------------------------------------------------------

--
-- Table structure for table `tbl_products`
--

CREATE TABLE IF NOT EXISTS `tbl_products` (
  `id_products` int(11) NOT NULL AUTO_INCREMENT,
  `id_batch` int(11) NOT NULL,
  `iditem` int(11) NOT NULL,
  `expiry_date` date NOT NULL,
  `product_price` decimal(20,2) NOT NULL,
  `product_cost` decimal(20,2) DEFAULT NULL,
  `added_date` date NOT NULL DEFAULT '0000-00-00',
  `added_time` time NOT NULL DEFAULT '00:00:00',
  `product_status` tinyint(4) NOT NULL DEFAULT '1',
  `added_timestamp` timestamp NOT NULL DEFAULT CURRENT_TIMESTAMP ON UPDATE CURRENT_TIMESTAMP,
  PRIMARY KEY (`id_products`),
  KEY `fk_tbl_products_tbl_batch1` (`id_batch`),
  KEY `fk_tbl_products_tbl_item1` (`iditem`)
) ENGINE=InnoDB  DEFAULT CHARSET=latin1 AUTO_INCREMENT=744 ;

--
-- Dumping data for table `tbl_products`
--

INSERT INTO `tbl_products` (`id_products`, `id_batch`, `iditem`, `expiry_date`, `product_price`, `product_cost`, `added_date`, `added_time`, `product_status`, `added_timestamp`) VALUES
(1, 1, 1, '2020-12-31', 22900.00, 0.00, '2013-12-26', '10:59:00', 1, '2013-12-26 05:29:32'),
(2, 1, 2, '2020-12-31', 18800.00, 0.00, '2013-12-26', '10:59:00', 1, '2013-12-26 05:29:32'),
(3, 1, 3, '2020-12-31', 18800.00, 0.00, '2013-12-26', '10:59:00', 1, '2013-12-26 05:29:32'),
(4, 1, 4, '2020-12-31', 525.00, 0.00, '2013-12-26', '10:59:00', 1, '2013-12-26 05:29:33'),
(5, 1, 5, '2020-12-31', 600.00, 0.00, '2013-12-26', '10:59:00', 1, '2013-12-26 05:29:33'),
(6, 1, 6, '2020-12-31', 990.00, 0.00, '2013-12-26', '10:59:00', 1, '2013-12-26 05:29:33'),
(7, 1, 7, '2020-12-31', 1200.00, 0.00, '2013-12-26', '10:59:00', 1, '2013-12-26 05:29:33'),
(8, 1, 8, '2020-12-31', 11190.00, 0.00, '2013-12-26', '10:59:00', 1, '2013-12-26 05:29:33'),
(9, 1, 9, '2020-12-31', 18000.00, 0.00, '2013-12-26', '10:59:00', 1, '2013-12-26 05:29:33'),
(10, 1, 10, '2020-12-31', 150000.00, 0.00, '2013-12-26', '10:59:00', 1, '2013-12-26 05:29:34'),
(11, 1, 11, '2020-12-31', 19500.00, 0.00, '2013-12-26', '10:59:00', 1, '2013-12-26 05:29:34'),
(12, 1, 12, '2020-12-31', 95000.00, 0.00, '2013-12-26', '10:59:00', 1, '2013-12-26 05:29:34'),
(13, 1, 13, '2020-12-31', 95000.00, 0.00, '2013-12-26', '10:59:00', 1, '2013-12-26 05:29:34'),
(14, 1, 14, '2020-12-31', 600.00, 0.00, '2013-12-26', '10:59:00', 1, '2013-12-26 05:29:34'),
(15, 1, 15, '2020-12-31', 650.00, 0.00, '2013-12-26', '10:59:00', 1, '2013-12-26 05:29:34'),
(16, 1, 16, '2020-12-31', 0.00, 360.93, '2013-12-26', '10:59:00', 1, '2013-12-26 05:29:34'),
(17, 1, 17, '2020-12-31', 0.00, 6793.78, '2013-12-26', '10:59:00', 1, '2013-12-26 05:29:35'),
(18, 1, 18, '2020-12-31', 0.00, 1.00, '2013-12-26', '10:59:00', 1, '2013-12-26 05:29:35'),
(19, 1, 19, '2020-12-31', 0.00, 1.00, '2013-12-26', '10:59:00', 1, '2013-12-26 05:29:35'),
(20, 1, 20, '2020-12-31', 0.00, 1.00, '2013-12-26', '10:59:00', 1, '2013-12-26 05:29:35'),
(21, 1, 21, '2020-12-31', 0.00, 1.00, '2013-12-26', '10:59:00', 1, '2013-12-26 05:29:35'),
(22, 1, 22, '2020-12-31', 0.00, 61.00, '2013-12-26', '10:59:00', 1, '2013-12-26 05:29:35'),
(23, 1, 23, '2020-12-31', 0.00, 50.00, '2013-12-26', '10:59:00', 1, '2013-12-26 05:29:36'),
(24, 1, 24, '2020-12-31', 0.00, 53.23, '2013-12-26', '10:59:00', 1, '2013-12-26 05:29:36'),
(25, 1, 25, '2020-12-31', 0.00, 30.00, '2013-12-26', '10:59:00', 1, '2013-12-26 05:29:36'),
(26, 1, 26, '2020-12-31', 0.00, 115.00, '2013-12-26', '10:59:00', 1, '2013-12-26 05:29:36'),
(27, 1, 27, '2020-12-31', 1150.00, 452.60, '2013-12-26', '10:59:00', 1, '2013-12-26 05:29:36'),
(28, 1, 28, '2020-12-31', 900.00, 127.00, '2013-12-26', '10:59:00', 1, '2013-12-26 05:29:36'),
(29, 1, 29, '2020-12-31', 520.00, 278.69, '2013-12-26', '10:59:00', 1, '2013-12-26 05:29:36'),
(30, 1, 30, '2020-12-31', 8750.00, 1.00, '2013-12-26', '10:59:00', 1, '2013-12-26 05:29:37'),
(31, 1, 31, '2020-12-31', 140.00, 1.00, '2013-12-26', '10:59:00', 1, '2013-12-26 05:29:37'),
(32, 1, 32, '2020-12-31', 550.00, 1.00, '2013-12-26', '10:59:00', 1, '2013-12-26 05:29:37'),
(33, 1, 33, '2020-12-31', 3900.00, 1.00, '2013-12-26', '10:59:00', 1, '2013-12-26 05:29:37'),
(34, 1, 34, '2020-12-31', 475.00, 1.00, '2013-12-26', '10:59:00', 1, '2013-12-26 05:29:37'),
(35, 1, 35, '2020-12-31', 200.00, 183.89, '2013-12-26', '10:59:00', 1, '2013-12-26 05:29:37'),
(36, 1, 36, '2020-12-31', 225.00, 0.00, '2013-12-26', '10:59:00', 1, '2013-12-26 05:29:38'),
(37, 1, 37, '2020-12-31', 1275.00, 1.00, '2013-12-26', '10:59:00', 1, '2013-12-26 05:29:38'),
(38, 1, 38, '2020-12-31', 25.00, 1.00, '2013-12-26', '10:59:00', 1, '2013-12-26 05:29:38'),
(39, 1, 39, '2020-12-31', 850.00, 1.00, '2013-12-26', '10:59:00', 1, '2013-12-26 05:29:38'),
(40, 1, 40, '2020-12-31', 4500.00, 2633.76, '2013-12-26', '10:59:00', 1, '2013-12-26 05:29:38'),
(41, 1, 41, '2020-12-31', 500.00, 160.00, '2013-12-26', '10:59:00', 1, '2013-12-26 05:29:38'),
(42, 1, 42, '2020-12-31', 116.00, 75.00, '2013-12-26', '10:59:00', 1, '2013-12-26 05:29:39'),
(43, 1, 43, '2020-12-31', 225.00, 1.00, '2013-12-26', '10:59:00', 1, '2013-12-26 05:29:39'),
(44, 1, 44, '2020-12-31', 12.00, 1.00, '2013-12-26', '10:59:00', 1, '2013-12-26 05:29:39'),
(45, 1, 45, '2020-12-31', 250.00, 109.21, '2013-12-26', '10:59:00', 1, '2013-12-26 05:29:39'),
(46, 1, 46, '2020-12-31', 95.00, 1.00, '2013-12-26', '10:59:00', 1, '2013-12-26 05:29:39'),
(47, 1, 47, '2020-12-31', 100.00, 1.00, '2013-12-26', '10:59:00', 1, '2013-12-26 05:29:39'),
(48, 1, 48, '2020-12-31', 225.00, 1.00, '2013-12-26', '10:59:00', 1, '2013-12-26 05:29:40'),
(49, 1, 49, '2020-12-31', 125.00, 1.00, '2013-12-26', '10:59:00', 1, '2013-12-26 05:29:40'),
(50, 1, 50, '2020-12-31', 550.00, 1.00, '2013-12-26', '10:59:00', 1, '2013-12-26 05:29:40'),
(51, 1, 51, '2020-12-31', 125.00, 0.00, '2013-12-26', '10:59:00', 1, '2013-12-26 05:29:40'),
(52, 1, 52, '2020-12-31', 332.00, 1.00, '2013-12-26', '10:59:00', 1, '2013-12-26 05:29:40'),
(53, 1, 53, '2020-12-31', 2650.00, 1410.17, '2013-12-26', '10:59:00', 1, '2013-12-26 05:29:40'),
(54, 1, 54, '2020-12-31', 12.00, 1.00, '2013-12-26', '10:59:00', 1, '2013-12-26 05:29:41'),
(55, 1, 55, '2020-12-31', 20.00, 1.00, '2013-12-26', '10:59:00', 1, '2013-12-26 05:29:41'),
(56, 1, 56, '2020-12-31', 12.00, 1.00, '2013-12-26', '10:59:00', 1, '2013-12-26 05:29:41'),
(57, 1, 57, '2020-12-31', 3350.00, 1764.27, '2013-12-26', '10:59:00', 1, '2013-12-26 05:29:41'),
(58, 1, 58, '2020-12-31', 6750.00, 3638.59, '2013-12-26', '10:59:00', 1, '2013-12-26 05:29:41'),
(59, 1, 59, '2020-12-31', 1450.00, 795.46, '2013-12-26', '10:59:00', 1, '2013-12-26 05:29:41'),
(60, 1, 60, '2020-12-31', 0.00, 1.00, '2013-12-26', '10:59:00', 1, '2013-12-26 05:29:41'),
(61, 1, 61, '2020-12-31', 420.00, 265.58, '2013-12-26', '10:59:00', 1, '2013-12-26 05:29:42'),
(62, 1, 62, '2020-12-31', 0.00, 0.00, '2013-12-26', '10:59:00', 1, '2013-12-26 05:29:42'),
(63, 1, 63, '2020-12-31', 315.00, 1.00, '2013-12-26', '10:59:00', 1, '2013-12-26 05:29:42'),
(64, 1, 64, '2020-12-31', 50.00, 1.00, '2013-12-26', '10:59:00', 1, '2013-12-26 05:29:43'),
(65, 1, 65, '2020-12-31', 850.00, 4401.35, '2013-12-26', '10:59:00', 1, '2013-12-26 05:29:43'),
(66, 1, 66, '2020-12-31', 110.00, 52.00, '2013-12-26', '10:59:00', 1, '2013-12-26 05:29:43'),
(67, 1, 67, '2020-12-31', 75.00, 1.00, '2013-12-26', '10:59:00', 1, '2013-12-26 05:29:43'),
(68, 1, 68, '2020-12-31', 6950.00, 2498.00, '2013-12-26', '10:59:00', 1, '2013-12-26 05:29:44'),
(69, 1, 69, '2020-12-31', 115.00, 1.00, '2013-12-26', '10:59:00', 1, '2013-12-26 05:29:44'),
(70, 1, 70, '2020-12-31', 60.00, 34.77, '2013-12-26', '10:59:00', 1, '2013-12-26 05:29:44'),
(71, 1, 71, '2020-12-31', 40.00, 1.00, '2013-12-26', '10:59:00', 1, '2013-12-26 05:29:44'),
(72, 1, 72, '2020-12-31', 675.00, 1.00, '2013-12-26', '10:59:00', 1, '2013-12-26 05:29:44'),
(73, 1, 73, '2020-12-31', 40.00, 1.00, '2013-12-26', '10:59:00', 1, '2013-12-26 05:29:45'),
(74, 1, 74, '2020-12-31', 60.00, 1.00, '2013-12-26', '10:59:00', 1, '2013-12-26 05:29:45'),
(75, 1, 75, '2020-12-31', 12500.00, 8111.33, '2013-12-26', '10:59:00', 1, '2013-12-26 05:29:45'),
(76, 1, 76, '2020-12-31', 12.00, 1.00, '2013-12-26', '10:59:00', 1, '2013-12-26 05:29:45'),
(77, 1, 77, '2020-12-31', 25.00, 10.15, '2013-12-26', '10:59:00', 1, '2013-12-26 05:29:45'),
(78, 1, 78, '2020-12-31', 180.00, 0.00, '2013-12-26', '10:59:00', 1, '2013-12-26 05:29:45'),
(79, 1, 79, '2020-12-31', 1950.00, 1258.81, '2013-12-26', '10:59:00', 1, '2013-12-26 05:29:46'),
(80, 1, 80, '2020-12-31', 750.00, 1.00, '2013-12-26', '10:59:00', 1, '2013-12-26 05:29:46'),
(81, 1, 81, '2020-12-31', 90.00, 1.00, '2013-12-26', '10:59:00', 1, '2013-12-26 05:29:46'),
(82, 1, 82, '2020-12-31', 1100.00, 649.96, '2013-12-26', '10:59:00', 1, '2013-12-26 05:29:46'),
(83, 1, 83, '2020-12-31', 80.00, 20.20, '2013-12-26', '10:59:00', 1, '2013-12-26 05:29:46'),
(84, 1, 84, '2020-12-31', 1290.00, 744.00, '2013-12-26', '10:59:00', 1, '2013-12-26 05:29:46'),
(85, 1, 85, '2020-12-31', 465.00, 1.00, '2013-12-26', '10:59:00', 1, '2013-12-26 05:29:47'),
(86, 1, 86, '2020-12-31', 90.00, 1.00, '2013-12-26', '10:59:00', 1, '2013-12-26 05:29:47'),
(87, 1, 87, '2020-12-31', 0.00, 0.00, '2013-12-26', '10:59:00', 1, '2013-12-26 05:29:47'),
(88, 1, 88, '2020-12-31', 110.00, 1.00, '2013-12-26', '10:59:00', 1, '2013-12-26 05:29:47'),
(89, 1, 89, '2020-12-31', 22.00, 1.00, '2013-12-26', '10:59:00', 1, '2013-12-26 05:29:48'),
(90, 1, 90, '2020-12-31', 42.00, 1.00, '2013-12-26', '10:59:00', 1, '2013-12-26 05:29:48'),
(91, 1, 91, '2020-12-31', 240.00, 0.00, '2013-12-26', '10:59:00', 1, '2013-12-26 05:29:48'),
(92, 1, 92, '2020-12-31', 350.00, 1.00, '2013-12-26', '10:59:00', 1, '2013-12-26 05:29:48'),
(93, 1, 93, '2020-12-31', 100.00, 1.00, '2013-12-26', '10:59:00', 1, '2013-12-26 05:29:48'),
(94, 1, 94, '2020-12-31', 100.00, 0.00, '2013-12-26', '10:59:00', 1, '2013-12-26 05:29:48'),
(95, 1, 95, '2020-12-31', 175.00, 1.00, '2013-12-26', '10:59:00', 1, '2013-12-26 05:29:49'),
(96, 1, 96, '2020-12-31', 345.00, 1.00, '2013-12-26', '10:59:00', 1, '2013-12-26 05:29:49'),
(97, 1, 97, '2020-12-31', 14.00, 1.00, '2013-12-26', '10:59:00', 1, '2013-12-26 05:29:49'),
(98, 1, 98, '2020-12-31', 14.00, 1.00, '2013-12-26', '10:59:00', 1, '2013-12-26 05:29:49'),
(99, 1, 99, '2020-12-31', 5.00, 0.50, '2013-12-26', '10:59:00', 1, '2013-12-26 05:29:49'),
(100, 1, 100, '2020-12-31', 8.00, 1.00, '2013-12-26', '10:59:00', 1, '2013-12-26 05:29:49'),
(101, 1, 101, '2020-12-31', 8.50, 2.00, '2013-12-26', '10:59:00', 1, '2013-12-26 05:29:50'),
(102, 1, 102, '2020-12-31', 30.00, 15.19, '2013-12-26', '10:59:00', 1, '2013-12-26 05:29:50'),
(103, 1, 103, '2020-12-31', 126.00, 0.00, '2013-12-26', '10:59:00', 1, '2013-12-26 05:29:50'),
(104, 1, 104, '2020-12-31', 80.00, 43.00, '2013-12-26', '10:59:00', 1, '2013-12-26 05:29:50'),
(105, 1, 105, '2020-12-31', 100.00, 40.00, '2013-12-26', '10:59:00', 1, '2013-12-26 05:29:50'),
(106, 1, 106, '2020-12-31', 60.00, 1.00, '2013-12-26', '10:59:00', 1, '2013-12-26 05:29:50'),
(107, 1, 107, '2020-12-31', 4250.00, 2673.34, '2013-12-26', '10:59:00', 1, '2013-12-26 05:29:51'),
(108, 1, 108, '2020-12-31', 31.50, 1.00, '2013-12-26', '10:59:00', 1, '2013-12-26 05:29:51'),
(109, 1, 109, '2020-12-31', 350.00, 1.00, '2013-12-26', '10:59:00', 1, '2013-12-26 05:29:51'),
(110, 1, 110, '2020-12-31', 50.00, 1.00, '2013-12-26', '10:59:00', 1, '2013-12-26 05:29:51'),
(111, 1, 111, '2020-12-31', 300.00, 1.00, '2013-12-26', '10:59:00', 1, '2013-12-26 05:29:51'),
(112, 1, 112, '2020-12-31', 400.00, 1.00, '2013-12-26', '10:59:00', 1, '2013-12-26 05:29:51'),
(113, 1, 113, '2020-12-31', 35.00, 1.00, '2013-12-26', '10:59:00', 1, '2013-12-26 05:29:52'),
(114, 1, 114, '2020-12-31', 850.00, 259.00, '2013-12-26', '10:59:00', 1, '2013-12-26 05:29:52'),
(115, 1, 115, '2020-12-31', 13750.00, 7752.00, '2013-12-26', '10:59:00', 1, '2013-12-26 05:29:52'),
(116, 1, 116, '2020-12-31', 40.00, 1.00, '2013-12-26', '10:59:00', 1, '2013-12-26 05:29:52'),
(117, 1, 117, '2020-12-31', 2350.00, 1.00, '2013-12-26', '10:59:00', 1, '2013-12-26 05:29:52'),
(118, 1, 118, '2020-12-31', 4250.00, 1.00, '2013-12-26', '10:59:00', 1, '2013-12-26 05:29:52'),
(119, 1, 119, '2020-12-31', 25.00, 1.00, '2013-12-26', '10:59:00', 1, '2013-12-26 05:29:53'),
(120, 1, 120, '2020-12-31', 70.00, 1.00, '2013-12-26', '10:59:00', 1, '2013-12-26 05:29:53'),
(121, 1, 121, '2020-12-31', 420.00, 274.79, '2013-12-26', '10:59:00', 1, '2013-12-26 05:29:53'),
(122, 1, 122, '2020-12-31', 375.00, 1.00, '2013-12-26', '10:59:00', 1, '2013-12-26 05:29:54'),
(123, 1, 123, '2020-12-31', 55.00, 27.79, '2013-12-26', '10:59:00', 1, '2013-12-26 05:29:54'),
(124, 1, 124, '2020-12-31', 25.00, 1.00, '2013-12-26', '10:59:00', 1, '2013-12-26 05:29:54'),
(125, 1, 125, '2020-12-31', 260.00, 1.00, '2013-12-26', '10:59:00', 1, '2013-12-26 05:29:54'),
(126, 1, 126, '2020-12-31', 260.00, 1.00, '2013-12-26', '10:59:00', 1, '2013-12-26 05:29:54'),
(127, 1, 127, '2020-12-31', 10500.00, 6453.61, '2013-12-26', '10:59:00', 1, '2013-12-26 05:29:55'),
(128, 1, 128, '2020-12-31', 2500.00, 1489.84, '2013-12-26', '10:59:00', 1, '2013-12-26 05:29:55'),
(129, 1, 129, '2020-12-31', 750.00, 426.01, '2013-12-26', '10:59:00', 1, '2013-12-26 05:29:55'),
(130, 1, 130, '2020-12-31', 65.00, 21.00, '2013-12-26', '10:59:00', 1, '2013-12-26 05:29:55'),
(131, 1, 131, '2020-12-31', 40.00, 1.00, '2013-12-26', '10:59:00', 1, '2013-12-26 05:29:55'),
(132, 1, 132, '2020-12-31', 14.00, 1.00, '2013-12-26', '10:59:00', 1, '2013-12-26 05:29:56'),
(133, 1, 133, '2020-12-31', 20.00, 1.00, '2013-12-26', '10:59:00', 1, '2013-12-26 05:29:56'),
(134, 1, 134, '2020-12-31', 590.00, 1.00, '2013-12-26', '10:59:00', 1, '2013-12-26 05:29:56'),
(135, 1, 135, '2020-12-31', 75.00, 33.00, '2013-12-26', '10:59:00', 1, '2013-12-26 05:29:56'),
(136, 1, 136, '2020-12-31', 75.00, 1.00, '2013-12-26', '10:59:00', 1, '2013-12-26 05:29:56'),
(137, 1, 137, '2020-12-31', 40.00, 12.00, '2013-12-26', '10:59:00', 1, '2013-12-26 05:29:56'),
(138, 1, 138, '2020-12-31', 17.00, 41.38, '2013-12-26', '10:59:00', 1, '2013-12-26 05:29:57'),
(139, 1, 139, '2020-12-31', 5250.00, 0.00, '2013-12-26', '10:59:00', 1, '2013-12-26 05:29:57'),
(140, 1, 140, '2020-12-31', 250.00, 114.10, '2013-12-26', '10:59:00', 1, '2013-12-26 05:29:57'),
(141, 1, 141, '2020-12-31', 13950.00, 1.00, '2013-12-26', '10:59:00', 1, '2013-12-26 05:29:57'),
(142, 1, 142, '2020-12-31', 17400.00, 0.00, '2013-12-26', '10:59:00', 1, '2013-12-26 05:29:57'),
(143, 1, 143, '2020-12-31', 2275.00, 1724.10, '2013-12-26', '10:59:00', 1, '2013-12-26 05:29:57'),
(144, 1, 144, '2020-12-31', 2275.00, 0.00, '2013-12-26', '10:59:00', 1, '2013-12-26 05:29:58'),
(145, 1, 145, '2020-12-31', 1500.00, 669.98, '2013-12-26', '10:59:00', 1, '2013-12-26 05:29:58'),
(146, 1, 146, '2020-12-31', 165.00, 1.00, '2013-12-26', '10:59:00', 1, '2013-12-26 05:29:58'),
(147, 1, 147, '2020-12-31', 47.00, 0.00, '2013-12-26', '10:59:00', 1, '2013-12-26 05:29:58'),
(148, 1, 148, '2020-12-31', 975.00, 1.00, '2013-12-26', '10:59:00', 1, '2013-12-26 05:29:58'),
(149, 1, 149, '2020-12-31', 3250.00, 1.00, '2013-12-26', '10:59:00', 1, '2013-12-26 05:29:58'),
(150, 1, 150, '2020-12-31', 1275.00, 282.00, '2013-12-26', '10:59:00', 1, '2013-12-26 05:29:59'),
(151, 1, 151, '2020-12-31', 250.00, 162.44, '2013-12-26', '10:59:00', 1, '2013-12-26 05:29:59'),
(152, 1, 152, '2020-12-31', 20.00, 1.00, '2013-12-26', '10:59:00', 1, '2013-12-26 05:29:59'),
(153, 1, 153, '2020-12-31', 65.00, 1.00, '2013-12-26', '10:59:00', 1, '2013-12-26 05:29:59'),
(154, 1, 154, '2020-12-31', 15.00, 1.00, '2013-12-26', '10:59:00', 1, '2013-12-26 05:29:59'),
(155, 1, 155, '2020-12-31', 295.00, 1.00, '2013-12-26', '10:59:00', 1, '2013-12-26 05:29:59'),
(156, 1, 156, '2020-12-31', 390.00, 221.22, '2013-12-26', '10:59:00', 1, '2013-12-26 05:29:59'),
(157, 1, 157, '2020-12-31', 300.00, 1.00, '2013-12-26', '10:59:00', 1, '2013-12-26 05:30:00'),
(158, 1, 158, '2020-12-31', 100.00, 54.00, '2013-12-26', '10:59:00', 1, '2013-12-26 05:30:00'),
(159, 1, 159, '2020-12-31', 520.00, 334.00, '2013-12-26', '10:59:00', 1, '2013-12-26 05:30:00'),
(160, 1, 160, '2020-12-31', 670.00, 437.00, '2013-12-26', '10:59:00', 1, '2013-12-26 05:30:00'),
(161, 1, 161, '2020-12-31', 790.00, 498.00, '2013-12-26', '10:59:00', 1, '2013-12-26 05:30:00'),
(162, 1, 162, '2020-12-31', 725.00, 1.00, '2013-12-26', '10:59:00', 1, '2013-12-26 05:30:00'),
(163, 1, 163, '2020-12-31', 30.00, 1.00, '2013-12-26', '10:59:00', 1, '2013-12-26 05:30:01'),
(164, 1, 164, '2020-12-31', 100.00, 1.00, '2013-12-26', '10:59:00', 1, '2013-12-26 05:30:01'),
(165, 1, 165, '2020-12-31', 1575.00, 1.00, '2013-12-26', '10:59:00', 1, '2013-12-26 05:30:01'),
(166, 1, 166, '2020-12-31', 310.00, 1.00, '2013-12-26', '10:59:00', 1, '2013-12-26 05:30:01'),
(167, 1, 167, '2020-12-31', 200.00, 71.00, '2013-12-26', '10:59:00', 1, '2013-12-26 05:30:01'),
(168, 1, 168, '2020-12-31', 490.00, 321.23, '2013-12-26', '10:59:00', 1, '2013-12-26 05:30:01'),
(169, 1, 169, '2020-12-31', 26.00, 1.00, '2013-12-26', '10:59:00', 1, '2013-12-26 05:30:01'),
(170, 1, 170, '2020-12-31', 25.00, 1.00, '2013-12-26', '10:59:00', 1, '2013-12-26 05:30:02'),
(171, 1, 171, '2020-12-31', 650.00, 1.00, '2013-12-26', '10:59:00', 1, '2013-12-26 05:30:02'),
(172, 1, 172, '2020-12-31', 30.00, 1.00, '2013-12-26', '10:59:00', 1, '2013-12-26 05:30:02'),
(173, 1, 173, '2020-12-31', 40.00, 0.00, '2013-12-26', '10:59:00', 1, '2013-12-26 05:30:02'),
(174, 1, 174, '2020-12-31', 15.00, 0.00, '2013-12-26', '10:59:00', 1, '2013-12-26 05:30:02'),
(175, 1, 175, '2020-12-31', 25.00, 12.58, '2013-12-26', '10:59:00', 1, '2013-12-26 05:30:02'),
(176, 1, 176, '2020-12-31', 18.00, 1.00, '2013-12-26', '10:59:00', 1, '2013-12-26 05:30:02'),
(177, 1, 177, '2020-12-31', 630.00, 276.45, '2013-12-26', '10:59:00', 1, '2013-12-26 05:30:03'),
(178, 1, 178, '2020-12-31', 630.00, 1.00, '2013-12-26', '10:59:00', 1, '2013-12-26 05:30:03'),
(179, 1, 179, '2020-12-31', 15.00, 1.00, '2013-12-26', '10:59:00', 1, '2013-12-26 05:30:03'),
(180, 1, 180, '2020-12-31', 15.00, 1.00, '2013-12-26', '10:59:00', 1, '2013-12-26 05:30:03'),
(181, 1, 181, '2020-12-31', 1000.00, 1.00, '2013-12-26', '10:59:00', 1, '2013-12-26 05:30:03'),
(182, 1, 182, '2020-12-31', 520.00, 296.00, '2013-12-26', '10:59:00', 1, '2013-12-26 05:30:03'),
(183, 1, 183, '2020-12-31', 500.00, 1.00, '2013-12-26', '10:59:00', 1, '2013-12-26 05:30:03'),
(184, 1, 184, '2020-12-31', 400.00, 1.00, '2013-12-26', '10:59:00', 1, '2013-12-26 05:30:04'),
(185, 1, 185, '2020-12-31', 20.00, 1.00, '2013-12-26', '10:59:00', 1, '2013-12-26 05:30:04'),
(186, 1, 186, '2020-12-31', 60.00, 0.00, '2013-12-26', '10:59:00', 1, '2013-12-26 05:30:04'),
(187, 1, 187, '2020-12-31', 25.00, 0.00, '2013-12-26', '10:59:00', 1, '2013-12-26 05:30:05'),
(188, 1, 188, '2020-12-31', 20.00, 1.00, '2013-12-26', '10:59:00', 1, '2013-12-26 05:30:05'),
(189, 1, 189, '2020-12-31', 3500.00, 1952.34, '2013-12-26', '10:59:00', 1, '2013-12-26 05:30:05'),
(190, 1, 190, '2020-12-31', 3950.00, 2113.33, '2013-12-26', '10:59:00', 1, '2013-12-26 05:30:05'),
(191, 1, 191, '2020-12-31', 7800.00, 4723.30, '2013-12-26', '10:59:00', 1, '2013-12-26 05:30:05'),
(192, 1, 192, '2020-12-31', 1200.00, 1.00, '2013-12-26', '10:59:00', 1, '2013-12-26 05:30:05'),
(193, 1, 193, '2020-12-31', 383.00, 1.00, '2013-12-26', '10:59:00', 1, '2013-12-26 05:30:05'),
(194, 1, 194, '2020-12-31', 115.00, 1.00, '2013-12-26', '10:59:00', 1, '2013-12-26 05:30:06'),
(195, 1, 195, '2020-12-31', 1200.00, 1.00, '2013-12-26', '10:59:00', 1, '2013-12-26 05:30:06'),
(196, 1, 196, '2020-12-31', 25.00, 14.89, '2013-12-26', '10:59:00', 1, '2013-12-26 05:30:06'),
(197, 1, 197, '2020-12-31', 1750.00, 1.00, '2013-12-26', '10:59:00', 1, '2013-12-26 05:30:06'),
(198, 1, 198, '2020-12-31', 65.00, 1.00, '2013-12-26', '10:59:00', 1, '2013-12-26 05:30:06'),
(199, 1, 199, '2020-12-31', 2450.00, 1.00, '2013-12-26', '10:59:00', 1, '2013-12-26 05:30:06'),
(200, 1, 200, '2020-12-31', 30.00, 1.00, '2013-12-26', '10:59:00', 1, '2013-12-26 05:30:06'),
(201, 1, 201, '2020-12-31', 270.00, 1.00, '2013-12-26', '10:59:00', 1, '2013-12-26 05:30:07'),
(202, 1, 202, '2020-12-31', 245.00, 29.00, '2013-12-26', '10:59:00', 1, '2013-12-26 05:30:07'),
(203, 1, 203, '2020-12-31', 45.00, 14.00, '2013-12-26', '10:59:00', 1, '2013-12-26 05:30:07'),
(204, 1, 204, '2020-12-31', 50.00, 5.00, '2013-12-26', '10:59:00', 1, '2013-12-26 05:30:07'),
(205, 1, 205, '2020-12-31', 30.00, 1.00, '2013-12-26', '10:59:00', 1, '2013-12-26 05:30:07'),
(206, 1, 206, '2020-12-31', 350.00, 187.30, '2013-12-26', '10:59:00', 1, '2013-12-26 05:30:07'),
(207, 1, 207, '2020-12-31', 75.00, 48.95, '2013-12-26', '10:59:00', 1, '2013-12-26 05:30:07'),
(208, 1, 208, '2020-12-31', 30.00, 16.28, '2013-12-26', '10:59:00', 1, '2013-12-26 05:30:08'),
(209, 1, 209, '2020-12-31', 20.00, 0.00, '2013-12-26', '10:59:00', 1, '2013-12-26 05:30:08'),
(210, 1, 210, '2020-12-31', 120.00, 76.72, '2013-12-26', '10:59:00', 1, '2013-12-26 05:30:08'),
(211, 1, 211, '2020-12-31', 20.00, 10.85, '2013-12-26', '10:59:00', 1, '2013-12-26 05:30:08'),
(212, 1, 212, '2020-12-31', 40.00, 19.93, '2013-12-26', '10:59:00', 1, '2013-12-26 05:30:08'),
(213, 1, 213, '2020-12-31', 22.00, 0.00, '2013-12-26', '10:59:00', 1, '2013-12-26 05:30:08'),
(214, 1, 214, '2020-12-31', 40.00, 1.00, '2013-12-26', '10:59:00', 1, '2013-12-26 05:30:08'),
(215, 1, 215, '2020-12-31', 40.00, 1.00, '2013-12-26', '10:59:00', 1, '2013-12-26 05:30:09'),
(216, 1, 216, '2020-12-31', 20.00, 0.00, '2013-12-26', '10:59:00', 1, '2013-12-26 05:30:09'),
(217, 1, 217, '2020-12-31', 160.00, 89.85, '2013-12-26', '10:59:00', 1, '2013-12-26 05:30:09'),
(218, 1, 218, '2020-12-31', 525.00, 256.54, '2013-12-26', '10:59:00', 1, '2013-12-26 05:30:09'),
(219, 1, 219, '2020-12-31', 40.00, 20.61, '2013-12-26', '10:59:00', 1, '2013-12-26 05:30:09'),
(220, 1, 220, '2020-12-31', 50.00, 24.68, '2013-12-26', '10:59:00', 1, '2013-12-26 05:30:09'),
(221, 1, 221, '2020-12-31', 20.00, 6.10, '2013-12-26', '10:59:00', 1, '2013-12-26 05:30:10'),
(222, 1, 222, '2020-12-31', 120.00, 0.00, '2013-12-26', '10:59:00', 1, '2013-12-26 05:30:10'),
(223, 1, 223, '2020-12-31', 125.00, 1.00, '2013-12-26', '10:59:00', 1, '2013-12-26 05:30:10'),
(224, 1, 224, '2020-12-31', 175.00, 32.00, '2013-12-26', '10:59:00', 1, '2013-12-26 05:30:10'),
(225, 1, 225, '2020-12-31', 110.00, 1.00, '2013-12-26', '10:59:00', 1, '2013-12-26 05:30:10'),
(226, 1, 226, '2020-12-31', 80.00, 1.00, '2013-12-26', '10:59:00', 1, '2013-12-26 05:30:10'),
(227, 1, 227, '2020-12-31', 30.00, 1.00, '2013-12-26', '10:59:00', 1, '2013-12-26 05:30:10'),
(228, 1, 228, '2020-12-31', 15.00, 1.00, '2013-12-26', '10:59:00', 1, '2013-12-26 05:30:10'),
(229, 1, 229, '2020-12-31', 525.00, 296.49, '2013-12-26', '10:59:00', 1, '2013-12-26 05:30:11'),
(230, 1, 230, '2020-12-31', 575.00, 313.58, '2013-12-26', '10:59:00', 1, '2013-12-26 05:30:11'),
(231, 1, 231, '2020-12-31', 1090.00, 567.66, '2013-12-26', '10:59:00', 1, '2013-12-26 05:30:11'),
(232, 1, 232, '2020-12-31', 1180.00, 597.88, '2013-12-26', '10:59:00', 1, '2013-12-26 05:30:11'),
(233, 1, 233, '2020-12-31', 575.00, 1.00, '2013-12-26', '10:59:00', 1, '2013-12-26 05:30:11'),
(234, 1, 234, '2020-12-31', 110.00, 55.90, '2013-12-26', '10:59:00', 1, '2013-12-26 05:30:11'),
(235, 1, 235, '2020-12-31', 50.00, 27.47, '2013-12-26', '10:59:00', 1, '2013-12-26 05:30:11'),
(236, 1, 236, '2020-12-31', 35.00, 1.00, '2013-12-26', '10:59:00', 1, '2013-12-26 05:30:12'),
(237, 1, 237, '2020-12-31', 175.00, 1.00, '2013-12-26', '10:59:00', 1, '2013-12-26 05:30:12'),
(238, 1, 238, '2020-12-31', 150.00, 59.70, '2013-12-26', '10:59:00', 1, '2013-12-26 05:30:12'),
(239, 1, 239, '2020-12-31', 950.00, 1.00, '2013-12-26', '10:59:00', 1, '2013-12-26 05:30:12'),
(240, 1, 240, '2020-12-31', 475.00, 1.00, '2013-12-26', '10:59:00', 1, '2013-12-26 05:30:12'),
(241, 1, 241, '2020-12-31', 250.00, 64.63, '2013-12-26', '10:59:00', 1, '2013-12-26 05:30:12'),
(242, 1, 242, '2020-12-31', 150.00, 65.57, '2013-12-26', '10:59:00', 1, '2013-12-26 05:30:12'),
(243, 1, 243, '2020-12-31', 1300.00, 140.00, '2013-12-26', '10:59:00', 1, '2013-12-26 05:30:13'),
(244, 1, 244, '2020-12-31', 155.00, 53.93, '2013-12-26', '10:59:00', 1, '2013-12-26 05:30:13'),
(245, 1, 245, '2020-12-31', 575.00, 137.00, '2013-12-26', '10:59:00', 1, '2013-12-26 05:30:13'),
(246, 1, 246, '2020-12-31', 225.00, 116.79, '2013-12-26', '10:59:00', 1, '2013-12-26 05:30:13'),
(247, 1, 247, '2020-12-31', 375.00, 296.73, '2013-12-26', '10:59:00', 1, '2013-12-26 05:30:13'),
(248, 1, 248, '2020-12-31', 250.00, 47.00, '2013-12-26', '10:59:00', 1, '2013-12-26 05:30:13'),
(249, 1, 249, '2020-12-31', 1290.00, 478.00, '2013-12-26', '10:59:00', 1, '2013-12-26 05:30:14'),
(250, 1, 250, '2020-12-31', 550.00, 263.15, '2013-12-26', '10:59:00', 1, '2013-12-26 05:30:14'),
(251, 1, 251, '2020-12-31', 100.00, 28.65, '2013-12-26', '10:59:00', 1, '2013-12-26 05:30:14'),
(252, 1, 252, '2020-12-31', 175.00, 1.00, '2013-12-26', '10:59:00', 1, '2013-12-26 05:30:14'),
(253, 1, 253, '2020-12-31', 25.00, 1.00, '2013-12-26', '10:59:00', 1, '2013-12-26 05:30:14'),
(254, 1, 254, '2020-12-31', 75.00, 1.00, '2013-12-26', '10:59:00', 1, '2013-12-26 05:30:14'),
(255, 1, 255, '2020-12-31', 275.00, 133.68, '2013-12-26', '10:59:00', 1, '2013-12-26 05:30:14'),
(256, 1, 256, '2020-12-31', 25.00, 1.00, '2013-12-26', '10:59:00', 1, '2013-12-26 05:30:15'),
(257, 1, 257, '2020-12-31', 1750.00, 372.00, '2013-12-26', '10:59:00', 1, '2013-12-26 05:30:15'),
(258, 1, 258, '2020-12-31', 25.00, 2.53, '2013-12-26', '10:59:00', 1, '2013-12-26 05:30:15'),
(259, 1, 259, '2020-12-31', 450.00, 263.87, '2013-12-26', '10:59:00', 1, '2013-12-26 05:30:15'),
(260, 1, 260, '2020-12-31', 350.00, 6.61, '2013-12-26', '10:59:00', 1, '2013-12-26 05:30:15'),
(261, 1, 261, '2020-12-31', 650.00, 1.00, '2013-12-26', '10:59:00', 1, '2013-12-26 05:30:16'),
(262, 1, 262, '2020-12-31', 175.00, 75.23, '2013-12-26', '10:59:00', 1, '2013-12-26 05:30:16'),
(263, 1, 263, '2020-12-31', 20.00, 1.00, '2013-12-26', '10:59:00', 1, '2013-12-26 05:30:16'),
(264, 1, 264, '2020-12-31', 225.00, 62.08, '2013-12-26', '10:59:00', 1, '2013-12-26 05:30:16'),
(265, 1, 265, '2020-12-31', 155.00, 57.22, '2013-12-26', '10:59:00', 1, '2013-12-26 05:30:16'),
(266, 1, 266, '2020-12-31', 35.00, 63.43, '2013-12-26', '10:59:00', 1, '2013-12-26 05:30:16'),
(267, 1, 267, '2020-12-31', 25.00, 9.25, '2013-12-26', '10:59:00', 1, '2013-12-26 05:30:16'),
(268, 1, 268, '2020-12-31', 95.00, 27.22, '2013-12-26', '10:59:00', 1, '2013-12-26 05:30:17'),
(269, 1, 269, '2020-12-31', 1500.00, 1.00, '2013-12-26', '10:59:00', 1, '2013-12-26 05:30:17'),
(270, 1, 270, '2020-12-31', 55.00, 0.00, '2013-12-26', '10:59:00', 1, '2013-12-26 05:30:17'),
(271, 1, 271, '2020-12-31', 2150.00, 1.00, '2013-12-26', '10:59:00', 1, '2013-12-26 05:30:17'),
(272, 1, 272, '2020-12-31', 40.00, 21.78, '2013-12-26', '10:59:00', 1, '2013-12-26 05:30:17'),
(273, 1, 273, '2020-12-31', 145.00, 1.00, '2013-12-26', '10:59:00', 1, '2013-12-26 05:30:17'),
(274, 1, 274, '2020-12-31', 625.00, 233.96, '2013-12-26', '10:59:00', 1, '2013-12-26 05:30:17'),
(275, 1, 275, '2020-12-31', 175.00, 8.12, '2013-12-26', '10:59:00', 1, '2013-12-26 05:30:17'),
(276, 1, 276, '2020-12-31', 1450.00, 633.06, '2013-12-26', '10:59:00', 1, '2013-12-26 05:30:18'),
(277, 1, 277, '2020-12-31', 1575.00, 661.76, '2013-12-26', '10:59:00', 1, '2013-12-26 05:30:18'),
(278, 1, 278, '2020-12-31', 1350.00, 1.00, '2013-12-26', '10:59:00', 1, '2013-12-26 05:30:18'),
(279, 1, 279, '2020-12-31', 2250.00, 862.40, '2013-12-26', '10:59:00', 1, '2013-12-26 05:30:18'),
(280, 1, 280, '2020-12-31', 190.00, 62.09, '2013-12-26', '10:59:00', 1, '2013-12-26 05:30:18'),
(281, 1, 281, '2020-12-31', 490.00, 203.42, '2013-12-26', '10:59:00', 1, '2013-12-26 05:30:18'),
(282, 1, 282, '2020-12-31', 125.00, 1.00, '2013-12-26', '10:59:00', 1, '2013-12-26 05:30:18'),
(283, 1, 283, '2020-12-31', 150.00, 73.36, '2013-12-26', '10:59:00', 1, '2013-12-26 05:30:19'),
(284, 1, 284, '2020-12-31', 150.00, 1.00, '2013-12-26', '10:59:00', 1, '2013-12-26 05:30:19'),
(285, 1, 285, '2020-12-31', 30.00, 1.00, '2013-12-26', '10:59:00', 1, '2013-12-26 05:30:19'),
(286, 1, 286, '2020-12-31', 1200.00, 420.70, '2013-12-26', '10:59:00', 1, '2013-12-26 05:30:19'),
(287, 1, 287, '2020-12-31', 10.00, 1.00, '2013-12-26', '10:59:00', 1, '2013-12-26 05:30:19'),
(288, 1, 288, '2020-12-31', 25.00, 1.00, '2013-12-26', '10:59:00', 1, '2013-12-26 05:30:19'),
(289, 1, 289, '2020-12-31', 150.00, 1.00, '2013-12-26', '10:59:00', 1, '2013-12-26 05:30:20'),
(290, 1, 290, '2020-12-31', 185.00, 71.35, '2013-12-26', '10:59:00', 1, '2013-12-26 05:30:20'),
(291, 1, 291, '2020-12-31', 65.00, 1.00, '2013-12-26', '10:59:00', 1, '2013-12-26 05:30:20'),
(292, 1, 292, '2020-12-31', 55.00, 21.57, '2013-12-26', '10:59:00', 1, '2013-12-26 05:30:20'),
(293, 1, 293, '2020-12-31', 50.00, 0.00, '2013-12-26', '10:59:00', 1, '2013-12-26 05:30:20'),
(294, 1, 294, '2020-12-31', 45.00, 15.88, '2013-12-26', '10:59:00', 1, '2013-12-26 05:30:20'),
(295, 1, 295, '2020-12-31', 3250.00, 1179.47, '2013-12-26', '10:59:00', 1, '2013-12-26 05:30:20'),
(296, 1, 296, '2020-12-31', 1650.00, 888.36, '2013-12-26', '10:59:00', 1, '2013-12-26 05:30:20'),
(297, 1, 297, '2020-12-31', 250.00, 0.00, '2013-12-26', '10:59:00', 1, '2013-12-26 05:30:21'),
(298, 1, 298, '2020-12-31', 225.00, 1.00, '2013-12-26', '10:59:00', 1, '2013-12-26 05:30:21'),
(299, 1, 299, '2020-12-31', 195.00, 79.37, '2013-12-26', '10:59:00', 1, '2013-12-26 05:30:21'),
(300, 1, 300, '2020-12-31', 925.00, 1.00, '2013-12-26', '10:59:00', 1, '2013-12-26 05:30:21'),
(301, 1, 301, '2020-12-31', 375.00, 118.81, '2013-12-26', '10:59:00', 1, '2013-12-26 05:30:21'),
(302, 1, 302, '2020-12-31', 75.00, 1.00, '2013-12-26', '10:59:00', 1, '2013-12-26 05:30:21'),
(303, 1, 303, '2020-12-31', 20.00, 9.58, '2013-12-26', '10:59:00', 1, '2013-12-26 05:30:22'),
(304, 1, 304, '2020-12-31', 65.00, 0.00, '2013-12-26', '10:59:00', 1, '2013-12-26 05:30:22'),
(305, 1, 305, '2020-12-31', 550.00, 304.00, '2013-12-26', '10:59:00', 1, '2013-12-26 05:30:22'),
(306, 1, 306, '2020-12-31', 110.00, 45.13, '2013-12-26', '10:59:00', 1, '2013-12-26 05:30:22'),
(307, 1, 307, '2020-12-31', 10.00, 3.64, '2013-12-26', '10:59:00', 1, '2013-12-26 05:30:22'),
(308, 1, 308, '2020-12-31', 150.00, 78.56, '2013-12-26', '10:59:00', 1, '2013-12-26 05:30:22'),
(309, 1, 309, '2020-12-31', 1360.00, 725.00, '2013-12-26', '10:59:00', 1, '2013-12-26 05:30:22'),
(310, 1, 310, '2020-12-31', 1720.00, 916.08, '2013-12-26', '10:59:00', 1, '2013-12-26 05:30:23'),
(311, 1, 311, '2020-12-31', 50.00, 26.74, '2013-12-26', '10:59:00', 1, '2013-12-26 05:30:23'),
(312, 1, 312, '2020-12-31', 50.00, 26.74, '2013-12-26', '10:59:00', 1, '2013-12-26 05:30:23'),
(313, 1, 313, '2020-12-31', 1200.00, 634.00, '2013-12-26', '10:59:00', 1, '2013-12-26 05:30:23'),
(314, 1, 314, '2020-12-31', 2100.00, 952.00, '2013-12-26', '10:59:00', 1, '2013-12-26 05:30:23'),
(315, 1, 315, '2020-12-31', 1980.00, 678.00, '2013-12-26', '10:59:00', 1, '2013-12-26 05:30:23'),
(316, 1, 316, '2020-12-31', 190.00, 99.00, '2013-12-26', '10:59:00', 1, '2013-12-26 05:30:23'),
(317, 1, 317, '2020-12-31', 1100.00, 609.00, '2013-12-26', '10:59:00', 1, '2013-12-26 05:30:23'),
(318, 1, 318, '2020-12-31', 525.00, 287.89, '2013-12-26', '10:59:00', 1, '2013-12-26 05:30:24'),
(319, 1, 319, '2020-12-31', 10.00, 3.64, '2013-12-26', '10:59:00', 1, '2013-12-26 05:30:24'),
(320, 1, 320, '2020-12-31', 40.00, 20.06, '2013-12-26', '10:59:00', 1, '2013-12-26 05:30:24'),
(321, 1, 321, '2020-12-31', 390.00, 176.85, '2013-12-26', '10:59:00', 1, '2013-12-26 05:30:24'),
(322, 1, 322, '2020-12-31', 360.00, 142.26, '2013-12-26', '10:59:00', 1, '2013-12-26 05:30:24'),
(323, 1, 323, '2020-12-31', 450.00, 166.65, '2013-12-26', '10:59:00', 1, '2013-12-26 05:30:24'),
(324, 1, 324, '2020-12-31', 60.00, 34.05, '2013-12-26', '10:59:00', 1, '2013-12-26 05:30:24'),
(325, 1, 325, '2020-12-31', 60.00, 34.37, '2013-12-26', '10:59:00', 1, '2013-12-26 05:30:25'),
(326, 1, 326, '2020-12-31', 1300.00, 530.72, '2013-12-26', '10:59:00', 1, '2013-12-26 05:30:25'),
(327, 1, 327, '2020-12-31', 550.00, 177.63, '2013-12-26', '10:59:00', 1, '2013-12-26 05:30:25'),
(328, 1, 328, '2020-12-31', 150.00, 82.17, '2013-12-26', '10:59:00', 1, '2013-12-26 05:30:25'),
(329, 1, 329, '2020-12-31', 275.00, 151.10, '2013-12-26', '10:59:00', 1, '2013-12-26 05:30:25'),
(330, 1, 330, '2020-12-31', 50.00, 14.28, '2013-12-26', '10:59:00', 1, '2013-12-26 05:30:26'),
(331, 1, 331, '2020-12-31', 30.00, 3.06, '2013-12-26', '10:59:00', 1, '2013-12-26 05:30:26'),
(332, 1, 332, '2020-12-31', 130.00, 37.40, '2013-12-26', '10:59:00', 1, '2013-12-26 05:30:26'),
(333, 1, 333, '2020-12-31', 330.00, 95.16, '2013-12-26', '10:59:00', 1, '2013-12-26 05:30:26'),
(334, 1, 334, '2020-12-31', 240.00, 119.24, '2013-12-26', '10:59:00', 1, '2013-12-26 05:30:26'),
(335, 1, 335, '2020-12-31', 1570.00, 538.31, '2013-12-26', '10:59:00', 1, '2013-12-26 05:30:26'),
(336, 1, 336, '2020-12-31', 1450.00, 670.24, '2013-12-26', '10:59:00', 1, '2013-12-26 05:30:26'),
(337, 1, 337, '2020-12-31', 60.00, 200.00, '2013-12-26', '10:59:00', 1, '2013-12-26 05:30:27'),
(338, 1, 338, '2020-12-31', 480.00, 117.15, '2013-12-26', '10:59:00', 1, '2013-12-26 05:30:27'),
(339, 1, 339, '2020-12-31', 225.00, 199.00, '2013-12-26', '10:59:00', 1, '2013-12-26 05:30:27'),
(340, 1, 340, '2020-12-31', 120.00, 65.48, '2013-12-26', '10:59:00', 1, '2013-12-26 05:30:27'),
(341, 1, 341, '2020-12-31', 390.00, 201.56, '2013-12-26', '10:59:00', 1, '2013-12-26 05:30:27'),
(342, 1, 342, '2020-12-31', 750.00, 448.72, '2013-12-26', '10:59:00', 1, '2013-12-26 05:30:28'),
(343, 1, 343, '2020-12-31', 60.00, 29.54, '2013-12-26', '10:59:00', 1, '2013-12-26 05:30:28'),
(344, 1, 344, '2020-12-31', 125.00, 66.42, '2013-12-26', '10:59:00', 1, '2013-12-26 05:30:28'),
(345, 1, 345, '2020-12-31', 80.00, 45.98, '2013-12-26', '10:59:00', 1, '2013-12-26 05:30:28'),
(346, 1, 346, '2020-12-31', 140.00, 76.63, '2013-12-26', '10:59:00', 1, '2013-12-26 05:30:28'),
(347, 1, 347, '2020-12-31', 80.00, 41.54, '2013-12-26', '10:59:00', 1, '2013-12-26 05:30:28'),
(348, 1, 348, '2020-12-31', 130.00, 66.88, '2013-12-26', '10:59:00', 1, '2013-12-26 05:30:28'),
(349, 1, 349, '2020-12-31', 2150.00, 1143.86, '2013-12-26', '10:59:00', 1, '2013-12-26 05:30:29'),
(350, 1, 350, '2020-12-31', 290.00, 156.05, '2013-12-26', '10:59:00', 1, '2013-12-26 05:30:29'),
(351, 1, 351, '2020-12-31', 45.00, 23.60, '2013-12-26', '10:59:00', 1, '2013-12-26 05:30:29'),
(352, 1, 352, '2020-12-31', 40.00, 22.05, '2013-12-26', '10:59:00', 1, '2013-12-26 05:30:29'),
(353, 1, 353, '2020-12-31', 60.00, 44.43, '2013-12-26', '10:59:00', 1, '2013-12-26 05:30:29'),
(354, 1, 354, '2020-12-31', 60.00, 45.21, '2013-12-26', '10:59:00', 1, '2013-12-26 05:30:29'),
(355, 1, 355, '2020-12-31', 260.00, 146.69, '2013-12-26', '10:59:00', 1, '2013-12-26 05:30:29'),
(356, 1, 356, '2020-12-31', 890.00, 477.18, '2013-12-26', '10:59:00', 1, '2013-12-26 05:30:30'),
(357, 1, 357, '2020-12-31', 90.00, 50.00, '2013-12-26', '10:59:00', 1, '2013-12-26 05:30:30'),
(358, 1, 358, '2020-12-31', 180.00, 82.42, '2013-12-26', '10:59:00', 1, '2013-12-26 05:30:30'),
(359, 1, 359, '2020-12-31', 25.00, 12.54, '2013-12-26', '10:59:00', 1, '2013-12-26 05:30:30'),
(360, 1, 360, '2020-12-31', 750.00, 417.98, '2013-12-26', '10:59:00', 1, '2013-12-26 05:30:30'),
(361, 1, 361, '2020-12-31', 560.00, 310.53, '2013-12-26', '10:59:00', 1, '2013-12-26 05:30:30'),
(362, 1, 362, '2020-12-31', 190.00, 96.13, '2013-12-26', '10:59:00', 1, '2013-12-26 05:30:30'),
(363, 1, 363, '2020-12-31', 420.00, 231.73, '2013-12-26', '10:59:00', 1, '2013-12-26 05:30:31'),
(364, 1, 364, '2020-12-31', 670.00, 366.78, '2013-12-26', '10:59:00', 1, '2013-12-26 05:30:31'),
(365, 1, 365, '2020-12-31', 60.00, 30.67, '2013-12-26', '10:59:00', 1, '2013-12-26 05:30:31'),
(366, 1, 366, '2020-12-31', 60.00, 29.90, '2013-12-26', '10:59:00', 1, '2013-12-26 05:30:31'),
(367, 1, 367, '2020-12-31', 55.00, 27.05, '2013-12-26', '10:59:00', 1, '2013-12-26 05:30:31'),
(368, 1, 368, '2020-12-31', 650.00, 215.45, '2013-12-26', '10:59:00', 1, '2013-12-26 05:30:32'),
(369, 1, 369, '2020-12-31', 1680.00, 907.96, '2013-12-26', '10:59:00', 1, '2013-12-26 05:30:32'),
(370, 1, 370, '2020-12-31', 0.00, 35.00, '2013-12-26', '10:59:00', 1, '2013-12-26 05:30:32'),
(371, 1, 371, '2020-12-31', 150.00, 79.87, '2013-12-26', '10:59:00', 1, '2013-12-26 05:30:32'),
(372, 1, 372, '2020-12-31', 0.00, 25.00, '2013-12-26', '10:59:00', 1, '2013-12-26 05:30:32'),
(373, 1, 373, '2020-12-31', 0.00, 210.00, '2013-12-26', '10:59:00', 1, '2013-12-26 05:30:32'),
(374, 1, 374, '2020-12-31', 0.00, 130.00, '2013-12-26', '10:59:00', 1, '2013-12-26 05:30:32'),
(375, 1, 375, '2020-12-31', 25.00, 13.71, '2013-12-26', '10:59:00', 1, '2013-12-26 05:30:33'),
(376, 1, 376, '2020-12-31', 260.00, 138.84, '2013-12-26', '10:59:00', 1, '2013-12-26 05:30:33'),
(377, 1, 377, '2020-12-31', 20.00, 10.66, '2013-12-26', '10:59:00', 1, '2013-12-26 05:30:33'),
(378, 1, 378, '2020-12-31', 80.00, 44.21, '2013-12-26', '10:59:00', 1, '2013-12-26 05:30:33'),
(379, 1, 379, '2020-12-31', 0.00, 40.00, '2013-12-26', '10:59:00', 1, '2013-12-26 05:30:33'),
(380, 1, 380, '2020-12-31', 975.00, 499.39, '2013-12-26', '10:59:00', 1, '2013-12-26 05:30:33'),
(381, 1, 381, '2020-12-31', 710.00, 382.59, '2013-12-26', '10:59:00', 1, '2013-12-26 05:30:34'),
(382, 1, 382, '2020-12-31', 495.00, 260.86, '2013-12-26', '10:59:00', 1, '2013-12-26 05:30:34'),
(383, 1, 383, '2020-12-31', 0.00, 110.00, '2013-12-26', '10:59:00', 1, '2013-12-26 05:30:34'),
(384, 1, 384, '2020-12-31', 70.00, 37.97, '2013-12-26', '10:59:00', 1, '2013-12-26 05:30:34'),
(385, 1, 385, '2020-12-31', 55.00, 28.48, '2013-12-26', '10:59:00', 1, '2013-12-26 05:30:34'),
(386, 1, 386, '2020-12-31', 940.00, 511.42, '2013-12-26', '10:59:00', 1, '2013-12-26 05:30:35'),
(387, 1, 387, '2020-12-31', 480.00, 260.85, '2013-12-26', '10:59:00', 1, '2013-12-26 05:30:35'),
(388, 1, 388, '2020-12-31', 0.00, 140.00, '2013-12-26', '10:59:00', 1, '2013-12-26 05:30:35'),
(389, 1, 389, '2020-12-31', 0.00, 240.00, '2013-12-26', '10:59:00', 1, '2013-12-26 05:30:35'),
(390, 1, 390, '2020-12-31', 18.00, 10.14, '2013-12-26', '10:59:00', 1, '2013-12-26 05:30:36'),
(391, 1, 391, '2020-12-31', 0.00, 130.00, '2013-12-26', '10:59:00', 1, '2013-12-26 05:30:36'),
(392, 1, 392, '2020-12-31', 270.00, 144.27, '2013-12-26', '10:59:00', 1, '2013-12-26 05:30:36'),
(393, 1, 393, '2020-12-31', 0.00, 15.00, '2013-12-26', '10:59:00', 1, '2013-12-26 05:30:36'),
(394, 1, 394, '2020-12-31', 14.00, 8.10, '2013-12-26', '10:59:00', 1, '2013-12-26 05:30:36'),
(395, 1, 395, '2020-12-31', 975.00, 555.55, '2013-12-26', '10:59:00', 1, '2013-12-26 05:30:37'),
(396, 1, 396, '2020-12-31', 0.00, 55.00, '2013-12-26', '10:59:00', 1, '2013-12-26 05:30:37'),
(397, 1, 397, '2020-12-31', 0.00, 110.00, '2013-12-26', '10:59:00', 1, '2013-12-26 05:30:37'),
(398, 1, 398, '2020-12-31', 310.00, 167.46, '2013-12-26', '10:59:00', 1, '2013-12-26 05:30:37'),
(399, 1, 399, '2020-12-31', 0.00, 40.00, '2013-12-26', '10:59:00', 1, '2013-12-26 05:30:37'),
(400, 1, 400, '2020-12-31', 0.00, 70.00, '2013-12-26', '10:59:00', 1, '2013-12-26 05:30:37'),
(401, 1, 401, '2020-12-31', 0.00, 12.00, '2013-12-26', '10:59:00', 1, '2013-12-26 05:30:38'),
(402, 1, 402, '2020-12-31', 0.00, 150.00, '2013-12-26', '10:59:00', 1, '2013-12-26 05:30:38'),
(403, 1, 403, '2020-12-31', 680.00, 332.30, '2013-12-26', '10:59:00', 1, '2013-12-26 05:30:38'),
(404, 1, 404, '2020-12-31', 7200.00, 4189.89, '2013-12-26', '10:59:00', 1, '2013-12-26 05:30:38'),
(405, 1, 405, '2020-12-31', 320.00, 168.58, '2013-12-26', '10:59:00', 1, '2013-12-26 05:30:38'),
(406, 1, 406, '2020-12-31', 155.00, 80.36, '2013-12-26', '10:59:00', 1, '2013-12-26 05:30:38'),
(407, 1, 407, '2020-12-31', 15.00, 7.03, '2013-12-26', '10:59:00', 1, '2013-12-26 05:30:39'),
(408, 1, 408, '2020-12-31', 290.00, 126.12, '2013-12-26', '10:59:00', 1, '2013-12-26 05:30:39'),
(409, 1, 409, '2020-12-31', 60.00, 32.20, '2013-12-26', '10:59:00', 1, '2013-12-26 05:30:39'),
(410, 1, 410, '2020-12-31', 525.00, 280.49, '2013-12-26', '10:59:00', 1, '2013-12-26 05:30:39'),
(411, 1, 411, '2020-12-31', 525.00, 279.51, '2013-12-26', '10:59:00', 1, '2013-12-26 05:30:39'),
(412, 1, 412, '2020-12-31', 35.00, 18.51, '2013-12-26', '10:59:00', 1, '2013-12-26 05:30:39'),
(413, 1, 413, '2020-12-31', 90.00, 46.78, '2013-12-26', '10:59:00', 1, '2013-12-26 05:30:40'),
(414, 1, 414, '2020-12-31', 30.00, 15.66, '2013-12-26', '10:59:00', 1, '2013-12-26 05:30:40'),
(415, 1, 415, '2020-12-31', 15.00, 8.54, '2013-12-26', '10:59:00', 1, '2013-12-26 05:30:40'),
(416, 1, 416, '2020-12-31', 65.00, 36.46, '2013-12-26', '10:59:00', 1, '2013-12-26 05:30:40'),
(417, 1, 417, '2020-12-31', 95.00, 61.32, '2013-12-26', '10:59:00', 1, '2013-12-26 05:30:40'),
(418, 1, 418, '2020-12-31', 60.00, 30.34, '2013-12-26', '10:59:00', 1, '2013-12-26 05:30:40'),
(419, 1, 419, '2020-12-31', 590.00, 313.48, '2013-12-26', '10:59:00', 1, '2013-12-26 05:30:41'),
(420, 1, 420, '2020-12-31', 12.00, 6.83, '2013-12-26', '10:59:00', 1, '2013-12-26 05:30:41'),
(421, 1, 421, '2020-12-31', 40.00, 25.05, '2013-12-26', '10:59:00', 1, '2013-12-26 05:30:41'),
(422, 1, 422, '2020-12-31', 80.00, 35.07, '2013-12-26', '10:59:00', 1, '2013-12-26 05:30:41'),
(423, 1, 423, '2020-12-31', 1125.00, 608.02, '2013-12-26', '10:59:00', 1, '2013-12-26 05:30:41'),
(424, 1, 424, '2020-12-31', 45.00, 24.64, '2013-12-26', '10:59:00', 1, '2013-12-26 05:30:41'),
(425, 1, 425, '2020-12-31', 95.00, 51.57, '2013-12-26', '10:59:00', 1, '2013-12-26 05:30:42'),
(426, 1, 426, '2020-12-31', 310.00, 168.58, '2013-12-26', '10:59:00', 1, '2013-12-26 05:30:42'),
(427, 1, 427, '2020-12-31', 590.00, 313.04, '2013-12-26', '10:59:00', 1, '2013-12-26 05:30:42'),
(428, 1, 428, '2020-12-31', 450.00, 242.18, '2013-12-26', '10:59:00', 1, '2013-12-26 05:30:42'),
(429, 1, 429, '2020-12-31', 190.00, 101.77, '2013-12-26', '10:59:00', 1, '2013-12-26 05:30:42'),
(430, 1, 430, '2020-12-31', 395.00, 208.69, '2013-12-26', '10:59:00', 1, '2013-12-26 05:30:43'),
(431, 1, 431, '2020-12-31', 90.00, 48.95, '2013-12-26', '10:59:00', 1, '2013-12-26 05:30:43'),
(432, 1, 432, '2020-12-31', 10.00, 6.10, '2013-12-26', '10:59:00', 1, '2013-12-26 05:30:43'),
(433, 1, 433, '2020-12-31', 150.00, 81.15, '2013-12-26', '10:59:00', 1, '2013-12-26 05:30:43'),
(434, 1, 434, '2020-12-31', 110.00, 58.38, '2013-12-26', '10:59:00', 1, '2013-12-26 05:30:43'),
(435, 1, 435, '2020-12-31', 295.00, 164.07, '2013-12-26', '10:59:00', 1, '2013-12-26 05:30:43'),
(436, 1, 436, '2020-12-31', 80.00, 43.75, '2013-12-26', '10:59:00', 1, '2013-12-26 05:30:44'),
(437, 1, 437, '2020-12-31', 295.00, 185.45, '2013-12-26', '10:59:00', 1, '2013-12-26 05:30:44'),
(438, 1, 438, '2020-12-31', 95.00, 54.10, '2013-12-26', '10:59:00', 1, '2013-12-26 05:30:44'),
(439, 1, 439, '2020-12-31', 60.00, 27.05, '2013-12-26', '10:59:00', 1, '2013-12-26 05:30:44'),
(440, 1, 440, '2020-12-31', 170.00, 90.17, '2013-12-26', '10:59:00', 1, '2013-12-26 05:30:44'),
(441, 1, 441, '2020-12-31', 320.00, 173.90, '2013-12-26', '10:59:00', 1, '2013-12-26 05:30:44'),
(442, 1, 442, '2020-12-31', 125.00, 67.59, '2013-12-26', '10:59:00', 1, '2013-12-26 05:30:45'),
(443, 1, 443, '2020-12-31', 440.00, 233.00, '2013-12-26', '10:59:00', 1, '2013-12-26 05:30:45'),
(444, 1, 444, '2020-12-31', 45.00, 25.81, '2013-12-26', '10:59:00', 1, '2013-12-26 05:30:45'),
(445, 1, 445, '2020-12-31', 60.00, 34.41, '2013-12-26', '10:59:00', 1, '2013-12-26 05:30:45'),
(446, 1, 446, '2020-12-31', 105.00, 60.42, '2013-12-26', '10:59:00', 1, '2013-12-26 05:30:45'),
(447, 1, 447, '2020-12-31', 15.00, 8.52, '2013-12-26', '10:59:00', 1, '2013-12-26 05:30:45'),
(448, 1, 448, '2020-12-31', 220.00, 119.80, '2013-12-26', '10:59:00', 1, '2013-12-26 05:30:46'),
(449, 1, 449, '2020-12-31', 195.00, 106.92, '2013-12-26', '10:59:00', 1, '2013-12-26 05:30:46'),
(450, 1, 450, '2020-12-31', 110.00, 60.46, '2013-12-26', '10:59:00', 1, '2013-12-26 05:30:47'),
(451, 1, 451, '2020-12-31', 80.00, 40.79, '2013-12-26', '10:59:00', 1, '2013-12-26 05:30:47'),
(452, 1, 452, '2020-12-31', 450.00, 221.30, '2013-12-26', '10:59:00', 1, '2013-12-26 05:30:47'),
(453, 1, 453, '2020-12-31', 26.00, 0.00, '2013-12-26', '10:59:00', 1, '2013-12-26 05:30:47'),
(454, 1, 454, '2020-12-31', 6.00, 0.00, '2013-12-26', '10:59:00', 1, '2013-12-26 05:30:47'),
(455, 1, 455, '2020-12-31', 900.00, 1.00, '2013-12-26', '10:59:00', 1, '2013-12-26 05:30:48'),
(456, 1, 456, '2020-12-31', 3750.00, 1417.74, '2013-12-26', '10:59:00', 1, '2013-12-26 05:30:48'),
(457, 1, 457, '2020-12-31', 5450.00, 1936.22, '2013-12-26', '10:59:00', 1, '2013-12-26 05:30:48'),
(458, 1, 458, '2020-12-31', 3450.00, 1733.91, '2013-12-26', '10:59:00', 1, '2013-12-26 05:30:48'),
(459, 1, 459, '2020-12-31', 4250.00, 1624.50, '2013-12-26', '10:59:00', 1, '2013-12-26 05:30:48'),
(460, 1, 460, '2020-12-31', 0.00, 0.00, '2013-12-26', '10:59:00', 1, '2013-12-26 05:30:48'),
(461, 1, 461, '2020-12-31', 0.00, 1.00, '2013-12-26', '10:59:00', 1, '2013-12-26 05:30:49'),
(462, 1, 462, '2020-12-31', 0.00, 190.56, '2013-12-26', '10:59:00', 1, '2013-12-26 05:30:49'),
(463, 1, 463, '2020-12-31', 135.00, 72.92, '2013-12-26', '10:59:00', 1, '2013-12-26 05:30:49'),
(464, 1, 464, '2020-12-31', 15.00, 2.58, '2013-12-26', '10:59:00', 1, '2013-12-26 05:30:49'),
(465, 1, 465, '2020-12-31', 180.00, 69.25, '2013-12-26', '10:59:00', 1, '2013-12-26 05:30:49'),
(466, 1, 466, '2020-12-31', 0.00, 0.00, '2013-12-26', '10:59:00', 1, '2013-12-26 05:30:49'),
(467, 1, 467, '2020-12-31', 175.00, 43.52, '2013-12-26', '10:59:00', 1, '2013-12-26 05:30:50'),
(468, 1, 468, '2020-12-31', 20.00, 3.15, '2013-12-26', '10:59:00', 1, '2013-12-26 05:30:50'),
(469, 1, 469, '2020-12-31', 85.00, 30.61, '2013-12-26', '10:59:00', 1, '2013-12-26 05:30:50'),
(470, 1, 470, '2020-12-31', 220.00, 56.60, '2013-12-26', '10:59:00', 1, '2013-12-26 05:30:50'),
(471, 1, 471, '2020-12-31', 65.00, 34.84, '2013-12-26', '10:59:00', 1, '2013-12-26 05:30:50'),
(472, 1, 472, '2020-12-31', 190.00, 128.70, '2013-12-26', '10:59:00', 1, '2013-12-26 05:30:51'),
(473, 1, 473, '2020-12-31', 54.00, 22.51, '2013-12-26', '10:59:00', 1, '2013-12-26 05:30:51'),
(474, 1, 474, '2020-12-31', 0.00, 4.30, '2013-12-26', '10:59:00', 1, '2013-12-26 05:30:51'),
(475, 1, 475, '2020-12-31', 0.00, 9.92, '2013-12-26', '10:59:00', 1, '2013-12-26 05:30:51'),
(476, 1, 476, '2020-12-31', 66.00, 16.49, '2013-12-26', '10:59:00', 1, '2013-12-26 05:30:51'),
(477, 1, 477, '2020-12-31', 150.00, 64.54, '2013-12-26', '10:59:00', 1, '2013-12-26 05:30:51'),
(478, 1, 478, '2020-12-31', 510.00, 333.36, '2013-12-26', '10:59:00', 1, '2013-12-26 05:30:52'),
(479, 1, 479, '2020-12-31', 225.00, 95.01, '2013-12-26', '10:59:00', 1, '2013-12-26 05:30:52'),
(480, 1, 480, '2020-12-31', 95.00, 48.61, '2013-12-26', '10:59:00', 1, '2013-12-26 05:30:52'),
(481, 1, 481, '2020-12-31', 35.00, 2.25, '2013-12-26', '10:59:00', 1, '2013-12-26 05:30:52'),
(482, 1, 482, '2020-12-31', 0.00, 0.00, '2013-12-26', '10:59:00', 1, '2013-12-26 05:30:52'),
(483, 1, 483, '2020-12-31', 11.00, 1.86, '2013-12-26', '10:59:00', 1, '2013-12-26 05:30:53'),
(484, 1, 484, '2020-12-31', 12.00, 1.20, '2013-12-26', '10:59:00', 1, '2013-12-26 05:30:53'),
(485, 1, 485, '2020-12-31', 31.00, 0.90, '2013-12-26', '10:59:00', 1, '2013-12-26 05:30:53'),
(486, 1, 486, '2020-12-31', 6.00, 0.49, '2013-12-26', '10:59:00', 1, '2013-12-26 05:30:53'),
(487, 1, 487, '2020-12-31', 6.00, 1.66, '2013-12-26', '10:59:00', 1, '2013-12-26 05:30:53'),
(488, 1, 488, '2020-12-31', 0.00, 11.26, '2013-12-26', '10:59:00', 1, '2013-12-26 05:30:54'),
(489, 1, 489, '2020-12-31', 5.00, 0.37, '2013-12-26', '10:59:00', 1, '2013-12-26 05:30:54'),
(490, 1, 490, '2020-12-31', 0.00, 981.02, '2013-12-26', '10:59:00', 1, '2013-12-26 05:30:54'),
(491, 1, 491, '2020-12-31', 725.00, 318.99, '2013-12-26', '10:59:00', 1, '2013-12-26 05:30:54'),
(492, 1, 492, '2020-12-31', 0.00, 1216.32, '2013-12-26', '10:59:00', 1, '2013-12-26 05:30:54'),
(493, 1, 493, '2020-12-31', 825.00, 351.74, '2013-12-26', '10:59:00', 1, '2013-12-26 05:30:54'),
(494, 1, 494, '2020-12-31', 95.00, 34.30, '2013-12-26', '10:59:00', 1, '2013-12-26 05:30:55'),
(495, 1, 495, '2020-12-31', 0.00, 0.00, '2013-12-26', '10:59:00', 1, '2013-12-26 05:30:55'),
(496, 1, 496, '2020-12-31', 240.00, 91.92, '2013-12-26', '10:59:00', 1, '2013-12-26 05:30:55'),
(497, 1, 497, '2020-12-31', 160.00, 71.79, '2013-12-26', '10:59:00', 1, '2013-12-26 05:30:55'),
(498, 1, 498, '2020-12-31', 600.00, 188.81, '2013-12-26', '10:59:00', 1, '2013-12-26 05:30:55'),
(499, 1, 499, '2020-12-31', 350.00, 133.44, '2013-12-26', '10:59:00', 1, '2013-12-26 05:30:56'),
(500, 1, 500, '2020-12-31', 0.00, 63.89, '2013-12-26', '10:59:00', 1, '2013-12-26 05:30:56'),
(501, 1, 501, '2020-12-31', 0.00, 47.86, '2013-12-26', '10:59:00', 1, '2013-12-26 05:30:56'),
(502, 1, 502, '2020-12-31', 0.00, 2.99, '2013-12-26', '10:59:00', 1, '2013-12-26 05:30:56'),
(503, 1, 503, '2020-12-31', 0.00, 50.00, '2013-12-26', '10:59:00', 1, '2013-12-26 05:30:56'),
(504, 1, 504, '2020-12-31', 0.00, 639.28, '2013-12-26', '10:59:00', 1, '2013-12-26 05:30:56'),
(505, 1, 505, '2020-12-31', 0.00, 969.66, '2013-12-26', '10:59:00', 1, '2013-12-26 05:30:56'),
(506, 1, 506, '2020-12-31', 0.00, 0.00, '2013-12-26', '10:59:00', 1, '2013-12-26 05:30:57'),
(507, 1, 507, '2020-12-31', 0.00, 3.00, '2013-12-26', '10:59:00', 1, '2013-12-26 05:30:57'),
(508, 1, 508, '2020-12-31', 16.00, 8.00, '2013-12-26', '10:59:00', 1, '2013-12-26 05:30:57'),
(509, 1, 509, '2020-12-31', 50.00, 21.00, '2013-12-26', '10:59:00', 1, '2013-12-26 05:30:58'),
(510, 1, 510, '2020-12-31', 0.00, 135.00, '2013-12-26', '10:59:00', 1, '2013-12-26 05:30:58'),
(511, 1, 511, '2020-12-31', 0.00, 1.00, '2013-12-26', '10:59:00', 1, '2013-12-26 05:30:58'),
(512, 1, 512, '2020-12-31', 25.00, 0.00, '2013-12-26', '10:59:00', 1, '2013-12-26 05:30:58'),
(513, 1, 513, '2020-12-31', 950.00, 1.00, '2013-12-26', '10:59:00', 1, '2013-12-26 05:30:58'),
(514, 1, 514, '2020-12-31', 0.00, 0.00, '2013-12-26', '10:59:00', 1, '2013-12-26 05:30:59'),
(515, 1, 515, '2020-12-31', 0.00, 10.55, '2013-12-26', '10:59:00', 1, '2013-12-26 05:30:59'),
(516, 1, 516, '2020-12-31', 190.00, 85.48, '2013-12-26', '10:59:00', 1, '2013-12-26 05:30:59'),
(517, 1, 517, '2020-12-31', 36500.00, 24255.09, '2013-12-26', '10:59:00', 1, '2013-12-26 05:30:59'),
(518, 1, 518, '2020-12-31', 0.00, 0.00, '2013-12-26', '10:59:00', 1, '2013-12-26 05:30:59'),
(519, 1, 519, '2020-12-31', 0.00, 1.00, '2013-12-26', '10:59:00', 1, '2013-12-26 05:31:00'),
(520, 1, 520, '2020-12-31', 30.00, 0.00, '2013-12-26', '10:59:00', 1, '2013-12-26 05:31:00'),
(521, 1, 521, '2020-12-31', 180.00, 0.00, '2013-12-26', '10:59:00', 1, '2013-12-26 05:31:00'),
(522, 1, 522, '2020-12-31', 0.00, 0.40, '2013-12-26', '10:59:00', 1, '2013-12-26 05:31:00'),
(523, 1, 523, '2020-12-31', 17000.00, 0.00, '2013-12-26', '10:59:00', 1, '2013-12-26 05:31:00'),
(524, 1, 524, '2020-12-31', 0.00, 0.00, '2013-12-26', '10:59:00', 1, '2013-12-26 05:31:00'),
(525, 1, 525, '2020-12-31', 0.00, 0.00, '2013-12-26', '10:59:00', 1, '2013-12-26 05:31:00'),
(526, 1, 526, '2020-12-31', 0.00, 0.00, '2013-12-26', '10:59:00', 1, '2013-12-26 05:31:01'),
(527, 1, 527, '2020-12-31', 0.00, 0.00, '2013-12-26', '10:59:00', 1, '2013-12-26 05:31:01'),
(528, 1, 528, '2020-12-31', 0.00, 0.00, '2013-12-26', '10:59:00', 1, '2013-12-26 05:31:01'),
(529, 1, 529, '2020-12-31', 0.00, 0.00, '2013-12-26', '10:59:00', 1, '2013-12-26 05:31:01'),
(530, 1, 530, '2020-12-31', 22000.00, 12205.23, '2013-12-26', '10:59:00', 1, '2013-12-26 05:31:01'),
(531, 1, 531, '2020-12-31', 3500.00, 1.00, '2013-12-26', '10:59:00', 1, '2013-12-26 05:31:01'),
(532, 1, 532, '2020-12-31', 0.00, 4119.63, '2013-12-26', '10:59:00', 1, '2013-12-26 05:31:02'),
(533, 1, 533, '2020-12-31', 0.00, 5059.20, '2013-12-26', '10:59:00', 1, '2013-12-26 05:31:02'),
(534, 1, 534, '2020-12-31', 2750.00, 1.00, '2013-12-26', '10:59:00', 1, '2013-12-26 05:31:02'),
(535, 1, 535, '2020-12-31', 125.00, 1.00, '2013-12-26', '10:59:00', 1, '2013-12-26 05:31:02');
INSERT INTO `tbl_products` (`id_products`, `id_batch`, `iditem`, `expiry_date`, `product_price`, `product_cost`, `added_date`, `added_time`, `product_status`, `added_timestamp`) VALUES
(536, 1, 536, '2020-12-31', 375.00, 1.00, '2013-12-26', '10:59:00', 1, '2013-12-26 05:31:02'),
(537, 1, 537, '2020-12-31', 1500.00, 1.00, '2013-12-26', '10:59:00', 1, '2013-12-26 05:31:02'),
(538, 1, 538, '2020-12-31', 225.00, 1.00, '2013-12-26', '10:59:00', 1, '2013-12-26 05:31:03'),
(539, 1, 539, '2020-12-31', 175.00, 1.00, '2013-12-26', '10:59:00', 1, '2013-12-26 05:31:03'),
(540, 1, 540, '2020-12-31', 50.00, 1.00, '2013-12-26', '10:59:00', 1, '2013-12-26 05:31:03'),
(541, 1, 541, '2020-12-31', 200.00, 65.00, '2013-12-26', '10:59:00', 1, '2013-12-26 05:31:03'),
(542, 1, 542, '2020-12-31', 0.00, 7.00, '2013-12-26', '10:59:00', 1, '2013-12-26 05:31:03'),
(543, 1, 543, '2020-12-31', 0.00, 1.00, '2013-12-26', '10:59:00', 1, '2013-12-26 05:31:03'),
(544, 1, 544, '2020-12-31', 0.00, 1.00, '2013-12-26', '10:59:00', 1, '2013-12-26 05:31:04'),
(545, 1, 545, '2020-12-31', 0.00, 0.00, '2013-12-26', '10:59:00', 1, '2013-12-26 05:31:04'),
(546, 1, 546, '2020-12-31', 220.00, 1.00, '2013-12-26', '10:59:00', 1, '2013-12-26 05:31:04'),
(547, 1, 547, '2020-12-31', 216.00, 1.00, '2013-12-26', '10:59:00', 1, '2013-12-26 05:31:04'),
(548, 1, 548, '2020-12-31', 0.00, 1.00, '2013-12-26', '10:59:00', 1, '2013-12-26 05:31:04'),
(549, 1, 549, '2020-12-31', 20.00, 1.00, '2013-12-26', '10:59:00', 1, '2013-12-26 05:31:04'),
(550, 1, 550, '2020-12-31', 468.00, 1.00, '2013-12-26', '10:59:00', 1, '2013-12-26 05:31:04'),
(551, 1, 551, '2020-12-31', 0.00, 1.00, '2013-12-26', '10:59:00', 1, '2013-12-26 05:31:05'),
(552, 1, 552, '2020-12-31', 0.00, 0.00, '2013-12-26', '10:59:00', 1, '2013-12-26 05:31:05'),
(553, 1, 553, '2020-12-31', 276.00, 96.00, '2013-12-26', '10:59:00', 1, '2013-12-26 05:31:05'),
(554, 1, 554, '2020-12-31', 40.00, 23.00, '2013-12-26', '10:59:00', 1, '2013-12-26 05:31:05'),
(555, 1, 555, '2020-12-31', 0.00, 1.00, '2013-12-26', '10:59:00', 1, '2013-12-26 05:31:05'),
(556, 1, 556, '2020-12-31', 45.00, 0.00, '2013-12-26', '10:59:00', 1, '2013-12-26 05:31:05'),
(557, 1, 557, '2020-12-31', 20.00, 1.00, '2013-12-26', '10:59:00', 1, '2013-12-26 05:31:06'),
(558, 1, 558, '2020-12-31', 125.00, 29.00, '2013-12-26', '10:59:00', 1, '2013-12-26 05:31:06'),
(559, 1, 559, '2020-12-31', 36.00, 1.00, '2013-12-26', '10:59:00', 1, '2013-12-26 05:31:06'),
(560, 1, 560, '2020-12-31', 250.00, 89.00, '2013-12-26', '10:59:00', 1, '2013-12-26 05:31:06'),
(561, 1, 561, '2020-12-31', 0.00, 0.00, '2013-12-26', '10:59:00', 1, '2013-12-26 05:31:06'),
(562, 1, 562, '2020-12-31', 162.00, 1.00, '2013-12-26', '10:59:00', 1, '2013-12-26 05:31:07'),
(563, 1, 563, '2020-12-31', 180.00, 1.00, '2013-12-26', '10:59:00', 1, '2013-12-26 05:31:07'),
(564, 1, 564, '2020-12-31', 42.00, 1.00, '2013-12-26', '10:59:00', 1, '2013-12-26 05:31:07'),
(565, 1, 565, '2020-12-31', 800.00, 1.00, '2013-12-26', '10:59:00', 1, '2013-12-26 05:31:07'),
(566, 1, 566, '2020-12-31', 95.00, 1.00, '2013-12-26', '10:59:00', 1, '2013-12-26 05:31:07'),
(567, 1, 567, '2020-12-31', 0.00, 0.00, '2013-12-26', '10:59:00', 1, '2013-12-26 05:31:07'),
(568, 1, 568, '2020-12-31', 24.00, 1.00, '2013-12-26', '10:59:00', 1, '2013-12-26 05:31:07'),
(569, 1, 569, '2020-12-31', 0.00, 0.00, '2013-12-26', '10:59:00', 1, '2013-12-26 05:31:08'),
(570, 1, 570, '2020-12-31', 5.00, 0.00, '2013-12-26', '10:59:00', 1, '2013-12-26 05:31:08'),
(571, 1, 571, '2020-12-31', 175.00, 1.00, '2013-12-26', '10:59:00', 1, '2013-12-26 05:31:08'),
(572, 1, 572, '2020-12-31', 425.00, 0.00, '2013-12-26', '10:59:00', 1, '2013-12-26 05:31:09'),
(573, 1, 573, '2020-12-31', 350.00, 0.00, '2013-12-26', '10:59:00', 1, '2013-12-26 05:31:09'),
(574, 1, 574, '2020-12-31', 0.00, 0.00, '2013-12-26', '10:59:00', 1, '2013-12-26 05:31:09'),
(575, 1, 575, '2020-12-31', 0.00, 580.42, '2013-12-26', '10:59:00', 1, '2013-12-26 05:31:09'),
(576, 1, 576, '2020-12-31', 675.00, 1.00, '2013-12-26', '10:59:00', 1, '2013-12-26 05:31:09'),
(577, 1, 577, '2020-12-31', 2750.00, 893.00, '2013-12-26', '10:59:00', 1, '2013-12-26 05:31:09'),
(578, 1, 578, '2020-12-31', 145.00, 0.00, '2013-12-26', '10:59:00', 1, '2013-12-26 05:31:10'),
(579, 1, 579, '2020-12-31', 4950.00, 2057.29, '2013-12-26', '10:59:00', 1, '2013-12-26 05:31:10'),
(580, 1, 580, '2020-12-31', 3950.00, 1.00, '2013-12-26', '10:59:00', 1, '2013-12-26 05:31:10'),
(581, 1, 581, '2020-12-31', 175.00, 1.00, '2013-12-26', '10:59:00', 1, '2013-12-26 05:31:10'),
(582, 1, 582, '2020-12-31', 70.00, 1.00, '2013-12-26', '10:59:00', 1, '2013-12-26 05:31:10'),
(583, 1, 583, '2020-12-31', 720.00, 165.00, '2013-12-26', '10:59:00', 1, '2013-12-26 05:31:11'),
(584, 1, 584, '2020-12-31', 0.00, 1.00, '2013-12-26', '10:59:00', 1, '2013-12-26 05:31:11'),
(585, 1, 585, '2020-12-31', 0.00, 44.00, '2013-12-26', '10:59:00', 1, '2013-12-26 05:31:11'),
(586, 1, 586, '2020-12-31', 0.00, 42.24, '2013-12-26', '10:59:00', 1, '2013-12-26 05:31:11'),
(587, 1, 587, '2020-12-31', 0.00, 1.00, '2013-12-26', '10:59:00', 1, '2013-12-26 05:31:11'),
(588, 1, 588, '2020-12-31', 0.00, 19.55, '2013-12-26', '10:59:00', 1, '2013-12-26 05:31:11'),
(589, 1, 589, '2020-12-31', 0.00, 30.09, '2013-12-26', '10:59:00', 1, '2013-12-26 05:31:11'),
(590, 1, 590, '2020-12-31', 0.00, 0.00, '2013-12-26', '10:59:00', 1, '2013-12-26 05:31:12'),
(591, 1, 591, '2020-12-31', 12.00, 0.00, '2013-12-26', '10:59:00', 1, '2013-12-26 05:31:12'),
(592, 1, 592, '2020-12-31', 0.00, 1.00, '2013-12-26', '10:59:00', 1, '2013-12-26 05:31:12'),
(593, 1, 593, '2020-12-31', 180.00, 69.27, '2013-12-26', '10:59:00', 1, '2013-12-26 05:31:12'),
(594, 1, 594, '2020-12-31', 0.00, 4.50, '2013-12-26', '10:59:00', 1, '2013-12-26 05:31:12'),
(595, 1, 595, '2020-12-31', 99.00, 28.82, '2013-12-26', '10:59:00', 1, '2013-12-26 05:31:12'),
(596, 1, 596, '2020-12-31', 0.00, 0.00, '2013-12-26', '10:59:00', 1, '2013-12-26 05:31:13'),
(597, 1, 597, '2020-12-31', 0.00, 166.29, '2013-12-26', '10:59:00', 1, '2013-12-26 05:31:13'),
(598, 1, 598, '2020-12-31', 0.00, 208.71, '2013-12-26', '10:59:00', 1, '2013-12-26 05:31:13'),
(599, 1, 599, '2020-12-31', 276.00, 100.90, '2013-12-26', '10:59:00', 1, '2013-12-26 05:31:13'),
(600, 1, 600, '2020-12-31', 0.00, 468.34, '2013-12-26', '10:59:00', 1, '2013-12-26 05:31:13'),
(601, 1, 601, '2020-12-31', 0.00, 0.00, '2013-12-26', '10:59:00', 1, '2013-12-26 05:31:13'),
(602, 1, 602, '2020-12-31', 0.00, 0.00, '2013-12-26', '10:59:00', 1, '2013-12-26 05:31:13'),
(603, 1, 603, '2020-12-31', 0.00, 950.57, '2013-12-26', '10:59:00', 1, '2013-12-26 05:31:14'),
(604, 1, 604, '2020-12-31', 0.00, 1205.07, '2013-12-26', '10:59:00', 1, '2013-12-26 05:31:14'),
(605, 1, 605, '2020-12-31', 0.00, 414.06, '2013-12-26', '10:59:00', 1, '2013-12-26 05:31:14'),
(606, 1, 606, '2020-12-31', 0.00, 1096.50, '2013-12-26', '10:59:00', 1, '2013-12-26 05:31:14'),
(607, 1, 607, '2020-12-31', 0.00, 717.13, '2013-12-26', '10:59:00', 1, '2013-12-26 05:31:14'),
(608, 1, 608, '2020-12-31', 0.00, 0.00, '2013-12-26', '10:59:00', 1, '2013-12-26 05:31:15'),
(609, 1, 609, '2020-12-31', 315.00, 125.55, '2013-12-26', '10:59:00', 1, '2013-12-26 05:31:15'),
(610, 1, 610, '2020-12-31', 55.00, 1.00, '2013-12-26', '10:59:00', 1, '2013-12-26 05:31:15'),
(611, 1, 611, '2020-12-31', 500.00, 121.61, '2013-12-26', '10:59:00', 1, '2013-12-26 05:31:15'),
(612, 1, 612, '2020-12-31', 875.00, 1.00, '2013-12-26', '10:59:00', 1, '2013-12-26 05:31:15'),
(613, 1, 613, '2020-12-31', 230.00, 78.08, '2013-12-26', '10:59:00', 1, '2013-12-26 05:31:15'),
(614, 1, 614, '2020-12-31', 300.00, 145.41, '2013-12-26', '10:59:00', 1, '2013-12-26 05:31:16'),
(615, 1, 615, '2020-12-31', 1200.00, 1.00, '2013-12-26', '10:59:00', 1, '2013-12-26 05:31:16'),
(616, 1, 616, '2020-12-31', 6.00, 0.18, '2013-12-26', '10:59:00', 1, '2013-12-26 05:31:16'),
(617, 1, 617, '2020-12-31', 5.00, 0.00, '2013-12-26', '10:59:00', 1, '2013-12-26 05:31:16'),
(618, 1, 618, '2020-12-31', 63.00, 16.93, '2013-12-26', '10:59:00', 1, '2013-12-26 05:31:16'),
(619, 1, 619, '2020-12-31', 15.00, 1.00, '2013-12-26', '10:59:00', 1, '2013-12-26 05:31:16'),
(620, 1, 620, '2020-12-31', 94.00, 12.07, '2013-12-26', '10:59:00', 1, '2013-12-26 05:31:17'),
(621, 1, 621, '2020-12-31', 0.00, 0.00, '2013-12-26', '10:59:00', 1, '2013-12-26 05:31:17'),
(622, 1, 622, '2020-12-31', 0.00, 0.00, '2013-12-26', '10:59:00', 1, '2013-12-26 05:31:17'),
(623, 1, 623, '2020-12-31', 3.00, 0.00, '2013-12-26', '10:59:00', 1, '2013-12-26 05:31:17'),
(624, 1, 624, '2020-12-31', 290.00, 0.00, '2013-12-26', '10:59:00', 1, '2013-12-26 05:31:17'),
(625, 1, 625, '2020-12-31', 175.00, 1.00, '2013-12-26', '10:59:00', 1, '2013-12-26 05:31:18'),
(626, 1, 626, '2020-12-31', 225.00, 1.00, '2013-12-26', '10:59:00', 1, '2013-12-26 05:31:18'),
(627, 1, 627, '2020-12-31', 175.00, 1.00, '2013-12-26', '10:59:00', 1, '2013-12-26 05:31:18'),
(628, 1, 628, '2020-12-31', 90.00, 1.00, '2013-12-26', '10:59:00', 1, '2013-12-26 05:31:18'),
(629, 1, 629, '2020-12-31', 125.00, 37.74, '2013-12-26', '10:59:00', 1, '2013-12-26 05:31:18'),
(630, 1, 630, '2020-12-31', 75.00, 39.98, '2013-12-26', '10:59:00', 1, '2013-12-26 05:31:18'),
(631, 1, 631, '2020-12-31', 54.00, 19.36, '2013-12-26', '10:59:00', 1, '2013-12-26 05:31:19'),
(632, 1, 632, '2020-12-31', 0.00, 0.00, '2013-12-26', '10:59:00', 1, '2013-12-26 05:31:19'),
(633, 1, 633, '2020-12-31', 0.00, 111.00, '2013-12-26', '10:59:00', 1, '2013-12-26 05:31:20'),
(634, 1, 634, '2020-12-31', 375.00, 138.26, '2013-12-26', '10:59:00', 1, '2013-12-26 05:31:20'),
(635, 1, 635, '2020-12-31', 225.00, 77.10, '2013-12-26', '10:59:00', 1, '2013-12-26 05:31:20'),
(636, 1, 636, '2020-12-31', 150.00, 1.00, '2013-12-26', '10:59:00', 1, '2013-12-26 05:31:20'),
(637, 1, 637, '2020-12-31', 96.00, 1.00, '2013-12-26', '10:59:00', 1, '2013-12-26 05:31:20'),
(638, 1, 638, '2020-12-31', 150.00, 1.00, '2013-12-26', '10:59:00', 1, '2013-12-26 05:31:20'),
(639, 1, 639, '2020-12-31', 0.00, 1.00, '2013-12-26', '10:59:00', 1, '2013-12-26 05:31:20'),
(640, 1, 640, '2020-12-31', 0.00, 1.00, '2013-12-26', '10:59:00', 1, '2013-12-26 05:31:21'),
(641, 1, 641, '2020-12-31', 96.00, 1.00, '2013-12-26', '10:59:00', 1, '2013-12-26 05:31:21'),
(642, 1, 642, '2020-12-31', 0.00, 1.00, '2013-12-26', '10:59:00', 1, '2013-12-26 05:31:21'),
(643, 1, 643, '2020-12-31', 0.00, 1.00, '2013-12-26', '10:59:00', 1, '2013-12-26 05:31:21'),
(644, 1, 644, '2020-12-31', 0.00, 0.00, '2013-12-26', '10:59:00', 1, '2013-12-26 05:31:21'),
(645, 1, 645, '2020-12-31', 0.00, 325.38, '2013-12-26', '10:59:00', 1, '2013-12-26 05:31:22'),
(646, 1, 646, '2020-12-31', 0.00, 190.42, '2013-12-26', '10:59:00', 1, '2013-12-26 05:31:22'),
(647, 1, 647, '2020-12-31', 0.00, 30.53, '2013-12-26', '10:59:00', 1, '2013-12-26 05:31:22'),
(648, 1, 648, '2020-12-31', 0.00, 59.64, '2013-12-26', '10:59:00', 1, '2013-12-26 05:31:22'),
(649, 1, 649, '2020-12-31', 0.00, 29.50, '2013-12-26', '10:59:00', 1, '2013-12-26 05:31:22'),
(650, 1, 650, '2020-12-31', 0.00, 41.22, '2013-12-26', '10:59:00', 1, '2013-12-26 05:31:22'),
(651, 1, 651, '2020-12-31', 2900.00, 1085.44, '2013-12-26', '10:59:00', 1, '2013-12-26 05:31:22'),
(652, 1, 652, '2020-12-31', 0.00, 26.67, '2013-12-26', '10:59:00', 1, '2013-12-26 05:31:23'),
(653, 1, 653, '2020-12-31', 0.00, 0.00, '2013-12-26', '10:59:00', 1, '2013-12-26 05:31:23'),
(654, 1, 654, '2020-12-31', 0.00, 11.81, '2013-12-26', '10:59:00', 1, '2013-12-26 05:31:23'),
(655, 1, 655, '2020-12-31', 155.00, 90.00, '2013-12-26', '10:59:00', 1, '2013-12-26 05:31:24'),
(656, 1, 656, '2020-12-31', 0.00, 1.00, '2013-12-26', '10:59:00', 1, '2013-12-26 05:31:24'),
(657, 1, 657, '2020-12-31', 0.00, 7.56, '2013-12-26', '10:59:00', 1, '2013-12-26 05:31:24'),
(658, 1, 658, '2020-12-31', 0.00, 7.56, '2013-12-26', '10:59:00', 1, '2013-12-26 05:31:24'),
(659, 1, 659, '2020-12-31', 0.00, 11.48, '2013-12-26', '10:59:00', 1, '2013-12-26 05:31:24'),
(660, 1, 660, '2020-12-31', 0.00, 1.70, '2013-12-26', '10:59:00', 1, '2013-12-26 05:31:25'),
(661, 1, 661, '2020-12-31', 42.00, 15.52, '2013-12-26', '10:59:00', 1, '2013-12-26 05:31:25'),
(662, 1, 662, '2020-12-31', 60.00, 56.36, '2013-12-26', '10:59:00', 1, '2013-12-26 05:31:25'),
(663, 1, 663, '2020-12-31', 16.00, 0.00, '2013-12-26', '10:59:00', 1, '2013-12-26 05:31:25'),
(664, 1, 664, '2020-12-31', 0.00, 0.00, '2013-12-26', '10:59:00', 1, '2013-12-26 05:31:26'),
(665, 1, 665, '2020-12-31', 0.00, 0.00, '2013-12-26', '10:59:00', 1, '2013-12-26 05:31:26'),
(666, 1, 666, '2020-12-31', 3450.00, 895.10, '2013-12-26', '10:59:00', 1, '2013-12-26 05:31:26'),
(667, 1, 667, '2020-12-31', 2750.00, 867.73, '2013-12-26', '10:59:00', 1, '2013-12-26 05:31:26'),
(668, 1, 668, '2020-12-31', 290.00, 179.10, '2013-12-26', '10:59:00', 1, '2013-12-26 05:31:26'),
(669, 1, 669, '2020-12-31', 0.00, 60.96, '2013-12-26', '10:59:00', 1, '2013-12-26 05:31:26'),
(670, 1, 670, '2020-12-31', 0.00, 1.61, '2013-12-26', '10:59:00', 1, '2013-12-26 05:31:27'),
(671, 1, 671, '2020-12-31', 275.00, 84.44, '2013-12-26', '10:59:00', 1, '2013-12-26 05:31:27'),
(672, 1, 672, '2020-12-31', 0.00, 0.00, '2013-12-26', '10:59:00', 1, '2013-12-26 05:31:27'),
(673, 1, 673, '2020-12-31', 300.00, 89.39, '2013-12-26', '10:59:00', 1, '2013-12-26 05:31:27'),
(674, 1, 674, '2020-12-31', 325.00, 106.82, '2013-12-26', '10:59:00', 1, '2013-12-26 05:31:27'),
(675, 1, 675, '2020-12-31', 0.00, 41.72, '2013-12-26', '10:59:00', 1, '2013-12-26 05:31:27'),
(676, 1, 676, '2020-12-31', 180.00, 68.81, '2013-12-26', '10:59:00', 1, '2013-12-26 05:31:28'),
(677, 1, 677, '2020-12-31', 135.00, 0.00, '2013-12-26', '10:59:00', 1, '2013-12-26 05:31:28'),
(678, 1, 678, '2020-12-31', 42.00, 11.27, '2013-12-26', '10:59:00', 1, '2013-12-26 05:31:28'),
(679, 1, 679, '2020-12-31', 48.00, 15.49, '2013-12-26', '10:59:00', 1, '2013-12-26 05:31:28'),
(680, 1, 680, '2020-12-31', 60.00, 26.76, '2013-12-26', '10:59:00', 1, '2013-12-26 05:31:28'),
(681, 1, 681, '2020-12-31', 1250.00, 501.62, '2013-12-26', '10:59:00', 1, '2013-12-26 05:31:28'),
(682, 1, 682, '2020-12-31', 375.00, 163.69, '2013-12-26', '10:59:00', 1, '2013-12-26 05:31:29'),
(683, 1, 683, '2020-12-31', 150.00, 0.00, '2013-12-26', '10:59:00', 1, '2013-12-26 05:31:29'),
(684, 1, 684, '2020-12-31', 150.00, 63.17, '2013-12-26', '10:59:00', 1, '2013-12-26 05:31:29'),
(685, 1, 685, '2020-12-31', 30.00, 5.00, '2013-12-26', '10:59:00', 1, '2013-12-26 05:31:29'),
(686, 1, 686, '2020-12-31', 50.00, 10.75, '2013-12-26', '10:59:00', 1, '2013-12-26 05:31:29'),
(687, 1, 687, '2020-12-31', 60.00, 15.01, '2013-12-26', '10:59:00', 1, '2013-12-26 05:31:29'),
(688, 1, 688, '2020-12-31', 22.00, 6.39, '2013-12-26', '10:59:00', 1, '2013-12-26 05:31:30'),
(689, 1, 689, '2020-12-31', 10.00, 1.28, '2013-12-26', '10:59:00', 1, '2013-12-26 05:31:30'),
(690, 1, 690, '2020-12-31', 186.00, 64.25, '2013-12-26', '10:59:00', 1, '2013-12-26 05:31:31'),
(691, 1, 691, '2020-12-31', 75.00, 0.00, '2013-12-26', '10:59:00', 1, '2013-12-26 05:31:31'),
(692, 1, 692, '2020-12-31', 60.00, 3.25, '2013-12-26', '10:59:00', 1, '2013-12-26 05:31:31'),
(693, 1, 693, '2020-12-31', 0.00, 0.00, '2013-12-26', '10:59:00', 1, '2013-12-26 05:31:31'),
(694, 1, 694, '2020-12-31', 85.00, 8.73, '2013-12-26', '10:59:00', 1, '2013-12-26 05:31:31'),
(695, 1, 695, '2020-12-31', 38.00, 29.30, '2013-12-26', '10:59:00', 1, '2013-12-26 05:31:31'),
(696, 1, 696, '2020-12-31', 180.00, 113.00, '2013-12-26', '10:59:00', 1, '2013-12-26 05:31:32'),
(697, 1, 697, '2020-12-31', 250.00, 21.00, '2013-12-26', '10:59:00', 1, '2013-12-26 05:31:32'),
(698, 1, 698, '2020-12-31', 35.00, 2.00, '2013-12-26', '10:59:00', 1, '2013-12-26 05:31:32'),
(699, 1, 699, '2020-12-31', 0.00, 1.00, '2013-12-26', '10:59:00', 1, '2013-12-26 05:31:32'),
(700, 1, 700, '2020-12-31', 70.00, 30.00, '2013-12-26', '10:59:00', 1, '2013-12-26 05:31:32'),
(701, 1, 701, '2020-12-31', 50.00, 19.00, '2013-12-26', '10:59:00', 1, '2013-12-26 05:31:32'),
(702, 1, 702, '2020-12-31', 0.00, 110.00, '2013-12-26', '10:59:00', 1, '2013-12-26 05:31:32'),
(703, 1, 703, '2020-12-31', 145.00, 68.74, '2013-12-26', '10:59:00', 1, '2013-12-26 05:31:33'),
(704, 1, 704, '2020-12-31', 190.00, 0.00, '2013-12-26', '10:59:00', 1, '2013-12-26 05:31:33'),
(705, 1, 705, '2020-12-31', 0.00, 187.41, '2013-12-26', '10:59:00', 1, '2013-12-26 05:31:33'),
(706, 1, 706, '2020-12-31', 225.00, 0.00, '2013-12-26', '10:59:00', 1, '2013-12-26 05:31:33'),
(707, 1, 707, '2020-12-31', 150.00, 57.00, '2013-12-26', '10:59:00', 1, '2013-12-26 05:31:33'),
(708, 1, 708, '2020-12-31', 276.00, 0.00, '2013-12-26', '10:59:00', 1, '2013-12-26 05:31:33'),
(709, 1, 709, '2020-12-31', 250.00, 85.50, '2013-12-26', '10:59:00', 1, '2013-12-26 05:31:34'),
(710, 1, 710, '2020-12-31', 54.00, 19.50, '2013-12-26', '10:59:00', 1, '2013-12-26 05:31:34'),
(711, 1, 711, '2020-12-31', 350.00, 183.41, '2013-12-26', '10:59:00', 1, '2013-12-26 05:31:34'),
(712, 1, 712, '2020-12-31', 350.00, 135.52, '2013-12-26', '10:59:00', 1, '2013-12-26 05:31:34'),
(713, 1, 713, '2020-12-31', 300.00, 1.00, '2013-12-26', '10:59:00', 1, '2013-12-26 05:31:34'),
(714, 1, 714, '2020-12-31', 370.00, 1.00, '2013-12-26', '10:59:00', 1, '2013-12-26 05:31:34'),
(715, 1, 715, '2020-12-31', 15.00, 1.00, '2013-12-26', '10:59:00', 1, '2013-12-26 05:31:35'),
(716, 1, 716, '2020-12-31', 540.00, 0.00, '2013-12-26', '10:59:00', 1, '2013-12-26 05:31:35'),
(717, 1, 717, '2020-12-31', 0.00, 0.00, '2013-12-26', '10:59:00', 1, '2013-12-26 05:31:35'),
(718, 1, 718, '2020-12-31', 300.00, 110.65, '2013-12-26', '10:59:00', 1, '2013-12-26 05:31:35'),
(719, 1, 719, '2020-12-31', 2470.00, 0.00, '2013-12-26', '10:59:00', 1, '2013-12-26 05:31:35'),
(720, 1, 720, '2020-12-31', 825.00, 1.00, '2013-12-26', '10:59:00', 1, '2013-12-26 05:31:35'),
(721, 1, 721, '2020-12-31', 2964.00, 1.00, '2013-12-26', '10:59:00', 1, '2013-12-26 05:31:36'),
(722, 1, 722, '2020-12-31', 0.00, 0.00, '2013-12-26', '10:59:00', 1, '2013-12-26 05:31:36'),
(723, 1, 723, '2020-12-31', 4800.00, 3477.78, '2013-12-26', '10:59:00', 1, '2013-12-26 05:31:36'),
(724, 1, 724, '2020-12-31', 150.00, 1.00, '2013-12-26', '10:59:00', 1, '2013-12-26 05:31:36'),
(725, 1, 725, '2020-12-31', 275.00, 1.00, '2013-12-26', '10:59:00', 1, '2013-12-26 05:31:36'),
(726, 1, 726, '2020-12-31', 0.00, 0.00, '2013-12-26', '10:59:00', 1, '2013-12-26 05:31:36'),
(727, 1, 727, '2020-12-31', 20.00, 1.00, '2013-12-26', '10:59:00', 1, '2013-12-26 05:31:36'),
(728, 1, 728, '2020-12-31', 96.00, 1.00, '2013-12-26', '10:59:00', 1, '2013-12-26 05:31:37'),
(729, 1, 729, '2020-12-31', 0.00, 0.25, '2013-12-26', '10:59:00', 1, '2013-12-26 05:31:37'),
(730, 1, 730, '2020-12-31', 70.00, 40.31, '2013-12-26', '10:59:00', 1, '2013-12-26 05:31:37'),
(731, 1, 731, '2020-12-31', 100.00, 41.36, '2013-12-26', '10:59:00', 1, '2013-12-26 05:31:37'),
(732, 1, 732, '2020-12-31', 14.00, 1.00, '2013-12-26', '10:59:00', 1, '2013-12-26 05:31:37'),
(733, 1, 733, '2020-12-31', 10.00, 1.00, '2013-12-26', '10:59:00', 1, '2013-12-26 05:31:38'),
(734, 1, 734, '2020-12-31', 0.00, 1.00, '2013-12-26', '10:59:00', 1, '2013-12-26 05:31:38'),
(735, 1, 735, '2020-12-31', 156.00, 1.00, '2013-12-26', '10:59:00', 1, '2013-12-26 05:31:38'),
(736, 1, 736, '2020-12-31', 252.00, 70.00, '2013-12-26', '10:59:00', 1, '2013-12-26 05:31:38'),
(737, 1, 737, '2020-12-31', 225.00, 84.63, '2013-12-26', '10:59:00', 1, '2013-12-26 05:31:38'),
(738, 1, 738, '2020-12-31', 48.00, 1.00, '2013-12-26', '10:59:00', 1, '2013-12-26 05:31:38'),
(739, 1, 739, '2020-12-31', 225.00, 1.00, '2013-12-26', '10:59:00', 1, '2013-12-26 05:31:39'),
(740, 1, 740, '2020-12-31', 175.00, 1.00, '2013-12-26', '10:59:00', 1, '2013-12-26 05:31:39'),
(741, 1, 741, '2020-12-31', 275.00, 1.00, '2013-12-26', '10:59:00', 1, '2013-12-26 05:31:39'),
(742, 1, 742, '2020-12-31', 225.00, 1.00, '2013-12-26', '10:59:00', 1, '2013-12-26 05:31:39'),
(743, 1, 743, '2020-12-31', 55.00, 1.00, '2013-12-26', '10:59:00', 1, '2013-12-26 05:31:39');

-- --------------------------------------------------------

--
-- Table structure for table `tbl_purchase_order`
--

CREATE TABLE IF NOT EXISTS `tbl_purchase_order` (
  `id_purchase_order` int(11) NOT NULL AUTO_INCREMENT,
  `id_employee_has_place` int(11) NOT NULL,
  `purchase_order_number` varchar(45) DEFAULT NULL,
  `purchase_order_date` date NOT NULL,
  `purchase_order_time` time NOT NULL,
  `added_date` date DEFAULT NULL,
  `added_time` time DEFAULT NULL,
  `added_timestamp` timestamp NULL DEFAULT CURRENT_TIMESTAMP ON UPDATE CURRENT_TIMESTAMP,
  `purchase_order_status` tinyint(4) DEFAULT '1',
  `purchase_order_remark` text,
  PRIMARY KEY (`id_purchase_order`),
  KEY `fk_tbl_purchase_order_tbl_employee_has_place1` (`id_employee_has_place`)
) ENGINE=InnoDB  DEFAULT CHARSET=latin1 AUTO_INCREMENT=3 ;

--
-- Dumping data for table `tbl_purchase_order`
--

INSERT INTO `tbl_purchase_order` (`id_purchase_order`, `id_employee_has_place`, `purchase_order_number`, `purchase_order_date`, `purchase_order_time`, `added_date`, `added_time`, `added_timestamp`, `purchase_order_status`, `purchase_order_remark`) VALUES
(1, 2, 'D001', '2013-12-30', '00:00:00', '2013-12-30', NULL, '2013-12-30 04:26:15', 1, NULL),
(2, 10, '1', '2014-01-07', '09:41:19', '2014-01-07', '09:41:19', '2014-01-07 04:11:19', 1, 'ssd');

-- --------------------------------------------------------

--
-- Table structure for table `tbl_purchase_order_has_products`
--

CREATE TABLE IF NOT EXISTS `tbl_purchase_order_has_products` (
  `idl_purchase_order_has_products` int(11) NOT NULL AUTO_INCREMENT,
  `id_purchase_order` int(11) NOT NULL,
  `id_products` int(11) NOT NULL,
  `item_qty` decimal(20,2) NOT NULL,
  `product_discount` decimal(20,2) NOT NULL DEFAULT '0.00',
  `added_date` date NOT NULL,
  `added_time` time NOT NULL,
  `added_timestamp` timestamp NOT NULL DEFAULT CURRENT_TIMESTAMP ON UPDATE CURRENT_TIMESTAMP,
  `item_status` tinyint(4) NOT NULL DEFAULT '1',
  PRIMARY KEY (`idl_purchase_order_has_products`),
  KEY `fk_tbl_purchase_order_has_item_tbl_purchase_order1` (`id_purchase_order`),
  KEY `fk_tbl_purchase_order_has_products_tbl_products1` (`id_products`)
) ENGINE=InnoDB  DEFAULT CHARSET=latin1 AUTO_INCREMENT=702 ;

--
-- Dumping data for table `tbl_purchase_order_has_products`
--

INSERT INTO `tbl_purchase_order_has_products` (`idl_purchase_order_has_products`, `id_purchase_order`, `id_products`, `item_qty`, `product_discount`, `added_date`, `added_time`, `added_timestamp`, `item_status`) VALUES
(1, 1, 1, 100.00, 0.00, '2013-12-30', '09:30:00', '2013-12-30 04:00:00', 1),
(2, 1, 2, 100.00, 0.00, '2013-12-30', '09:30:00', '2013-12-30 04:00:00', 1),
(3, 1, 3, 100.00, 0.00, '2013-12-30', '09:30:00', '2013-12-30 04:00:00', 1),
(4, 1, 4, 100.00, 0.00, '2013-12-30', '09:30:00', '2013-12-30 04:00:00', 1),
(5, 1, 5, 100.00, 0.00, '2013-12-30', '09:30:00', '2013-12-30 04:00:00', 1),
(6, 1, 6, 100.00, 0.00, '2013-12-30', '09:30:00', '2013-12-30 04:00:00', 1),
(7, 1, 7, 100.00, 0.00, '2013-12-30', '09:30:00', '2013-12-30 04:00:00', 1),
(8, 1, 8, 100.00, 0.00, '2013-12-30', '09:30:00', '2013-12-30 04:00:00', 1),
(9, 1, 9, 100.00, 0.00, '2013-12-30', '09:30:00', '2013-12-30 04:00:00', 1),
(10, 1, 10, 100.00, 0.00, '2013-12-30', '09:30:00', '2013-12-30 04:00:00', 1),
(11, 1, 11, 100.00, 0.00, '2013-12-30', '09:30:00', '2013-12-30 04:00:00', 1),
(12, 1, 12, 100.00, 0.00, '2013-12-30', '09:30:00', '2013-12-30 04:00:00', 1),
(13, 1, 13, 100.00, 0.00, '2013-12-30', '09:30:00', '2013-12-30 04:00:00', 1),
(14, 1, 14, 100.00, 0.00, '2013-12-30', '09:30:00', '2013-12-30 04:00:00', 1),
(15, 1, 15, 100.00, 0.00, '2013-12-30', '09:30:00', '2013-12-30 04:00:00', 1),
(16, 1, 16, 100.00, 0.00, '2013-12-30', '09:30:00', '2013-12-30 04:00:00', 1),
(17, 1, 17, 100.00, 0.00, '2013-12-30', '09:30:00', '2013-12-30 04:00:00', 1),
(18, 1, 18, 100.00, 0.00, '2013-12-30', '09:30:00', '2013-12-30 04:00:00', 1),
(19, 1, 19, 100.00, 0.00, '2013-12-30', '09:30:00', '2013-12-30 04:00:00', 1),
(20, 1, 20, 100.00, 0.00, '2013-12-30', '09:30:00', '2013-12-30 04:00:00', 1),
(21, 1, 21, 100.00, 0.00, '2013-12-30', '09:30:00', '2013-12-30 04:00:00', 1),
(22, 1, 22, 100.00, 0.00, '2013-12-30', '09:30:00', '2013-12-30 04:00:00', 1),
(23, 1, 23, 100.00, 0.00, '2013-12-30', '09:30:00', '2013-12-30 04:00:00', 1),
(24, 1, 24, 100.00, 0.00, '2013-12-30', '09:30:00', '2013-12-30 04:00:00', 1),
(25, 1, 25, 100.00, 0.00, '2013-12-30', '09:30:00', '2013-12-30 04:00:00', 1),
(26, 1, 26, 100.00, 0.00, '2013-12-30', '09:30:00', '2013-12-30 04:00:00', 1),
(27, 1, 27, 100.00, 0.00, '2013-12-30', '09:30:00', '2013-12-30 04:00:00', 1),
(28, 1, 28, 100.00, 0.00, '2013-12-30', '09:30:00', '2013-12-30 04:00:00', 1),
(29, 1, 29, 100.00, 0.00, '2013-12-30', '09:30:00', '2013-12-30 04:00:00', 1),
(30, 1, 30, 100.00, 0.00, '2013-12-30', '09:30:00', '2013-12-30 04:00:00', 1),
(31, 1, 31, 100.00, 0.00, '2013-12-30', '09:30:00', '2013-12-30 04:00:00', 1),
(32, 1, 32, 100.00, 0.00, '2013-12-30', '09:30:00', '2013-12-30 04:00:00', 1),
(33, 1, 33, 100.00, 0.00, '2013-12-30', '09:30:00', '2013-12-30 04:00:00', 1),
(34, 1, 34, 100.00, 0.00, '2013-12-30', '09:30:00', '2013-12-30 04:00:00', 1),
(35, 1, 35, 100.00, 0.00, '2013-12-30', '09:30:00', '2013-12-30 04:00:00', 1),
(36, 1, 36, 100.00, 0.00, '2013-12-30', '09:30:00', '2013-12-30 04:00:00', 1),
(37, 1, 37, 100.00, 0.00, '2013-12-30', '09:30:00', '2013-12-30 04:00:00', 1),
(38, 1, 38, 100.00, 0.00, '2013-12-30', '09:30:00', '2013-12-30 04:00:00', 1),
(39, 1, 39, 100.00, 0.00, '2013-12-30', '09:30:00', '2013-12-30 04:00:00', 1),
(40, 1, 40, 100.00, 0.00, '2013-12-30', '09:30:00', '2013-12-30 04:00:00', 1),
(41, 1, 41, 100.00, 0.00, '2013-12-30', '09:30:00', '2013-12-30 04:00:00', 1),
(42, 1, 42, 100.00, 0.00, '2013-12-30', '09:30:00', '2013-12-30 04:00:00', 1),
(43, 1, 43, 100.00, 0.00, '2013-12-30', '09:30:00', '2013-12-30 04:00:00', 1),
(44, 1, 44, 100.00, 0.00, '2013-12-30', '09:30:00', '2013-12-30 04:00:00', 1),
(45, 1, 45, 100.00, 0.00, '2013-12-30', '09:30:00', '2013-12-30 04:00:00', 1),
(46, 1, 46, 100.00, 0.00, '2013-12-30', '09:30:00', '2013-12-30 04:00:00', 1),
(47, 1, 47, 100.00, 0.00, '2013-12-30', '09:30:00', '2013-12-30 04:00:00', 1),
(48, 1, 48, 100.00, 0.00, '2013-12-30', '09:30:00', '2013-12-30 04:00:00', 1),
(49, 1, 49, 100.00, 0.00, '2013-12-30', '09:30:00', '2013-12-30 04:00:00', 1),
(50, 1, 50, 100.00, 0.00, '2013-12-30', '09:30:00', '2013-12-30 04:00:00', 1),
(51, 1, 51, 100.00, 0.00, '2013-12-30', '09:30:00', '2013-12-30 04:00:00', 1),
(52, 1, 52, 100.00, 0.00, '2013-12-30', '09:30:00', '2013-12-30 04:00:00', 1),
(53, 1, 53, 100.00, 0.00, '2013-12-30', '09:30:00', '2013-12-30 04:00:00', 1),
(54, 1, 54, 100.00, 0.00, '2013-12-30', '09:30:00', '2013-12-30 04:00:00', 1),
(55, 1, 55, 100.00, 0.00, '2013-12-30', '09:30:00', '2013-12-30 04:00:00', 1),
(56, 1, 56, 100.00, 0.00, '2013-12-30', '09:30:00', '2013-12-30 04:00:00', 1),
(57, 1, 57, 100.00, 0.00, '2013-12-30', '09:30:00', '2013-12-30 04:00:00', 1),
(58, 1, 58, 100.00, 0.00, '2013-12-30', '09:30:00', '2013-12-30 04:00:00', 1),
(59, 1, 59, 100.00, 0.00, '2013-12-30', '09:30:00', '2013-12-30 04:00:00', 1),
(60, 1, 60, 100.00, 0.00, '2013-12-30', '09:30:00', '2013-12-30 04:00:00', 1),
(61, 1, 61, 100.00, 0.00, '2013-12-30', '09:30:00', '2013-12-30 04:00:00', 1),
(62, 1, 62, 100.00, 0.00, '2013-12-30', '09:30:00', '2013-12-30 04:00:00', 1),
(63, 1, 63, 100.00, 0.00, '2013-12-30', '09:30:00', '2013-12-30 04:00:00', 1),
(64, 1, 64, 100.00, 0.00, '2013-12-30', '09:30:00', '2013-12-30 04:00:00', 1),
(65, 1, 65, 100.00, 0.00, '2013-12-30', '09:30:00', '2013-12-30 04:00:00', 1),
(66, 1, 66, 100.00, 0.00, '2013-12-30', '09:30:00', '2013-12-30 04:00:00', 1),
(67, 1, 67, 100.00, 0.00, '2013-12-30', '09:30:00', '2013-12-30 04:00:00', 1),
(68, 1, 68, 100.00, 0.00, '2013-12-30', '09:30:00', '2013-12-30 04:00:00', 1),
(69, 1, 69, 100.00, 0.00, '2013-12-30', '09:30:00', '2013-12-30 04:00:00', 1),
(70, 1, 70, 100.00, 0.00, '2013-12-30', '09:30:00', '2013-12-30 04:00:00', 1),
(71, 1, 71, 100.00, 0.00, '2013-12-30', '09:30:00', '2013-12-30 04:00:00', 1),
(72, 1, 72, 100.00, 0.00, '2013-12-30', '09:30:00', '2013-12-30 04:00:00', 1),
(73, 1, 73, 100.00, 0.00, '2013-12-30', '09:30:00', '2013-12-30 04:00:00', 1),
(74, 1, 74, 100.00, 0.00, '2013-12-30', '09:30:00', '2013-12-30 04:00:00', 1),
(75, 1, 75, 100.00, 0.00, '2013-12-30', '09:30:00', '2013-12-30 04:00:00', 1),
(76, 1, 76, 100.00, 0.00, '2013-12-30', '09:30:00', '2013-12-30 04:00:00', 1),
(77, 1, 77, 100.00, 0.00, '2013-12-30', '09:30:00', '2013-12-30 04:00:00', 1),
(78, 1, 78, 100.00, 0.00, '2013-12-30', '09:30:00', '2013-12-30 04:00:00', 1),
(79, 1, 79, 100.00, 0.00, '2013-12-30', '09:30:00', '2013-12-30 04:00:00', 1),
(80, 1, 80, 100.00, 0.00, '2013-12-30', '09:30:00', '2013-12-30 04:00:00', 1),
(81, 1, 81, 100.00, 0.00, '2013-12-30', '09:30:00', '2013-12-30 04:00:00', 1),
(82, 1, 82, 100.00, 0.00, '2013-12-30', '09:30:00', '2013-12-30 04:00:00', 1),
(83, 1, 83, 100.00, 0.00, '2013-12-30', '09:30:00', '2013-12-30 04:00:00', 1),
(84, 1, 84, 100.00, 0.00, '2013-12-30', '09:30:00', '2013-12-30 04:00:00', 1),
(85, 1, 85, 100.00, 0.00, '2013-12-30', '09:30:00', '2013-12-30 04:00:00', 1),
(86, 1, 86, 100.00, 0.00, '2013-12-30', '09:30:00', '2013-12-30 04:00:00', 1),
(87, 1, 87, 100.00, 0.00, '2013-12-30', '09:30:00', '2013-12-30 04:00:00', 1),
(88, 1, 88, 100.00, 0.00, '2013-12-30', '09:30:00', '2013-12-30 04:00:00', 1),
(89, 1, 89, 100.00, 0.00, '2013-12-30', '09:30:00', '2013-12-30 04:00:00', 1),
(90, 1, 90, 100.00, 0.00, '2013-12-30', '09:30:00', '2013-12-30 04:00:00', 1),
(91, 1, 91, 100.00, 0.00, '2013-12-30', '09:30:00', '2013-12-30 04:00:00', 1),
(92, 1, 92, 100.00, 0.00, '2013-12-30', '09:30:00', '2013-12-30 04:00:00', 1),
(93, 1, 93, 100.00, 0.00, '2013-12-30', '09:30:00', '2013-12-30 04:00:00', 1),
(94, 1, 94, 100.00, 0.00, '2013-12-30', '09:30:00', '2013-12-30 04:00:00', 1),
(95, 1, 95, 100.00, 0.00, '2013-12-30', '09:30:00', '2013-12-30 04:00:00', 1),
(96, 1, 96, 100.00, 0.00, '2013-12-30', '09:30:00', '2013-12-30 04:00:00', 1),
(97, 1, 97, 100.00, 0.00, '2013-12-30', '09:30:00', '2013-12-30 04:00:00', 1),
(98, 1, 98, 100.00, 0.00, '2013-12-30', '09:30:00', '2013-12-30 04:00:00', 1),
(99, 1, 99, 100.00, 0.00, '2013-12-30', '09:30:00', '2013-12-30 04:00:00', 1),
(100, 1, 100, 100.00, 0.00, '2013-12-30', '09:30:00', '2013-12-30 04:00:00', 1),
(101, 1, 101, 100.00, 0.00, '2013-12-30', '09:30:00', '2013-12-30 04:00:00', 1),
(102, 1, 102, 100.00, 0.00, '2013-12-30', '09:30:00', '2013-12-30 04:00:00', 1),
(103, 1, 103, 100.00, 0.00, '2013-12-30', '09:30:00', '2013-12-30 04:00:00', 1),
(104, 1, 104, 100.00, 0.00, '2013-12-30', '09:30:00', '2013-12-30 04:00:00', 1),
(105, 1, 105, 100.00, 0.00, '2013-12-30', '09:30:00', '2013-12-30 04:00:00', 1),
(106, 1, 106, 100.00, 0.00, '2013-12-30', '09:30:00', '2013-12-30 04:00:00', 1),
(107, 1, 107, 100.00, 0.00, '2013-12-30', '09:30:00', '2013-12-30 04:00:00', 1),
(108, 1, 108, 100.00, 0.00, '2013-12-30', '09:30:00', '2013-12-30 04:00:00', 1),
(109, 1, 109, 100.00, 0.00, '2013-12-30', '09:30:00', '2013-12-30 04:00:00', 1),
(110, 1, 110, 100.00, 0.00, '2013-12-30', '09:30:00', '2013-12-30 04:00:00', 1),
(111, 1, 111, 100.00, 0.00, '2013-12-30', '09:30:00', '2013-12-30 04:00:00', 1),
(112, 1, 112, 100.00, 0.00, '2013-12-30', '09:30:00', '2013-12-30 04:00:00', 1),
(113, 1, 113, 100.00, 0.00, '2013-12-30', '09:30:00', '2013-12-30 04:00:00', 1),
(114, 1, 114, 100.00, 0.00, '2013-12-30', '09:30:00', '2013-12-30 04:00:00', 1),
(115, 1, 115, 100.00, 0.00, '2013-12-30', '09:30:00', '2013-12-30 04:00:00', 1),
(116, 1, 116, 100.00, 0.00, '2013-12-30', '09:30:00', '2013-12-30 04:00:00', 1),
(117, 1, 117, 100.00, 0.00, '2013-12-30', '09:30:00', '2013-12-30 04:00:00', 1),
(118, 1, 118, 100.00, 0.00, '2013-12-30', '09:30:00', '2013-12-30 04:00:00', 1),
(119, 1, 119, 100.00, 0.00, '2013-12-30', '09:30:00', '2013-12-30 04:00:00', 1),
(120, 1, 120, 100.00, 0.00, '2013-12-30', '09:30:00', '2013-12-30 04:00:00', 1),
(121, 1, 121, 100.00, 0.00, '2013-12-30', '09:30:00', '2013-12-30 04:00:00', 1),
(122, 1, 122, 100.00, 0.00, '2013-12-30', '09:30:00', '2013-12-30 04:00:00', 1),
(123, 1, 123, 100.00, 0.00, '2013-12-30', '09:30:00', '2013-12-30 04:00:00', 1),
(124, 1, 124, 100.00, 0.00, '2013-12-30', '09:30:00', '2013-12-30 04:00:00', 1),
(125, 1, 125, 100.00, 0.00, '2013-12-30', '09:30:00', '2013-12-30 04:00:00', 1),
(126, 1, 126, 100.00, 0.00, '2013-12-30', '09:30:00', '2013-12-30 04:00:00', 1),
(127, 1, 127, 100.00, 0.00, '2013-12-30', '09:30:00', '2013-12-30 04:00:00', 1),
(128, 1, 128, 100.00, 0.00, '2013-12-30', '09:30:00', '2013-12-30 04:00:00', 1),
(129, 1, 129, 100.00, 0.00, '2013-12-30', '09:30:00', '2013-12-30 04:00:00', 1),
(130, 1, 130, 100.00, 0.00, '2013-12-30', '09:30:00', '2013-12-30 04:00:00', 1),
(131, 1, 131, 100.00, 0.00, '2013-12-30', '09:30:00', '2013-12-30 04:00:00', 1),
(132, 1, 132, 100.00, 0.00, '2013-12-30', '09:30:00', '2013-12-30 04:00:00', 1),
(133, 1, 133, 100.00, 0.00, '2013-12-30', '09:30:00', '2013-12-30 04:00:00', 1),
(134, 1, 134, 100.00, 0.00, '2013-12-30', '09:30:00', '2013-12-30 04:00:00', 1),
(135, 1, 135, 100.00, 0.00, '2013-12-30', '09:30:00', '2013-12-30 04:00:00', 1),
(136, 1, 136, 100.00, 0.00, '2013-12-30', '09:30:00', '2013-12-30 04:00:00', 1),
(137, 1, 137, 100.00, 0.00, '2013-12-30', '09:30:00', '2013-12-30 04:00:00', 1),
(138, 1, 138, 100.00, 0.00, '2013-12-30', '09:30:00', '2013-12-30 04:00:00', 1),
(139, 1, 139, 100.00, 0.00, '2013-12-30', '09:30:00', '2013-12-30 04:00:00', 1),
(140, 1, 140, 100.00, 0.00, '2013-12-30', '09:30:00', '2013-12-30 04:00:00', 1),
(141, 1, 141, 100.00, 0.00, '2013-12-30', '09:30:00', '2013-12-30 04:00:00', 1),
(142, 1, 142, 100.00, 0.00, '2013-12-30', '09:30:00', '2013-12-30 04:00:00', 1),
(143, 1, 143, 100.00, 0.00, '2013-12-30', '09:30:00', '2013-12-30 04:00:00', 1),
(144, 1, 144, 100.00, 0.00, '2013-12-30', '09:30:00', '2013-12-30 04:00:00', 1),
(145, 1, 145, 100.00, 0.00, '2013-12-30', '09:30:00', '2013-12-30 04:00:00', 1),
(146, 1, 146, 100.00, 0.00, '2013-12-30', '09:30:00', '2013-12-30 04:00:00', 1),
(147, 1, 147, 100.00, 0.00, '2013-12-30', '09:30:00', '2013-12-30 04:00:00', 1),
(148, 1, 148, 100.00, 0.00, '2013-12-30', '09:30:00', '2013-12-30 04:00:00', 1),
(149, 1, 149, 100.00, 0.00, '2013-12-30', '09:30:00', '2013-12-30 04:00:00', 1),
(150, 1, 150, 100.00, 0.00, '2013-12-30', '09:30:00', '2013-12-30 04:00:00', 1),
(151, 1, 151, 100.00, 0.00, '2013-12-30', '09:30:00', '2013-12-30 04:00:00', 1),
(152, 1, 152, 100.00, 0.00, '2013-12-30', '09:30:00', '2013-12-30 04:00:00', 1),
(153, 1, 153, 100.00, 0.00, '2013-12-30', '09:30:00', '2013-12-30 04:00:00', 1),
(154, 1, 154, 100.00, 0.00, '2013-12-30', '09:30:00', '2013-12-30 04:00:00', 1),
(155, 1, 155, 100.00, 0.00, '2013-12-30', '09:30:00', '2013-12-30 04:00:00', 1),
(156, 1, 156, 100.00, 0.00, '2013-12-30', '09:30:00', '2013-12-30 04:00:00', 1),
(157, 1, 157, 100.00, 0.00, '2013-12-30', '09:30:00', '2013-12-30 04:00:00', 1),
(158, 1, 158, 100.00, 0.00, '2013-12-30', '09:30:00', '2013-12-30 04:00:00', 1),
(159, 1, 159, 100.00, 0.00, '2013-12-30', '09:30:00', '2013-12-30 04:00:00', 1),
(160, 1, 160, 100.00, 0.00, '2013-12-30', '09:30:00', '2013-12-30 04:00:00', 1),
(161, 1, 161, 100.00, 0.00, '2013-12-30', '09:30:00', '2013-12-30 04:00:00', 1),
(162, 1, 162, 100.00, 0.00, '2013-12-30', '09:30:00', '2013-12-30 04:00:00', 1),
(163, 1, 163, 100.00, 0.00, '2013-12-30', '09:30:00', '2013-12-30 04:00:00', 1),
(164, 1, 164, 100.00, 0.00, '2013-12-30', '09:30:00', '2013-12-30 04:00:00', 1),
(165, 1, 165, 100.00, 0.00, '2013-12-30', '09:30:00', '2013-12-30 04:00:00', 1),
(166, 1, 166, 100.00, 0.00, '2013-12-30', '09:30:00', '2013-12-30 04:00:00', 1),
(167, 1, 167, 100.00, 0.00, '2013-12-30', '09:30:00', '2013-12-30 04:00:00', 1),
(168, 1, 168, 100.00, 0.00, '2013-12-30', '09:30:00', '2013-12-30 04:00:00', 1),
(169, 1, 169, 100.00, 0.00, '2013-12-30', '09:30:00', '2013-12-30 04:00:00', 1),
(170, 1, 170, 100.00, 0.00, '2013-12-30', '09:30:00', '2013-12-30 04:00:00', 1),
(171, 1, 171, 100.00, 0.00, '2013-12-30', '09:30:00', '2013-12-30 04:00:00', 1),
(172, 1, 172, 100.00, 0.00, '2013-12-30', '09:30:00', '2013-12-30 04:00:00', 1),
(173, 1, 173, 100.00, 0.00, '2013-12-30', '09:30:00', '2013-12-30 04:00:00', 1),
(174, 1, 174, 100.00, 0.00, '2013-12-30', '09:30:00', '2013-12-30 04:00:00', 1),
(175, 1, 175, 100.00, 0.00, '2013-12-30', '09:30:00', '2013-12-30 04:00:00', 1),
(176, 1, 176, 100.00, 0.00, '2013-12-30', '09:30:00', '2013-12-30 04:00:00', 1),
(177, 1, 177, 100.00, 0.00, '2013-12-30', '09:30:00', '2013-12-30 04:00:00', 1),
(178, 1, 178, 100.00, 0.00, '2013-12-30', '09:30:00', '2013-12-30 04:00:00', 1),
(179, 1, 179, 100.00, 0.00, '2013-12-30', '09:30:00', '2013-12-30 04:00:00', 1),
(180, 1, 180, 100.00, 0.00, '2013-12-30', '09:30:00', '2013-12-30 04:00:00', 1),
(181, 1, 181, 100.00, 0.00, '2013-12-30', '09:30:00', '2013-12-30 04:00:00', 1),
(182, 1, 182, 100.00, 0.00, '2013-12-30', '09:30:00', '2013-12-30 04:00:00', 1),
(183, 1, 183, 100.00, 0.00, '2013-12-30', '09:30:00', '2013-12-30 04:00:00', 1),
(184, 1, 184, 100.00, 0.00, '2013-12-30', '09:30:00', '2013-12-30 04:00:00', 1),
(185, 1, 185, 100.00, 0.00, '2013-12-30', '09:30:00', '2013-12-30 04:00:00', 1),
(186, 1, 186, 100.00, 0.00, '2013-12-30', '09:30:00', '2013-12-30 04:00:00', 1),
(187, 1, 187, 100.00, 0.00, '2013-12-30', '09:30:00', '2013-12-30 04:00:00', 1),
(188, 1, 188, 100.00, 0.00, '2013-12-30', '09:30:00', '2013-12-30 04:00:00', 1),
(189, 1, 189, 100.00, 0.00, '2013-12-30', '09:30:00', '2013-12-30 04:00:00', 1),
(190, 1, 190, 100.00, 0.00, '2013-12-30', '09:30:00', '2013-12-30 04:00:00', 1),
(191, 1, 191, 100.00, 0.00, '2013-12-30', '09:30:00', '2013-12-30 04:00:00', 1),
(192, 1, 192, 100.00, 0.00, '2013-12-30', '09:30:00', '2013-12-30 04:00:00', 1),
(193, 1, 193, 100.00, 0.00, '2013-12-30', '09:30:00', '2013-12-30 04:00:00', 1),
(194, 1, 194, 100.00, 0.00, '2013-12-30', '09:30:00', '2013-12-30 04:00:00', 1),
(195, 1, 195, 100.00, 0.00, '2013-12-30', '09:30:00', '2013-12-30 04:00:00', 1),
(196, 1, 196, 100.00, 0.00, '2013-12-30', '09:30:00', '2013-12-30 04:00:00', 1),
(197, 1, 197, 100.00, 0.00, '2013-12-30', '09:30:00', '2013-12-30 04:00:00', 1),
(198, 1, 198, 100.00, 0.00, '2013-12-30', '09:30:00', '2013-12-30 04:00:00', 1),
(199, 1, 199, 100.00, 0.00, '2013-12-30', '09:30:00', '2013-12-30 04:00:00', 1),
(200, 1, 200, 100.00, 0.00, '2013-12-30', '09:30:00', '2013-12-30 04:00:00', 1),
(201, 1, 201, 100.00, 0.00, '2013-12-30', '09:30:00', '2013-12-30 04:00:00', 1),
(202, 1, 202, 100.00, 0.00, '2013-12-30', '09:30:00', '2013-12-30 04:00:00', 1),
(203, 1, 203, 100.00, 0.00, '2013-12-30', '09:30:00', '2013-12-30 04:00:00', 1),
(204, 1, 204, 100.00, 0.00, '2013-12-30', '09:30:00', '2013-12-30 04:00:00', 1),
(205, 1, 205, 100.00, 0.00, '2013-12-30', '09:30:00', '2013-12-30 04:00:00', 1),
(206, 1, 206, 100.00, 0.00, '2013-12-30', '09:30:00', '2013-12-30 04:00:00', 1),
(207, 1, 207, 100.00, 0.00, '2013-12-30', '09:30:00', '2013-12-30 04:00:00', 1),
(208, 1, 208, 100.00, 0.00, '2013-12-30', '09:30:00', '2013-12-30 04:00:00', 1),
(209, 1, 209, 100.00, 0.00, '2013-12-30', '09:30:00', '2013-12-30 04:00:00', 1),
(210, 1, 210, 100.00, 0.00, '2013-12-30', '09:30:00', '2013-12-30 04:00:00', 1),
(211, 1, 211, 100.00, 0.00, '2013-12-30', '09:30:00', '2013-12-30 04:00:00', 1),
(212, 1, 212, 100.00, 0.00, '2013-12-30', '09:30:00', '2013-12-30 04:00:00', 1),
(213, 1, 213, 100.00, 0.00, '2013-12-30', '09:30:00', '2013-12-30 04:00:00', 1),
(214, 1, 214, 100.00, 0.00, '2013-12-30', '09:30:00', '2013-12-30 04:00:00', 1),
(215, 1, 215, 100.00, 0.00, '2013-12-30', '09:30:00', '2013-12-30 04:00:00', 1),
(216, 1, 216, 100.00, 0.00, '2013-12-30', '09:30:00', '2013-12-30 04:00:00', 1),
(217, 1, 217, 100.00, 0.00, '2013-12-30', '09:30:00', '2013-12-30 04:00:00', 1),
(218, 1, 218, 100.00, 0.00, '2013-12-30', '09:30:00', '2013-12-30 04:00:00', 1),
(219, 1, 219, 100.00, 0.00, '2013-12-30', '09:30:00', '2013-12-30 04:00:00', 1),
(220, 1, 220, 100.00, 0.00, '2013-12-30', '09:30:00', '2013-12-30 04:00:00', 1),
(221, 1, 221, 100.00, 0.00, '2013-12-30', '09:30:00', '2013-12-30 04:00:00', 1),
(222, 1, 222, 100.00, 0.00, '2013-12-30', '09:30:00', '2013-12-30 04:00:00', 1),
(223, 1, 223, 100.00, 0.00, '2013-12-30', '09:30:00', '2013-12-30 04:00:00', 1),
(224, 1, 224, 100.00, 0.00, '2013-12-30', '09:30:00', '2013-12-30 04:00:00', 1),
(225, 1, 225, 100.00, 0.00, '2013-12-30', '09:30:00', '2013-12-30 04:00:00', 1),
(226, 1, 226, 100.00, 0.00, '2013-12-30', '09:30:00', '2013-12-30 04:00:00', 1),
(227, 1, 227, 100.00, 0.00, '2013-12-30', '09:30:00', '2013-12-30 04:00:00', 1),
(228, 1, 228, 100.00, 0.00, '2013-12-30', '09:30:00', '2013-12-30 04:00:00', 1),
(229, 1, 229, 100.00, 0.00, '2013-12-30', '09:30:00', '2013-12-30 04:00:00', 1),
(230, 1, 230, 100.00, 0.00, '2013-12-30', '09:30:00', '2013-12-30 04:00:00', 1),
(231, 1, 231, 100.00, 0.00, '2013-12-30', '09:30:00', '2013-12-30 04:00:00', 1),
(232, 1, 232, 100.00, 0.00, '2013-12-30', '09:30:00', '2013-12-30 04:00:00', 1),
(233, 1, 233, 100.00, 0.00, '2013-12-30', '09:30:00', '2013-12-30 04:00:00', 1),
(234, 1, 234, 100.00, 0.00, '2013-12-30', '09:30:00', '2013-12-30 04:00:00', 1),
(235, 1, 235, 100.00, 0.00, '2013-12-30', '09:30:00', '2013-12-30 04:00:00', 1),
(236, 1, 236, 100.00, 0.00, '2013-12-30', '09:30:00', '2013-12-30 04:00:00', 1),
(237, 1, 237, 100.00, 0.00, '2013-12-30', '09:30:00', '2013-12-30 04:00:00', 1),
(238, 1, 238, 100.00, 0.00, '2013-12-30', '09:30:00', '2013-12-30 04:00:00', 1),
(239, 1, 239, 100.00, 0.00, '2013-12-30', '09:30:00', '2013-12-30 04:00:00', 1),
(240, 1, 240, 100.00, 0.00, '2013-12-30', '09:30:00', '2013-12-30 04:00:00', 1),
(241, 1, 241, 100.00, 0.00, '2013-12-30', '09:30:00', '2013-12-30 04:00:00', 1),
(242, 1, 242, 100.00, 0.00, '2013-12-30', '09:30:00', '2013-12-30 04:00:00', 1),
(243, 1, 243, 100.00, 0.00, '2013-12-30', '09:30:00', '2013-12-30 04:00:00', 1),
(244, 1, 244, 100.00, 0.00, '2013-12-30', '09:30:00', '2013-12-30 04:00:00', 1),
(245, 1, 245, 100.00, 0.00, '2013-12-30', '09:30:00', '2013-12-30 04:00:00', 1),
(246, 1, 246, 100.00, 0.00, '2013-12-30', '09:30:00', '2013-12-30 04:00:00', 1),
(247, 1, 247, 100.00, 0.00, '2013-12-30', '09:30:00', '2013-12-30 04:00:00', 1),
(248, 1, 248, 100.00, 0.00, '2013-12-30', '09:30:00', '2013-12-30 04:00:00', 1),
(249, 1, 249, 100.00, 0.00, '2013-12-30', '09:30:00', '2013-12-30 04:00:00', 1),
(250, 1, 250, 100.00, 0.00, '2013-12-30', '09:30:00', '2013-12-30 04:00:00', 1),
(251, 1, 251, 100.00, 0.00, '2013-12-30', '09:30:00', '2013-12-30 04:00:00', 1),
(252, 1, 252, 100.00, 0.00, '2013-12-30', '09:30:00', '2013-12-30 04:00:00', 1),
(253, 1, 253, 100.00, 0.00, '2013-12-30', '09:30:00', '2013-12-30 04:00:00', 1),
(254, 1, 254, 100.00, 0.00, '2013-12-30', '09:30:00', '2013-12-30 04:00:00', 1),
(255, 1, 255, 100.00, 0.00, '2013-12-30', '09:30:00', '2013-12-30 04:00:00', 1),
(256, 1, 256, 100.00, 0.00, '2013-12-30', '09:30:00', '2013-12-30 04:00:00', 1),
(257, 1, 257, 100.00, 0.00, '2013-12-30', '09:30:00', '2013-12-30 04:00:00', 1),
(258, 1, 258, 100.00, 0.00, '2013-12-30', '09:30:00', '2013-12-30 04:00:00', 1),
(259, 1, 259, 100.00, 0.00, '2013-12-30', '09:30:00', '2013-12-30 04:00:00', 1),
(260, 1, 260, 100.00, 0.00, '2013-12-30', '09:30:00', '2013-12-30 04:00:00', 1),
(261, 1, 261, 100.00, 0.00, '2013-12-30', '09:30:00', '2013-12-30 04:00:00', 1),
(262, 1, 262, 100.00, 0.00, '2013-12-30', '09:30:00', '2013-12-30 04:00:00', 1),
(263, 1, 263, 100.00, 0.00, '2013-12-30', '09:30:00', '2013-12-30 04:00:00', 1),
(264, 1, 264, 100.00, 0.00, '2013-12-30', '09:30:00', '2013-12-30 04:00:00', 1),
(265, 1, 265, 100.00, 0.00, '2013-12-30', '09:30:00', '2013-12-30 04:00:00', 1),
(266, 1, 266, 100.00, 0.00, '2013-12-30', '09:30:00', '2013-12-30 04:00:00', 1),
(267, 1, 267, 100.00, 0.00, '2013-12-30', '09:30:00', '2013-12-30 04:00:00', 1),
(268, 1, 268, 100.00, 0.00, '2013-12-30', '09:30:00', '2013-12-30 04:00:00', 1),
(269, 1, 269, 100.00, 0.00, '2013-12-30', '09:30:00', '2013-12-30 04:00:00', 1),
(270, 1, 270, 100.00, 0.00, '2013-12-30', '09:30:00', '2013-12-30 04:00:00', 1),
(271, 1, 271, 100.00, 0.00, '2013-12-30', '09:30:00', '2013-12-30 04:00:00', 1),
(272, 1, 272, 100.00, 0.00, '2013-12-30', '09:30:00', '2013-12-30 04:00:00', 1),
(273, 1, 273, 100.00, 0.00, '2013-12-30', '09:30:00', '2013-12-30 04:00:00', 1),
(274, 1, 274, 100.00, 0.00, '2013-12-30', '09:30:00', '2013-12-30 04:00:00', 1),
(275, 1, 275, 100.00, 0.00, '2013-12-30', '09:30:00', '2013-12-30 04:00:00', 1),
(276, 1, 276, 100.00, 0.00, '2013-12-30', '09:30:00', '2013-12-30 04:00:00', 1),
(277, 1, 277, 100.00, 0.00, '2013-12-30', '09:30:00', '2013-12-30 04:00:00', 1),
(278, 1, 278, 100.00, 0.00, '2013-12-30', '09:30:00', '2013-12-30 04:00:00', 1),
(279, 1, 279, 100.00, 0.00, '2013-12-30', '09:30:00', '2013-12-30 04:00:00', 1),
(280, 1, 280, 100.00, 0.00, '2013-12-30', '09:30:00', '2013-12-30 04:00:00', 1),
(281, 1, 281, 100.00, 0.00, '2013-12-30', '09:30:00', '2013-12-30 04:00:00', 1),
(282, 1, 282, 100.00, 0.00, '2013-12-30', '09:30:00', '2013-12-30 04:00:00', 1),
(283, 1, 283, 100.00, 0.00, '2013-12-30', '09:30:00', '2013-12-30 04:00:00', 1),
(284, 1, 284, 100.00, 0.00, '2013-12-30', '09:30:00', '2013-12-30 04:00:00', 1),
(285, 1, 285, 100.00, 0.00, '2013-12-30', '09:30:00', '2013-12-30 04:00:00', 1),
(286, 1, 286, 100.00, 0.00, '2013-12-30', '09:30:00', '2013-12-30 04:00:00', 1),
(287, 1, 287, 100.00, 0.00, '2013-12-30', '09:30:00', '2013-12-30 04:00:00', 1),
(288, 1, 288, 100.00, 0.00, '2013-12-30', '09:30:00', '2013-12-30 04:00:00', 1),
(289, 1, 289, 100.00, 0.00, '2013-12-30', '09:30:00', '2013-12-30 04:00:00', 1),
(290, 1, 290, 100.00, 0.00, '2013-12-30', '09:30:00', '2013-12-30 04:00:00', 1),
(291, 1, 291, 100.00, 0.00, '2013-12-30', '09:30:00', '2013-12-30 04:00:00', 1),
(292, 1, 292, 100.00, 0.00, '2013-12-30', '09:30:00', '2013-12-30 04:00:00', 1),
(293, 1, 293, 100.00, 0.00, '2013-12-30', '09:30:00', '2013-12-30 04:00:00', 1),
(294, 1, 294, 100.00, 0.00, '2013-12-30', '09:30:00', '2013-12-30 04:00:00', 1),
(295, 1, 295, 100.00, 0.00, '2013-12-30', '09:30:00', '2013-12-30 04:00:00', 1),
(296, 1, 296, 100.00, 0.00, '2013-12-30', '09:30:00', '2013-12-30 04:00:00', 1),
(297, 1, 297, 100.00, 0.00, '2013-12-30', '09:30:00', '2013-12-30 04:00:00', 1),
(298, 1, 298, 100.00, 0.00, '2013-12-30', '09:30:00', '2013-12-30 04:00:00', 1),
(299, 1, 299, 100.00, 0.00, '2013-12-30', '09:30:00', '2013-12-30 04:00:00', 1),
(300, 1, 300, 100.00, 0.00, '2013-12-30', '09:30:00', '2013-12-30 04:00:00', 1),
(301, 1, 301, 100.00, 0.00, '2013-12-30', '09:30:00', '2013-12-30 04:00:00', 1),
(302, 1, 302, 100.00, 0.00, '2013-12-30', '09:30:00', '2013-12-30 04:00:00', 1),
(303, 1, 303, 100.00, 0.00, '2013-12-30', '09:30:00', '2013-12-30 04:00:00', 1),
(304, 1, 304, 100.00, 0.00, '2013-12-30', '09:30:00', '2013-12-30 04:00:00', 1),
(305, 1, 305, 100.00, 0.00, '2013-12-30', '09:30:00', '2013-12-30 04:00:00', 1),
(306, 1, 306, 100.00, 0.00, '2013-12-30', '09:30:00', '2013-12-30 04:00:00', 1),
(307, 1, 307, 100.00, 0.00, '2013-12-30', '09:30:00', '2013-12-30 04:00:00', 1),
(308, 1, 308, 100.00, 0.00, '2013-12-30', '09:30:00', '2013-12-30 04:00:00', 1),
(309, 1, 309, 100.00, 0.00, '2013-12-30', '09:30:00', '2013-12-30 04:00:00', 1),
(310, 1, 310, 100.00, 0.00, '2013-12-30', '09:30:00', '2013-12-30 04:00:00', 1),
(311, 1, 311, 100.00, 0.00, '2013-12-30', '09:30:00', '2013-12-30 04:00:00', 1),
(312, 1, 312, 100.00, 0.00, '2013-12-30', '09:30:00', '2013-12-30 04:00:00', 1),
(313, 1, 313, 100.00, 0.00, '2013-12-30', '09:30:00', '2013-12-30 04:00:00', 1),
(314, 1, 314, 100.00, 0.00, '2013-12-30', '09:30:00', '2013-12-30 04:00:00', 1),
(315, 1, 315, 100.00, 0.00, '2013-12-30', '09:30:00', '2013-12-30 04:00:00', 1),
(316, 1, 316, 100.00, 0.00, '2013-12-30', '09:30:00', '2013-12-30 04:00:00', 1),
(317, 1, 317, 100.00, 0.00, '2013-12-30', '09:30:00', '2013-12-30 04:00:00', 1),
(318, 1, 318, 100.00, 0.00, '2013-12-30', '09:30:00', '2013-12-30 04:00:00', 1),
(319, 1, 319, 100.00, 0.00, '2013-12-30', '09:30:00', '2013-12-30 04:00:00', 1),
(320, 1, 320, 100.00, 0.00, '2013-12-30', '09:30:00', '2013-12-30 04:00:00', 1),
(321, 1, 321, 100.00, 0.00, '2013-12-30', '09:30:00', '2013-12-30 04:00:00', 1),
(322, 1, 322, 100.00, 0.00, '2013-12-30', '09:30:00', '2013-12-30 04:00:00', 1),
(323, 1, 323, 100.00, 0.00, '2013-12-30', '09:30:00', '2013-12-30 04:00:00', 1),
(324, 1, 324, 100.00, 0.00, '2013-12-30', '09:30:00', '2013-12-30 04:00:00', 1),
(325, 1, 325, 100.00, 0.00, '2013-12-30', '09:30:00', '2013-12-30 04:00:00', 1),
(326, 1, 326, 100.00, 0.00, '2013-12-30', '09:30:00', '2013-12-30 04:00:00', 1),
(327, 1, 327, 100.00, 0.00, '2013-12-30', '09:30:00', '2013-12-30 04:00:00', 1),
(328, 1, 328, 100.00, 0.00, '2013-12-30', '09:30:00', '2013-12-30 04:00:00', 1),
(329, 1, 329, 100.00, 0.00, '2013-12-30', '09:30:00', '2013-12-30 04:00:00', 1),
(330, 1, 330, 100.00, 0.00, '2013-12-30', '09:30:00', '2013-12-30 04:00:00', 1),
(331, 1, 331, 100.00, 0.00, '2013-12-30', '09:30:00', '2013-12-30 04:00:00', 1),
(332, 1, 332, 100.00, 0.00, '2013-12-30', '09:30:00', '2013-12-30 04:00:00', 1),
(333, 1, 333, 100.00, 0.00, '2013-12-30', '09:30:00', '2013-12-30 04:00:00', 1),
(334, 1, 334, 100.00, 0.00, '2013-12-30', '09:30:00', '2013-12-30 04:00:00', 1),
(335, 1, 335, 100.00, 0.00, '2013-12-30', '09:30:00', '2013-12-30 04:00:00', 1),
(336, 1, 336, 100.00, 0.00, '2013-12-30', '09:30:00', '2013-12-30 04:00:00', 1),
(337, 1, 337, 100.00, 0.00, '2013-12-30', '09:30:00', '2013-12-30 04:00:00', 1),
(338, 1, 338, 100.00, 0.00, '2013-12-30', '09:30:00', '2013-12-30 04:00:00', 1),
(339, 1, 339, 100.00, 0.00, '2013-12-30', '09:30:00', '2013-12-30 04:00:00', 1),
(340, 1, 340, 100.00, 0.00, '2013-12-30', '09:30:00', '2013-12-30 04:00:00', 1),
(341, 1, 341, 100.00, 0.00, '2013-12-30', '09:30:00', '2013-12-30 04:00:00', 1),
(342, 1, 342, 100.00, 0.00, '2013-12-30', '09:30:00', '2013-12-30 04:00:00', 1),
(343, 1, 343, 100.00, 0.00, '2013-12-30', '09:30:00', '2013-12-30 04:00:00', 1),
(344, 1, 344, 100.00, 0.00, '2013-12-30', '09:30:00', '2013-12-30 04:00:00', 1),
(345, 1, 345, 100.00, 0.00, '2013-12-30', '09:30:00', '2013-12-30 04:00:00', 1),
(346, 1, 346, 100.00, 0.00, '2013-12-30', '09:30:00', '2013-12-30 04:00:00', 1),
(347, 1, 347, 100.00, 0.00, '2013-12-30', '09:30:00', '2013-12-30 04:00:00', 1),
(348, 1, 348, 100.00, 0.00, '2013-12-30', '09:30:00', '2013-12-30 04:00:00', 1),
(349, 1, 349, 100.00, 0.00, '2013-12-30', '09:30:00', '2013-12-30 04:00:00', 1),
(350, 1, 350, 100.00, 0.00, '2013-12-30', '09:30:00', '2013-12-30 04:00:00', 1),
(351, 1, 351, 100.00, 0.00, '2013-12-30', '09:30:00', '2013-12-30 04:00:00', 1),
(352, 1, 352, 100.00, 0.00, '2013-12-30', '09:30:00', '2013-12-30 04:00:00', 1),
(353, 1, 353, 100.00, 0.00, '2013-12-30', '09:30:00', '2013-12-30 04:00:00', 1),
(354, 1, 354, 100.00, 0.00, '2013-12-30', '09:30:00', '2013-12-30 04:00:00', 1),
(355, 1, 355, 100.00, 0.00, '2013-12-30', '09:30:00', '2013-12-30 04:00:00', 1),
(356, 1, 356, 100.00, 0.00, '2013-12-30', '09:30:00', '2013-12-30 04:00:00', 1),
(357, 1, 357, 100.00, 0.00, '2013-12-30', '09:30:00', '2013-12-30 04:00:00', 1),
(358, 1, 358, 100.00, 0.00, '2013-12-30', '09:30:00', '2013-12-30 04:00:00', 1),
(359, 1, 359, 100.00, 0.00, '2013-12-30', '09:30:00', '2013-12-30 04:00:00', 1),
(360, 1, 360, 100.00, 0.00, '2013-12-30', '09:30:00', '2013-12-30 04:00:00', 1),
(361, 1, 361, 100.00, 0.00, '2013-12-30', '09:30:00', '2013-12-30 04:00:00', 1),
(362, 1, 362, 100.00, 0.00, '2013-12-30', '09:30:00', '2013-12-30 04:00:00', 1),
(363, 1, 363, 100.00, 0.00, '2013-12-30', '09:30:00', '2013-12-30 04:00:00', 1),
(364, 1, 364, 100.00, 0.00, '2013-12-30', '09:30:00', '2013-12-30 04:00:00', 1),
(365, 1, 365, 100.00, 0.00, '2013-12-30', '09:30:00', '2013-12-30 04:00:00', 1),
(366, 1, 366, 100.00, 0.00, '2013-12-30', '09:30:00', '2013-12-30 04:00:00', 1),
(367, 1, 367, 100.00, 0.00, '2013-12-30', '09:30:00', '2013-12-30 04:00:00', 1),
(368, 1, 368, 100.00, 0.00, '2013-12-30', '09:30:00', '2013-12-30 04:00:00', 1),
(369, 1, 369, 100.00, 0.00, '2013-12-30', '09:30:00', '2013-12-30 04:00:00', 1),
(370, 1, 370, 100.00, 0.00, '2013-12-30', '09:30:00', '2013-12-30 04:00:00', 1),
(371, 1, 371, 100.00, 0.00, '2013-12-30', '09:30:00', '2013-12-30 04:00:00', 1),
(372, 1, 372, 100.00, 0.00, '2013-12-30', '09:30:00', '2013-12-30 04:00:00', 1),
(373, 1, 373, 100.00, 0.00, '2013-12-30', '09:30:00', '2013-12-30 04:00:00', 1),
(374, 1, 374, 100.00, 0.00, '2013-12-30', '09:30:00', '2013-12-30 04:00:00', 1),
(375, 1, 375, 100.00, 0.00, '2013-12-30', '09:30:00', '2013-12-30 04:00:00', 1),
(376, 1, 376, 100.00, 0.00, '2013-12-30', '09:30:00', '2013-12-30 04:00:00', 1),
(377, 1, 377, 100.00, 0.00, '2013-12-30', '09:30:00', '2013-12-30 04:00:00', 1),
(378, 1, 378, 100.00, 0.00, '2013-12-30', '09:30:00', '2013-12-30 04:00:00', 1),
(379, 1, 379, 100.00, 0.00, '2013-12-30', '09:30:00', '2013-12-30 04:00:00', 1),
(380, 1, 380, 100.00, 0.00, '2013-12-30', '09:30:00', '2013-12-30 04:00:00', 1),
(381, 1, 381, 100.00, 0.00, '2013-12-30', '09:30:00', '2013-12-30 04:00:00', 1),
(382, 1, 382, 100.00, 0.00, '2013-12-30', '09:30:00', '2013-12-30 04:00:00', 1),
(383, 1, 383, 100.00, 0.00, '2013-12-30', '09:30:00', '2013-12-30 04:00:00', 1),
(384, 1, 384, 100.00, 0.00, '2013-12-30', '09:30:00', '2013-12-30 04:00:00', 1),
(385, 1, 385, 100.00, 0.00, '2013-12-30', '09:30:00', '2013-12-30 04:00:00', 1),
(386, 1, 386, 100.00, 0.00, '2013-12-30', '09:30:00', '2013-12-30 04:00:00', 1),
(387, 1, 387, 100.00, 0.00, '2013-12-30', '09:30:00', '2013-12-30 04:00:00', 1),
(388, 1, 388, 100.00, 0.00, '2013-12-30', '09:30:00', '2013-12-30 04:00:00', 1),
(389, 1, 389, 100.00, 0.00, '2013-12-30', '09:30:00', '2013-12-30 04:00:00', 1),
(390, 1, 390, 100.00, 0.00, '2013-12-30', '09:30:00', '2013-12-30 04:00:00', 1),
(391, 1, 391, 100.00, 0.00, '2013-12-30', '09:30:00', '2013-12-30 04:00:00', 1),
(392, 1, 392, 100.00, 0.00, '2013-12-30', '09:30:00', '2013-12-30 04:00:00', 1),
(393, 1, 393, 100.00, 0.00, '2013-12-30', '09:30:00', '2013-12-30 04:00:00', 1),
(394, 1, 394, 100.00, 0.00, '2013-12-30', '09:30:00', '2013-12-30 04:00:00', 1),
(395, 1, 395, 100.00, 0.00, '2013-12-30', '09:30:00', '2013-12-30 04:00:00', 1),
(396, 1, 396, 100.00, 0.00, '2013-12-30', '09:30:00', '2013-12-30 04:00:00', 1),
(397, 1, 397, 100.00, 0.00, '2013-12-30', '09:30:00', '2013-12-30 04:00:00', 1),
(398, 1, 398, 100.00, 0.00, '2013-12-30', '09:30:00', '2013-12-30 04:00:00', 1),
(399, 1, 399, 100.00, 0.00, '2013-12-30', '09:30:00', '2013-12-30 04:00:00', 1),
(400, 1, 400, 100.00, 0.00, '2013-12-30', '09:30:00', '2013-12-30 04:00:00', 1),
(401, 1, 401, 100.00, 0.00, '2013-12-30', '09:30:00', '2013-12-30 04:00:00', 1),
(402, 1, 402, 100.00, 0.00, '2013-12-30', '09:30:00', '2013-12-30 04:00:00', 1),
(403, 1, 403, 100.00, 0.00, '2013-12-30', '09:30:00', '2013-12-30 04:00:00', 1),
(404, 1, 404, 100.00, 0.00, '2013-12-30', '09:30:00', '2013-12-30 04:00:00', 1),
(405, 1, 405, 100.00, 0.00, '2013-12-30', '09:30:00', '2013-12-30 04:00:00', 1),
(406, 1, 406, 100.00, 0.00, '2013-12-30', '09:30:00', '2013-12-30 04:00:00', 1),
(407, 1, 407, 100.00, 0.00, '2013-12-30', '09:30:00', '2013-12-30 04:00:00', 1),
(408, 1, 408, 100.00, 0.00, '2013-12-30', '09:30:00', '2013-12-30 04:00:00', 1),
(409, 1, 409, 100.00, 0.00, '2013-12-30', '09:30:00', '2013-12-30 04:00:00', 1),
(410, 1, 410, 100.00, 0.00, '2013-12-30', '09:30:00', '2013-12-30 04:00:00', 1),
(411, 1, 411, 100.00, 0.00, '2013-12-30', '09:30:00', '2013-12-30 04:00:00', 1),
(412, 1, 412, 100.00, 0.00, '2013-12-30', '09:30:00', '2013-12-30 04:00:00', 1),
(413, 1, 413, 100.00, 0.00, '2013-12-30', '09:30:00', '2013-12-30 04:00:00', 1),
(414, 1, 414, 100.00, 0.00, '2013-12-30', '09:30:00', '2013-12-30 04:00:00', 1),
(415, 1, 415, 100.00, 0.00, '2013-12-30', '09:30:00', '2013-12-30 04:00:00', 1),
(416, 1, 416, 100.00, 0.00, '2013-12-30', '09:30:00', '2013-12-30 04:00:00', 1),
(417, 1, 417, 100.00, 0.00, '2013-12-30', '09:30:00', '2013-12-30 04:00:00', 1),
(418, 1, 418, 100.00, 0.00, '2013-12-30', '09:30:00', '2013-12-30 04:00:00', 1),
(419, 1, 419, 100.00, 0.00, '2013-12-30', '09:30:00', '2013-12-30 04:00:00', 1),
(420, 1, 420, 100.00, 0.00, '2013-12-30', '09:30:00', '2013-12-30 04:00:00', 1),
(421, 1, 421, 100.00, 0.00, '2013-12-30', '09:30:00', '2013-12-30 04:00:00', 1),
(422, 1, 422, 100.00, 0.00, '2013-12-30', '09:30:00', '2013-12-30 04:00:00', 1),
(423, 1, 423, 100.00, 0.00, '2013-12-30', '09:30:00', '2013-12-30 04:00:00', 1),
(424, 1, 424, 100.00, 0.00, '2013-12-30', '09:30:00', '2013-12-30 04:00:00', 1),
(425, 1, 425, 100.00, 0.00, '2013-12-30', '09:30:00', '2013-12-30 04:00:00', 1),
(426, 1, 426, 100.00, 0.00, '2013-12-30', '09:30:00', '2013-12-30 04:00:00', 1),
(427, 1, 427, 100.00, 0.00, '2013-12-30', '09:30:00', '2013-12-30 04:00:00', 1),
(428, 1, 428, 100.00, 0.00, '2013-12-30', '09:30:00', '2013-12-30 04:00:00', 1),
(429, 1, 429, 100.00, 0.00, '2013-12-30', '09:30:00', '2013-12-30 04:00:00', 1),
(430, 1, 430, 100.00, 0.00, '2013-12-30', '09:30:00', '2013-12-30 04:00:00', 1),
(431, 1, 431, 100.00, 0.00, '2013-12-30', '09:30:00', '2013-12-30 04:00:00', 1),
(432, 1, 432, 100.00, 0.00, '2013-12-30', '09:30:00', '2013-12-30 04:00:00', 1),
(433, 1, 433, 100.00, 0.00, '2013-12-30', '09:30:00', '2013-12-30 04:00:00', 1),
(434, 1, 434, 100.00, 0.00, '2013-12-30', '09:30:00', '2013-12-30 04:00:00', 1),
(435, 1, 435, 100.00, 0.00, '2013-12-30', '09:30:00', '2013-12-30 04:00:00', 1),
(436, 1, 436, 100.00, 0.00, '2013-12-30', '09:30:00', '2013-12-30 04:00:00', 1),
(437, 1, 437, 100.00, 0.00, '2013-12-30', '09:30:00', '2013-12-30 04:00:00', 1),
(438, 1, 438, 100.00, 0.00, '2013-12-30', '09:30:00', '2013-12-30 04:00:00', 1),
(439, 1, 439, 100.00, 0.00, '2013-12-30', '09:30:00', '2013-12-30 04:00:00', 1),
(440, 1, 440, 100.00, 0.00, '2013-12-30', '09:30:00', '2013-12-30 04:00:00', 1),
(441, 1, 441, 100.00, 0.00, '2013-12-30', '09:30:00', '2013-12-30 04:00:00', 1),
(442, 1, 442, 100.00, 0.00, '2013-12-30', '09:30:00', '2013-12-30 04:00:00', 1),
(443, 1, 443, 100.00, 0.00, '2013-12-30', '09:30:00', '2013-12-30 04:00:00', 1),
(444, 1, 444, 100.00, 0.00, '2013-12-30', '09:30:00', '2013-12-30 04:00:00', 1),
(445, 1, 445, 100.00, 0.00, '2013-12-30', '09:30:00', '2013-12-30 04:00:00', 1),
(446, 1, 446, 100.00, 0.00, '2013-12-30', '09:30:00', '2013-12-30 04:00:00', 1),
(447, 1, 447, 100.00, 0.00, '2013-12-30', '09:30:00', '2013-12-30 04:00:00', 1),
(448, 1, 448, 100.00, 0.00, '2013-12-30', '09:30:00', '2013-12-30 04:00:00', 1),
(449, 1, 449, 100.00, 0.00, '2013-12-30', '09:30:00', '2013-12-30 04:00:00', 1),
(450, 1, 450, 100.00, 0.00, '2013-12-30', '09:30:00', '2013-12-30 04:00:00', 1),
(451, 1, 451, 100.00, 0.00, '2013-12-30', '09:30:00', '2013-12-30 04:00:00', 1),
(452, 1, 452, 100.00, 0.00, '2013-12-30', '09:30:00', '2013-12-30 04:00:00', 1),
(453, 1, 453, 100.00, 0.00, '2013-12-30', '09:30:00', '2013-12-30 04:00:00', 1),
(454, 1, 454, 100.00, 0.00, '2013-12-30', '09:30:00', '2013-12-30 04:00:00', 1),
(455, 1, 455, 100.00, 0.00, '2013-12-30', '09:30:00', '2013-12-30 04:00:00', 1),
(456, 1, 456, 100.00, 0.00, '2013-12-30', '09:30:00', '2013-12-30 04:00:00', 1),
(457, 1, 457, 100.00, 0.00, '2013-12-30', '09:30:00', '2013-12-30 04:00:00', 1),
(458, 1, 458, 100.00, 0.00, '2013-12-30', '09:30:00', '2013-12-30 04:00:00', 1),
(459, 1, 459, 100.00, 0.00, '2013-12-30', '09:30:00', '2013-12-30 04:00:00', 1),
(460, 1, 460, 100.00, 0.00, '2013-12-30', '09:30:00', '2013-12-30 04:00:00', 1),
(461, 1, 461, 100.00, 0.00, '2013-12-30', '09:30:00', '2013-12-30 04:00:00', 1),
(462, 1, 462, 100.00, 0.00, '2013-12-30', '09:30:00', '2013-12-30 04:00:00', 1),
(463, 1, 463, 100.00, 0.00, '2013-12-30', '09:30:00', '2013-12-30 04:00:00', 1),
(464, 1, 464, 100.00, 0.00, '2013-12-30', '09:30:00', '2013-12-30 04:00:00', 1),
(465, 1, 465, 100.00, 0.00, '2013-12-30', '09:30:00', '2013-12-30 04:00:00', 1),
(466, 1, 466, 100.00, 0.00, '2013-12-30', '09:30:00', '2013-12-30 04:00:00', 1),
(467, 1, 467, 100.00, 0.00, '2013-12-30', '09:30:00', '2013-12-30 04:00:00', 1),
(468, 1, 468, 100.00, 0.00, '2013-12-30', '09:30:00', '2013-12-30 04:00:00', 1),
(469, 1, 469, 100.00, 0.00, '2013-12-30', '09:30:00', '2013-12-30 04:00:00', 1),
(470, 1, 470, 100.00, 0.00, '2013-12-30', '09:30:00', '2013-12-30 04:00:00', 1),
(471, 1, 471, 100.00, 0.00, '2013-12-30', '09:30:00', '2013-12-30 04:00:00', 1),
(472, 1, 472, 100.00, 0.00, '2013-12-30', '09:30:00', '2013-12-30 04:00:00', 1),
(473, 1, 473, 100.00, 0.00, '2013-12-30', '09:30:00', '2013-12-30 04:00:00', 1),
(474, 1, 474, 100.00, 0.00, '2013-12-30', '09:30:00', '2013-12-30 04:00:00', 1),
(475, 1, 475, 100.00, 0.00, '2013-12-30', '09:30:00', '2013-12-30 04:00:00', 1),
(476, 1, 476, 100.00, 0.00, '2013-12-30', '09:30:00', '2013-12-30 04:00:00', 1),
(477, 1, 477, 100.00, 0.00, '2013-12-30', '09:30:00', '2013-12-30 04:00:00', 1),
(478, 1, 478, 100.00, 0.00, '2013-12-30', '09:30:00', '2013-12-30 04:00:00', 1),
(479, 1, 479, 100.00, 0.00, '2013-12-30', '09:30:00', '2013-12-30 04:00:00', 1),
(480, 1, 480, 100.00, 0.00, '2013-12-30', '09:30:00', '2013-12-30 04:00:00', 1),
(481, 1, 481, 100.00, 0.00, '2013-12-30', '09:30:00', '2013-12-30 04:00:00', 1),
(482, 1, 482, 100.00, 0.00, '2013-12-30', '09:30:00', '2013-12-30 04:00:00', 1),
(483, 1, 483, 100.00, 0.00, '2013-12-30', '09:30:00', '2013-12-30 04:00:00', 1),
(484, 1, 484, 100.00, 0.00, '2013-12-30', '09:30:00', '2013-12-30 04:00:00', 1),
(485, 1, 485, 100.00, 0.00, '2013-12-30', '09:30:00', '2013-12-30 04:00:00', 1),
(486, 1, 486, 100.00, 0.00, '2013-12-30', '09:30:00', '2013-12-30 04:00:00', 1),
(487, 1, 487, 100.00, 0.00, '2013-12-30', '09:30:00', '2013-12-30 04:00:00', 1),
(488, 1, 488, 100.00, 0.00, '2013-12-30', '09:30:00', '2013-12-30 04:00:00', 1),
(489, 1, 489, 100.00, 0.00, '2013-12-30', '09:30:00', '2013-12-30 04:00:00', 1),
(490, 1, 490, 100.00, 0.00, '2013-12-30', '09:30:00', '2013-12-30 04:00:00', 1),
(491, 1, 491, 100.00, 0.00, '2013-12-30', '09:30:00', '2013-12-30 04:00:00', 1),
(492, 1, 492, 100.00, 0.00, '2013-12-30', '09:30:00', '2013-12-30 04:00:00', 1),
(493, 1, 493, 100.00, 0.00, '2013-12-30', '09:30:00', '2013-12-30 04:00:00', 1),
(494, 1, 494, 100.00, 0.00, '2013-12-30', '09:30:00', '2013-12-30 04:00:00', 1),
(495, 1, 495, 100.00, 0.00, '2013-12-30', '09:30:00', '2013-12-30 04:00:00', 1),
(496, 1, 496, 100.00, 0.00, '2013-12-30', '09:30:00', '2013-12-30 04:00:00', 1),
(497, 1, 497, 100.00, 0.00, '2013-12-30', '09:30:00', '2013-12-30 04:00:00', 1),
(498, 1, 498, 100.00, 0.00, '2013-12-30', '09:30:00', '2013-12-30 04:00:00', 1),
(499, 1, 499, 100.00, 0.00, '2013-12-30', '09:30:00', '2013-12-30 04:00:00', 1),
(500, 1, 500, 100.00, 0.00, '2013-12-30', '09:30:00', '2013-12-30 04:00:00', 1),
(501, 1, 501, 100.00, 0.00, '2013-12-30', '09:30:00', '2013-12-30 04:00:00', 1),
(502, 1, 502, 100.00, 0.00, '2013-12-30', '09:30:00', '2013-12-30 04:00:00', 1),
(503, 1, 503, 100.00, 0.00, '2013-12-30', '09:30:00', '2013-12-30 04:00:00', 1),
(504, 1, 504, 100.00, 0.00, '2013-12-30', '09:30:00', '2013-12-30 04:00:00', 1),
(505, 1, 505, 100.00, 0.00, '2013-12-30', '09:30:00', '2013-12-30 04:00:00', 1),
(506, 1, 506, 100.00, 0.00, '2013-12-30', '09:30:00', '2013-12-30 04:00:00', 1),
(507, 1, 507, 100.00, 0.00, '2013-12-30', '09:30:00', '2013-12-30 04:00:00', 1),
(508, 1, 508, 100.00, 0.00, '2013-12-30', '09:30:00', '2013-12-30 04:00:00', 1),
(509, 1, 509, 100.00, 0.00, '2013-12-30', '09:30:00', '2013-12-30 04:00:00', 1),
(510, 1, 510, 100.00, 0.00, '2013-12-30', '09:30:00', '2013-12-30 04:00:00', 1),
(511, 1, 511, 100.00, 0.00, '2013-12-30', '09:30:00', '2013-12-30 04:00:00', 1),
(512, 1, 512, 100.00, 0.00, '2013-12-30', '09:30:00', '2013-12-30 04:00:00', 1),
(513, 1, 513, 100.00, 0.00, '2013-12-30', '09:30:00', '2013-12-30 04:00:00', 1),
(514, 1, 514, 100.00, 0.00, '2013-12-30', '09:30:00', '2013-12-30 04:00:00', 1),
(515, 1, 515, 100.00, 0.00, '2013-12-30', '09:30:00', '2013-12-30 04:00:00', 1),
(516, 1, 516, 100.00, 0.00, '2013-12-30', '09:30:00', '2013-12-30 04:00:00', 1),
(517, 1, 517, 100.00, 0.00, '2013-12-30', '09:30:00', '2013-12-30 04:00:00', 1),
(518, 1, 518, 100.00, 0.00, '2013-12-30', '09:30:00', '2013-12-30 04:00:00', 1),
(519, 1, 519, 100.00, 0.00, '2013-12-30', '09:30:00', '2013-12-30 04:00:00', 1),
(520, 1, 520, 100.00, 0.00, '2013-12-30', '09:30:00', '2013-12-30 04:00:00', 1),
(521, 1, 521, 100.00, 0.00, '2013-12-30', '09:30:00', '2013-12-30 04:00:00', 1),
(522, 1, 522, 100.00, 0.00, '2013-12-30', '09:30:00', '2013-12-30 04:00:00', 1),
(523, 1, 523, 100.00, 0.00, '2013-12-30', '09:30:00', '2013-12-30 04:00:00', 1),
(524, 1, 524, 100.00, 0.00, '2013-12-30', '09:30:00', '2013-12-30 04:00:00', 1),
(525, 1, 525, 100.00, 0.00, '2013-12-30', '09:30:00', '2013-12-30 04:00:00', 1),
(526, 1, 526, 100.00, 0.00, '2013-12-30', '09:30:00', '2013-12-30 04:00:00', 1),
(527, 1, 527, 100.00, 0.00, '2013-12-30', '09:30:00', '2013-12-30 04:00:00', 1),
(528, 1, 528, 100.00, 0.00, '2013-12-30', '09:30:00', '2013-12-30 04:00:00', 1),
(529, 1, 529, 100.00, 0.00, '2013-12-30', '09:30:00', '2013-12-30 04:00:00', 1),
(530, 1, 530, 100.00, 0.00, '2013-12-30', '09:30:00', '2013-12-30 04:00:00', 1),
(531, 1, 531, 100.00, 0.00, '2013-12-30', '09:30:00', '2013-12-30 04:00:00', 1),
(532, 1, 532, 100.00, 0.00, '2013-12-30', '09:30:00', '2013-12-30 04:00:00', 1),
(533, 1, 533, 100.00, 0.00, '2013-12-30', '09:30:00', '2013-12-30 04:00:00', 1),
(534, 1, 534, 100.00, 0.00, '2013-12-30', '09:30:00', '2013-12-30 04:00:00', 1),
(535, 1, 535, 100.00, 0.00, '2013-12-30', '09:30:00', '2013-12-30 04:00:00', 1),
(536, 1, 536, 100.00, 0.00, '2013-12-30', '09:30:00', '2013-12-30 04:00:00', 1),
(537, 1, 537, 100.00, 0.00, '2013-12-30', '09:30:00', '2013-12-30 04:00:00', 1),
(538, 1, 538, 100.00, 0.00, '2013-12-30', '09:30:00', '2013-12-30 04:00:00', 1),
(539, 1, 539, 100.00, 0.00, '2013-12-30', '09:30:00', '2013-12-30 04:00:00', 1),
(540, 1, 540, 100.00, 0.00, '2013-12-30', '09:30:00', '2013-12-30 04:00:00', 1),
(541, 1, 541, 100.00, 0.00, '2013-12-30', '09:30:00', '2013-12-30 04:00:00', 1),
(542, 1, 542, 100.00, 0.00, '2013-12-30', '09:30:00', '2013-12-30 04:00:00', 1),
(543, 1, 543, 100.00, 0.00, '2013-12-30', '09:30:00', '2013-12-30 04:00:00', 1),
(544, 1, 544, 100.00, 0.00, '2013-12-30', '09:30:00', '2013-12-30 04:00:00', 1),
(545, 1, 545, 100.00, 0.00, '2013-12-30', '09:30:00', '2013-12-30 04:00:00', 1),
(546, 1, 546, 100.00, 0.00, '2013-12-30', '09:30:00', '2013-12-30 04:00:00', 1),
(547, 1, 547, 100.00, 0.00, '2013-12-30', '09:30:00', '2013-12-30 04:00:00', 1),
(548, 1, 548, 100.00, 0.00, '2013-12-30', '09:30:00', '2013-12-30 04:00:00', 1),
(549, 1, 549, 100.00, 0.00, '2013-12-30', '09:30:00', '2013-12-30 04:00:00', 1),
(550, 1, 550, 100.00, 0.00, '2013-12-30', '09:30:00', '2013-12-30 04:00:00', 1),
(551, 1, 551, 100.00, 0.00, '2013-12-30', '09:30:00', '2013-12-30 04:00:00', 1),
(552, 1, 552, 100.00, 0.00, '2013-12-30', '09:30:00', '2013-12-30 04:00:00', 1),
(553, 1, 553, 100.00, 0.00, '2013-12-30', '09:30:00', '2013-12-30 04:00:00', 1),
(554, 1, 554, 100.00, 0.00, '2013-12-30', '09:30:00', '2013-12-30 04:00:00', 1),
(555, 1, 555, 100.00, 0.00, '2013-12-30', '09:30:00', '2013-12-30 04:00:00', 1),
(556, 1, 556, 100.00, 0.00, '2013-12-30', '09:30:00', '2013-12-30 04:00:00', 1),
(557, 1, 557, 100.00, 0.00, '2013-12-30', '09:30:00', '2013-12-30 04:00:00', 1),
(558, 1, 558, 100.00, 0.00, '2013-12-30', '09:30:00', '2013-12-30 04:00:00', 1),
(559, 1, 559, 100.00, 0.00, '2013-12-30', '09:30:00', '2013-12-30 04:00:00', 1),
(560, 1, 560, 100.00, 0.00, '2013-12-30', '09:30:00', '2013-12-30 04:00:00', 1),
(561, 1, 561, 100.00, 0.00, '2013-12-30', '09:30:00', '2013-12-30 04:00:00', 1),
(562, 1, 562, 100.00, 0.00, '2013-12-30', '09:30:00', '2013-12-30 04:00:00', 1),
(563, 1, 563, 100.00, 0.00, '2013-12-30', '09:30:00', '2013-12-30 04:00:00', 1),
(564, 1, 564, 100.00, 0.00, '2013-12-30', '09:30:00', '2013-12-30 04:00:00', 1),
(565, 1, 565, 100.00, 0.00, '2013-12-30', '09:30:00', '2013-12-30 04:00:00', 1),
(566, 1, 566, 100.00, 0.00, '2013-12-30', '09:30:00', '2013-12-30 04:00:00', 1),
(567, 1, 567, 100.00, 0.00, '2013-12-30', '09:30:00', '2013-12-30 04:00:00', 1),
(568, 1, 568, 100.00, 0.00, '2013-12-30', '09:30:00', '2013-12-30 04:00:00', 1),
(569, 1, 569, 100.00, 0.00, '2013-12-30', '09:30:00', '2013-12-30 04:00:00', 1),
(570, 1, 570, 100.00, 0.00, '2013-12-30', '09:30:00', '2013-12-30 04:00:00', 1),
(571, 1, 571, 100.00, 0.00, '2013-12-30', '09:30:00', '2013-12-30 04:00:00', 1),
(572, 1, 572, 100.00, 0.00, '2013-12-30', '09:30:00', '2013-12-30 04:00:00', 1),
(573, 1, 573, 100.00, 0.00, '2013-12-30', '09:30:00', '2013-12-30 04:00:00', 1),
(574, 1, 574, 100.00, 0.00, '2013-12-30', '09:30:00', '2013-12-30 04:00:00', 1),
(575, 1, 575, 100.00, 0.00, '2013-12-30', '09:30:00', '2013-12-30 04:00:00', 1),
(576, 1, 576, 100.00, 0.00, '2013-12-30', '09:30:00', '2013-12-30 04:00:00', 1),
(577, 1, 577, 100.00, 0.00, '2013-12-30', '09:30:00', '2013-12-30 04:00:00', 1),
(578, 1, 578, 100.00, 0.00, '2013-12-30', '09:30:00', '2013-12-30 04:00:00', 1),
(579, 1, 579, 100.00, 0.00, '2013-12-30', '09:30:00', '2013-12-30 04:00:00', 1),
(580, 1, 580, 100.00, 0.00, '2013-12-30', '09:30:00', '2013-12-30 04:00:00', 1),
(581, 1, 581, 100.00, 0.00, '2013-12-30', '09:30:00', '2013-12-30 04:00:00', 1),
(582, 1, 582, 100.00, 0.00, '2013-12-30', '09:30:00', '2013-12-30 04:00:00', 1),
(583, 1, 583, 100.00, 0.00, '2013-12-30', '09:30:00', '2013-12-30 04:00:00', 1),
(584, 1, 584, 100.00, 0.00, '2013-12-30', '09:30:00', '2013-12-30 04:00:00', 1),
(585, 1, 585, 100.00, 0.00, '2013-12-30', '09:30:00', '2013-12-30 04:00:00', 1),
(586, 1, 586, 100.00, 0.00, '2013-12-30', '09:30:00', '2013-12-30 04:00:00', 1),
(587, 1, 587, 100.00, 0.00, '2013-12-30', '09:30:00', '2013-12-30 04:00:00', 1),
(588, 1, 588, 100.00, 0.00, '2013-12-30', '09:30:00', '2013-12-30 04:00:00', 1),
(589, 1, 589, 100.00, 0.00, '2013-12-30', '09:30:00', '2013-12-30 04:00:00', 1),
(590, 1, 590, 100.00, 0.00, '2013-12-30', '09:30:00', '2013-12-30 04:00:00', 1),
(591, 1, 591, 100.00, 0.00, '2013-12-30', '09:30:00', '2013-12-30 04:00:00', 1),
(592, 1, 592, 100.00, 0.00, '2013-12-30', '09:30:00', '2013-12-30 04:00:00', 1),
(593, 1, 593, 100.00, 0.00, '2013-12-30', '09:30:00', '2013-12-30 04:00:00', 1),
(594, 1, 594, 100.00, 0.00, '2013-12-30', '09:30:00', '2013-12-30 04:00:00', 1),
(595, 1, 595, 100.00, 0.00, '2013-12-30', '09:30:00', '2013-12-30 04:00:00', 1),
(596, 1, 596, 100.00, 0.00, '2013-12-30', '09:30:00', '2013-12-30 04:00:00', 1),
(597, 1, 597, 100.00, 0.00, '2013-12-30', '09:30:00', '2013-12-30 04:00:00', 1),
(598, 1, 598, 100.00, 0.00, '2013-12-30', '09:30:00', '2013-12-30 04:00:00', 1),
(599, 1, 599, 100.00, 0.00, '2013-12-30', '09:30:00', '2013-12-30 04:00:00', 1),
(600, 1, 600, 100.00, 0.00, '2013-12-30', '09:30:00', '2013-12-30 04:00:00', 1),
(601, 1, 601, 100.00, 0.00, '2013-12-30', '09:30:00', '2013-12-30 04:00:00', 1),
(602, 1, 602, 100.00, 0.00, '2013-12-30', '09:30:00', '2013-12-30 04:00:00', 1),
(603, 1, 603, 100.00, 0.00, '2013-12-30', '09:30:00', '2013-12-30 04:00:00', 1),
(604, 1, 604, 100.00, 0.00, '2013-12-30', '09:30:00', '2013-12-30 04:00:00', 1),
(605, 1, 605, 100.00, 0.00, '2013-12-30', '09:30:00', '2013-12-30 04:00:00', 1),
(606, 1, 606, 100.00, 0.00, '2013-12-30', '09:30:00', '2013-12-30 04:00:00', 1),
(607, 1, 607, 100.00, 0.00, '2013-12-30', '09:30:00', '2013-12-30 04:00:00', 1),
(608, 1, 608, 100.00, 0.00, '2013-12-30', '09:30:00', '2013-12-30 04:00:00', 1),
(609, 1, 609, 100.00, 0.00, '2013-12-30', '09:30:00', '2013-12-30 04:00:00', 1),
(610, 1, 610, 100.00, 0.00, '2013-12-30', '09:30:00', '2013-12-30 04:00:00', 1),
(611, 1, 611, 100.00, 0.00, '2013-12-30', '09:30:00', '2013-12-30 04:00:00', 1),
(612, 1, 612, 100.00, 0.00, '2013-12-30', '09:30:00', '2013-12-30 04:00:00', 1),
(613, 1, 613, 100.00, 0.00, '2013-12-30', '09:30:00', '2013-12-30 04:00:00', 1),
(614, 1, 614, 100.00, 0.00, '2013-12-30', '09:30:00', '2013-12-30 04:00:00', 1),
(615, 1, 615, 100.00, 0.00, '2013-12-30', '09:30:00', '2013-12-30 04:00:00', 1),
(616, 1, 616, 100.00, 0.00, '2013-12-30', '09:30:00', '2013-12-30 04:00:00', 1),
(617, 1, 617, 100.00, 0.00, '2013-12-30', '09:30:00', '2013-12-30 04:00:00', 1),
(618, 1, 618, 100.00, 0.00, '2013-12-30', '09:30:00', '2013-12-30 04:00:00', 1),
(619, 1, 619, 100.00, 0.00, '2013-12-30', '09:30:00', '2013-12-30 04:00:00', 1),
(620, 1, 620, 100.00, 0.00, '2013-12-30', '09:30:00', '2013-12-30 04:00:00', 1),
(621, 1, 621, 100.00, 0.00, '2013-12-30', '09:30:00', '2013-12-30 04:00:00', 1),
(622, 1, 622, 100.00, 0.00, '2013-12-30', '09:30:00', '2013-12-30 04:00:00', 1),
(623, 1, 623, 100.00, 0.00, '2013-12-30', '09:30:00', '2013-12-30 04:00:00', 1),
(624, 1, 624, 100.00, 0.00, '2013-12-30', '09:30:00', '2013-12-30 04:00:00', 1),
(625, 1, 625, 100.00, 0.00, '2013-12-30', '09:30:00', '2013-12-30 04:00:00', 1),
(626, 1, 626, 100.00, 0.00, '2013-12-30', '09:30:00', '2013-12-30 04:00:00', 1),
(627, 1, 627, 100.00, 0.00, '2013-12-30', '09:30:00', '2013-12-30 04:00:00', 1),
(628, 1, 628, 100.00, 0.00, '2013-12-30', '09:30:00', '2013-12-30 04:00:00', 1),
(629, 1, 629, 100.00, 0.00, '2013-12-30', '09:30:00', '2013-12-30 04:00:00', 1),
(630, 1, 630, 100.00, 0.00, '2013-12-30', '09:30:00', '2013-12-30 04:00:00', 1),
(631, 1, 631, 100.00, 0.00, '2013-12-30', '09:30:00', '2013-12-30 04:00:00', 1),
(632, 1, 632, 100.00, 0.00, '2013-12-30', '09:30:00', '2013-12-30 04:00:00', 1);
INSERT INTO `tbl_purchase_order_has_products` (`idl_purchase_order_has_products`, `id_purchase_order`, `id_products`, `item_qty`, `product_discount`, `added_date`, `added_time`, `added_timestamp`, `item_status`) VALUES
(633, 1, 633, 100.00, 0.00, '2013-12-30', '09:30:00', '2013-12-30 04:00:00', 1),
(634, 1, 634, 100.00, 0.00, '2013-12-30', '09:30:00', '2013-12-30 04:00:00', 1),
(635, 1, 635, 100.00, 0.00, '2013-12-30', '09:30:00', '2013-12-30 04:00:00', 1),
(636, 1, 636, 100.00, 0.00, '2013-12-30', '09:30:00', '2013-12-30 04:00:00', 1),
(637, 1, 637, 100.00, 0.00, '2013-12-30', '09:30:00', '2013-12-30 04:00:00', 1),
(638, 1, 638, 100.00, 0.00, '2013-12-30', '09:30:00', '2013-12-30 04:00:00', 1),
(639, 1, 639, 100.00, 0.00, '2013-12-30', '09:30:00', '2013-12-30 04:00:00', 1),
(640, 1, 640, 100.00, 0.00, '2013-12-30', '09:30:00', '2013-12-30 04:00:00', 1),
(641, 1, 641, 100.00, 0.00, '2013-12-30', '09:30:00', '2013-12-30 04:00:00', 1),
(642, 1, 642, 100.00, 0.00, '2013-12-30', '09:30:00', '2013-12-30 04:00:00', 1),
(643, 1, 643, 100.00, 0.00, '2013-12-30', '09:30:00', '2013-12-30 04:00:00', 1),
(644, 1, 644, 100.00, 0.00, '2013-12-30', '09:30:00', '2013-12-30 04:00:00', 1),
(645, 1, 645, 100.00, 0.00, '2013-12-30', '09:30:00', '2013-12-30 04:00:00', 1),
(646, 1, 646, 100.00, 0.00, '2013-12-30', '09:30:00', '2013-12-30 04:00:00', 1),
(647, 1, 647, 100.00, 0.00, '2013-12-30', '09:30:00', '2013-12-30 04:00:00', 1),
(648, 1, 648, 100.00, 0.00, '2013-12-30', '09:30:00', '2013-12-30 04:00:00', 1),
(649, 1, 649, 100.00, 0.00, '2013-12-30', '09:30:00', '2013-12-30 04:00:00', 1),
(650, 1, 650, 100.00, 0.00, '2013-12-30', '09:30:00', '2013-12-30 04:00:00', 1),
(651, 1, 651, 100.00, 0.00, '2013-12-30', '09:30:00', '2013-12-30 04:00:00', 1),
(652, 1, 652, 100.00, 0.00, '2013-12-30', '09:30:00', '2013-12-30 04:00:00', 1),
(653, 1, 653, 100.00, 0.00, '2013-12-30', '09:30:00', '2013-12-30 04:00:00', 1),
(654, 1, 654, 100.00, 0.00, '2013-12-30', '09:30:00', '2013-12-30 04:00:00', 1),
(655, 1, 655, 100.00, 0.00, '2013-12-30', '09:30:00', '2013-12-30 04:00:00', 1),
(656, 1, 656, 100.00, 0.00, '2013-12-30', '09:30:00', '2013-12-30 04:00:00', 1),
(657, 1, 657, 100.00, 0.00, '2013-12-30', '09:30:00', '2013-12-30 04:00:00', 1),
(658, 1, 658, 100.00, 0.00, '2013-12-30', '09:30:00', '2013-12-30 04:00:00', 1),
(659, 1, 659, 100.00, 0.00, '2013-12-30', '09:30:00', '2013-12-30 04:00:00', 1),
(660, 1, 660, 100.00, 0.00, '2013-12-30', '09:30:00', '2013-12-30 04:00:00', 1),
(661, 1, 661, 100.00, 0.00, '2013-12-30', '09:30:00', '2013-12-30 04:00:00', 1),
(662, 1, 662, 100.00, 0.00, '2013-12-30', '09:30:00', '2013-12-30 04:00:00', 1),
(663, 1, 663, 100.00, 0.00, '2013-12-30', '09:30:00', '2013-12-30 04:00:00', 1),
(664, 1, 664, 100.00, 0.00, '2013-12-30', '09:30:00', '2013-12-30 04:00:00', 1),
(665, 1, 665, 100.00, 0.00, '2013-12-30', '09:30:00', '2013-12-30 04:00:00', 1),
(666, 1, 666, 100.00, 0.00, '2013-12-30', '09:30:00', '2013-12-30 04:00:00', 1),
(667, 1, 667, 100.00, 0.00, '2013-12-30', '09:30:00', '2013-12-30 04:00:00', 1),
(668, 1, 668, 100.00, 0.00, '2013-12-30', '09:30:00', '2013-12-30 04:00:00', 1),
(669, 1, 669, 100.00, 0.00, '2013-12-30', '09:30:00', '2013-12-30 04:00:00', 1),
(670, 1, 670, 100.00, 0.00, '2013-12-30', '09:30:00', '2013-12-30 04:00:00', 1),
(671, 1, 671, 100.00, 0.00, '2013-12-30', '09:30:00', '2013-12-30 04:00:00', 1),
(672, 1, 672, 100.00, 0.00, '2013-12-30', '09:30:00', '2013-12-30 04:00:00', 1),
(673, 1, 673, 100.00, 0.00, '2013-12-30', '09:30:00', '2013-12-30 04:00:00', 1),
(674, 1, 674, 100.00, 0.00, '2013-12-30', '09:30:00', '2013-12-30 04:00:00', 1),
(675, 1, 675, 100.00, 0.00, '2013-12-30', '09:30:00', '2013-12-30 04:00:00', 1),
(676, 1, 676, 100.00, 0.00, '2013-12-30', '09:30:00', '2013-12-30 04:00:00', 1),
(677, 1, 677, 100.00, 0.00, '2013-12-30', '09:30:00', '2013-12-30 04:00:00', 1),
(678, 1, 678, 100.00, 0.00, '2013-12-30', '09:30:00', '2013-12-30 04:00:00', 1),
(679, 1, 679, 100.00, 0.00, '2013-12-30', '09:30:00', '2013-12-30 04:00:00', 1),
(680, 1, 680, 100.00, 0.00, '2013-12-30', '09:30:00', '2013-12-30 04:00:00', 1),
(681, 1, 681, 100.00, 0.00, '2013-12-30', '09:30:00', '2013-12-30 04:00:00', 1),
(682, 1, 682, 100.00, 0.00, '2013-12-30', '09:30:00', '2013-12-30 04:00:00', 1),
(683, 1, 683, 100.00, 0.00, '2013-12-30', '09:30:00', '2013-12-30 04:00:00', 1),
(684, 1, 684, 100.00, 0.00, '2013-12-30', '09:30:00', '2013-12-30 04:00:00', 1),
(685, 1, 685, 100.00, 0.00, '2013-12-30', '09:30:00', '2013-12-30 04:00:00', 1),
(686, 1, 686, 100.00, 0.00, '2013-12-30', '09:30:00', '2013-12-30 04:00:00', 1),
(687, 1, 687, 100.00, 0.00, '2013-12-30', '09:30:00', '2013-12-30 04:00:00', 1),
(688, 1, 688, 100.00, 0.00, '2013-12-30', '09:30:00', '2013-12-30 04:00:00', 1),
(689, 1, 689, 100.00, 0.00, '2013-12-30', '09:30:00', '2013-12-30 04:00:00', 1),
(690, 1, 690, 100.00, 0.00, '2013-12-30', '09:30:00', '2013-12-30 04:00:00', 1),
(691, 1, 691, 100.00, 0.00, '2013-12-30', '09:30:00', '2013-12-30 04:00:00', 1),
(692, 1, 692, 100.00, 0.00, '2013-12-30', '09:30:00', '2013-12-30 04:00:00', 1),
(693, 1, 693, 100.00, 0.00, '2013-12-30', '09:30:00', '2013-12-30 04:00:00', 1),
(694, 1, 694, 100.00, 0.00, '2013-12-30', '09:30:00', '2013-12-30 04:00:00', 1),
(695, 1, 695, 100.00, 0.00, '2013-12-30', '09:30:00', '2013-12-30 04:00:00', 1),
(696, 1, 696, 100.00, 0.00, '2013-12-30', '09:30:00', '2013-12-30 04:00:00', 1),
(697, 1, 697, 100.00, 0.00, '2013-12-30', '09:30:00', '2013-12-30 04:00:00', 1),
(698, 1, 698, 100.00, 0.00, '2013-12-30', '09:30:00', '2013-12-30 04:00:00', 1),
(699, 1, 699, 100.00, 0.00, '2013-12-30', '09:30:00', '2013-12-30 04:00:00', 1),
(700, 1, 700, 100.00, 0.00, '2013-12-30', '09:30:00', '2013-12-30 04:00:00', 1),
(701, 2, 31, 3.00, 0.00, '2014-01-07', '09:41:19', '2014-01-07 04:11:19', 1);

-- --------------------------------------------------------

--
-- Table structure for table `tbl_return_note`
--

CREATE TABLE IF NOT EXISTS `tbl_return_note` (
  `id_return_note` int(11) NOT NULL AUTO_INCREMENT,
  `id_employee_has_place` int(11) NOT NULL,
  `id_outlet_has_branch` int(11) NOT NULL,
  `id_sales_order` int(11) DEFAULT NULL,
  `return_note_code` varchar(100) DEFAULT NULL,
  `return_note_remark` text,
  `return_note_status` tinyint(4) NOT NULL DEFAULT '1',
  `added_date` date DEFAULT NULL,
  `added_time` time DEFAULT NULL,
  `added_timestamp` timestamp NOT NULL DEFAULT CURRENT_TIMESTAMP ON UPDATE CURRENT_TIMESTAMP,
  PRIMARY KEY (`id_return_note`),
  KEY `fk_tbl_return_note_tbl_employee_has_place1` (`id_employee_has_place`),
  KEY `fk_tbl_return_note_tbl_outlet_has_branch1` (`id_outlet_has_branch`),
  KEY `fk_tbl_return_note_tbl_sales_order1` (`id_sales_order`)
) ENGINE=InnoDB  DEFAULT CHARSET=latin1 AUTO_INCREMENT=120 ;

--
-- Dumping data for table `tbl_return_note`
--

INSERT INTO `tbl_return_note` (`id_return_note`, `id_employee_has_place`, `id_outlet_has_branch`, `id_sales_order`, `return_note_code`, `return_note_remark`, `return_note_status`, `added_date`, `added_time`, `added_timestamp`) VALUES
(119, 2, 38, 242, NULL, NULL, 1, '2013-12-24', '03:13:56', '2013-12-24 09:44:06');

-- --------------------------------------------------------

--
-- Table structure for table `tbl_return_note_product`
--

CREATE TABLE IF NOT EXISTS `tbl_return_note_product` (
  `id_return_note_product` int(11) NOT NULL AUTO_INCREMENT,
  `id_return_note` int(11) NOT NULL,
  `id_return_type` int(11) NOT NULL,
  `id_products` int(11) NOT NULL,
  `return_price` decimal(20,2) NOT NULL DEFAULT '0.00',
  `return_product_qty` decimal(20,2) NOT NULL DEFAULT '0.00',
  `return_invoice_no` varchar(45) NOT NULL,
  `return_product_status` tinyint(4) NOT NULL DEFAULT '1',
  `added_date` date NOT NULL,
  `added_time` time NOT NULL,
  `added_timestamp` timestamp NULL DEFAULT CURRENT_TIMESTAMP ON UPDATE CURRENT_TIMESTAMP,
  `return_remaks` varchar(500) NOT NULL,
  PRIMARY KEY (`id_return_note_product`),
  KEY `fk_tbl_return_note_product_tbl_return_note1` (`id_return_note`),
  KEY `fk_tbl_return_note_product_tbl_return_type1` (`id_return_type`),
  KEY `fk_tbl_return_note_product_tbl_products1` (`id_products`)
) ENGINE=InnoDB DEFAULT CHARSET=latin1 AUTO_INCREMENT=1 ;

-- --------------------------------------------------------

--
-- Table structure for table `tbl_return_type`
--

CREATE TABLE IF NOT EXISTS `tbl_return_type` (
  `id_return_type` int(11) NOT NULL AUTO_INCREMENT,
  `return_type` varchar(100) NOT NULL,
  `return_type_remark` varchar(500) DEFAULT NULL,
  `return_type_status` tinyint(4) NOT NULL DEFAULT '1',
  `added_date` date NOT NULL,
  `added_time` time NOT NULL,
  `added_timestamp` timestamp NOT NULL DEFAULT CURRENT_TIMESTAMP ON UPDATE CURRENT_TIMESTAMP,
  PRIMARY KEY (`id_return_type`)
) ENGINE=InnoDB  DEFAULT CHARSET=latin1 AUTO_INCREMENT=3 ;

--
-- Dumping data for table `tbl_return_type`
--

INSERT INTO `tbl_return_type` (`id_return_type`, `return_type`, `return_type_remark`, `return_type_status`, `added_date`, `added_time`, `added_timestamp`) VALUES
(1, 'Sales Return', NULL, 1, '2013-12-13', '09:18:59', '2013-12-13 13:16:44'),
(2, 'Market Return', NULL, 1, '2013-12-13', '09:18:59', '2013-12-13 13:17:44');

-- --------------------------------------------------------

--
-- Table structure for table `tbl_route_plan`
--

CREATE TABLE IF NOT EXISTS `tbl_route_plan` (
  `id_route_plan` int(8) NOT NULL AUTO_INCREMENT,
  `employee_has_place_id` int(10) NOT NULL,
  `added_date` date NOT NULL,
  `added_time` time NOT NULL,
  `time_stamp` timestamp NOT NULL DEFAULT CURRENT_TIMESTAMP ON UPDATE CURRENT_TIMESTAMP,
  PRIMARY KEY (`id_route_plan`),
  KEY `employee_has_place_id` (`employee_has_place_id`)
) ENGINE=InnoDB  DEFAULT CHARSET=latin1 AUTO_INCREMENT=2 ;

--
-- Dumping data for table `tbl_route_plan`
--

INSERT INTO `tbl_route_plan` (`id_route_plan`, `employee_has_place_id`, `added_date`, `added_time`, `time_stamp`) VALUES
(1, 3, '0000-00-00', '00:00:00', '2014-01-15 09:50:31');

-- --------------------------------------------------------

--
-- Table structure for table `tbl_route_plan_terratory`
--

CREATE TABLE IF NOT EXISTS `tbl_route_plan_terratory` (
  `tbl_route_plan_ter_id` int(11) NOT NULL AUTO_INCREMENT,
  `tbl_route_plan_id` int(11) NOT NULL,
  `terratory_id` int(11) NOT NULL,
  `target_st_date` date NOT NULL,
  `status` int(1) NOT NULL DEFAULT '1',
  `adde_date` date NOT NULL,
  `added_time` time NOT NULL,
  PRIMARY KEY (`tbl_route_plan_ter_id`),
  KEY `tbl_route_plan_id` (`tbl_route_plan_id`),
  KEY `terratory_id` (`terratory_id`)
) ENGINE=InnoDB  DEFAULT CHARSET=latin1 AUTO_INCREMENT=22 ;

--
-- Dumping data for table `tbl_route_plan_terratory`
--

INSERT INTO `tbl_route_plan_terratory` (`tbl_route_plan_ter_id`, `tbl_route_plan_id`, `terratory_id`, `target_st_date`, `status`, `adde_date`, `added_time`) VALUES
(13, 1, 4, '2014-01-15', 1, '0000-00-00', '00:00:00'),
(14, 1, 5, '2014-01-16', 1, '0000-00-00', '00:00:00'),
(15, 1, 6, '2014-01-17', 1, '0000-00-00', '00:00:00'),
(16, 1, 7, '2014-01-18', 1, '0000-00-00', '00:00:00'),
(17, 1, 8, '2014-01-19', 1, '0000-00-00', '00:00:00'),
(18, 1, 9, '2014-01-22', 1, '0000-00-00', '00:00:00'),
(19, 1, 10, '2014-01-23', 1, '0000-00-00', '00:00:00'),
(20, 1, 11, '2014-01-24', 1, '0000-00-00', '00:00:00'),
(21, 1, 12, '2014-01-25', 1, '0000-00-00', '00:00:00');

-- --------------------------------------------------------

--
-- Table structure for table `tbl_sales_order`
--

CREATE TABLE IF NOT EXISTS `tbl_sales_order` (
  `id_sales_order` int(11) NOT NULL AUTO_INCREMENT,
  `id_employee_has_place` int(11) NOT NULL,
  `id_outlet_has_branch` int(11) NOT NULL,
  `sales_order_code` varchar(100) DEFAULT NULL,
  `sales_order_remark` text,
  `sales_order_status` tinyint(4) NOT NULL DEFAULT '1',
  `added_date` date DEFAULT NULL,
  `added_time` time DEFAULT NULL,
  `added_timestamp` timestamp NOT NULL DEFAULT CURRENT_TIMESTAMP ON UPDATE CURRENT_TIMESTAMP,
  PRIMARY KEY (`id_sales_order`),
  KEY `fk_tbl_sales_order_tbl_employee_has_place2` (`id_employee_has_place`),
  KEY `fk_tbl_sales_order_tbl_outlet_has_branch1` (`id_outlet_has_branch`)
) ENGINE=InnoDB  DEFAULT CHARSET=latin1 AUTO_INCREMENT=244 ;

--
-- Dumping data for table `tbl_sales_order`
--

INSERT INTO `tbl_sales_order` (`id_sales_order`, `id_employee_has_place`, `id_outlet_has_branch`, `sales_order_code`, `sales_order_remark`, `sales_order_status`, `added_date`, `added_time`, `added_timestamp`) VALUES
(240, 2, 75, NULL, NULL, 1, '2013-12-24', '02:23:45', '2013-12-24 08:53:54'),
(241, 2, 75, NULL, NULL, 1, '2013-12-24', '02:29:15', '2013-12-24 08:59:22'),
(242, 2, 38, NULL, NULL, 1, '2013-12-24', '03:13:56', '2013-12-24 09:44:06'),
(243, 2, 33, NULL, NULL, 1, '2013-12-27', '12:22:04', '2013-12-27 06:52:13');

-- --------------------------------------------------------

--
-- Table structure for table `tbl_sales_order_products`
--

CREATE TABLE IF NOT EXISTS `tbl_sales_order_products` (
  `id_sales_order_products` int(11) NOT NULL AUTO_INCREMENT,
  `id_sales_order` int(11) NOT NULL,
  `id_products` int(11) NOT NULL,
  `product_qty` decimal(20,2) NOT NULL DEFAULT '0.00',
  `product_price` decimal(20,2) NOT NULL DEFAULT '0.00',
  `sales_order_products_status` tinyint(4) NOT NULL DEFAULT '1',
  `added_date` date DEFAULT NULL,
  `added_time` time DEFAULT NULL,
  `added_timestamp` timestamp NOT NULL DEFAULT CURRENT_TIMESTAMP ON UPDATE CURRENT_TIMESTAMP,
  `free_qty` decimal(20,2) NOT NULL DEFAULT '0.00',
  `discount` decimal(20,2) NOT NULL DEFAULT '0.00',
  PRIMARY KEY (`id_sales_order_products`),
  KEY `fk_tbl_sales_order_products_tbl_products1` (`id_products`),
  KEY `fk_tbl_sales_order_products_tbl_sales_order1` (`id_sales_order`)
) ENGINE=InnoDB  DEFAULT CHARSET=latin1 AUTO_INCREMENT=5 ;

--
-- Dumping data for table `tbl_sales_order_products`
--

INSERT INTO `tbl_sales_order_products` (`id_sales_order_products`, `id_sales_order`, `id_products`, `product_qty`, `product_price`, `sales_order_products_status`, `added_date`, `added_time`, `added_timestamp`, `free_qty`, `discount`) VALUES
(4, 243, 8, 2.00, 11190.00, 1, '2013-12-27', '12:22:04', '2013-12-27 06:52:13', 0.00, 0.00);

-- --------------------------------------------------------

--
-- Table structure for table `tbl_stock`
--

CREATE TABLE IF NOT EXISTS `tbl_stock` (
  `id_stock` int(11) NOT NULL AUTO_INCREMENT,
  `id_store` int(11) NOT NULL DEFAULT '0',
  `id_products` int(11) NOT NULL DEFAULT '0',
  `stock_status` tinyint(1) NOT NULL DEFAULT '1',
  `added_date` date NOT NULL DEFAULT '0000-00-00',
  `added_time` time NOT NULL DEFAULT '00:00:00',
  `added_timestamp` timestamp NOT NULL DEFAULT CURRENT_TIMESTAMP ON UPDATE CURRENT_TIMESTAMP,
  `qty` decimal(20,2) NOT NULL DEFAULT '0.00',
  PRIMARY KEY (`id_stock`),
  KEY `fk_tbl_stock_tbl_store1` (`id_store`),
  KEY `fk_tbl_stock_tbl_products1` (`id_products`)
) ENGINE=InnoDB  DEFAULT CHARSET=latin1 AUTO_INCREMENT=740 ;

--
-- Dumping data for table `tbl_stock`
--

INSERT INTO `tbl_stock` (`id_stock`, `id_store`, `id_products`, `stock_status`, `added_date`, `added_time`, `added_timestamp`, `qty`) VALUES
(40, 2, 14, 1, '2013-12-30', '10:01:58', '2013-12-30 04:31:58', 105.00),
(41, 2, 517, 1, '2013-12-30', '10:01:59', '2013-12-30 04:31:59', 110.00),
(42, 2, 8, 1, '2013-12-30', '10:01:58', '2013-12-30 04:31:58', 103.00),
(43, 2, 4, 1, '2013-12-30', '10:01:58', '2013-12-30 04:31:58', 110.00),
(44, 2, 145, 1, '2013-12-30', '10:01:58', '2013-12-30 04:31:58', 105.00),
(45, 2, 1, 1, '2013-12-30', '10:01:58', '2013-12-30 04:31:58', 100.00),
(46, 2, 2, 1, '2013-12-30', '10:01:58', '2013-12-30 04:31:58', 100.00),
(47, 2, 3, 1, '2013-12-30', '10:01:58', '2013-12-30 04:31:58', 100.00),
(48, 2, 5, 1, '2013-12-30', '10:01:58', '2013-12-30 04:31:58', 100.00),
(49, 2, 6, 1, '2013-12-30', '10:01:58', '2013-12-30 04:31:58', 100.00),
(50, 2, 7, 1, '2013-12-30', '10:01:58', '2013-12-30 04:31:58', 100.00),
(51, 2, 9, 1, '2013-12-30', '10:01:58', '2013-12-30 04:31:58', 100.00),
(52, 2, 10, 1, '2013-12-30', '10:01:58', '2013-12-30 04:31:58', 100.00),
(53, 2, 11, 1, '2013-12-30', '10:01:58', '2013-12-30 04:31:58', 100.00),
(54, 2, 12, 1, '2013-12-30', '10:01:58', '2013-12-30 04:31:58', 100.00),
(55, 2, 13, 1, '2013-12-30', '10:01:58', '2013-12-30 04:31:58', 100.00),
(56, 2, 15, 1, '2013-12-30', '10:01:58', '2013-12-30 04:31:58', 100.00),
(57, 2, 16, 1, '2013-12-30', '10:01:58', '2013-12-30 04:31:58', 100.00),
(58, 2, 17, 1, '2013-12-30', '10:01:58', '2013-12-30 04:31:58', 100.00),
(59, 2, 18, 1, '2013-12-30', '10:01:58', '2013-12-30 04:31:58', 100.00),
(60, 2, 19, 1, '2013-12-30', '10:01:58', '2013-12-30 04:31:58', 100.00),
(61, 2, 20, 1, '2013-12-30', '10:01:58', '2013-12-30 04:31:58', 100.00),
(62, 2, 21, 1, '2013-12-30', '10:01:58', '2013-12-30 04:31:58', 100.00),
(63, 2, 22, 1, '2013-12-30', '10:01:58', '2013-12-30 04:31:58', 100.00),
(64, 2, 23, 1, '2013-12-30', '10:01:58', '2013-12-30 04:31:58', 100.00),
(65, 2, 24, 1, '2013-12-30', '10:01:58', '2013-12-30 04:31:58', 100.00),
(66, 2, 25, 1, '2013-12-30', '10:01:58', '2013-12-30 04:31:58', 100.00),
(67, 2, 26, 1, '2013-12-30', '10:01:58', '2013-12-30 04:31:58', 100.00),
(68, 2, 27, 1, '2013-12-30', '10:01:58', '2013-12-30 04:31:58', 100.00),
(69, 2, 28, 1, '2013-12-30', '10:01:58', '2013-12-30 04:31:58', 100.00),
(70, 2, 29, 1, '2013-12-30', '10:01:58', '2013-12-30 04:31:58', 100.00),
(71, 2, 30, 1, '2013-12-30', '10:01:58', '2013-12-30 04:31:58', 100.00),
(72, 2, 31, 1, '2013-12-30', '10:01:58', '2013-12-30 04:31:58', 100.00),
(73, 2, 32, 1, '2013-12-30', '10:01:58', '2013-12-30 04:31:58', 100.00),
(74, 2, 33, 1, '2013-12-30', '10:01:58', '2013-12-30 04:31:58', 100.00),
(75, 2, 34, 1, '2013-12-30', '10:01:58', '2013-12-30 04:31:58', 100.00),
(76, 2, 35, 1, '2013-12-30', '10:01:58', '2013-12-30 04:31:58', 100.00),
(77, 2, 36, 1, '2013-12-30', '10:01:58', '2013-12-30 04:31:58', 100.00),
(78, 2, 37, 1, '2013-12-30', '10:01:58', '2013-12-30 04:31:58', 100.00),
(79, 2, 38, 1, '2013-12-30', '10:01:58', '2013-12-30 04:31:58', 100.00),
(80, 2, 39, 1, '2013-12-30', '10:01:58', '2013-12-30 04:31:58', 100.00),
(81, 2, 40, 1, '2013-12-30', '10:01:58', '2013-12-30 04:31:58', 100.00),
(82, 2, 41, 1, '2013-12-30', '10:01:58', '2013-12-30 04:31:58', 100.00),
(83, 2, 42, 1, '2013-12-30', '10:01:58', '2013-12-30 04:31:58', 100.00),
(84, 2, 43, 1, '2013-12-30', '10:01:58', '2013-12-30 04:31:58', 100.00),
(85, 2, 44, 1, '2013-12-30', '10:01:58', '2013-12-30 04:31:58', 100.00),
(86, 2, 45, 1, '2013-12-30', '10:01:58', '2013-12-30 04:31:58', 100.00),
(87, 2, 46, 1, '2013-12-30', '10:01:58', '2013-12-30 04:31:58', 100.00),
(88, 2, 47, 1, '2013-12-30', '10:01:58', '2013-12-30 04:31:58', 100.00),
(89, 2, 48, 1, '2013-12-30', '10:01:58', '2013-12-30 04:31:58', 100.00),
(90, 2, 49, 1, '2013-12-30', '10:01:58', '2013-12-30 04:31:58', 100.00),
(91, 2, 50, 1, '2013-12-30', '10:01:58', '2013-12-30 04:31:58', 100.00),
(92, 2, 51, 1, '2013-12-30', '10:01:58', '2013-12-30 04:31:58', 100.00),
(93, 2, 52, 1, '2013-12-30', '10:01:58', '2013-12-30 04:31:58', 100.00),
(94, 2, 53, 1, '2013-12-30', '10:01:58', '2013-12-30 04:31:58', 100.00),
(95, 2, 54, 1, '2013-12-30', '10:01:58', '2013-12-30 04:31:58', 100.00),
(96, 2, 55, 1, '2013-12-30', '10:01:58', '2013-12-30 04:31:58', 100.00),
(97, 2, 56, 1, '2013-12-30', '10:01:58', '2013-12-30 04:31:58', 100.00),
(98, 2, 57, 1, '2013-12-30', '10:01:58', '2013-12-30 04:31:58', 100.00),
(99, 2, 58, 1, '2013-12-30', '10:01:58', '2013-12-30 04:31:58', 100.00),
(100, 2, 59, 1, '2013-12-30', '10:01:58', '2013-12-30 04:31:58', 100.00),
(101, 2, 60, 1, '2013-12-30', '10:01:58', '2013-12-30 04:31:58', 100.00),
(102, 2, 61, 1, '2013-12-30', '10:01:58', '2013-12-30 04:31:58', 100.00),
(103, 2, 62, 1, '2013-12-30', '10:01:58', '2013-12-30 04:31:58', 100.00),
(104, 2, 63, 1, '2013-12-30', '10:01:58', '2013-12-30 04:31:58', 100.00),
(105, 2, 64, 1, '2013-12-30', '10:01:58', '2013-12-30 04:31:58', 100.00),
(106, 2, 65, 1, '2013-12-30', '10:01:58', '2013-12-30 04:31:58', 100.00),
(107, 2, 66, 1, '2013-12-30', '10:01:58', '2013-12-30 04:31:58', 100.00),
(108, 2, 67, 1, '2013-12-30', '10:01:58', '2013-12-30 04:31:58', 100.00),
(109, 2, 68, 1, '2013-12-30', '10:01:58', '2013-12-30 04:31:58', 100.00),
(110, 2, 69, 1, '2013-12-30', '10:01:58', '2013-12-30 04:31:58', 100.00),
(111, 2, 70, 1, '2013-12-30', '10:01:58', '2013-12-30 04:31:58', 100.00),
(112, 2, 71, 1, '2013-12-30', '10:01:58', '2013-12-30 04:31:58', 100.00),
(113, 2, 72, 1, '2013-12-30', '10:01:58', '2013-12-30 04:31:58', 100.00),
(114, 2, 73, 1, '2013-12-30', '10:01:58', '2013-12-30 04:31:58', 100.00),
(115, 2, 74, 1, '2013-12-30', '10:01:58', '2013-12-30 04:31:58', 100.00),
(116, 2, 75, 1, '2013-12-30', '10:01:58', '2013-12-30 04:31:58', 100.00),
(117, 2, 76, 1, '2013-12-30', '10:01:58', '2013-12-30 04:31:58', 100.00),
(118, 2, 77, 1, '2013-12-30', '10:01:58', '2013-12-30 04:31:58', 100.00),
(119, 2, 78, 1, '2013-12-30', '10:01:58', '2013-12-30 04:31:58', 100.00),
(120, 2, 79, 1, '2013-12-30', '10:01:58', '2013-12-30 04:31:58', 100.00),
(121, 2, 80, 1, '2013-12-30', '10:01:58', '2013-12-30 04:31:58', 100.00),
(122, 2, 81, 1, '2013-12-30', '10:01:58', '2013-12-30 04:31:58', 100.00),
(123, 2, 82, 1, '2013-12-30', '10:01:58', '2013-12-30 04:31:58', 100.00),
(124, 2, 83, 1, '2013-12-30', '10:01:58', '2013-12-30 04:31:58', 100.00),
(125, 2, 84, 1, '2013-12-30', '10:01:58', '2013-12-30 04:31:58', 100.00),
(126, 2, 85, 1, '2013-12-30', '10:01:58', '2013-12-30 04:31:58', 100.00),
(127, 2, 86, 1, '2013-12-30', '10:01:58', '2013-12-30 04:31:58', 100.00),
(128, 2, 87, 1, '2013-12-30', '10:01:58', '2013-12-30 04:31:58', 100.00),
(129, 2, 88, 1, '2013-12-30', '10:01:58', '2013-12-30 04:31:58', 100.00),
(130, 2, 89, 1, '2013-12-30', '10:01:58', '2013-12-30 04:31:58', 100.00),
(131, 2, 90, 1, '2013-12-30', '10:01:58', '2013-12-30 04:31:58', 100.00),
(132, 2, 91, 1, '2013-12-30', '10:01:58', '2013-12-30 04:31:58', 100.00),
(133, 2, 92, 1, '2013-12-30', '10:01:58', '2013-12-30 04:31:58', 100.00),
(134, 2, 93, 1, '2013-12-30', '10:01:58', '2013-12-30 04:31:58', 100.00),
(135, 2, 94, 1, '2013-12-30', '10:01:58', '2013-12-30 04:31:58', 100.00),
(136, 2, 95, 1, '2013-12-30', '10:01:58', '2013-12-30 04:31:58', 100.00),
(137, 2, 96, 1, '2013-12-30', '10:01:58', '2013-12-30 04:31:58', 100.00),
(138, 2, 97, 1, '2013-12-30', '10:01:58', '2013-12-30 04:31:58', 100.00),
(139, 2, 98, 1, '2013-12-30', '10:01:58', '2013-12-30 04:31:58', 100.00),
(140, 2, 99, 1, '2013-12-30', '10:01:58', '2013-12-30 04:31:58', 100.00),
(141, 2, 100, 1, '2013-12-30', '10:01:58', '2013-12-30 04:31:58', 100.00),
(142, 2, 101, 1, '2013-12-30', '10:01:58', '2013-12-30 04:31:58', 100.00),
(143, 2, 102, 1, '2013-12-30', '10:01:58', '2013-12-30 04:31:58', 100.00),
(144, 2, 103, 1, '2013-12-30', '10:01:58', '2013-12-30 04:31:58', 100.00),
(145, 2, 104, 1, '2013-12-30', '10:01:58', '2013-12-30 04:31:58', 100.00),
(146, 2, 105, 1, '2013-12-30', '10:01:58', '2013-12-30 04:31:58', 100.00),
(147, 2, 106, 1, '2013-12-30', '10:01:58', '2013-12-30 04:31:58', 100.00),
(148, 2, 107, 1, '2013-12-30', '10:01:58', '2013-12-30 04:31:58', 100.00),
(149, 2, 108, 1, '2013-12-30', '10:01:58', '2013-12-30 04:31:58', 100.00),
(150, 2, 109, 1, '2013-12-30', '10:01:58', '2013-12-30 04:31:58', 100.00),
(151, 2, 110, 1, '2013-12-30', '10:01:58', '2013-12-30 04:31:58', 100.00),
(152, 2, 111, 1, '2013-12-30', '10:01:58', '2013-12-30 04:31:58', 100.00),
(153, 2, 112, 1, '2013-12-30', '10:01:58', '2013-12-30 04:31:58', 100.00),
(154, 2, 113, 1, '2013-12-30', '10:01:58', '2013-12-30 04:31:58', 100.00),
(155, 2, 114, 1, '2013-12-30', '10:01:58', '2013-12-30 04:31:58', 100.00),
(156, 2, 115, 1, '2013-12-30', '10:01:58', '2013-12-30 04:31:58', 100.00),
(157, 2, 116, 1, '2013-12-30', '10:01:58', '2013-12-30 04:31:58', 100.00),
(158, 2, 117, 1, '2013-12-30', '10:01:58', '2013-12-30 04:31:58', 100.00),
(159, 2, 118, 1, '2013-12-30', '10:01:58', '2013-12-30 04:31:58', 100.00),
(160, 2, 119, 1, '2013-12-30', '10:01:58', '2013-12-30 04:31:58', 100.00),
(161, 2, 120, 1, '2013-12-30', '10:01:58', '2013-12-30 04:31:58', 100.00),
(162, 2, 121, 1, '2013-12-30', '10:01:58', '2013-12-30 04:31:58', 100.00),
(163, 2, 122, 1, '2013-12-30', '10:01:58', '2013-12-30 04:31:58', 100.00),
(164, 2, 123, 1, '2013-12-30', '10:01:58', '2013-12-30 04:31:58', 100.00),
(165, 2, 124, 1, '2013-12-30', '10:01:58', '2013-12-30 04:31:58', 100.00),
(166, 2, 125, 1, '2013-12-30', '10:01:58', '2013-12-30 04:31:58', 100.00),
(167, 2, 126, 1, '2013-12-30', '10:01:58', '2013-12-30 04:31:58', 100.00),
(168, 2, 127, 1, '2013-12-30', '10:01:58', '2013-12-30 04:31:58', 100.00),
(169, 2, 128, 1, '2013-12-30', '10:01:58', '2013-12-30 04:31:58', 100.00),
(170, 2, 129, 1, '2013-12-30', '10:01:58', '2013-12-30 04:31:58', 100.00),
(171, 2, 130, 1, '2013-12-30', '10:01:58', '2013-12-30 04:31:58', 100.00),
(172, 2, 131, 1, '2013-12-30', '10:01:58', '2013-12-30 04:31:58', 100.00),
(173, 2, 132, 1, '2013-12-30', '10:01:58', '2013-12-30 04:31:58', 100.00),
(174, 2, 133, 1, '2013-12-30', '10:01:58', '2013-12-30 04:31:58', 100.00),
(175, 2, 134, 1, '2013-12-30', '10:01:58', '2013-12-30 04:31:58', 100.00),
(176, 2, 135, 1, '2013-12-30', '10:01:58', '2013-12-30 04:31:58', 100.00),
(177, 2, 136, 1, '2013-12-30', '10:01:58', '2013-12-30 04:31:58', 100.00),
(178, 2, 137, 1, '2013-12-30', '10:01:58', '2013-12-30 04:31:58', 100.00),
(179, 2, 138, 1, '2013-12-30', '10:01:58', '2013-12-30 04:31:58', 100.00),
(180, 2, 139, 1, '2013-12-30', '10:01:58', '2013-12-30 04:31:58', 100.00),
(181, 2, 140, 1, '2013-12-30', '10:01:58', '2013-12-30 04:31:58', 100.00),
(182, 2, 141, 1, '2013-12-30', '10:01:58', '2013-12-30 04:31:58', 100.00),
(183, 2, 142, 1, '2013-12-30', '10:01:58', '2013-12-30 04:31:58', 100.00),
(184, 2, 143, 1, '2013-12-30', '10:01:58', '2013-12-30 04:31:58', 100.00),
(185, 2, 144, 1, '2013-12-30', '10:01:58', '2013-12-30 04:31:58', 100.00),
(186, 2, 146, 1, '2013-12-30', '10:01:58', '2013-12-30 04:31:58', 100.00),
(187, 2, 147, 1, '2013-12-30', '10:01:58', '2013-12-30 04:31:58', 100.00),
(188, 2, 148, 1, '2013-12-30', '10:01:58', '2013-12-30 04:31:58', 100.00),
(189, 2, 149, 1, '2013-12-30', '10:01:58', '2013-12-30 04:31:58', 100.00),
(190, 2, 150, 1, '2013-12-30', '10:01:58', '2013-12-30 04:31:58', 100.00),
(191, 2, 151, 1, '2013-12-30', '10:01:58', '2013-12-30 04:31:58', 100.00),
(192, 2, 152, 1, '2013-12-30', '10:01:58', '2013-12-30 04:31:58', 100.00),
(193, 2, 153, 1, '2013-12-30', '10:01:58', '2013-12-30 04:31:58', 100.00),
(194, 2, 154, 1, '2013-12-30', '10:01:58', '2013-12-30 04:31:58', 100.00),
(195, 2, 155, 1, '2013-12-30', '10:01:58', '2013-12-30 04:31:58', 100.00),
(196, 2, 156, 1, '2013-12-30', '10:01:58', '2013-12-30 04:31:58', 100.00),
(197, 2, 157, 1, '2013-12-30', '10:01:58', '2013-12-30 04:31:58', 100.00),
(198, 2, 158, 1, '2013-12-30', '10:01:58', '2013-12-30 04:31:58', 100.00),
(199, 2, 159, 1, '2013-12-30', '10:01:58', '2013-12-30 04:31:58', 100.00),
(200, 2, 160, 1, '2013-12-30', '10:01:58', '2013-12-30 04:31:58', 100.00),
(201, 2, 161, 1, '2013-12-30', '10:01:58', '2013-12-30 04:31:58', 100.00),
(202, 2, 162, 1, '2013-12-30', '10:01:58', '2013-12-30 04:31:58', 100.00),
(203, 2, 163, 1, '2013-12-30', '10:01:58', '2013-12-30 04:31:58', 100.00),
(204, 2, 164, 1, '2013-12-30', '10:01:58', '2013-12-30 04:31:58', 100.00),
(205, 2, 165, 1, '2013-12-30', '10:01:58', '2013-12-30 04:31:58', 100.00),
(206, 2, 166, 1, '2013-12-30', '10:01:58', '2013-12-30 04:31:58', 100.00),
(207, 2, 167, 1, '2013-12-30', '10:01:58', '2013-12-30 04:31:58', 100.00),
(208, 2, 168, 1, '2013-12-30', '10:01:58', '2013-12-30 04:31:58', 100.00),
(209, 2, 169, 1, '2013-12-30', '10:01:58', '2013-12-30 04:31:58', 100.00),
(210, 2, 170, 1, '2013-12-30', '10:01:58', '2013-12-30 04:31:58', 100.00),
(211, 2, 171, 1, '2013-12-30', '10:01:58', '2013-12-30 04:31:58', 100.00),
(212, 2, 172, 1, '2013-12-30', '10:01:58', '2013-12-30 04:31:58', 100.00),
(213, 2, 173, 1, '2013-12-30', '10:01:58', '2013-12-30 04:31:58', 100.00),
(214, 2, 174, 1, '2013-12-30', '10:01:58', '2013-12-30 04:31:58', 100.00),
(215, 2, 175, 1, '2013-12-30', '10:01:58', '2013-12-30 04:31:58', 100.00),
(216, 2, 176, 1, '2013-12-30', '10:01:58', '2013-12-30 04:31:58', 100.00),
(217, 2, 177, 1, '2013-12-30', '10:01:58', '2013-12-30 04:31:58', 100.00),
(218, 2, 178, 1, '2013-12-30', '10:01:58', '2013-12-30 04:31:58', 100.00),
(219, 2, 179, 1, '2013-12-30', '10:01:58', '2013-12-30 04:31:58', 100.00),
(220, 2, 180, 1, '2013-12-30', '10:01:58', '2013-12-30 04:31:58', 100.00),
(221, 2, 181, 1, '2013-12-30', '10:01:58', '2013-12-30 04:31:58', 100.00),
(222, 2, 182, 1, '2013-12-30', '10:01:58', '2013-12-30 04:31:58', 100.00),
(223, 2, 183, 1, '2013-12-30', '10:01:58', '2013-12-30 04:31:58', 100.00),
(224, 2, 184, 1, '2013-12-30', '10:01:58', '2013-12-30 04:31:58', 100.00),
(225, 2, 185, 1, '2013-12-30', '10:01:58', '2013-12-30 04:31:58', 100.00),
(226, 2, 186, 1, '2013-12-30', '10:01:58', '2013-12-30 04:31:58', 100.00),
(227, 2, 187, 1, '2013-12-30', '10:01:58', '2013-12-30 04:31:58', 100.00),
(228, 2, 188, 1, '2013-12-30', '10:01:58', '2013-12-30 04:31:58', 100.00),
(229, 2, 189, 1, '2013-12-30', '10:01:58', '2013-12-30 04:31:58', 100.00),
(230, 2, 190, 1, '2013-12-30', '10:01:58', '2013-12-30 04:31:58', 100.00),
(231, 2, 191, 1, '2013-12-30', '10:01:58', '2013-12-30 04:31:58', 100.00),
(232, 2, 192, 1, '2013-12-30', '10:01:58', '2013-12-30 04:31:58', 100.00),
(233, 2, 193, 1, '2013-12-30', '10:01:58', '2013-12-30 04:31:58', 100.00),
(234, 2, 194, 1, '2013-12-30', '10:01:58', '2013-12-30 04:31:58', 100.00),
(235, 2, 195, 1, '2013-12-30', '10:01:58', '2013-12-30 04:31:58', 100.00),
(236, 2, 196, 1, '2013-12-30', '10:01:58', '2013-12-30 04:31:58', 100.00),
(237, 2, 197, 1, '2013-12-30', '10:01:58', '2013-12-30 04:31:58', 100.00),
(238, 2, 198, 1, '2013-12-30', '10:01:58', '2013-12-30 04:31:58', 100.00),
(239, 2, 199, 1, '2013-12-30', '10:01:58', '2013-12-30 04:31:58', 100.00),
(240, 2, 200, 1, '2013-12-30', '10:01:58', '2013-12-30 04:31:58', 100.00),
(241, 2, 201, 1, '2013-12-30', '10:01:58', '2013-12-30 04:31:58', 100.00),
(242, 2, 202, 1, '2013-12-30', '10:01:58', '2013-12-30 04:31:58', 100.00),
(243, 2, 203, 1, '2013-12-30', '10:01:58', '2013-12-30 04:31:58', 100.00),
(244, 2, 204, 1, '2013-12-30', '10:01:58', '2013-12-30 04:31:58', 100.00),
(245, 2, 205, 1, '2013-12-30', '10:01:58', '2013-12-30 04:31:58', 100.00),
(246, 2, 206, 1, '2013-12-30', '10:01:58', '2013-12-30 04:31:58', 100.00),
(247, 2, 207, 1, '2013-12-30', '10:01:58', '2013-12-30 04:31:58', 100.00),
(248, 2, 208, 1, '2013-12-30', '10:01:58', '2013-12-30 04:31:58', 100.00),
(249, 2, 209, 1, '2013-12-30', '10:01:58', '2013-12-30 04:31:58', 100.00),
(250, 2, 210, 1, '2013-12-30', '10:01:58', '2013-12-30 04:31:58', 100.00),
(251, 2, 211, 1, '2013-12-30', '10:01:58', '2013-12-30 04:31:58', 100.00),
(252, 2, 212, 1, '2013-12-30', '10:01:58', '2013-12-30 04:31:58', 100.00),
(253, 2, 213, 1, '2013-12-30', '10:01:58', '2013-12-30 04:31:58', 100.00),
(254, 2, 214, 1, '2013-12-30', '10:01:58', '2013-12-30 04:31:58', 100.00),
(255, 2, 215, 1, '2013-12-30', '10:01:58', '2013-12-30 04:31:58', 100.00),
(256, 2, 216, 1, '2013-12-30', '10:01:58', '2013-12-30 04:31:58', 100.00),
(257, 2, 217, 1, '2013-12-30', '10:01:58', '2013-12-30 04:31:58', 100.00),
(258, 2, 218, 1, '2013-12-30', '10:01:58', '2013-12-30 04:31:58', 100.00),
(259, 2, 219, 1, '2013-12-30', '10:01:58', '2013-12-30 04:31:58', 100.00),
(260, 2, 220, 1, '2013-12-30', '10:01:58', '2013-12-30 04:31:58', 100.00),
(261, 2, 221, 1, '2013-12-30', '10:01:58', '2013-12-30 04:31:58', 100.00),
(262, 2, 222, 1, '2013-12-30', '10:01:58', '2013-12-30 04:31:58', 100.00),
(263, 2, 223, 1, '2013-12-30', '10:01:58', '2013-12-30 04:31:58', 100.00),
(264, 2, 224, 1, '2013-12-30', '10:01:58', '2013-12-30 04:31:58', 100.00),
(265, 2, 225, 1, '2013-12-30', '10:01:58', '2013-12-30 04:31:58', 100.00),
(266, 2, 226, 1, '2013-12-30', '10:01:58', '2013-12-30 04:31:58', 100.00),
(267, 2, 227, 1, '2013-12-30', '10:01:58', '2013-12-30 04:31:58', 100.00),
(268, 2, 228, 1, '2013-12-30', '10:01:58', '2013-12-30 04:31:58', 100.00),
(269, 2, 229, 1, '2013-12-30', '10:01:58', '2013-12-30 04:31:58', 100.00),
(270, 2, 230, 1, '2013-12-30', '10:01:58', '2013-12-30 04:31:58', 100.00),
(271, 2, 231, 1, '2013-12-30', '10:01:58', '2013-12-30 04:31:58', 100.00),
(272, 2, 232, 1, '2013-12-30', '10:01:58', '2013-12-30 04:31:58', 100.00),
(273, 2, 233, 1, '2013-12-30', '10:01:58', '2013-12-30 04:31:58', 100.00),
(274, 2, 234, 1, '2013-12-30', '10:01:58', '2013-12-30 04:31:58', 100.00),
(275, 2, 235, 1, '2013-12-30', '10:01:58', '2013-12-30 04:31:58', 100.00),
(276, 2, 236, 1, '2013-12-30', '10:01:58', '2013-12-30 04:31:58', 100.00),
(277, 2, 237, 1, '2013-12-30', '10:01:58', '2013-12-30 04:31:58', 100.00),
(278, 2, 238, 1, '2013-12-30', '10:01:58', '2013-12-30 04:31:58', 100.00),
(279, 2, 239, 1, '2013-12-30', '10:01:58', '2013-12-30 04:31:58', 100.00),
(280, 2, 240, 1, '2013-12-30', '10:01:58', '2013-12-30 04:31:58', 100.00),
(281, 2, 241, 1, '2013-12-30', '10:01:58', '2013-12-30 04:31:58', 100.00),
(282, 2, 242, 1, '2013-12-30', '10:01:58', '2013-12-30 04:31:58', 100.00),
(283, 2, 243, 1, '2013-12-30', '10:01:58', '2013-12-30 04:31:58', 100.00),
(284, 2, 244, 1, '2013-12-30', '10:01:58', '2013-12-30 04:31:58', 100.00),
(285, 2, 245, 1, '2013-12-30', '10:01:58', '2013-12-30 04:31:58', 100.00),
(286, 2, 246, 1, '2013-12-30', '10:01:58', '2013-12-30 04:31:58', 100.00),
(287, 2, 247, 1, '2013-12-30', '10:01:58', '2013-12-30 04:31:58', 100.00),
(288, 2, 248, 1, '2013-12-30', '10:01:58', '2013-12-30 04:31:59', 100.00),
(289, 2, 249, 1, '2013-12-30', '10:01:58', '2013-12-30 04:31:59', 100.00),
(290, 2, 250, 1, '2013-12-30', '10:01:58', '2013-12-30 04:31:59', 100.00),
(291, 2, 251, 1, '2013-12-30', '10:01:59', '2013-12-30 04:31:59', 100.00),
(292, 2, 252, 1, '2013-12-30', '10:01:59', '2013-12-30 04:31:59', 100.00),
(293, 2, 253, 1, '2013-12-30', '10:01:59', '2013-12-30 04:31:59', 100.00),
(294, 2, 254, 1, '2013-12-30', '10:01:59', '2013-12-30 04:31:59', 100.00),
(295, 2, 255, 1, '2013-12-30', '10:01:59', '2013-12-30 04:31:59', 100.00),
(296, 2, 256, 1, '2013-12-30', '10:01:59', '2013-12-30 04:31:59', 100.00),
(297, 2, 257, 1, '2013-12-30', '10:01:59', '2013-12-30 04:31:59', 100.00),
(298, 2, 258, 1, '2013-12-30', '10:01:59', '2013-12-30 04:31:59', 100.00),
(299, 2, 259, 1, '2013-12-30', '10:01:59', '2013-12-30 04:31:59', 100.00),
(300, 2, 260, 1, '2013-12-30', '10:01:59', '2013-12-30 04:31:59', 100.00),
(301, 2, 261, 1, '2013-12-30', '10:01:59', '2013-12-30 04:31:59', 100.00),
(302, 2, 262, 1, '2013-12-30', '10:01:59', '2013-12-30 04:31:59', 100.00),
(303, 2, 263, 1, '2013-12-30', '10:01:59', '2013-12-30 04:31:59', 100.00),
(304, 2, 264, 1, '2013-12-30', '10:01:59', '2013-12-30 04:31:59', 100.00),
(305, 2, 265, 1, '2013-12-30', '10:01:59', '2013-12-30 04:31:59', 100.00),
(306, 2, 266, 1, '2013-12-30', '10:01:59', '2013-12-30 04:31:59', 100.00),
(307, 2, 267, 1, '2013-12-30', '10:01:59', '2013-12-30 04:31:59', 100.00),
(308, 2, 268, 1, '2013-12-30', '10:01:59', '2013-12-30 04:31:59', 100.00),
(309, 2, 269, 1, '2013-12-30', '10:01:59', '2013-12-30 04:31:59', 100.00),
(310, 2, 270, 1, '2013-12-30', '10:01:59', '2013-12-30 04:31:59', 100.00),
(311, 2, 271, 1, '2013-12-30', '10:01:59', '2013-12-30 04:31:59', 100.00),
(312, 2, 272, 1, '2013-12-30', '10:01:59', '2013-12-30 04:31:59', 100.00),
(313, 2, 273, 1, '2013-12-30', '10:01:59', '2013-12-30 04:31:59', 100.00),
(314, 2, 274, 1, '2013-12-30', '10:01:59', '2013-12-30 04:31:59', 100.00),
(315, 2, 275, 1, '2013-12-30', '10:01:59', '2013-12-30 04:31:59', 100.00),
(316, 2, 276, 1, '2013-12-30', '10:01:59', '2013-12-30 04:31:59', 100.00),
(317, 2, 277, 1, '2013-12-30', '10:01:59', '2013-12-30 04:31:59', 100.00),
(318, 2, 278, 1, '2013-12-30', '10:01:59', '2013-12-30 04:31:59', 100.00),
(319, 2, 279, 1, '2013-12-30', '10:01:59', '2013-12-30 04:31:59', 100.00),
(320, 2, 280, 1, '2013-12-30', '10:01:59', '2013-12-30 04:31:59', 100.00),
(321, 2, 281, 1, '2013-12-30', '10:01:59', '2013-12-30 04:31:59', 100.00),
(322, 2, 282, 1, '2013-12-30', '10:01:59', '2013-12-30 04:31:59', 100.00),
(323, 2, 283, 1, '2013-12-30', '10:01:59', '2013-12-30 04:31:59', 100.00),
(324, 2, 284, 1, '2013-12-30', '10:01:59', '2013-12-30 04:31:59', 100.00),
(325, 2, 285, 1, '2013-12-30', '10:01:59', '2013-12-30 04:31:59', 100.00),
(326, 2, 286, 1, '2013-12-30', '10:01:59', '2013-12-30 04:31:59', 100.00),
(327, 2, 287, 1, '2013-12-30', '10:01:59', '2013-12-30 04:31:59', 100.00),
(328, 2, 288, 1, '2013-12-30', '10:01:59', '2013-12-30 04:31:59', 100.00),
(329, 2, 289, 1, '2013-12-30', '10:01:59', '2013-12-30 04:31:59', 100.00),
(330, 2, 290, 1, '2013-12-30', '10:01:59', '2013-12-30 04:31:59', 100.00),
(331, 2, 291, 1, '2013-12-30', '10:01:59', '2013-12-30 04:31:59', 100.00),
(332, 2, 292, 1, '2013-12-30', '10:01:59', '2013-12-30 04:31:59', 100.00),
(333, 2, 293, 1, '2013-12-30', '10:01:59', '2013-12-30 04:31:59', 100.00),
(334, 2, 294, 1, '2013-12-30', '10:01:59', '2013-12-30 04:31:59', 100.00),
(335, 2, 295, 1, '2013-12-30', '10:01:59', '2013-12-30 04:31:59', 100.00),
(336, 2, 296, 1, '2013-12-30', '10:01:59', '2013-12-30 04:31:59', 100.00),
(337, 2, 297, 1, '2013-12-30', '10:01:59', '2013-12-30 04:31:59', 100.00),
(338, 2, 298, 1, '2013-12-30', '10:01:59', '2013-12-30 04:31:59', 100.00),
(339, 2, 299, 1, '2013-12-30', '10:01:59', '2013-12-30 04:31:59', 100.00),
(340, 2, 300, 1, '2013-12-30', '10:01:59', '2013-12-30 04:31:59', 100.00),
(341, 2, 301, 1, '2013-12-30', '10:01:59', '2013-12-30 04:31:59', 100.00),
(342, 2, 302, 1, '2013-12-30', '10:01:59', '2013-12-30 04:31:59', 100.00),
(343, 2, 303, 1, '2013-12-30', '10:01:59', '2013-12-30 04:31:59', 100.00),
(344, 2, 304, 1, '2013-12-30', '10:01:59', '2013-12-30 04:31:59', 100.00),
(345, 2, 305, 1, '2013-12-30', '10:01:59', '2013-12-30 04:31:59', 100.00),
(346, 2, 306, 1, '2013-12-30', '10:01:59', '2013-12-30 04:31:59', 100.00),
(347, 2, 307, 1, '2013-12-30', '10:01:59', '2013-12-30 04:31:59', 100.00),
(348, 2, 308, 1, '2013-12-30', '10:01:59', '2013-12-30 04:31:59', 100.00),
(349, 2, 309, 1, '2013-12-30', '10:01:59', '2013-12-30 04:31:59', 100.00),
(350, 2, 310, 1, '2013-12-30', '10:01:59', '2013-12-30 04:31:59', 100.00),
(351, 2, 311, 1, '2013-12-30', '10:01:59', '2013-12-30 04:31:59', 100.00),
(352, 2, 312, 1, '2013-12-30', '10:01:59', '2013-12-30 04:31:59', 100.00),
(353, 2, 313, 1, '2013-12-30', '10:01:59', '2013-12-30 04:31:59', 100.00),
(354, 2, 314, 1, '2013-12-30', '10:01:59', '2013-12-30 04:31:59', 100.00),
(355, 2, 315, 1, '2013-12-30', '10:01:59', '2013-12-30 04:31:59', 100.00),
(356, 2, 316, 1, '2013-12-30', '10:01:59', '2013-12-30 04:31:59', 100.00),
(357, 2, 317, 1, '2013-12-30', '10:01:59', '2013-12-30 04:31:59', 100.00),
(358, 2, 318, 1, '2013-12-30', '10:01:59', '2013-12-30 04:31:59', 100.00),
(359, 2, 319, 1, '2013-12-30', '10:01:59', '2013-12-30 04:31:59', 100.00),
(360, 2, 320, 1, '2013-12-30', '10:01:59', '2013-12-30 04:31:59', 100.00),
(361, 2, 321, 1, '2013-12-30', '10:01:59', '2013-12-30 04:31:59', 100.00),
(362, 2, 322, 1, '2013-12-30', '10:01:59', '2013-12-30 04:31:59', 100.00),
(363, 2, 323, 1, '2013-12-30', '10:01:59', '2013-12-30 04:31:59', 100.00),
(364, 2, 324, 1, '2013-12-30', '10:01:59', '2013-12-30 04:31:59', 100.00),
(365, 2, 325, 1, '2013-12-30', '10:01:59', '2013-12-30 04:31:59', 100.00),
(366, 2, 326, 1, '2013-12-30', '10:01:59', '2013-12-30 04:31:59', 100.00),
(367, 2, 327, 1, '2013-12-30', '10:01:59', '2013-12-30 04:31:59', 100.00),
(368, 2, 328, 1, '2013-12-30', '10:01:59', '2013-12-30 04:31:59', 100.00),
(369, 2, 329, 1, '2013-12-30', '10:01:59', '2013-12-30 04:31:59', 100.00),
(370, 2, 330, 1, '2013-12-30', '10:01:59', '2013-12-30 04:31:59', 100.00),
(371, 2, 331, 1, '2013-12-30', '10:01:59', '2013-12-30 04:31:59', 100.00),
(372, 2, 332, 1, '2013-12-30', '10:01:59', '2013-12-30 04:31:59', 100.00),
(373, 2, 333, 1, '2013-12-30', '10:01:59', '2013-12-30 04:31:59', 100.00),
(374, 2, 334, 1, '2013-12-30', '10:01:59', '2013-12-30 04:31:59', 100.00),
(375, 2, 335, 1, '2013-12-30', '10:01:59', '2013-12-30 04:31:59', 100.00),
(376, 2, 336, 1, '2013-12-30', '10:01:59', '2013-12-30 04:31:59', 100.00),
(377, 2, 337, 1, '2013-12-30', '10:01:59', '2013-12-30 04:31:59', 100.00),
(378, 2, 338, 1, '2013-12-30', '10:01:59', '2013-12-30 04:31:59', 100.00),
(379, 2, 339, 1, '2013-12-30', '10:01:59', '2013-12-30 04:31:59', 100.00),
(380, 2, 340, 1, '2013-12-30', '10:01:59', '2013-12-30 04:31:59', 100.00),
(381, 2, 341, 1, '2013-12-30', '10:01:59', '2013-12-30 04:31:59', 100.00),
(382, 2, 342, 1, '2013-12-30', '10:01:59', '2013-12-30 04:31:59', 100.00),
(383, 2, 343, 1, '2013-12-30', '10:01:59', '2013-12-30 04:31:59', 100.00),
(384, 2, 344, 1, '2013-12-30', '10:01:59', '2013-12-30 04:31:59', 100.00),
(385, 2, 345, 1, '2013-12-30', '10:01:59', '2013-12-30 04:31:59', 100.00),
(386, 2, 346, 1, '2013-12-30', '10:01:59', '2013-12-30 04:31:59', 100.00),
(387, 2, 347, 1, '2013-12-30', '10:01:59', '2013-12-30 04:31:59', 100.00),
(388, 2, 348, 1, '2013-12-30', '10:01:59', '2013-12-30 04:31:59', 100.00),
(389, 2, 349, 1, '2013-12-30', '10:01:59', '2013-12-30 04:31:59', 100.00),
(390, 2, 350, 1, '2013-12-30', '10:01:59', '2013-12-30 04:31:59', 100.00),
(391, 2, 351, 1, '2013-12-30', '10:01:59', '2013-12-30 04:31:59', 100.00),
(392, 2, 352, 1, '2013-12-30', '10:01:59', '2013-12-30 04:31:59', 100.00),
(393, 2, 353, 1, '2013-12-30', '10:01:59', '2013-12-30 04:31:59', 100.00),
(394, 2, 354, 1, '2013-12-30', '10:01:59', '2013-12-30 04:31:59', 100.00),
(395, 2, 355, 1, '2013-12-30', '10:01:59', '2013-12-30 04:31:59', 100.00),
(396, 2, 356, 1, '2013-12-30', '10:01:59', '2013-12-30 04:31:59', 100.00),
(397, 2, 357, 1, '2013-12-30', '10:01:59', '2013-12-30 04:31:59', 100.00),
(398, 2, 358, 1, '2013-12-30', '10:01:59', '2013-12-30 04:31:59', 100.00),
(399, 2, 359, 1, '2013-12-30', '10:01:59', '2013-12-30 04:31:59', 100.00),
(400, 2, 360, 1, '2013-12-30', '10:01:59', '2013-12-30 04:31:59', 100.00),
(401, 2, 361, 1, '2013-12-30', '10:01:59', '2013-12-30 04:31:59', 100.00),
(402, 2, 362, 1, '2013-12-30', '10:01:59', '2013-12-30 04:31:59', 100.00),
(403, 2, 363, 1, '2013-12-30', '10:01:59', '2013-12-30 04:31:59', 100.00),
(404, 2, 364, 1, '2013-12-30', '10:01:59', '2013-12-30 04:31:59', 100.00),
(405, 2, 365, 1, '2013-12-30', '10:01:59', '2013-12-30 04:31:59', 100.00),
(406, 2, 366, 1, '2013-12-30', '10:01:59', '2013-12-30 04:31:59', 100.00),
(407, 2, 367, 1, '2013-12-30', '10:01:59', '2013-12-30 04:31:59', 100.00),
(408, 2, 368, 1, '2013-12-30', '10:01:59', '2013-12-30 04:31:59', 100.00),
(409, 2, 369, 1, '2013-12-30', '10:01:59', '2013-12-30 04:31:59', 100.00),
(410, 2, 370, 1, '2013-12-30', '10:01:59', '2013-12-30 04:31:59', 100.00),
(411, 2, 371, 1, '2013-12-30', '10:01:59', '2013-12-30 04:31:59', 100.00),
(412, 2, 372, 1, '2013-12-30', '10:01:59', '2013-12-30 04:31:59', 100.00),
(413, 2, 373, 1, '2013-12-30', '10:01:59', '2013-12-30 04:31:59', 100.00),
(414, 2, 374, 1, '2013-12-30', '10:01:59', '2013-12-30 04:31:59', 100.00),
(415, 2, 375, 1, '2013-12-30', '10:01:59', '2013-12-30 04:31:59', 100.00),
(416, 2, 376, 1, '2013-12-30', '10:01:59', '2013-12-30 04:31:59', 100.00),
(417, 2, 377, 1, '2013-12-30', '10:01:59', '2013-12-30 04:31:59', 100.00),
(418, 2, 378, 1, '2013-12-30', '10:01:59', '2013-12-30 04:31:59', 100.00),
(419, 2, 379, 1, '2013-12-30', '10:01:59', '2013-12-30 04:31:59', 100.00),
(420, 2, 380, 1, '2013-12-30', '10:01:59', '2013-12-30 04:31:59', 100.00),
(421, 2, 381, 1, '2013-12-30', '10:01:59', '2013-12-30 04:31:59', 100.00),
(422, 2, 382, 1, '2013-12-30', '10:01:59', '2013-12-30 04:31:59', 100.00),
(423, 2, 383, 1, '2013-12-30', '10:01:59', '2013-12-30 04:31:59', 100.00),
(424, 2, 384, 1, '2013-12-30', '10:01:59', '2013-12-30 04:31:59', 100.00),
(425, 2, 385, 1, '2013-12-30', '10:01:59', '2013-12-30 04:31:59', 100.00),
(426, 2, 386, 1, '2013-12-30', '10:01:59', '2013-12-30 04:31:59', 100.00),
(427, 2, 387, 1, '2013-12-30', '10:01:59', '2013-12-30 04:31:59', 100.00),
(428, 2, 388, 1, '2013-12-30', '10:01:59', '2013-12-30 04:31:59', 100.00),
(429, 2, 389, 1, '2013-12-30', '10:01:59', '2013-12-30 04:31:59', 100.00),
(430, 2, 390, 1, '2013-12-30', '10:01:59', '2013-12-30 04:31:59', 100.00),
(431, 2, 391, 1, '2013-12-30', '10:01:59', '2013-12-30 04:31:59', 100.00),
(432, 2, 392, 1, '2013-12-30', '10:01:59', '2013-12-30 04:31:59', 100.00),
(433, 2, 393, 1, '2013-12-30', '10:01:59', '2013-12-30 04:31:59', 100.00),
(434, 2, 394, 1, '2013-12-30', '10:01:59', '2013-12-30 04:31:59', 100.00),
(435, 2, 395, 1, '2013-12-30', '10:01:59', '2013-12-30 04:31:59', 100.00),
(436, 2, 396, 1, '2013-12-30', '10:01:59', '2013-12-30 04:31:59', 100.00),
(437, 2, 397, 1, '2013-12-30', '10:01:59', '2013-12-30 04:31:59', 100.00),
(438, 2, 398, 1, '2013-12-30', '10:01:59', '2013-12-30 04:31:59', 100.00),
(439, 2, 399, 1, '2013-12-30', '10:01:59', '2013-12-30 04:31:59', 100.00),
(440, 2, 400, 1, '2013-12-30', '10:01:59', '2013-12-30 04:31:59', 100.00),
(441, 2, 401, 1, '2013-12-30', '10:01:59', '2013-12-30 04:31:59', 100.00),
(442, 2, 402, 1, '2013-12-30', '10:01:59', '2013-12-30 04:31:59', 100.00),
(443, 2, 403, 1, '2013-12-30', '10:01:59', '2013-12-30 04:31:59', 100.00),
(444, 2, 404, 1, '2013-12-30', '10:01:59', '2013-12-30 04:31:59', 100.00),
(445, 2, 405, 1, '2013-12-30', '10:01:59', '2013-12-30 04:31:59', 100.00),
(446, 2, 406, 1, '2013-12-30', '10:01:59', '2013-12-30 04:31:59', 100.00),
(447, 2, 407, 1, '2013-12-30', '10:01:59', '2013-12-30 04:31:59', 100.00),
(448, 2, 408, 1, '2013-12-30', '10:01:59', '2013-12-30 04:31:59', 100.00),
(449, 2, 409, 1, '2013-12-30', '10:01:59', '2013-12-30 04:31:59', 100.00),
(450, 2, 410, 1, '2013-12-30', '10:01:59', '2013-12-30 04:31:59', 100.00),
(451, 2, 411, 1, '2013-12-30', '10:01:59', '2013-12-30 04:31:59', 100.00),
(452, 2, 412, 1, '2013-12-30', '10:01:59', '2013-12-30 04:31:59', 100.00),
(453, 2, 413, 1, '2013-12-30', '10:01:59', '2013-12-30 04:31:59', 100.00),
(454, 2, 414, 1, '2013-12-30', '10:01:59', '2013-12-30 04:31:59', 100.00),
(455, 2, 415, 1, '2013-12-30', '10:01:59', '2013-12-30 04:31:59', 100.00),
(456, 2, 416, 1, '2013-12-30', '10:01:59', '2013-12-30 04:31:59', 100.00),
(457, 2, 417, 1, '2013-12-30', '10:01:59', '2013-12-30 04:31:59', 100.00),
(458, 2, 418, 1, '2013-12-30', '10:01:59', '2013-12-30 04:31:59', 100.00),
(459, 2, 419, 1, '2013-12-30', '10:01:59', '2013-12-30 04:31:59', 100.00),
(460, 2, 420, 1, '2013-12-30', '10:01:59', '2013-12-30 04:31:59', 100.00),
(461, 2, 421, 1, '2013-12-30', '10:01:59', '2013-12-30 04:31:59', 100.00),
(462, 2, 422, 1, '2013-12-30', '10:01:59', '2013-12-30 04:31:59', 100.00),
(463, 2, 423, 1, '2013-12-30', '10:01:59', '2013-12-30 04:31:59', 100.00),
(464, 2, 424, 1, '2013-12-30', '10:01:59', '2013-12-30 04:31:59', 100.00),
(465, 2, 425, 1, '2013-12-30', '10:01:59', '2013-12-30 04:31:59', 100.00),
(466, 2, 426, 1, '2013-12-30', '10:01:59', '2013-12-30 04:31:59', 100.00),
(467, 2, 427, 1, '2013-12-30', '10:01:59', '2013-12-30 04:31:59', 100.00),
(468, 2, 428, 1, '2013-12-30', '10:01:59', '2013-12-30 04:31:59', 100.00),
(469, 2, 429, 1, '2013-12-30', '10:01:59', '2013-12-30 04:31:59', 100.00),
(470, 2, 430, 1, '2013-12-30', '10:01:59', '2013-12-30 04:31:59', 100.00),
(471, 2, 431, 1, '2013-12-30', '10:01:59', '2013-12-30 04:31:59', 100.00),
(472, 2, 432, 1, '2013-12-30', '10:01:59', '2013-12-30 04:31:59', 100.00),
(473, 2, 433, 1, '2013-12-30', '10:01:59', '2013-12-30 04:31:59', 100.00),
(474, 2, 434, 1, '2013-12-30', '10:01:59', '2013-12-30 04:31:59', 100.00),
(475, 2, 435, 1, '2013-12-30', '10:01:59', '2013-12-30 04:31:59', 100.00),
(476, 2, 436, 1, '2013-12-30', '10:01:59', '2013-12-30 04:31:59', 100.00),
(477, 2, 437, 1, '2013-12-30', '10:01:59', '2013-12-30 04:31:59', 100.00),
(478, 2, 438, 1, '2013-12-30', '10:01:59', '2013-12-30 04:31:59', 100.00),
(479, 2, 439, 1, '2013-12-30', '10:01:59', '2013-12-30 04:31:59', 100.00),
(480, 2, 440, 1, '2013-12-30', '10:01:59', '2013-12-30 04:31:59', 100.00),
(481, 2, 441, 1, '2013-12-30', '10:01:59', '2013-12-30 04:31:59', 100.00),
(482, 2, 442, 1, '2013-12-30', '10:01:59', '2013-12-30 04:31:59', 100.00),
(483, 2, 443, 1, '2013-12-30', '10:01:59', '2013-12-30 04:31:59', 100.00),
(484, 2, 444, 1, '2013-12-30', '10:01:59', '2013-12-30 04:31:59', 100.00),
(485, 2, 445, 1, '2013-12-30', '10:01:59', '2013-12-30 04:31:59', 100.00),
(486, 2, 446, 1, '2013-12-30', '10:01:59', '2013-12-30 04:31:59', 100.00),
(487, 2, 447, 1, '2013-12-30', '10:01:59', '2013-12-30 04:31:59', 100.00),
(488, 2, 448, 1, '2013-12-30', '10:01:59', '2013-12-30 04:31:59', 100.00),
(489, 2, 449, 1, '2013-12-30', '10:01:59', '2013-12-30 04:31:59', 100.00),
(490, 2, 450, 1, '2013-12-30', '10:01:59', '2013-12-30 04:31:59', 100.00),
(491, 2, 451, 1, '2013-12-30', '10:01:59', '2013-12-30 04:31:59', 100.00),
(492, 2, 452, 1, '2013-12-30', '10:01:59', '2013-12-30 04:31:59', 100.00),
(493, 2, 453, 1, '2013-12-30', '10:01:59', '2013-12-30 04:31:59', 100.00),
(494, 2, 454, 1, '2013-12-30', '10:01:59', '2013-12-30 04:31:59', 100.00),
(495, 2, 455, 1, '2013-12-30', '10:01:59', '2013-12-30 04:31:59', 100.00),
(496, 2, 456, 1, '2013-12-30', '10:01:59', '2013-12-30 04:31:59', 100.00),
(497, 2, 457, 1, '2013-12-30', '10:01:59', '2013-12-30 04:31:59', 100.00),
(498, 2, 458, 1, '2013-12-30', '10:01:59', '2013-12-30 04:31:59', 100.00),
(499, 2, 459, 1, '2013-12-30', '10:01:59', '2013-12-30 04:31:59', 100.00),
(500, 2, 460, 1, '2013-12-30', '10:01:59', '2013-12-30 04:31:59', 100.00),
(501, 2, 461, 1, '2013-12-30', '10:01:59', '2013-12-30 04:31:59', 100.00),
(502, 2, 462, 1, '2013-12-30', '10:01:59', '2013-12-30 04:31:59', 100.00),
(503, 2, 463, 1, '2013-12-30', '10:01:59', '2013-12-30 04:31:59', 100.00),
(504, 2, 464, 1, '2013-12-30', '10:01:59', '2013-12-30 04:31:59', 100.00),
(505, 2, 465, 1, '2013-12-30', '10:01:59', '2013-12-30 04:31:59', 100.00),
(506, 2, 466, 1, '2013-12-30', '10:01:59', '2013-12-30 04:31:59', 100.00),
(507, 2, 467, 1, '2013-12-30', '10:01:59', '2013-12-30 04:31:59', 100.00),
(508, 2, 468, 1, '2013-12-30', '10:01:59', '2013-12-30 04:31:59', 100.00),
(509, 2, 469, 1, '2013-12-30', '10:01:59', '2013-12-30 04:31:59', 100.00),
(510, 2, 470, 1, '2013-12-30', '10:01:59', '2013-12-30 04:31:59', 100.00),
(511, 2, 471, 1, '2013-12-30', '10:01:59', '2013-12-30 04:31:59', 100.00),
(512, 2, 472, 1, '2013-12-30', '10:01:59', '2013-12-30 04:31:59', 100.00),
(513, 2, 473, 1, '2013-12-30', '10:01:59', '2013-12-30 04:31:59', 100.00),
(514, 2, 474, 1, '2013-12-30', '10:01:59', '2013-12-30 04:31:59', 100.00),
(515, 2, 475, 1, '2013-12-30', '10:01:59', '2013-12-30 04:31:59', 100.00),
(516, 2, 476, 1, '2013-12-30', '10:01:59', '2013-12-30 04:31:59', 100.00),
(517, 2, 477, 1, '2013-12-30', '10:01:59', '2013-12-30 04:31:59', 100.00),
(518, 2, 478, 1, '2013-12-30', '10:01:59', '2013-12-30 04:31:59', 100.00),
(519, 2, 479, 1, '2013-12-30', '10:01:59', '2013-12-30 04:31:59', 100.00),
(520, 2, 480, 1, '2013-12-30', '10:01:59', '2013-12-30 04:31:59', 100.00),
(521, 2, 481, 1, '2013-12-30', '10:01:59', '2013-12-30 04:31:59', 100.00),
(522, 2, 482, 1, '2013-12-30', '10:01:59', '2013-12-30 04:31:59', 100.00),
(523, 2, 483, 1, '2013-12-30', '10:01:59', '2013-12-30 04:31:59', 100.00),
(524, 2, 484, 1, '2013-12-30', '10:01:59', '2013-12-30 04:31:59', 100.00),
(525, 2, 485, 1, '2013-12-30', '10:01:59', '2013-12-30 04:31:59', 100.00),
(526, 2, 486, 1, '2013-12-30', '10:01:59', '2013-12-30 04:31:59', 100.00),
(527, 2, 487, 1, '2013-12-30', '10:01:59', '2013-12-30 04:31:59', 100.00),
(528, 2, 488, 1, '2013-12-30', '10:01:59', '2013-12-30 04:31:59', 100.00),
(529, 2, 489, 1, '2013-12-30', '10:01:59', '2013-12-30 04:31:59', 100.00),
(530, 2, 490, 1, '2013-12-30', '10:01:59', '2013-12-30 04:31:59', 100.00),
(531, 2, 491, 1, '2013-12-30', '10:01:59', '2013-12-30 04:31:59', 100.00),
(532, 2, 492, 1, '2013-12-30', '10:01:59', '2013-12-30 04:31:59', 100.00),
(533, 2, 493, 1, '2013-12-30', '10:01:59', '2013-12-30 04:31:59', 100.00),
(534, 2, 494, 1, '2013-12-30', '10:01:59', '2013-12-30 04:31:59', 100.00),
(535, 2, 495, 1, '2013-12-30', '10:01:59', '2013-12-30 04:31:59', 100.00),
(536, 2, 496, 1, '2013-12-30', '10:01:59', '2013-12-30 04:31:59', 100.00),
(537, 2, 497, 1, '2013-12-30', '10:01:59', '2013-12-30 04:31:59', 100.00),
(538, 2, 498, 1, '2013-12-30', '10:01:59', '2013-12-30 04:31:59', 100.00),
(539, 2, 499, 1, '2013-12-30', '10:01:59', '2013-12-30 04:31:59', 100.00),
(540, 2, 500, 1, '2013-12-30', '10:01:59', '2013-12-30 04:31:59', 100.00),
(541, 2, 501, 1, '2013-12-30', '10:01:59', '2013-12-30 04:31:59', 100.00),
(542, 2, 502, 1, '2013-12-30', '10:01:59', '2013-12-30 04:31:59', 100.00),
(543, 2, 503, 1, '2013-12-30', '10:01:59', '2013-12-30 04:31:59', 100.00),
(544, 2, 504, 1, '2013-12-30', '10:01:59', '2013-12-30 04:31:59', 100.00),
(545, 2, 505, 1, '2013-12-30', '10:01:59', '2013-12-30 04:31:59', 100.00),
(546, 2, 506, 1, '2013-12-30', '10:01:59', '2013-12-30 04:31:59', 100.00),
(547, 2, 507, 1, '2013-12-30', '10:01:59', '2013-12-30 04:31:59', 100.00),
(548, 2, 508, 1, '2013-12-30', '10:01:59', '2013-12-30 04:31:59', 100.00),
(549, 2, 509, 1, '2013-12-30', '10:01:59', '2013-12-30 04:31:59', 100.00),
(550, 2, 510, 1, '2013-12-30', '10:01:59', '2013-12-30 04:31:59', 100.00),
(551, 2, 511, 1, '2013-12-30', '10:01:59', '2013-12-30 04:31:59', 100.00),
(552, 2, 512, 1, '2013-12-30', '10:01:59', '2013-12-30 04:31:59', 100.00),
(553, 2, 513, 1, '2013-12-30', '10:01:59', '2013-12-30 04:31:59', 100.00),
(554, 2, 514, 1, '2013-12-30', '10:01:59', '2013-12-30 04:31:59', 100.00),
(555, 2, 515, 1, '2013-12-30', '10:01:59', '2013-12-30 04:31:59', 100.00),
(556, 2, 516, 1, '2013-12-30', '10:01:59', '2013-12-30 04:31:59', 100.00),
(557, 2, 518, 1, '2013-12-30', '10:01:59', '2013-12-30 04:31:59', 100.00),
(558, 2, 519, 1, '2013-12-30', '10:01:59', '2013-12-30 04:31:59', 100.00),
(559, 2, 520, 1, '2013-12-30', '10:01:59', '2013-12-30 04:31:59', 100.00),
(560, 2, 521, 1, '2013-12-30', '10:01:59', '2013-12-30 04:31:59', 100.00),
(561, 2, 522, 1, '2013-12-30', '10:01:59', '2013-12-30 04:31:59', 100.00),
(562, 2, 523, 1, '2013-12-30', '10:01:59', '2013-12-30 04:31:59', 100.00),
(563, 2, 524, 1, '2013-12-30', '10:01:59', '2013-12-30 04:31:59', 100.00),
(564, 2, 525, 1, '2013-12-30', '10:01:59', '2013-12-30 04:31:59', 100.00),
(565, 2, 526, 1, '2013-12-30', '10:01:59', '2013-12-30 04:31:59', 100.00),
(566, 2, 527, 1, '2013-12-30', '10:01:59', '2013-12-30 04:31:59', 100.00),
(567, 2, 528, 1, '2013-12-30', '10:01:59', '2013-12-30 04:31:59', 100.00),
(568, 2, 529, 1, '2013-12-30', '10:01:59', '2013-12-30 04:31:59', 100.00),
(569, 2, 530, 1, '2013-12-30', '10:01:59', '2013-12-30 04:31:59', 100.00),
(570, 2, 531, 1, '2013-12-30', '10:01:59', '2013-12-30 04:31:59', 100.00),
(571, 2, 532, 1, '2013-12-30', '10:01:59', '2013-12-30 04:31:59', 100.00),
(572, 2, 533, 1, '2013-12-30', '10:01:59', '2013-12-30 04:31:59', 100.00),
(573, 2, 534, 1, '2013-12-30', '10:01:59', '2013-12-30 04:31:59', 100.00),
(574, 2, 535, 1, '2013-12-30', '10:01:59', '2013-12-30 04:31:59', 100.00),
(575, 2, 536, 1, '2013-12-30', '10:01:59', '2013-12-30 04:31:59', 100.00),
(576, 2, 537, 1, '2013-12-30', '10:01:59', '2013-12-30 04:31:59', 100.00),
(577, 2, 538, 1, '2013-12-30', '10:01:59', '2013-12-30 04:31:59', 100.00),
(578, 2, 539, 1, '2013-12-30', '10:01:59', '2013-12-30 04:31:59', 100.00),
(579, 2, 540, 1, '2013-12-30', '10:01:59', '2013-12-30 04:31:59', 100.00),
(580, 2, 541, 1, '2013-12-30', '10:01:59', '2013-12-30 04:31:59', 100.00),
(581, 2, 542, 1, '2013-12-30', '10:01:59', '2013-12-30 04:31:59', 100.00),
(582, 2, 543, 1, '2013-12-30', '10:01:59', '2013-12-30 04:31:59', 100.00),
(583, 2, 544, 1, '2013-12-30', '10:01:59', '2013-12-30 04:31:59', 100.00),
(584, 2, 545, 1, '2013-12-30', '10:01:59', '2013-12-30 04:31:59', 100.00),
(585, 2, 546, 1, '2013-12-30', '10:01:59', '2013-12-30 04:31:59', 100.00),
(586, 2, 547, 1, '2013-12-30', '10:01:59', '2013-12-30 04:31:59', 100.00),
(587, 2, 548, 1, '2013-12-30', '10:01:59', '2013-12-30 04:31:59', 100.00),
(588, 2, 549, 1, '2013-12-30', '10:01:59', '2013-12-30 04:31:59', 100.00),
(589, 2, 550, 1, '2013-12-30', '10:01:59', '2013-12-30 04:31:59', 100.00),
(590, 2, 551, 1, '2013-12-30', '10:01:59', '2013-12-30 04:31:59', 100.00),
(591, 2, 552, 1, '2013-12-30', '10:01:59', '2013-12-30 04:31:59', 100.00),
(592, 2, 553, 1, '2013-12-30', '10:01:59', '2013-12-30 04:31:59', 100.00),
(593, 2, 554, 1, '2013-12-30', '10:01:59', '2013-12-30 04:31:59', 100.00),
(594, 2, 555, 1, '2013-12-30', '10:01:59', '2013-12-30 04:31:59', 100.00),
(595, 2, 556, 1, '2013-12-30', '10:01:59', '2013-12-30 04:31:59', 100.00),
(596, 2, 557, 1, '2013-12-30', '10:01:59', '2013-12-30 04:31:59', 100.00),
(597, 2, 558, 1, '2013-12-30', '10:01:59', '2013-12-30 04:31:59', 100.00),
(598, 2, 559, 1, '2013-12-30', '10:01:59', '2013-12-30 04:31:59', 100.00),
(599, 2, 560, 1, '2013-12-30', '10:01:59', '2013-12-30 04:31:59', 100.00),
(600, 2, 561, 1, '2013-12-30', '10:01:59', '2013-12-30 04:31:59', 100.00),
(601, 2, 562, 1, '2013-12-30', '10:01:59', '2013-12-30 04:31:59', 100.00),
(602, 2, 563, 1, '2013-12-30', '10:01:59', '2013-12-30 04:31:59', 100.00),
(603, 2, 564, 1, '2013-12-30', '10:01:59', '2013-12-30 04:31:59', 100.00),
(604, 2, 565, 1, '2013-12-30', '10:01:59', '2013-12-30 04:31:59', 100.00),
(605, 2, 566, 1, '2013-12-30', '10:01:59', '2013-12-30 04:31:59', 100.00),
(606, 2, 567, 1, '2013-12-30', '10:01:59', '2013-12-30 04:31:59', 100.00),
(607, 2, 568, 1, '2013-12-30', '10:01:59', '2013-12-30 04:31:59', 100.00),
(608, 2, 569, 1, '2013-12-30', '10:01:59', '2013-12-30 04:31:59', 100.00),
(609, 2, 570, 1, '2013-12-30', '10:01:59', '2013-12-30 04:31:59', 100.00),
(610, 2, 571, 1, '2013-12-30', '10:01:59', '2013-12-30 04:31:59', 100.00),
(611, 2, 572, 1, '2013-12-30', '10:01:59', '2013-12-30 04:31:59', 100.00),
(612, 2, 573, 1, '2013-12-30', '10:01:59', '2013-12-30 04:31:59', 100.00),
(613, 2, 574, 1, '2013-12-30', '10:01:59', '2013-12-30 04:31:59', 100.00),
(614, 2, 575, 1, '2013-12-30', '10:01:59', '2013-12-30 04:31:59', 100.00),
(615, 2, 576, 1, '2013-12-30', '10:01:59', '2013-12-30 04:31:59', 100.00),
(616, 2, 577, 1, '2013-12-30', '10:01:59', '2013-12-30 04:31:59', 100.00),
(617, 2, 578, 1, '2013-12-30', '10:01:59', '2013-12-30 04:31:59', 100.00),
(618, 2, 579, 1, '2013-12-30', '10:01:59', '2013-12-30 04:31:59', 100.00),
(619, 2, 580, 1, '2013-12-30', '10:01:59', '2013-12-30 04:31:59', 100.00),
(620, 2, 581, 1, '2013-12-30', '10:01:59', '2013-12-30 04:31:59', 100.00),
(621, 2, 582, 1, '2013-12-30', '10:01:59', '2013-12-30 04:31:59', 100.00),
(622, 2, 583, 1, '2013-12-30', '10:01:59', '2013-12-30 04:31:59', 100.00),
(623, 2, 584, 1, '2013-12-30', '10:01:59', '2013-12-30 04:31:59', 100.00),
(624, 2, 585, 1, '2013-12-30', '10:01:59', '2013-12-30 04:31:59', 100.00),
(625, 2, 586, 1, '2013-12-30', '10:01:59', '2013-12-30 04:31:59', 100.00),
(626, 2, 587, 1, '2013-12-30', '10:01:59', '2013-12-30 04:31:59', 100.00),
(627, 2, 588, 1, '2013-12-30', '10:01:59', '2013-12-30 04:31:59', 100.00),
(628, 2, 589, 1, '2013-12-30', '10:01:59', '2013-12-30 04:31:59', 100.00),
(629, 2, 590, 1, '2013-12-30', '10:01:59', '2013-12-30 04:31:59', 100.00),
(630, 2, 591, 1, '2013-12-30', '10:01:59', '2013-12-30 04:31:59', 100.00),
(631, 2, 592, 1, '2013-12-30', '10:01:59', '2013-12-30 04:31:59', 100.00),
(632, 2, 593, 1, '2013-12-30', '10:01:59', '2013-12-30 04:31:59', 100.00),
(633, 2, 594, 1, '2013-12-30', '10:01:59', '2013-12-30 04:31:59', 100.00),
(634, 2, 595, 1, '2013-12-30', '10:01:59', '2013-12-30 04:31:59', 100.00),
(635, 2, 596, 1, '2013-12-30', '10:01:59', '2013-12-30 04:31:59', 100.00),
(636, 2, 597, 1, '2013-12-30', '10:01:59', '2013-12-30 04:31:59', 100.00),
(637, 2, 598, 1, '2013-12-30', '10:01:59', '2013-12-30 04:31:59', 100.00),
(638, 2, 599, 1, '2013-12-30', '10:01:59', '2013-12-30 04:31:59', 100.00),
(639, 2, 600, 1, '2013-12-30', '10:01:59', '2013-12-30 04:31:59', 100.00),
(640, 2, 601, 1, '2013-12-30', '10:01:59', '2013-12-30 04:31:59', 100.00),
(641, 2, 602, 1, '2013-12-30', '10:01:59', '2013-12-30 04:31:59', 100.00),
(642, 2, 603, 1, '2013-12-30', '10:01:59', '2013-12-30 04:31:59', 100.00),
(643, 2, 604, 1, '2013-12-30', '10:01:59', '2013-12-30 04:31:59', 100.00),
(644, 2, 605, 1, '2013-12-30', '10:01:59', '2013-12-30 04:31:59', 100.00),
(645, 2, 606, 1, '2013-12-30', '10:01:59', '2013-12-30 04:31:59', 100.00),
(646, 2, 607, 1, '2013-12-30', '10:01:59', '2013-12-30 04:31:59', 100.00),
(647, 2, 608, 1, '2013-12-30', '10:01:59', '2013-12-30 04:31:59', 100.00),
(648, 2, 609, 1, '2013-12-30', '10:01:59', '2013-12-30 04:31:59', 100.00),
(649, 2, 610, 1, '2013-12-30', '10:01:59', '2013-12-30 04:31:59', 100.00),
(650, 2, 611, 1, '2013-12-30', '10:01:59', '2013-12-30 04:31:59', 100.00),
(651, 2, 612, 1, '2013-12-30', '10:01:59', '2013-12-30 04:31:59', 100.00),
(652, 2, 613, 1, '2013-12-30', '10:01:59', '2013-12-30 04:31:59', 100.00),
(653, 2, 614, 1, '2013-12-30', '10:01:59', '2013-12-30 04:31:59', 100.00),
(654, 2, 615, 1, '2013-12-30', '10:01:59', '2013-12-30 04:31:59', 100.00),
(655, 2, 616, 1, '2013-12-30', '10:01:59', '2013-12-30 04:31:59', 100.00),
(656, 2, 617, 1, '2013-12-30', '10:01:59', '2013-12-30 04:31:59', 100.00),
(657, 2, 618, 1, '2013-12-30', '10:01:59', '2013-12-30 04:31:59', 100.00),
(658, 2, 619, 1, '2013-12-30', '10:01:59', '2013-12-30 04:31:59', 100.00),
(659, 2, 620, 1, '2013-12-30', '10:01:59', '2013-12-30 04:31:59', 100.00),
(660, 2, 621, 1, '2013-12-30', '10:01:59', '2013-12-30 04:31:59', 100.00),
(661, 2, 622, 1, '2013-12-30', '10:01:59', '2013-12-30 04:31:59', 100.00),
(662, 2, 623, 1, '2013-12-30', '10:01:59', '2013-12-30 04:31:59', 100.00),
(663, 2, 624, 1, '2013-12-30', '10:01:59', '2013-12-30 04:31:59', 100.00),
(664, 2, 625, 1, '2013-12-30', '10:01:59', '2013-12-30 04:31:59', 100.00),
(665, 2, 626, 1, '2013-12-30', '10:01:59', '2013-12-30 04:31:59', 100.00),
(666, 2, 627, 1, '2013-12-30', '10:01:59', '2013-12-30 04:31:59', 100.00),
(667, 2, 628, 1, '2013-12-30', '10:01:59', '2013-12-30 04:31:59', 100.00),
(668, 2, 629, 1, '2013-12-30', '10:01:59', '2013-12-30 04:31:59', 100.00),
(669, 2, 630, 1, '2013-12-30', '10:01:59', '2013-12-30 04:31:59', 100.00),
(670, 2, 631, 1, '2013-12-30', '10:01:59', '2013-12-30 04:31:59', 100.00),
(671, 2, 632, 1, '2013-12-30', '10:01:59', '2013-12-30 04:31:59', 100.00),
(672, 2, 633, 1, '2013-12-30', '10:01:59', '2013-12-30 04:31:59', 100.00),
(673, 2, 634, 1, '2013-12-30', '10:01:59', '2013-12-30 04:31:59', 100.00),
(674, 2, 635, 1, '2013-12-30', '10:01:59', '2013-12-30 04:31:59', 100.00),
(675, 2, 636, 1, '2013-12-30', '10:01:59', '2013-12-30 04:31:59', 100.00),
(676, 2, 637, 1, '2013-12-30', '10:01:59', '2013-12-30 04:31:59', 100.00),
(677, 2, 638, 1, '2013-12-30', '10:01:59', '2013-12-30 04:31:59', 100.00),
(678, 2, 639, 1, '2013-12-30', '10:01:59', '2013-12-30 04:31:59', 100.00),
(679, 2, 640, 1, '2013-12-30', '10:01:59', '2013-12-30 04:31:59', 100.00),
(680, 2, 641, 1, '2013-12-30', '10:01:59', '2013-12-30 04:31:59', 100.00),
(681, 2, 642, 1, '2013-12-30', '10:01:59', '2013-12-30 04:31:59', 100.00),
(682, 2, 643, 1, '2013-12-30', '10:01:59', '2013-12-30 04:31:59', 100.00),
(683, 2, 644, 1, '2013-12-30', '10:01:59', '2013-12-30 04:31:59', 100.00),
(684, 2, 645, 1, '2013-12-30', '10:01:59', '2013-12-30 04:31:59', 100.00),
(685, 2, 646, 1, '2013-12-30', '10:01:59', '2013-12-30 04:31:59', 100.00),
(686, 2, 647, 1, '2013-12-30', '10:01:59', '2013-12-30 04:31:59', 100.00),
(687, 2, 648, 1, '2013-12-30', '10:01:59', '2013-12-30 04:31:59', 100.00),
(688, 2, 649, 1, '2013-12-30', '10:01:59', '2013-12-30 04:31:59', 100.00),
(689, 2, 650, 1, '2013-12-30', '10:01:59', '2013-12-30 04:31:59', 100.00),
(690, 2, 651, 1, '2013-12-30', '10:01:59', '2013-12-30 04:31:59', 100.00),
(691, 2, 652, 1, '2013-12-30', '10:01:59', '2013-12-30 04:31:59', 100.00),
(692, 2, 653, 1, '2013-12-30', '10:01:59', '2013-12-30 04:31:59', 100.00),
(693, 2, 654, 1, '2013-12-30', '10:01:59', '2013-12-30 04:31:59', 100.00),
(694, 2, 655, 1, '2013-12-30', '10:01:59', '2013-12-30 04:31:59', 100.00),
(695, 2, 656, 1, '2013-12-30', '10:01:59', '2013-12-30 04:31:59', 100.00),
(696, 2, 657, 1, '2013-12-30', '10:01:59', '2013-12-30 04:31:59', 100.00),
(697, 2, 658, 1, '2013-12-30', '10:01:59', '2013-12-30 04:31:59', 100.00),
(698, 2, 659, 1, '2013-12-30', '10:01:59', '2013-12-30 04:31:59', 100.00),
(699, 2, 660, 1, '2013-12-30', '10:01:59', '2013-12-30 04:31:59', 100.00),
(700, 2, 661, 1, '2013-12-30', '10:01:59', '2013-12-30 04:31:59', 100.00),
(701, 2, 662, 1, '2013-12-30', '10:01:59', '2013-12-30 04:31:59', 100.00),
(702, 2, 663, 1, '2013-12-30', '10:01:59', '2013-12-30 04:31:59', 100.00),
(703, 2, 664, 1, '2013-12-30', '10:01:59', '2013-12-30 04:31:59', 100.00),
(704, 2, 665, 1, '2013-12-30', '10:01:59', '2013-12-30 04:31:59', 100.00),
(705, 2, 666, 1, '2013-12-30', '10:01:59', '2013-12-30 04:31:59', 100.00),
(706, 2, 667, 1, '2013-12-30', '10:01:59', '2013-12-30 04:31:59', 100.00),
(707, 2, 668, 1, '2013-12-30', '10:01:59', '2013-12-30 04:31:59', 100.00),
(708, 2, 669, 1, '2013-12-30', '10:01:59', '2013-12-30 04:31:59', 100.00),
(709, 2, 670, 1, '2013-12-30', '10:01:59', '2013-12-30 04:31:59', 100.00),
(710, 2, 671, 1, '2013-12-30', '10:01:59', '2013-12-30 04:31:59', 100.00),
(711, 2, 672, 1, '2013-12-30', '10:01:59', '2013-12-30 04:31:59', 100.00),
(712, 2, 673, 1, '2013-12-30', '10:01:59', '2013-12-30 04:31:59', 100.00),
(713, 2, 674, 1, '2013-12-30', '10:01:59', '2013-12-30 04:31:59', 100.00),
(714, 2, 675, 1, '2013-12-30', '10:01:59', '2013-12-30 04:31:59', 100.00),
(715, 2, 676, 1, '2013-12-30', '10:01:59', '2013-12-30 04:32:00', 100.00),
(716, 2, 677, 1, '2013-12-30', '10:01:59', '2013-12-30 04:32:00', 100.00),
(717, 2, 678, 1, '2013-12-30', '10:01:59', '2013-12-30 04:32:00', 100.00),
(718, 2, 679, 1, '2013-12-30', '10:02:00', '2013-12-30 04:32:00', 100.00),
(719, 2, 680, 1, '2013-12-30', '10:02:00', '2013-12-30 04:32:00', 100.00),
(720, 2, 681, 1, '2013-12-30', '10:02:00', '2013-12-30 04:32:00', 100.00),
(721, 2, 682, 1, '2013-12-30', '10:02:00', '2013-12-30 04:32:00', 100.00),
(722, 2, 683, 1, '2013-12-30', '10:02:00', '2013-12-30 04:32:00', 100.00),
(723, 2, 684, 1, '2013-12-30', '10:02:00', '2013-12-30 04:32:00', 100.00),
(724, 2, 685, 1, '2013-12-30', '10:02:00', '2013-12-30 04:32:00', 100.00);
INSERT INTO `tbl_stock` (`id_stock`, `id_store`, `id_products`, `stock_status`, `added_date`, `added_time`, `added_timestamp`, `qty`) VALUES
(725, 2, 686, 1, '2013-12-30', '10:02:00', '2013-12-30 04:32:00', 100.00),
(726, 2, 687, 1, '2013-12-30', '10:02:00', '2013-12-30 04:32:00', 100.00),
(727, 2, 688, 1, '2013-12-30', '10:02:00', '2013-12-30 04:32:00', 100.00),
(728, 2, 689, 1, '2013-12-30', '10:02:00', '2013-12-30 04:32:00', 100.00),
(729, 2, 690, 1, '2013-12-30', '10:02:00', '2013-12-30 04:32:00', 100.00),
(730, 2, 691, 1, '2013-12-30', '10:02:00', '2013-12-30 04:32:00', 100.00),
(731, 2, 692, 1, '2013-12-30', '10:02:00', '2013-12-30 04:32:00', 100.00),
(732, 2, 693, 1, '2013-12-30', '10:02:00', '2013-12-30 04:32:00', 100.00),
(733, 2, 694, 1, '2013-12-30', '10:02:00', '2013-12-30 04:32:00', 100.00),
(734, 2, 695, 1, '2013-12-30', '10:02:00', '2013-12-30 04:32:00', 100.00),
(735, 2, 696, 1, '2013-12-30', '10:02:00', '2013-12-30 04:32:00', 100.00),
(736, 2, 697, 1, '2013-12-30', '10:02:00', '2013-12-30 04:32:00', 100.00),
(737, 2, 698, 1, '2013-12-30', '10:02:00', '2013-12-30 04:32:00', 100.00),
(738, 2, 699, 1, '2013-12-30', '10:02:00', '2013-12-30 04:32:00', 100.00),
(739, 2, 700, 1, '2013-12-30', '10:02:00', '2013-12-30 04:32:00', 100.00);

-- --------------------------------------------------------

--
-- Table structure for table `tbl_stock_adjesment`
--

CREATE TABLE IF NOT EXISTS `tbl_stock_adjesment` (
  `id_stock_adjesment` int(11) NOT NULL AUTO_INCREMENT,
  `id_store` int(11) NOT NULL,
  `tbl_user_id_user` int(11) NOT NULL,
  PRIMARY KEY (`id_stock_adjesment`),
  KEY `fk_tbl_stock_adjesment_tbl_store1` (`id_store`),
  KEY `fk_tbl_stock_adjesment_tbl_user1` (`tbl_user_id_user`)
) ENGINE=InnoDB DEFAULT CHARSET=latin1 AUTO_INCREMENT=1 ;

-- --------------------------------------------------------

--
-- Table structure for table `tbl_stock_adjesment_products`
--

CREATE TABLE IF NOT EXISTS `tbl_stock_adjesment_products` (
  `id_stock_adjesment_products` int(11) NOT NULL AUTO_INCREMENT,
  `id_stock_adjesment` int(11) NOT NULL,
  `id_products` int(11) NOT NULL,
  PRIMARY KEY (`id_stock_adjesment_products`),
  KEY `fk_stock_adjesment_products_tbl_stock_adjesment1` (`id_stock_adjesment`),
  KEY `fk_tbl_stock_adjesment_products_tbl_products1` (`id_products`)
) ENGINE=InnoDB DEFAULT CHARSET=latin1 AUTO_INCREMENT=1 ;

-- --------------------------------------------------------

--
-- Table structure for table `tbl_stock_transfer`
--

CREATE TABLE IF NOT EXISTS `tbl_stock_transfer` (
  `id_stock_transfer` int(11) NOT NULL AUTO_INCREMENT,
  `stock_transfer_status` tinyint(4) NOT NULL,
  `id_employee_has_place_from` int(11) NOT NULL,
  `id_employee_has_place_to` int(11) NOT NULL,
  `added_date` date NOT NULL,
  `added_time` time NOT NULL,
  `added_timestamp` timestamp NULL DEFAULT CURRENT_TIMESTAMP ON UPDATE CURRENT_TIMESTAMP,
  PRIMARY KEY (`id_stock_transfer`),
  KEY `fk_tbl_stock_transfer_tbl_employee_has_place1` (`id_employee_has_place_from`),
  KEY `fk_tbl_stock_transfer_tbl_employee_has_place2` (`id_employee_has_place_to`)
) ENGINE=InnoDB DEFAULT CHARSET=latin1 AUTO_INCREMENT=1 ;

-- --------------------------------------------------------

--
-- Table structure for table `tbl_stock_transfer_products`
--

CREATE TABLE IF NOT EXISTS `tbl_stock_transfer_products` (
  `id_stock_transfer_products` int(11) NOT NULL AUTO_INCREMENT COMMENT 'Strok Transfer valid for only\nupper user and \nlower user (dit)\n',
  `id_stock_transfer` int(11) NOT NULL,
  `id_products` int(11) NOT NULL,
  `added_date` date DEFAULT NULL,
  `added_time` time DEFAULT NULL,
  `added_timestamp` timestamp NULL DEFAULT CURRENT_TIMESTAMP ON UPDATE CURRENT_TIMESTAMP,
  PRIMARY KEY (`id_stock_transfer_products`),
  KEY `fk_tbl_stock_transfer_details_tbl_stock_transfer1` (`id_stock_transfer`),
  KEY `fk_tbl_stock_transfer_details_tbl_products1` (`id_products`)
) ENGINE=InnoDB DEFAULT CHARSET=latin1 AUTO_INCREMENT=1 ;

-- --------------------------------------------------------

--
-- Table structure for table `tbl_store`
--

CREATE TABLE IF NOT EXISTS `tbl_store` (
  `id_store` int(11) NOT NULL AUTO_INCREMENT,
  `id_physical_place` int(11) NOT NULL,
  `store_code` varchar(45) NOT NULL,
  `store_status` tinyint(4) NOT NULL DEFAULT '1',
  `store_name` varchar(45) NOT NULL,
  `added_date` date DEFAULT NULL,
  `added_time` time DEFAULT NULL,
  `added_timestamp` timestamp NULL DEFAULT CURRENT_TIMESTAMP ON UPDATE CURRENT_TIMESTAMP,
  `id_employee_registration` int(11) NOT NULL DEFAULT '0',
  PRIMARY KEY (`id_store`),
  KEY `fk_tbl_store_tbl_employee_registration1` (`id_employee_registration`),
  KEY `fk_tbl_store_tbl_employee_has_place1` (`id_physical_place`)
) ENGINE=InnoDB  DEFAULT CHARSET=latin1 AUTO_INCREMENT=4 ;

--
-- Dumping data for table `tbl_store`
--

INSERT INTO `tbl_store` (`id_store`, `id_physical_place`, `store_code`, `store_status`, `store_name`, `added_date`, `added_time`, `added_timestamp`, `id_employee_registration`) VALUES
(1, 1, 'ST002', 1, 'Company Store 01', '2013-11-20', '13:42:47', '2013-11-28 04:34:42', 1),
(2, 2, 'ST002', 1, 'Anuradhapura Store 01', '2013-11-21', '06:23:59', '2013-11-28 04:34:50', 2),
(3, 3, 'STR0023', 1, 'Galle 02', '2013-12-17', '15:33:03', '2013-12-17 10:03:03', 6);

-- --------------------------------------------------------

--
-- Table structure for table `tbl_store_has_employee_place`
--

CREATE TABLE IF NOT EXISTS `tbl_store_has_employee_place` (
  `id_store_has_employee_place` int(11) NOT NULL AUTO_INCREMENT,
  `id_store` int(11) NOT NULL,
  `id_employee_has_place` int(11) NOT NULL,
  `store_has_employee_place_status` tinyint(4) NOT NULL DEFAULT '1',
  PRIMARY KEY (`id_store_has_employee_place`),
  KEY `fk_tbl_store_has_tbl_employee_has_place_tbl_store1` (`id_store`),
  KEY `fk_tbl_store_has_tbl_employee_has_place_tbl_employee_has_place1` (`id_employee_has_place`)
) ENGINE=InnoDB DEFAULT CHARSET=latin1 AUTO_INCREMENT=1 ;

-- --------------------------------------------------------

--
-- Table structure for table `tbl_terotery_wise_target`
--

CREATE TABLE IF NOT EXISTS `tbl_terotery_wise_target` (
  `id_ter_wise_target` int(10) NOT NULL AUTO_INCREMENT,
  `id_territory` int(10) NOT NULL,
  `id_products` int(10) NOT NULL,
  `product_qty` decimal(10,2) NOT NULL,
  `target_st_date` date NOT NULL,
  `target_en_date` date NOT NULL,
  `status` tinyint(1) NOT NULL DEFAULT '1',
  `added_date` date NOT NULL,
  `added_time` time NOT NULL,
  `time_stamp` timestamp NOT NULL DEFAULT CURRENT_TIMESTAMP ON UPDATE CURRENT_TIMESTAMP,
  PRIMARY KEY (`id_ter_wise_target`),
  KEY `id_territory` (`id_territory`),
  KEY `id_products` (`id_products`)
) ENGINE=InnoDB DEFAULT CHARSET=latin1 AUTO_INCREMENT=1 ;

-- --------------------------------------------------------

--
-- Table structure for table `tbl_territory`
--

CREATE TABLE IF NOT EXISTS `tbl_territory` (
  `id_territory` int(11) NOT NULL AUTO_INCREMENT COMMENT 'Parent\n',
  `id_parent` int(11) DEFAULT NULL,
  `id_territory_type` int(11) NOT NULL,
  `territory_name` varchar(450) NOT NULL,
  `added_date` date DEFAULT NULL,
  `added_time` varchar(45) DEFAULT NULL,
  `added_timestamp` timestamp NULL DEFAULT CURRENT_TIMESTAMP ON UPDATE CURRENT_TIMESTAMP,
  `territory_status` tinyint(4) NOT NULL DEFAULT '1',
  `territory_hierarchy` varchar(1000) NOT NULL DEFAULT '0',
  PRIMARY KEY (`id_territory`),
  KEY `fk_tbl_teretory_tbl_territory_type1` (`id_territory_type`)
) ENGINE=InnoDB  DEFAULT CHARSET=latin1 AUTO_INCREMENT=19 ;

--
-- Dumping data for table `tbl_territory`
--

INSERT INTO `tbl_territory` (`id_territory`, `id_parent`, `id_territory_type`, `territory_name`, `added_date`, `added_time`, `added_timestamp`, `territory_status`, `territory_hierarchy`) VALUES
(1, 0, 1, 'Sri Lanka', '2013-11-20', '01:00:00', '2013-12-04 06:40:38', 1, '0'),
(2, 1, 2, 'North Central', '2013-11-21', '05:54:40', '2013-12-04 06:39:21', 1, '0,1'),
(3, 2, 3, 'Anuradhapura', '2013-11-21', '05:55:00', '2013-12-04 06:39:42', 1, '0,1,2'),
(4, 3, 4, 'Galenbidunuwewa - Mihinthale', '2013-11-21', '07:31:05', '2013-11-28 09:40:18', 1, '0,1,2,3'),
(5, 3, 4, 'Galnewa - Bulnewa', '2013-11-21', '07:31:51', '2013-11-28 09:41:02', 1, '0,1,2,3'),
(6, 3, 4, 'Nochchiyagama - Thabuththegama', '2013-11-21', '07:33:17', '2013-11-28 09:41:02', 1, '0,1,2,3'),
(7, 3, 4, 'Eppawala - Kekirawa', '2013-11-21', '07:33:48', '2013-11-28 09:41:02', 1, '0,1,2,3'),
(8, 3, 4, 'Kahatagasdigiliya - Horoupathana', '2013-11-21', '07:35:05', '2013-11-28 09:41:02', 1, '0,1,2,3'),
(9, 3, 4, 'Pemaduwa- Bogashandiya', '2013-11-21', '07:36:42', '2013-11-28 09:41:02', 1, '0,1,2,3'),
(10, 3, 4, 'Rembawa- Medhawachchiya', '2013-11-21', '07:37:43', '2013-11-28 09:41:02', 1, '0,1,2,3'),
(11, 3, 4, 'Anuradhapura - Thalawa', '2013-11-21', '07:39:25', '2013-11-28 09:41:02', 1, '0,1,2,3'),
(12, 3, 4, 'Kabithigollawa - Sripura', '2013-11-21', '07:40:15', '2013-11-28 09:41:02', 1, '0,1,2,3'),
(14, 3, 4, 'pccv', '2013-11-29', '06:55:29', '2013-12-03 08:48:48', 0, '0,1,2,3'),
(15, 3, 4, 'tuhfghh', '2013-11-29', '07:34:11', '2013-12-04 06:44:46', 0, '0,1,2,3'),
(16, 3, 4, 'sys', '2013-12-02', '05:17:52', '2013-12-03 08:48:37', 0, '0,1,2,3'),
(17, 3, 4, 'kaatuwala', '2013-12-02', '05:20:10', '2013-12-02 05:20:10', 1, '0,1,2,3'),
(18, 3, 4, 'test ', '2013-12-02', '06:15:33', '2013-12-04 06:43:32', 0, '0,1,2,3');

-- --------------------------------------------------------

--
-- Table structure for table `tbl_territory_has_division`
--

CREATE TABLE IF NOT EXISTS `tbl_territory_has_division` (
  `id_territory_has_division` int(11) NOT NULL AUTO_INCREMENT,
  `id_division` int(11) NOT NULL,
  `id_territory` int(11) NOT NULL,
  `added_date` date DEFAULT NULL,
  `added_time` time DEFAULT NULL,
  `added_timestamp` timestamp NULL DEFAULT CURRENT_TIMESTAMP ON UPDATE CURRENT_TIMESTAMP,
  `territory_has_division_status` tinyint(4) DEFAULT '1',
  PRIMARY KEY (`id_territory_has_division`),
  KEY `fk_tbl_territory_has_tbl_division_tbl_territory1` (`id_territory`),
  KEY `fk_tbl_territory_has_tbl_division_tbl_division1` (`id_division`)
) ENGINE=InnoDB  DEFAULT CHARSET=latin1 AUTO_INCREMENT=19 ;

--
-- Dumping data for table `tbl_territory_has_division`
--

INSERT INTO `tbl_territory_has_division` (`id_territory_has_division`, `id_division`, `id_territory`, `added_date`, `added_time`, `added_timestamp`, `territory_has_division_status`) VALUES
(1, 1, 1, '2013-11-20', '01:01:00', '2013-11-20 07:31:21', 1),
(2, 1, 2, '2013-11-21', '05:54:40', '2013-11-28 07:33:18', 1),
(3, 1, 3, '2013-11-21', '05:55:00', '2013-11-28 07:33:18', 1),
(4, 1, 4, '2013-11-21', '07:31:05', '2013-11-28 07:33:18', 1),
(5, 1, 5, '2013-11-21', '07:31:51', '2013-11-28 07:33:18', 1),
(6, 1, 6, '2013-11-21', '07:33:17', '2013-11-28 07:33:18', 1),
(7, 1, 7, '2013-11-21', '07:33:48', '2013-11-28 07:33:18', 1),
(8, 1, 8, '2013-11-21', '07:35:05', '2013-11-28 07:33:18', 1),
(9, 1, 9, '2013-11-21', '07:36:42', '2013-11-28 07:33:18', 1),
(10, 1, 10, '2013-11-21', '07:37:43', '2013-11-28 07:33:18', 1),
(11, 1, 11, '2013-11-21', '07:39:25', '2013-11-28 07:33:18', 1),
(12, 1, 12, '2013-11-21', '07:40:15', '2013-11-28 07:33:18', 1),
(14, 1, 14, '2013-11-29', '06:55:29', '2013-11-29 06:55:29', 1),
(15, 1, 15, '2013-11-29', '07:34:11', '2013-11-29 07:34:11', 1),
(16, 1, 16, '2013-12-02', '05:17:52', '2013-12-02 05:17:52', 1),
(17, 1, 17, '2013-12-02', '05:20:10', '2013-12-02 05:20:10', 1),
(18, 1, 18, '2013-12-02', '06:15:33', '2013-12-02 06:15:33', 1);

-- --------------------------------------------------------

--
-- Table structure for table `tbl_territory_type`
--

CREATE TABLE IF NOT EXISTS `tbl_territory_type` (
  `id_territory_type` int(11) NOT NULL AUTO_INCREMENT,
  `territory_type_name` varchar(450) NOT NULL,
  `added_date` date DEFAULT NULL,
  `added_time` time DEFAULT NULL,
  `added_timestamp` timestamp NULL DEFAULT CURRENT_TIMESTAMP ON UPDATE CURRENT_TIMESTAMP,
  `territory_type_status` tinyint(4) DEFAULT NULL,
  PRIMARY KEY (`id_territory_type`)
) ENGINE=InnoDB  DEFAULT CHARSET=latin1 AUTO_INCREMENT=5 ;

--
-- Dumping data for table `tbl_territory_type`
--

INSERT INTO `tbl_territory_type` (`id_territory_type`, `territory_type_name`, `added_date`, `added_time`, `added_timestamp`, `territory_type_status`) VALUES
(1, 'Country', '2013-11-20', '12:58:00', '2013-11-26 09:48:28', 0),
(2, 'Region', '2013-11-20', '13:08:05', '2013-11-28 07:28:10', 1),
(3, 'Area', '2013-11-20', '13:08:09', '2013-11-28 07:28:14', 1),
(4, 'Route', '2013-11-20', '13:08:14', '2013-11-28 07:28:18', 1);

-- --------------------------------------------------------

--
-- Table structure for table `tbl_unproduct`
--

CREATE TABLE IF NOT EXISTS `tbl_unproduct` (
  `id_unproduct` int(40) NOT NULL AUTO_INCREMENT,
  `branch_id` int(40) NOT NULL,
  `id_employee_has_place` int(40) NOT NULL,
  `gps_latitude` varchar(100) NOT NULL,
  `gps_longitude` varchar(100) NOT NULL,
  `remarks` varchar(455) NOT NULL,
  `added_date` date NOT NULL,
  `added_time` time NOT NULL,
  `added_timestamp` timestamp NOT NULL DEFAULT CURRENT_TIMESTAMP ON UPDATE CURRENT_TIMESTAMP,
  PRIMARY KEY (`id_unproduct`),
  KEY `branch_id` (`branch_id`),
  KEY `id_employee_has_place` (`id_employee_has_place`)
) ENGINE=InnoDB  DEFAULT CHARSET=latin1 AUTO_INCREMENT=4 ;

--
-- Dumping data for table `tbl_unproduct`
--

INSERT INTO `tbl_unproduct` (`id_unproduct`, `branch_id`, `id_employee_has_place`, `gps_latitude`, `gps_longitude`, `remarks`, `added_date`, `added_time`, `added_timestamp`) VALUES
(1, 100, 2, '6.0487711289898', '80.210360130295', 'shop close', '2013-12-16', '01:10:30', '2013-12-16 07:40:36'),
(2, 45, 2, '6.048572268337', '80.210733208805', 'test rekark', '2013-12-16', '01:13:59', '2013-12-16 07:44:05'),
(3, 40, 2, '6.9185962574556', '79.863653015345', 'dghhjg', '2013-12-17', '11:35:03', '2013-12-17 06:05:11');

-- --------------------------------------------------------

--
-- Table structure for table `tbl_user`
--

CREATE TABLE IF NOT EXISTS `tbl_user` (
  `id_user` int(11) NOT NULL AUTO_INCREMENT,
  `id_user_type` int(11) NOT NULL,
  `user_username` varchar(450) NOT NULL,
  `user_password` varchar(450) NOT NULL,
  `user_token` varchar(450) NOT NULL,
  `user_active` tinyint(4) NOT NULL DEFAULT '1',
  `user_status` tinyint(4) NOT NULL DEFAULT '1',
  `user_added_date` date NOT NULL,
  `user_added_time` time NOT NULL,
  `user_added_timestamp` timestamp NOT NULL DEFAULT CURRENT_TIMESTAMP ON UPDATE CURRENT_TIMESTAMP,
  `id_employee_registration` int(11) NOT NULL,
  PRIMARY KEY (`id_user`),
  KEY `fk_tbl_user_tbl_user_type1` (`id_user_type`),
  KEY `fk_tbl_user_tbl_employee_registration1` (`id_employee_registration`)
) ENGINE=InnoDB  DEFAULT CHARSET=latin1 AUTO_INCREMENT=16 ;

--
-- Dumping data for table `tbl_user`
--

INSERT INTO `tbl_user` (`id_user`, `id_user_type`, `user_username`, `user_password`, `user_token`, `user_active`, `user_status`, `user_added_date`, `user_added_time`, `user_added_timestamp`, `id_employee_registration`) VALUES
(1, 1, 'nuwan', 'u47tUhGUnMaVgJ99sRA8noc2gTS+zx+Nw2tXllCZsvOhUHizCf5TxKaRlys00gkQ1nSo1+dqp53kwwdcqrx7WQ==', 'f57a16821d4374c2625a063d0df957a5', 1, 1, '2013-11-20', '12:41:00', '2013-12-21 04:13:03', 1),
(2, 2, 'hazeem', 'u47tUhGUnMaVgJ99sRA8noc2gTS+zx+Nw2tXllCZsvOhUHizCf5TxKaRlys00gkQ1nSo1+dqp53kwwdcqrx7WQ==', '40da9b9ed74f672c3871d76a2c87857b', 1, 1, '2013-11-21', '06:22:21', '2013-11-28 07:35:26', 2),
(3, 3, 'kanishka', 'fXJAbueIltieB3IWAQ7REXW1skpf9rau2IvRu4AgfZnj9qpVCgInBZuRNnAZZkVjbFaKQmNmi0RshKhAdr3UOQ==', 'eccbc87e4b5ce2fe28308fd9f2a7baf3', 1, 1, '2013-12-17', '09:13:19', '2013-12-17 03:43:19', 5),
(4, 2, 'saman', 'R9fiaW37puV4g3Pk3NYVimnfhS1rUzCFvzDqLjpFWGnkE3H7dRBqP2/G/9c80lIGLQXWSgoT/XRRp1jB1jcnNQ==', 'a87ff679a2f3e71d9181a67b7542122c', 1, 1, '2013-12-17', '12:32:28', '2013-12-17 07:02:28', 6),
(5, 3, 'kasun', '4uDQreN8hhg5p/4cYnaUlgFmdfn2ZbvaF+RU2vqCqr9Dtbvn+of8WsKse1XIalx6c9JAxQfk2ntfBS3cmPxy3Q==', 'e4da3b7fbbce2345d7772b0674a318d5', 1, 1, '2013-12-17', '12:34:44', '2013-12-17 07:04:44', 7),
(7, 6, 'insaf', 'EesOEdPkduzPMalZMottQpHpuroPcwKSNHGZZGB1dopC8Cm33KboXxMf4NdkoG+pJohH+lnZiL7rGtlZ39PAVg==', '8f14e45fceea167a5a36dedd4bea2543', 1, 1, '2013-12-19', '15:08:35', '2013-12-19 09:57:14', 16),
(8, 6, 'nilmini', 'ZngnvTJIR2q+UMoATU0JtbWfEmtInvRb7+pVd5RMMDIS/R8bXoh5b1BYOIxg9gj4gTewcvk/8MBDLRBtXYIaUw==', 'c9f0f895fb98ab9159f51fd0297e236d', 1, 1, '2013-12-20', '10:14:47', '2013-12-20 04:44:47', 18),
(9, 4, 'amjad', 'sDTNUeSjFZr9jTsjgeu1VSeFgjGVFB3pxcL9yYOte+jyiXzkOHV4UpjQSERsl5y1n6KqNgbO7EbcqdDof1bDxQ==', '45c48cce2e2d7fbdea1afc51c7c6ad26', 1, 1, '2013-12-20', '10:16:05', '2013-12-20 04:46:05', 10),
(10, 1, 'basnayaka', 'FrWK0DOqLSiyt0XHj/lsbt82Smlgi0xF3jYF7d3U2tAfRMw2D+f2F+IjXoCrCdALaJYErJN8p2vl7pkzpOlKWA==', 'd3d9446802a44259755d38e6d163e820', 1, 1, '2013-12-20', '10:22:24', '2013-12-20 04:52:24', 8),
(11, 5, 'aruna', 'komH9PyoRWmZ5+mUqZwd1L8fzU88+INkC3sv93k5AygfEeJWUV+cPHvKBCUMrWf3xEFjFfh0bpdT6YVw5f1Hnw==', '6512bd43d9caa6e02c990b0a82652dca', 1, 1, '2013-12-20', '10:23:50', '2013-12-20 04:53:50', 11),
(12, 8, 'sujeewa', '4cobzLptSFtCUR0rAsPHITGRK6U/NLxa8GhEFaUXyKA3Oq2phRIZr6sqK9QcCQJRtiMR6FmQuCcTUcolkVO3IA==', 'c20ad4d76fe97759aa27a0c99bff6710', 1, 1, '2013-12-20', '10:25:19', '2013-12-20 04:55:19', 12),
(13, 7, 'jagath', 'hW/TSV+z8bePobXkaxGFifjzuGCrjy3ZyThJ7Iuuasa9dgQkdkJzGXbtD8IF2y3C6XQSNSQXz/Rsq/JU2qpXSg==', 'c51ce410c124a10e0db5e4b97fc2af39', 1, 1, '2013-12-20', '10:26:23', '2013-12-20 04:56:23', 14),
(14, 3, 'vimukthi', 'h0+aRpWLRPchqHQNoYb6s113EcDc+vWyzZ8KJb6mT8pVN6KXcbn7Skr74wLwkk/YCFYGIA7qQMTLT5DSU/p8Ow==', 'aab3238922bcc25a6f606eb525ffdc56', 1, 1, '2013-12-20', '16:22:27', '2013-12-20 10:52:27', 22),
(15, 1, 'cladmin', 'avUyioIo4qFARvY98iGTEUjUhIwYlK0BEzdf9CXy4WqWQ80SSWqeOSJoQdmBikA37mNIKzUjCyxREkfKAAzStA==', '9bf31c7ff062936a96d3c8bd1f8f2ff3', 1, 1, '2013-12-21', '09:37:58', '2013-12-21 04:07:58', 23);

-- --------------------------------------------------------

--
-- Table structure for table `tbl_user_has_permission`
--

CREATE TABLE IF NOT EXISTS `tbl_user_has_permission` (
  `id_user_has_permission` int(11) NOT NULL AUTO_INCREMENT,
  `id_user` int(11) NOT NULL,
  `id_permission` int(11) NOT NULL,
  PRIMARY KEY (`id_user_has_permission`),
  KEY `fk_tbl_user_has_tbl_permission_tbl_user1` (`id_user`),
  KEY `fk_tbl_user_has_tbl_permission_tbl_permission1` (`id_permission`)
) ENGINE=InnoDB DEFAULT CHARSET=latin1 AUTO_INCREMENT=1 ;

-- --------------------------------------------------------

--
-- Table structure for table `tbl_user_type`
--

CREATE TABLE IF NOT EXISTS `tbl_user_type` (
  `id_user_type` int(11) NOT NULL AUTO_INCREMENT,
  `user_type` varchar(100) NOT NULL,
  `user_type_status` tinyint(4) NOT NULL DEFAULT '1',
  `added_date` date NOT NULL,
  `added_time` time NOT NULL,
  `added_timestamp` timestamp NOT NULL DEFAULT CURRENT_TIMESTAMP ON UPDATE CURRENT_TIMESTAMP,
  PRIMARY KEY (`id_user_type`)
) ENGINE=InnoDB  DEFAULT CHARSET=latin1 AUTO_INCREMENT=9 ;

--
-- Dumping data for table `tbl_user_type`
--

INSERT INTO `tbl_user_type` (`id_user_type`, `user_type`, `user_type_status`, `added_date`, `added_time`, `added_timestamp`) VALUES
(1, 'Admin', 0, '2013-11-20', '12:40:00', '2013-12-21 03:46:12'),
(2, 'Distributor', 1, '2013-11-20', '13:11:30', '2013-11-28 07:36:36'),
(3, 'Sales Rep', 1, '2013-11-20', '13:11:38', '2013-11-28 07:36:40'),
(4, 'SBU Head', 1, '2013-12-19', '12:50:49', '2013-12-19 07:20:49'),
(5, 'Manager', 1, '2013-12-19', '12:51:02', '2013-12-19 07:21:02'),
(6, 'Executive', 1, '2013-12-19', '12:51:11', '2013-12-19 07:21:11'),
(7, 'Area Sales manager', 1, '2013-12-19', '12:51:22', '2013-12-19 07:21:22'),
(8, 'Assist Manager', 1, '2013-12-19', '12:52:08', '2013-12-19 07:22:08');

-- --------------------------------------------------------

--
-- Table structure for table `tbl_user_type_has_permission`
--

CREATE TABLE IF NOT EXISTS `tbl_user_type_has_permission` (
  `id_user_type_has_permission` int(11) NOT NULL AUTO_INCREMENT,
  `id_user_type` int(11) NOT NULL,
  `id_permission` int(11) NOT NULL,
  `assign_status` tinyint(4) NOT NULL DEFAULT '1',
  `added_date` date NOT NULL,
  `added_time` time NOT NULL,
  `added_timestamp` timestamp NOT NULL DEFAULT CURRENT_TIMESTAMP ON UPDATE CURRENT_TIMESTAMP,
  PRIMARY KEY (`id_user_type_has_permission`),
  KEY `fk_tbl_user_type_has_tbl_permission_tbl_user_type1` (`id_user_type`),
  KEY `fk_tbl_user_type_has_tbl_permission_tbl_permission1` (`id_permission`)
) ENGINE=InnoDB DEFAULT CHARSET=latin1 AUTO_INCREMENT=1 ;

-- --------------------------------------------------------

--
-- Table structure for table `tbl_van`
--

CREATE TABLE IF NOT EXISTS `tbl_van` (
  `id_van` int(11) NOT NULL AUTO_INCREMENT,
  `van_number` varchar(15) NOT NULL,
  `id_employee_has_place` int(11) NOT NULL,
  `added_date` date NOT NULL,
  `added_time` time NOT NULL,
  `time_stamp` timestamp NOT NULL DEFAULT CURRENT_TIMESTAMP ON UPDATE CURRENT_TIMESTAMP,
  `status` tinyint(2) NOT NULL DEFAULT '1',
  PRIMARY KEY (`id_van`),
  KEY `id_employee_has_place` (`id_employee_has_place`)
) ENGINE=InnoDB  DEFAULT CHARSET=latin1 AUTO_INCREMENT=7 ;

--
-- Dumping data for table `tbl_van`
--

INSERT INTO `tbl_van` (`id_van`, `van_number`, `id_employee_has_place`, `added_date`, `added_time`, `time_stamp`, `status`) VALUES
(4, 'PD-3567', 9, '2014-01-21', '05:30:00', '2014-01-21 07:33:02', 1),
(5, 'KU-8574', 3, '2014-01-21', '05:30:00', '2014-01-21 07:36:45', 1),
(6, 'KR-8282', 5, '2014-01-21', '06:35:00', '2014-01-21 07:37:08', 1);

-- --------------------------------------------------------

--
-- Table structure for table `tbl_van_stock`
--

CREATE TABLE IF NOT EXISTS `tbl_van_stock` (
  `id_van_stock` int(11) NOT NULL AUTO_INCREMENT,
  `id_van_store` int(11) NOT NULL,
  `Id_product` int(11) NOT NULL,
  `van_stock_qty` int(11) NOT NULL,
  `added_date` date NOT NULL,
  `added_time` time NOT NULL,
  `status` tinyint(1) NOT NULL,
  PRIMARY KEY (`id_van_stock`),
  KEY `id_stock` (`Id_product`),
  KEY `tbl_store_idx` (`id_van_store`)
) ENGINE=InnoDB  DEFAULT CHARSET=latin1 AUTO_INCREMENT=52 ;

--
-- Dumping data for table `tbl_van_stock`
--

INSERT INTO `tbl_van_stock` (`id_van_stock`, `id_van_store`, `Id_product`, `van_stock_qty`, `added_date`, `added_time`, `status`) VALUES
(39, 27, 4, 12, '2014-01-21', '13:08:57', 1),
(40, 27, 34, 13, '2014-01-21', '13:08:57', 1),
(41, 27, 108, 14, '2014-01-21', '13:08:57', 1),
(42, 28, 351, 2, '2014-01-21', '13:12:05', 1),
(43, 28, 158, 5, '2014-01-21', '13:12:05', 1),
(44, 28, 35, 5, '2014-01-21', '13:12:05', 1),
(45, 28, 191, 6, '2014-01-21', '13:12:05', 1),
(46, 28, 27, 5, '2014-01-21', '13:12:05', 1),
(47, 29, 3, 10, '2014-01-21', '13:48:16', 1),
(48, 29, 33, 12, '2014-01-21', '13:48:16', 1),
(49, 29, 308, 12, '2014-01-21', '13:48:16', 1),
(50, 29, 40, 11, '2014-01-21', '13:48:16', 1),
(51, 29, 158, 10, '2014-01-21', '13:48:16', 1);

-- --------------------------------------------------------

--
-- Table structure for table `tbl_van_store`
--

CREATE TABLE IF NOT EXISTS `tbl_van_store` (
  `id_van_store` int(11) NOT NULL AUTO_INCREMENT,
  `id_van` int(11) NOT NULL,
  `added_date` date NOT NULL,
  `added_time` time NOT NULL,
  `time_stamp` timestamp NOT NULL DEFAULT CURRENT_TIMESTAMP ON UPDATE CURRENT_TIMESTAMP,
  `status` tinyint(1) NOT NULL DEFAULT '1',
  PRIMARY KEY (`id_van_store`),
  KEY `id_van` (`id_van`)
) ENGINE=InnoDB  DEFAULT CHARSET=latin1 AUTO_INCREMENT=30 ;

--
-- Dumping data for table `tbl_van_store`
--

INSERT INTO `tbl_van_store` (`id_van_store`, `id_van`, `added_date`, `added_time`, `time_stamp`, `status`) VALUES
(27, 6, '2014-01-21', '13:08:57', '2014-01-21 07:38:57', 1),
(28, 5, '2014-01-21', '13:12:05', '2014-01-21 07:42:05', 1),
(29, 4, '2014-01-21', '13:48:16', '2014-01-21 08:18:16', 1);

-- --------------------------------------------------------

--
-- Table structure for table `temp_excel_imp1`
--

CREATE TABLE IF NOT EXISTS `temp_excel_imp1` (
  `temp_excel_imp1_id` int(11) NOT NULL AUTO_INCREMENT,
  `Doc date` varchar(15) NOT NULL,
  `Source` varchar(5) NOT NULL,
  `Account` varchar(10) NOT NULL,
  `Type` char(1) NOT NULL,
  `Reference` varchar(10) NOT NULL,
  `Narrative` varchar(50) NOT NULL,
  `Debit` int(11) NOT NULL,
  `Credit` int(11) NOT NULL,
  PRIMARY KEY (`temp_excel_imp1_id`)
) ENGINE=InnoDB  DEFAULT CHARSET=latin1 AUTO_INCREMENT=822 ;

--
-- Dumping data for table `temp_excel_imp1`
--

INSERT INTO `temp_excel_imp1` (`temp_excel_imp1_id`, `Doc date`, `Source`, `Account`, `Type`, `Reference`, `Narrative`, `Debit`, `Credit`) VALUES
(411, '2010-01-11', 'SO 02', '214K0051', 'I', '1031297', 'Nuwara Eliya Road', 141736, 0),
(412, '2010-01-11', 'SO 02', '214K0051', 'I', '1031298', 'Nuwara Eliya Road', 21291, 0),
(413, '2010-01-15', 'SO 02', '214K0051', 'C', '4009264', 'Nuwara Eliya Road', 0, 1702),
(414, '2010-01-15', 'SO 02', '214K0051', 'C', '4009265', 'Nuwara Eliya Road', 0, 2285),
(415, '2010-01-19', 'SO 02', '214K0051', 'I', '1031453', 'Nuwara Eliya Road', 149240, 0),
(416, '2010-02-02', 'SO 02', '214K0051', 'I', '1031588', 'Nuwara Eliya Road', 189258, 0),
(417, '2010-02-11', 'SO 02', '214K0051', 'C', '4009378', 'Nuwara Eliya Road', 0, 8333),
(418, '2010-02-16', 'SO 02', '214K0051', 'I', '1031788', 'Nuwara Eliya Road', 194354, 0),
(419, '2010-03-09', 'SO 02', '214K0051', 'I', '1032138', 'Nuwara Eliya Road', 455571, 0),
(420, '2010-03-10', 'SL 01', '214K0051', 'P', '196001 HNB', 'SL control - payment', 0, 159040),
(421, '2010-03-19', 'SO 02', '214K0051', 'C', '4009530', 'Nuwara Eliya Road', 0, 25000),
(422, '2010-03-19', 'SO 02', '214K0051', 'C', '4009531', 'Nuwara Eliya Road', 0, 133920),
(423, '2010-03-19', 'SO 02', '214K0051', 'C', '4009532', 'Nuwara Eliya Road', 0, 18403),
(424, '2010-03-27', 'SO 02', '214K0051', 'I', '1032415', 'Nuwara Eliya Road', 137287, 0),
(425, '2010-03-31', 'SO 02', '214K0051', 'C', '4009599', 'Nuwara Eliya Road', 0, 82788),
(426, '2010-04-05', 'SL 01', '214K0051', 'P', '196002HNB', 'SL control - payment', 0, 88411),
(427, '2010-04-20', 'SL 01', '214K0051', 'P', 'BS-19/4', 'SL control - payment', 0, 194354),
(428, '2010-04-26', 'SO 02', '214K0051', 'I', '1032626', 'Nuwara Eliya Road', 310106, 0),
(429, '2010-04-26', 'SO 02', '214K0051', 'I', '1032635', 'Nuwara Eliya Road', 73930, 0),
(430, '2010-04-26', 'SO 02', '214K0051', 'C', '4009686', 'Nuwara Eliya Road', 0, 25000),
(431, '2010-04-27', 'SO 02', '214K0051', 'I', '1032652', 'Nuwara Eliya Road', 49730, 0),
(432, '2010-05-10', 'SO 02', '214K0051', 'I', '1032802', 'Nuwara Eliya Road', 256142, 0),
(433, '2010-05-10', 'SO 02', '214K0051', 'I', '1032803', 'Nuwara Eliya Road', 10080, 0),
(434, '2010-05-11', 'SL 01', '214K0051', 'P', '196004 HNB', 'SL control - payment', 0, 430571),
(435, '2010-05-19', 'SO 02', '214K0051', 'C', '4009780', 'Nuwara Eliya Road', 0, 92430),
(436, '2010-05-19', 'SO 02', '214K0051', 'C', '4009781', 'Nuwara Eliya Road', 0, 30717),
(437, '2010-05-21', 'SO 02', '214K0051', 'C', '4009794', 'Nuwara Eliya Road', 0, 25000),
(438, '2010-05-24', 'SO 02', '214K0051', 'I', '1032988', 'Nuwara Eliya Road', 201611, 0),
(439, '2010-05-24', 'SO 02', '214K0051', 'I', '1032989', 'Nuwara Eliya Road', 311029, 0),
(440, '2010-05-25', 'SO 02', '214K0051', 'I', '1033027', 'Nuwara Eliya Road', 106921, 0),
(441, '2010-05-26', 'SO 02', '214K0051', 'I', '1033067', 'Nuwara Eliya Road', 59402, 0),
(442, '2010-05-31', 'SL 01', '214K0051', 'P', '196005 HNB', 'SL control - payment', 0, 42287),
(443, '2010-06-16', 'SO 02', '214K0051', 'I', '1033344', 'Nuwara Eliya Road', 326191, 0),
(444, '2010-06-16', 'SO 02', '214K0051', 'I', '1033345', 'Nuwara Eliya Road', 302865, 0),
(445, '2010-06-22', 'SO 02', '214K0051', 'C', '4009936', 'Nuwara Eliya Road', 0, 80288),
(446, '2010-06-22', 'SO 02', '214K0051', 'C', '4009951', 'Nuwara Eliya Road', 0, 25000),
(447, '2010-06-30', 'SL 01', '214K0051', 'P', 'BIP29/06', 'SL control - payment', 0, 359036),
(448, '2010-07-01', 'SO 02', '214K0051', 'I', '1033589', 'Nuwara Eliya Road', 65178, 0),
(449, '2010-07-02', 'SO 02', '214K0051', 'C', '4010001', 'Nuwara Eliya Road', 0, 14563),
(450, '2010-07-14', 'SO 02', '214K0051', 'C', '4010080', 'Nuwara Eliya Road', 0, 25000),
(451, '2010-07-14', 'SL 01', '214K0051', 'P', '196011 HNB', 'SL control - payment', 0, 266222),
(452, '2010-07-16', 'SL 01', '214K0051', 'P', 'CB-196011', 'SL control - payment', 266222, 0),
(453, '2010-07-19', 'SO 02', '214K0051', 'I', '1033771', 'Nuwara Eliya Road', 474376, 0),
(454, '2010-07-19', 'SO 02', '214K0051', 'I', '1033772', 'Nuwara Eliya Road', 158486, 0),
(455, '2010-07-21', 'SL 01', '214K0051', 'P', 'BS-20/7', 'SL control - payment', 0, 266225),
(456, '2010-07-27', 'SL 01', '214K0051', 'P', '196012HNB', 'SL control - payment', 0, 550245),
(457, '2010-08-05', 'SO 02', '214K0051', 'C', '4010196', 'Nuwara Eliya Road', 0, 25000),
(458, '2010-08-06', 'SO 02', '214K0051', 'C', '4010202', 'Nuwara Eliya Road', 0, 116990),
(459, '2010-08-10', 'SO 02', '214K0051', 'I', '1034131', 'Nuwara Eliya Road', 126784, 0),
(460, '2010-08-18', 'SL 01', '214K0051', 'P', '196013HNB', 'SL control - payment', 0, 151081),
(461, '2010-08-27', 'SO 02', '214K0051', 'I', '1034433', 'Nuwara Eliya Road', 170252, 0),
(462, '2010-08-27', 'SO 02', '214K0051', 'I', '1034434', 'Nuwara Eliya Road', 157025, 0),
(463, '2010-08-27', 'SL 01', '214K0051', 'P', '196014HNB', 'SL control - payment', 0, 326191),
(464, '2010-09-02', 'SO 02', '214K0051', 'C', '4010294', 'Nuwara Eliya Road', 0, 66871),
(465, '2010-09-03', 'SO 02', '214K0051', 'C', '4010300', 'Nuwara Eliya Road', 0, 25015),
(466, '2010-09-09', 'SO 02', '214K0051', 'C', '4010344', 'Nuwara Eliya Road', 0, 25000),
(467, '2010-09-21', 'SL 01', '214K0051', 'P', '196015HNB', 'SL control - payment', 0, 158486),
(468, '2010-09-21', 'SL 01', '214K0051', 'P', '196015HNB', 'SL control - payment', 158486, 0),
(469, '2010-09-21', 'SL 01', '214K0051', 'P', '196015HNB', 'SL control - payment', 0, 158486),
(470, '2010-09-24', 'SL 01', '214K0051', 'P', 'CB-196015', 'SL control - payment', 158486, 0),
(471, '2010-10-01', 'SL 01', '214K0051', 'P', 'BIP28/09', 'SL control - payment', 0, 158486),
(472, '2010-10-08', 'SO 02', '214K0051', 'C', '4010421', 'Nuwara Eliya Road', 0, 152492),
(473, '2010-10-08', 'SO 02', '214K0051', 'C', '4010422', 'Nuwara Eliya Road', 0, 31789),
(474, '2010-10-15', 'SO 02', '214K0051', 'C', '4010468', 'Nuwara Eliya Road', 0, 25000),
(475, '2010-10-19', 'SL 01', '214K0051', 'P', 'BIP15/10', 'SL control - payment', 0, 337054),
(476, '2010-10-20', 'SO 02', '214K0051', 'I', '1035114', 'Nuwara Eliya Road', 232004, 0),
(477, '2010-10-20', 'SO 02', '214K0051', 'I', '1035115', 'Nuwara Eliya Road', 119391, 0),
(478, '2010-11-02', 'SO 02', '214K0051', 'C', '4010556', 'Nuwara Eliya Road', 0, 117445),
(479, '2010-11-02', 'SO 02', '214K0051', 'C', '4010557', 'Nuwara Eliya Road', 0, 45063),
(480, '2010-11-02', 'SL 01', '214K0051', 'P', 'BIP01/11', 'SL control - payment', 0, 163551),
(481, '2010-11-03', 'SO 02', '214K0051', 'I', '1035363', 'Nuwara Eliya Road', 134407, 0),
(482, '2010-11-03', 'SL 01', '214K0051', 'P', 'CASH', 'SL control - payment', 0, 1220),
(483, '2010-11-10', 'SO 02', '214K0051', 'C', '4010601', 'Nuwara Eliya Road', 0, 25000),
(484, '2010-11-18', 'SO 02', '214K0051', 'I', '1035606', 'Nuwara Eliya Road', 59584, 0),
(485, '2010-11-19', 'SO 02', '214K0051', 'I', '1035608', 'Nuwara Eliya Road', 103714, 0),
(486, '2010-11-19', 'SO 02', '214K0051', 'I', '1035612', 'Nuwara Eliya Road', 245868, 0),
(487, '2010-11-26', 'SO 02', '214K0051', 'I', '1035731', 'Nuwara Eliya Road', 62472, 0),
(488, '2010-11-26', 'SO 02', '214K0051', 'I', '1035733', 'Nuwara Eliya Road', 130598, 0),
(489, '2010-12-08', 'SO 02', '214K0051', 'I', '1035892', 'Nuwara Eliya Road', 44351, 0),
(490, '2010-12-08', 'SO 02', '214K0051', 'I', '1035893', 'Nuwara Eliya Road', 67312, 0),
(491, '2010-12-08', 'SO 02', '214K0051', 'I', '1035900', 'Nuwara Eliya Road', 228940, 0),
(492, '2010-12-10', 'SL 01', '214K0051', 'C', '9987844', 'JL/07/12', 3, 0),
(493, '2010-12-13', 'SL 01', '214K0051', 'P', '196023HNB', 'SL control - payment', 0, 351395),
(494, '2010-12-22', 'SO 02', '214K0051', 'I', '1036119', 'Nuwara Eliya Road', 147510, 0),
(495, '2010-12-22', 'SO 02', '214K0051', 'I', '1036120', 'Nuwara Eliya Road', 67874, 0),
(496, '2010-12-22', 'SO 02', '214K0051', 'I', '1036123', '23', 179842, 0),
(497, '2010-12-27', 'SL 01', '214K0051', 'P', '196022HNB', 'SL control - payment', 0, 134407),
(498, '2011-01-10', 'SO 02', '214K0051', 'C', '4010838', 'Nuwara Eliya Road', 0, 18730),
(499, '2011-01-17', 'SO 02', '214K0051', 'C', '4010873', 'Nuwara Eliya Road', 0, 25000),
(500, '2011-01-17', 'SO 02', '214K0051', 'C', '4010887', 'Nuwara Eliya Road', 0, 25000),
(501, '2011-01-20', 'SO 02', '214K0051', 'I', '1036501', 'Nuwara Eliya Road', 170852, 0),
(502, '2011-01-20', 'SO 02', '214K0051', 'I', '1036502', 'Nuwara Eliya Road', 172474, 0),
(503, '2011-01-20', 'SL 01', '214K0051', 'P', '028827HNB', 'SL control - payment', 0, 409165),
(504, '2011-01-27', 'SL 01', '214K0051', 'P', '196025HNB', 'SL control - payment', 0, 118070),
(505, '2011-01-28', 'SO 02', '214K0051', 'I', '1036604', '48', 53534, 0),
(506, '2011-01-28', 'SO 02', '214K0051', 'I', '1036612', '48', 239617, 0),
(507, '2011-02-08', 'SL 01', '214K0051', 'P', '028826HNB', 'SL control - payment', 0, 321874),
(508, '2011-02-18', 'SO 02', '214K0051', 'I', '1036786', 'Nuwara Eliya Road', 35915, 0),
(509, '2011-02-18', 'SO 02', '214K0051', 'I', '1036788', '58', 84805, 0),
(510, '2011-02-18', 'SO 02', '214K0051', 'I', '1036792', 'Nuwara Eliya Road', 663, 0),
(511, '2011-02-22', 'SO 02', '214K0051', 'C', '4011052', 'Nuwara Eliya Road', 0, 95563),
(512, '2011-02-22', 'SO 02', '214K0051', 'C', '4011053', 'Nuwara Eliya Road', 0, 10718),
(513, '2011-02-25', 'SO 02', '214K0051', 'I', '1036882', '3', 537730, 0),
(514, '2011-02-25', 'SO 02', '214K0051', 'C', '4011062', 'Nuwara Eliya Road', 0, 76),
(515, '2011-02-25', 'SL 01', '214K0051', 'P', 'B/S', 'SL control - payment', 0, 281935),
(516, '2011-02-25', 'SL 01', '214K0051', 'P', 'B/S', 'SL control - payment', 0, 7010),
(517, '2011-02-26', 'SO 02', '214K0051', 'I', '1036898', '3', 57794, 0),
(518, '2011-02-28', 'SO 02', '214K0051', 'C', '4011075', '3', 0, 57794),
(519, '2011-03-15', 'SO 02', '214K0051', 'C', '4011139', 'Nuwara Eliya Road', 0, 25000),
(520, '2011-03-24', 'SL 01', '214K0051', 'P', 'B/S', 'SL control - payment', 0, 318326),
(521, '2011-03-29', 'SO 02', '214K0051', 'I', '1037275', '117', 206528, 0),
(522, '2011-04-04', 'SL 01', '214K0051', 'P', 'B/S', 'SL control - payment', 0, 200000),
(523, '2011-04-21', 'SL 01', '214K0051', 'P', 'B/S20/4/11', 'SL control - payment', 0, 121385),
(524, '2011-04-25', 'SL 01', '214K0051', 'P', 'B/S', 'SL control - payment', 0, 93152),
(525, '2011-04-27', 'SL 01', '214K0051', 'C', '9910228', 'VEHICLE ALLOWANCE', 0, 25000),
(526, '2011-04-27', 'SL 01', '214K0051', 'C', '9910229', 'VEHICLE ALLOWANCE', 0, 25000),
(527, '2011-04-28', 'SL 01', '214K0051', 'P', 'B/S', 'SL control - payment', 0, 350000),
(528, '2011-05-16', 'SO 02', '214K0051', 'C', '4011314', 'Nuwara Eliya Road', 0, 175078),
(529, '2011-05-16', 'SO 02', '214K0051', 'C', '4011317', 'Nuwara Eliya Road', 0, 14768),
(530, '2011-05-19', 'SL 01', '214K0051', 'P', '028833HNB', 'SL control - payment', 0, 297884),
(531, '2011-05-20', 'SO 02', '214K0051', 'I', '26742', 'Nuwara Eliya Road', 294443, 0),
(532, '2011-05-20', 'SL 01', '214K0051', 'C', '9912896', 'TAGS,1981', 0, 9905),
(533, '2011-05-23', 'SO 02', '214K0051', 'I', '26763', '55/60', 65969, 0),
(534, '2011-05-23', 'SL 01', '214K0051', 'C', '9913150', 'VEHICLE ALLOWANCE', 0, 25000),
(535, '2011-06-07', 'SL 01', '214K0051', 'P', 'B/S', 'SL control - payment', 0, 206530),
(536, '2011-06-16', 'SO 02', '214K0051', 'I', '1037852', 'Nuwara Eliya Road', 91997, 0),
(537, '2011-06-16', 'SO 02', '214K0051', 'I', '1037853', '102', 57009, 0),
(538, '2011-06-16', 'SL 01', '214K0051', 'C', '9916921', 'VEHICLE ALLOWANCE', 0, 25000),
(539, '2011-06-17', 'SO 02', '214K0051', 'I', '1037892', 'Nuwara Eliya Road', 45699, 0),
(540, '2011-06-17', 'SO 02', '214K0051', 'C', '4011383', 'Nuwara Eliya Road', 0, 116080),
(541, '2011-06-22', 'SO 02', '214K0051', 'I', '1037983', 'Nuwara Eliya Road', 25806, 0),
(542, '2011-06-27', 'SO 02', '214K0051', 'I', '1038036', 'Nuwara Eliya Road', 104663, 0),
(543, '2011-06-27', 'SO 02', '214K0051', 'I', '1038037', 'Nuwara Eliya Road', 109986, 0),
(544, '2011-06-27', 'SO 02', '214K0051', 'I', '1038040', 'Nuwara Eliya Road', 83941, 0),
(545, '2011-06-27', 'SO 02', '214K0051', 'I', '1038041', 'Nuwara Eliya Road', 343856, 0),
(546, '2011-07-12', 'SO 02', '214K0051', 'C', '4011428', 'Nuwara Eliya Road', 0, 67073),
(547, '2011-07-12', 'SO 02', '214K0051', 'C', '4011429', 'Nuwara Eliya Road', 0, 59426),
(548, '2011-07-12', 'SL 01', '214K0051', 'C', '9920818', 'VEHICLE ALLOWAN', 0, 25000),
(549, '2011-07-15', 'SO 02', '214K0051', 'I', '1038288', 'Nuwara Eliya Road', 45699, 0),
(550, '2011-07-25', 'SL 01', '214K0051', 'P', '028838HNB', 'SL control - payment', 0, 70312),
(551, '2011-07-28', 'SO 02', '214K0051', 'I', '1038442', 'Nuwara Eliya Road', 236926, 0),
(552, '2011-08-01', 'SO 02', '214K0051', 'I', '1038481', 'Nuwara Eliya Road', 40824, 0),
(553, '2011-08-04', 'SO 02', '214K0051', 'I', '1038535', 'Nuwara Eliya Road', 1, 0),
(554, '2011-08-10', 'SO 02', '214K0051', 'I', '1038576', 'Nuwara Eliya Road', 34315, 0),
(555, '2011-08-10', 'SO 02', '214K0051', 'I', '1038591', 'Nuwara Eliya Road', 2845, 0),
(556, '2011-08-16', 'SL 01', '214K0051', 'C', '9926744', 'VEHICLE ALLOWANCE', 0, 25000),
(557, '2011-08-17', 'SO 02', '214K0051', 'I', '1038640', 'Nuwara Eliya Road', 153313, 0),
(558, '2011-08-24', 'SO 02', '214K0051', 'C', '4011538', 'Nuwara Eliya Road', 0, 97812),
(559, '2011-08-24', 'SO 02', '214K0051', 'C', '4011539', 'Nuwara Eliya Road', 0, 41662),
(560, '2011-08-24', 'SL 01', '214K0051', 'P', '028839HNB', 'SL control - payment', 0, 71505),
(561, '2011-08-31', 'SL 01', '214K0051', 'P', '028843HNB', 'SL control - payment', 0, 504767),
(562, '2011-09-08', 'SO 02', '214K0051', 'C', '4011580', 'Nuwara Eliya Road', 0, 143392),
(563, '2011-09-15', 'SO 02', '214K0051', 'I', '1038960', 'Nuwara Eliya Road', 244490, 0),
(564, '2011-09-15', 'SO 02', '214K0051', 'I', '1038961', 'Nuwara Eliya Road', 113701, 0),
(565, '2011-09-15', 'SO 02', '214K0051', 'I', '1038962', 'Nuwara Eliya Road', 106630, 0),
(566, '2011-09-16', 'SL 01', '214K0051', 'C', '9935283', 'VEHICLE ALLOWANCE', 0, 25000),
(567, '2011-09-29', 'SO 02', '214K0051', 'I', '1039200', 'Nuwara Eliya Road', 212606, 0),
(568, '2011-09-29', 'SO 02', '214K0051', 'I', '1039215', 'Nuwara Eliya Road', 153160, 0),
(569, '2011-09-30', 'SL 01', '214K0051', 'P', 'HNB028845', 'SL control - payment', 0, 236926),
(570, '2011-10-04', 'SL 01', '214K0051', 'C', '9939342', 'TAG INCENTIVE', 0, 11120),
(571, '2011-10-04', 'SL 01', '214K0051', 'P', 'HNB028846', 'SL control - payment', 0, 40033),
(572, '2011-10-20', 'SO 02', '214K0051', 'I', '1039446', 'Nuwara Eliya Road', 81536, 0),
(573, '2011-10-20', 'SO 02', '214K0051', 'C', '4011682', 'Nuwara Eliya Road', 0, 117452),
(574, '2011-10-20', 'SO 02', '214K0051', 'C', '4011683', 'Nuwara Eliya Road', 0, 53760),
(575, '2011-10-20', 'SL 01', '214K0051', 'C', '9942321', 'VEHI ALLO', 0, 25000),
(576, '2011-10-26', 'SO 02', '214K0051', 'I', '1039538', 'Nuwara Eliya Road', 294897, 0),
(577, '2011-10-26', 'SO 02', '214K0051', 'I', '1039542', 'Nuwara Eliya Road', 239329, 0),
(578, '2011-10-26', 'SO 02', '214K0051', 'I', '1039543', 'Nuwara Eliya Road', 88211, 0),
(579, '2011-10-26', 'SO 02', '214K0051', 'I', '1039552', 'Nuwara Eliya Road', 129562, 0),
(580, '2011-10-28', 'SO 02', '214K0051', 'I', '1039603', 'Nuwara Eliya Road', 263033, 0),
(581, '2011-11-16', 'SO 02', '214K0051', 'C', '4011771', 'Nuwara Eliya Road', 0, 199838),
(582, '2011-11-18', 'SL 01', '214K0051', 'P', '087552 HNB', 'SL control - payment', 0, 339962),
(583, '2011-11-21', 'SL 01', '214K0051', 'C', '9948058', 'VEHI ALLO', 0, 25000),
(584, '2011-11-24', 'SO 02', '214K0051', 'I', '1039886', 'Nuwara Eliya Road', 112553, 0),
(585, '2011-11-24', 'SO 02', '214K0051', 'I', '1039887', 'Nuwara Eliya Road', 32928, 0),
(586, '2011-11-30', 'SL 01', '214K0051', 'P', '087553 HNB', 'SL control - payment', 0, 365766),
(587, '2011-12-07', 'SO 02', '214K0051', 'I', '1040025', 'Nuwara Eliya Road', 46099, 0),
(588, '2011-12-07', 'SO 02', '214K0051', 'I', '1040029', 'Nuwara Eliya Road', 21839, 0),
(589, '2011-12-09', 'SO 02', '214K0051', 'I', '1040046', 'Nuwara Eliya Road', 36400, 0),
(590, '2011-12-16', 'SO 02', '214K0051', 'I', '1040125', 'Nuwara Eliya Road', 72149, 0),
(591, '2011-12-23', 'SL 01', '214K0051', 'C', '9955604', 'VEHI ALLOWANCE', 0, 25000),
(592, '2011-12-27', 'SO 02', '214K0051', 'I', '1040212', 'Nuwara Eliya Road', 214487, 0),
(593, '2011-12-28', 'SO 02', '214K0051', 'I', '1040238', 'APP BY DM 95701', 428395, 0),
(594, '2011-12-28', 'SO 02', '214K0051', 'I', '1040239', '95701', 15685, 0),
(595, '2012-01-02', 'SL 01', '214K0051', 'P', '087558 HNB', 'SL control - payment', 0, 239329),
(596, '2012-01-06', 'SO 02', '214K0051', 'C', '4011922', 'Nuwara Eliya Road', 0, 210167),
(597, '2012-01-10', 'SL 01', '214K0051', 'P', '087556 HNB', 'SL control - payment', 0, 129562),
(598, '2012-01-12', 'SL 01', '214K0051', 'P', '087555 HNB', 'SL control - payment', 0, 88212),
(599, '2012-01-18', 'SL 01', '214K0051', 'C', '9960312', 'VEHI ALLO', 0, 25000),
(600, '2012-01-23', 'SL 01', '214K0051', 'P', '087557 HNB', 'SL control - payment', 0, 263033),
(601, '2012-01-26', 'SO 02', '214K0051', 'I', '1040508', '95707', 68320, 0),
(602, '2012-01-26', 'SO 02', '214K0051', 'I', '1040509', '95707', 143697, 0),
(603, '2012-01-26', 'SO 02', '214K0051', 'I', '1040510', '95707', 212342, 0),
(604, '2012-01-26', 'SO 02', '214K0051', 'I', '1040511', '95707', 41330, 0),
(605, '2012-01-26', 'SO 02', '214K0051', 'I', '1040512', '95707', 54886, 0),
(606, '2012-01-26', 'SO 02', '214K0051', 'I', '1040513', '95707', 22004, 0),
(607, '2012-01-30', 'SO 02', '214K0051', 'I', '1040573', '95710', 128636, 0),
(608, '2012-01-30', 'SO 02', '214K0051', 'I', '1040576', 'Nuwara Eliya Road', 94089, 0),
(609, '2012-01-30', 'SO 02', '214K0051', 'I', '1040579', 'Nuwara Eliya Road', 29792, 0),
(610, '2012-01-30', 'SL 01', '214K0051', 'P', '087560 HNB', 'SL control - payment', 0, 145481),
(611, '2012-02-09', 'SL 01', '214K0051', 'P', '087561 HNB', 'SL control - payment', 0, 72339),
(612, '2012-02-14', 'SO 02', '214K0051', 'I', '1040659', '95714', 175483, 0),
(613, '2012-02-14', 'SO 02', '214K0051', 'I', '1040660', '95714', 40347, 0),
(614, '2012-02-14', 'SO 02', '214K0051', 'I', '1040662', 'Nuwara Eliya Road', 62745, 0),
(615, '2012-02-17', 'SO 02', '214K0051', 'C', '4012041', 'Nuwara Eliya Road', 0, 79816),
(616, '2012-02-20', 'SL 01', '214K0051', 'C', '9966328', 'VEHI ALLO', 0, 25000),
(617, '2012-02-27', 'SO 02', '214K0051', 'I', '1040775', '92726', 242126, 0),
(618, '2012-02-27', 'SO 02', '214K0051', 'I', '1040776', '95726', 64994, 0),
(619, '2012-02-27', 'SO 02', '214K0051', 'I', '1040782', '95726', 56670, 0),
(620, '2012-02-28', 'SO 02', '214K0051', 'I', '1040794', '95725', 180871, 0),
(621, '2012-02-28', 'SO 02', '214K0051', 'I', '1040796', 'Nuwara Eliya Road', 180871, 0),
(622, '2012-02-28', 'SO 02', '214K0051', 'C', '4012061', '95725', 0, 180871),
(623, '2012-03-05', 'SL 01', '214K0051', 'P', '087562 HNB', 'SL control - payment', 0, 205172),
(624, '2012-03-15', 'SL 01', '214K0051', 'C', '9971636', 'VEHI ALLO', 0, 25000),
(625, '2012-03-22', 'SL 01', '214K0051', 'P', '87563 HNB', 'SL control - payment', 0, 150000),
(626, '2012-03-31', 'SO 02', '214K0051', 'C', '4012184', 'Nuwara Eliya Road', 0, 87903),
(627, '2012-04-03', 'SL 01', '214K0051', 'P', '028847 HNB', 'SL control - payment', 0, 159429),
(628, '2012-04-04', 'SL 01', '214K0051', 'C', '9981164', 'TAG INCEN', 0, 6000),
(629, '2012-04-18', 'SL 01', '214K0051', 'C', '9982649', 'VEHICLE ALLOWANCE', 0, 25000),
(630, '2012-05-15', 'SL 01', '214K0051', 'P', '087554 HNB', 'SL control - payment', 0, 400000),
(631, '2012-05-22', 'SL 01', '214K0051', 'C', '9988384', 'VEHICLE ALLOWANCE', 0, 25000),
(632, '2012-06-08', 'SL 01', '214K0051', 'I', '1040576', 'SL control - payment', 0, 300000),
(633, '2012-06-12', 'SO 02', '214K0051', 'C', '4012317', 'Nuwara Eliya Road', 0, 84040),
(634, '2012-06-12', 'SO 02', '214K0051', 'C', '4012318', 'Nuwara Eliya Road', 0, 160692),
(635, '2012-06-12', 'SL 01', '214K0051', 'C', '9992050', 'TAG INCENTIVE', 0, 3690),
(636, '2012-06-18', 'SL 01', '214K0051', 'I', '8805359', 'CANCELED', 25000, 0),
(637, '2012-06-18', 'SL 01', '214K0051', 'C', '9993142', 'VEHI ALLO', 0, 25000),
(638, '2012-06-18', 'SL 01', '214K0051', 'C', '9993145', 'VEHI ALLO', 0, 25000),
(639, '2012-07-05', 'SL 01', '214K0051', 'P', '087576 HNB', 'SL control - payment', 0, 200000),
(640, '2012-07-25', 'SL 01', '214K0051', 'C', '9900312', 'VEHI ALLOWANCE', 0, 25000),
(641, '2012-08-20', 'SL 01', '214K0051', 'P', '087580 HNB', 'SL control - payment', 0, 100000),
(642, '2012-09-05', 'SL 01', '214K0051', 'P', '087581 HNB', 'SL control - payment', 0, 256574),
(643, '2012-09-13', 'SO 02', '214K0051', 'I', '1042762', 'Nuwara Eliya Road', 256801, 0),
(644, '2012-09-13', 'SO 02', '214K0051', 'I', '1042763', 'Nuwara Eliya Road', 168677, 0),
(645, '2012-09-13', 'SO 02', '214K0051', 'I', '1042764', 'Nuwara Eliya Road', 118693, 0),
(646, '2012-09-13', 'SO 02', '214K0051', 'I', '1042765', 'Nuwara Eliya Road', 131204, 0),
(647, '2012-09-26', 'SO 02', '214K0051', 'I', '1042932', '101754', 112492, 0),
(648, '2012-09-26', 'SO 02', '214K0051', 'I', '1042933', 'Nuwara Eliya Road', 228397, 0),
(649, '2012-09-26', 'SO 02', '214K0051', 'I', '1042934', '101754', 118000, 0),
(650, '2012-09-27', 'SO 02', '214K0051', 'I', '1042954', '101755', 182007, 0),
(651, '2012-09-27', 'SO 02', '214K0051', 'I', '1042955', '101755', 113549, 0),
(652, '2012-09-27', 'SO 02', '214K0051', 'I', '1042966', '101755', 133051, 0),
(653, '2012-10-11', 'SO 02', '214K0051', 'C', '4012578', 'Nuwara Eliya Road', 0, 24829),
(654, '2012-10-18', 'SL 01', '214K0051', 'C', '9918166', 'TAG INCEN', 0, 13520),
(655, '2012-10-22', 'SL 01', '214K0051', 'C', '9918637', 'VEHI ALLO', 0, 25000),
(656, '2012-10-27', 'SO 02', '214K0051', 'I', '1043327', '101773', 42657, 0),
(657, '2012-10-27', 'SO 02', '214K0051', 'I', '1043328', 'Nuwara Eliya Road', 12600, 0),
(658, '2012-10-27', 'SO 02', '214K0051', 'I', '1043329', 'Nuwara Eliya Road', 16478, 0),
(659, '2012-10-27', 'SO 02', '214K0051', 'I', '1043330', '101774', 80000, 0),
(660, '2012-10-30', 'SO 02', '214K0051', 'I', '1043342', '101773', 142504, 0),
(661, '2012-10-30', 'SO 02', '214K0051', 'I', '1043343', '101773', 130507, 0),
(662, '2012-10-30', 'SO 02', '214K0051', 'I', '1043344', '101773', 39100, 0),
(663, '2012-10-30', 'SO 02', '214K0051', 'I', '1043345', '101773', 36698, 0),
(664, '2012-10-30', 'SO 02', '214K0051', 'I', '1043346', '101773', 39103, 0),
(665, '2012-10-30', 'SO 02', '214K0051', 'I', '1043347', '101773', 50801, 0),
(666, '2012-10-30', 'SO 02', '214K0051', 'I', '1043359', '101773', 38976, 0),
(667, '2012-11-14', 'SL 01', '214K0051', 'P', '087583HNB', 'SL control - payment', 0, 186548),
(668, '2012-11-19', 'SL 01', '214K0051', 'C', '9924200', 'VEHI ALLO', 0, 25000),
(669, '2012-11-20', 'SL 01', '214K0051', 'I', '8806864', 'CANCELED', 25000, 0),
(670, '2012-11-20', 'SL 01', '214K0051', 'C', '9924263', 'VEHI ALLO', 0, 25000),
(671, '2012-11-20', 'SL 01', '214K0051', 'C', '9924264', 'VEHI ALLO', 0, 25000),
(672, '2012-11-22', 'SL 01', '214K0051', 'P', '087584 HNB', 'SL control - payment', 0, 375477),
(673, '2012-11-24', 'SO 02', '214K0051', 'I', '1043685', '101788', 67339, 0),
(674, '2012-11-24', 'SO 02', '214K0051', 'I', '1043686', '101788', 142504, 0),
(675, '2012-11-24', 'SO 02', '214K0051', 'I', '1043687', 'Nuwara Eliya Road', 139017, 0),
(676, '2012-11-24', 'SO 02', '214K0051', 'I', '1043688', '101788', 32000, 0),
(677, '2012-11-24', 'SO 02', '214K0051', 'I', '1043689', 'Nuwara Eliya Road', 63069, 0),
(678, '2012-11-26', 'SO 02', '214K0051', 'I', '1043711', 'Nuwara Eliya Road', 98536, 0),
(679, '2012-11-26', 'SO 02', '214K0051', 'I', '1043712', '101790', 70932, 0),
(680, '2012-11-26', 'SO 02', '214K0051', 'I', '1043713', '101790', 89602, 0),
(681, '2012-11-26', 'SO 02', '214K0051', 'I', '1043736', 'Nuwara Eliya Road', 133728, 0),
(682, '2012-11-28', 'SL 01', '214K0051', 'I', '8806922', 'JL/50/11 SMALL', 0, 0),
(683, '2012-12-12', 'SL 01', '214K0051', 'P', '087589 HNB', 'SL control - payment', 0, 133051),
(684, '2012-12-13', 'SL 01', '214K0051', 'C', '9929372', 'VEHI ALLO', 0, 25000),
(685, '2012-12-18', 'SL 01', '214K0051', 'P', '087590 HNB', 'SL control - payment', 0, 113549),
(686, '2012-12-20', 'SO 02', '214K0051', 'C', '4012758', 'Nuwara Eliya Road', 0, 95091),
(687, '2013-01-03', 'SL 01', '214K0051', 'P', '087593 HNB', 'SL control - payment', 0, 182007),
(688, '2013-01-15', 'SL 01', '214K0051', 'P', '087596 HNB', 'SL control - payment', 0, 112492),
(689, '2013-01-31', 'SL 01', '214K0051', 'P', '087597 HNB', 'SL control - payment', 0, 240997),
(690, '2013-02-18', 'SL 01', '214K0051', 'P', '087598HNB', 'SL control - payment', 0, 287987),
(691, '2013-02-28', 'SL 01', '214K0051', 'C', '9943824', 'TAGS INCEN', 0, 13195),
(692, '2013-03-05', 'SO 02', '214K0051', 'C', '4013009', 'Nuwara Eliya Road', 0, 68670),
(693, '2013-03-07', 'SO 02', '214K0051', 'C', '4013011', 'Nuwara Eliya Road', 0, 30612),
(694, '2013-03-07', 'SL 01', '214K0051', 'P', '087599 HNB', 'SL control - payment', 0, 44453),
(695, '2013-03-22', 'SL 01', '214K0051', 'P', '087591 HNB', 'SL control - payment', 0, 47000),
(696, '2013-03-25', 'SO 02', '214K0051', 'I', '1045167', 'Nuwara Eliya Road', 89735, 0),
(697, '2013-03-25', 'SO 02', '214K0051', 'I', '1045168', 'Nuwara Eliya Road', 98124, 0),
(698, '2013-03-25', 'SO 02', '214K0051', 'I', '1045169', 'Nuwara Eliya Road', 163655, 0),
(699, '2013-03-25', 'SO 02', '214K0051', 'I', '1045170', 'Nuwara Eliya Road', 61217, 0),
(700, '2013-03-25', 'SO 02', '214K0051', 'I', '1045174', 'Nuwara Eliya Road', 24595, 0),
(701, '2013-03-25', 'SL 01', '214K0051', 'P', 'B/S 22/03', 'SL control - payment', 0, 960000),
(702, '2013-04-02', 'SO 02', '214K0051', 'I', '1045266', 'Nuwara Eliya Road', 138041, 0),
(703, '2013-04-02', 'SO 02', '214K0051', 'I', '1045267', 'Nuwara Eliya Road', 197435, 0),
(704, '2013-04-02', 'SO 02', '214K0051', 'I', '1045268', 'Nuwara Eliya Road', 64344, 0),
(705, '2013-04-04', 'SO 02', '214K0051', 'I', '1045282', 'Nuwara Eliya Road', 42000, 0),
(706, '2013-04-04', 'SO 02', '214K0051', 'I', '1045283', 'Nuwara Eliya Road', 62183, 0),
(707, '2013-04-04', 'SO 02', '214K0051', 'I', '1045284', 'Nuwara Eliya Road', 21975, 0),
(708, '2013-04-04', 'SO 02', '214K0051', 'I', '1045285', 'Nuwara Eliya Road', 41981, 0),
(709, '2013-04-05', 'SO 02', '214K0051', 'I', '1045310', 'Nuwara Eliya Road', 22994, 0),
(710, '2013-04-05', 'SO 02', '214K0051', 'C', '4013148', 'Nuwara Eliya Road', 0, 23389),
(711, '2013-04-08', 'SO 02', '214K0051', 'C', '4013155', 'Nuwara Eliya Road', 0, 3303),
(712, '2013-04-10', 'SO 02', '214K0051', 'C', '4013169', 'Nuwara Eliya Road', 0, 2285),
(713, '2013-04-17', 'SO 02', '214K0051', 'I', '1045367', '1113', 234081, 0),
(714, '2013-04-17', 'SO 02', '214K0051', 'I', '1045368', '1113', 154092, 0),
(715, '2013-04-23', 'SL 01', '214K0051', 'C', '9955806', 'VEHI ALLOWA', 0, 25000),
(716, '2013-04-24', 'SL 01', '214K0051', 'P', '087595 HNB', 'SL control - payment', 0, 314607),
(717, '2013-04-29', 'SO 02', '214K0051', 'I', '1045488', 'APP BY DM', 157865, 0),
(718, '2013-04-29', 'SO 02', '214K0051', 'I', '1045491', 'APP BY DM 118065', 28616, 0),
(719, '2013-05-13', 'SO 02', '214K0051', 'I', '1045612', 'Nuwara Eliya Road', 237479, 0),
(720, '2013-05-16', 'SO 02', '214K0051', 'I', '1045711', '1452', 113521, 0),
(721, '2013-05-21', 'SL 01', '214K0051', 'P', '087594 HNB', 'SL control - payment', 0, 71027),
(722, '2013-05-27', 'SL 01', '214K0051', 'C', '9961236', 'VEHI ALLO', 0, 25000),
(723, '2013-05-30', 'SO 02', '214K0051', 'I', '1045914', '1151', 133224, 0),
(724, '2013-05-30', 'SO 02', '214K0051', 'I', '1045921', '1151', 38752, 0),
(725, '2013-05-30', 'SL 01', '214K0051', 'C', '9962020', 'JL/36/05  SMALL', 0, 0),
(726, '2013-06-06', 'SL 01', '214K0051', 'P', '869403-HNB', 'SL control - payment', 0, 416819),
(727, '2013-06-12', 'SL 01', '214K0051', 'P', '869404-HNB', 'SL control - payment', 0, 146847),
(728, '2013-06-13', 'SO 02', '214K0051', 'I', '1046033', 'Nuwara Eliya Road', 277624, 0),
(729, '2013-06-13', 'SO 02', '214K0051', 'I', '1046034', 'Nuwara Eliya Road', 112565, 0),
(730, '2013-06-13', 'SL 01', '214K0051', 'C', '9965089', 'VEHI ALLO', 0, 25000),
(731, '2013-06-14', 'SO 02', '214K0051', 'I', '1046058', 'Nuwara Eliya Road', 34443, 0),
(732, '2013-06-14', 'SO 02', '214K0051', 'C', '4013319', 'NO 882 1ST CROSS ST', 0, 2005),
(733, '2013-06-14', 'SO 02', '214K0051', 'C', '4013320', 'Nuwara Eliya Road', 0, 37421),
(734, '2013-06-21', 'SL 01', '214K0051', 'P', '869405-HNB', 'SL control - payment', 0, 323749),
(735, '2013-06-26', 'SO 02', '214K0051', 'I', '1046217', 'Nuwara Eliya Road', 88005, 0),
(736, '2013-06-28', 'SO 02', '214K0051', 'I', '1046287', 'Nuwara Eliya Road', 84476, 0),
(737, '2013-06-28', 'SO 02', '214K0051', 'I', '1046288', 'Nuwara Eliya Road', 31472, 0),
(738, '2013-07-03', 'SL 01', '214K0051', 'P', '869406 HNB', 'SL control - payment', 0, 186481),
(739, '2013-07-12', 'SO 02', '214K0051', 'I', '1046474', 'Nuwara Eliya Road', 65520, 0),
(740, '2013-07-12', 'SO 02', '214K0051', 'I', '1046475', 'Nuwara Eliya Road', 178498, 0),
(741, '2013-07-12', 'SO 02', '214K0051', 'I', '1046477', 'Nuwara Eliya Road', 107324, 0),
(742, '2013-07-16', 'SO 02', '214K0051', 'I', '1046537', 'Nuwara Eliya Road', 37314, 0),
(743, '2013-07-16', 'SO 02', '214K0051', 'I', '1046538', 'Nuwara Eliya Road', 2005, 0),
(744, '2013-07-16', 'SO 02', '214K0051', 'I', '1046539', 'Nuwara Eliya Road', 3995, 0),
(745, '2013-07-16', 'SO 02', '214K0051', 'C', '4013429', 'Nuwara Eliya Road', 0, 37674),
(746, '2013-07-16', 'SO 02', '214K0051', 'C', '4013430', 'Nuwara Eliya Road', 0, 18213),
(747, '2013-07-16', 'SO 02', '214K0051', 'C', '4013432', 'Nuwara Eliya Road', 0, 2005),
(748, '2013-07-16', 'SO 02', '214K0051', 'C', '4013433', 'Nuwara Eliya Road', 0, 3995),
(749, '2013-07-19', 'SL 01', '214K0051', 'P', '869407-HNB', 'SL control - payment', 0, 212479),
(750, '2013-07-24', 'SL 01', '214K0051', 'C', '9971976', 'VEHI ALLO', 0, 25000),
(751, '2013-07-25', 'SL 01', '214K0051', 'P', '869408-HNB', 'SL control - payment', 0, 113521),
(752, '2013-07-26', 'SO 02', '214K0051', 'I', '1046646', 'Nuwara Eliya Road', 182740, 0),
(753, '2013-07-26', 'SO 02', '214K0051', 'I', '1046647', 'Nuwara Eliya Road', 129024, 0),
(754, '2013-08-05', 'SO 02', '214K0051', 'C', '4013499', 'Nuwara Eliya Road', 0, 31918),
(755, '2013-08-06', 'SO 02', '214K0051', 'I', '1046799', 'Nuwara Eliya Road', 31918, 0),
(756, '2013-08-06', 'SL 01', '214K0051', 'P', '869409-HNB', 'SL control - payment', 0, 171977),
(757, '2013-08-16', 'SL 01', '214K0051', 'P', '869410 HNB', 'SL control - payment', 0, 200571),
(758, '2013-08-23', 'SL 01', '214K0051', 'P', 'HNB869411', 'SL control - payment', 0, 277624),
(759, '2013-08-27', 'SO 02', '214K0051', 'I', '1047036', '1470', 131824, 0),
(760, '2013-08-27', 'SO 02', '214K0051', 'I', '1047037', '1470', 55346, 0),
(761, '2013-08-27', 'SO 02', '214K0051', 'I', '1047038', '146', 16659, 0),
(762, '2013-08-27', 'SO 02', '214K0051', 'I', '1047039', '1470', 143571, 0),
(763, '2013-08-27', 'SO 02', '214K0051', 'I', '1047042', '146', 38752, 0),
(764, '2013-08-28', 'SL 01', '214K0051', 'C', '9982233', 'JL/11/08', 1, 0),
(765, '2013-08-29', 'SO 02', '214K0051', 'I', '1047095', '146', 18386, 0),
(766, '2013-09-04', 'SL 01', '214K0051', 'C', '9984393', 'VEHI ALLOWA', 0, 25000),
(767, '2013-09-04', 'SL 01', '214K0051', 'P', '869414-HNB', 'SL control - payment', 0, 115948),
(768, '2013-09-12', 'SL 01', '214K0051', 'P', '869412 HNB', 'SL control - payment', 0, 9443),
(769, '2013-09-13', 'SL 01', '214K0051', 'P', '869413 HNB', 'SL control - payment', 0, 326342),
(770, '2013-09-13', 'SL 01', '214K0051', 'P', '869415 HNB', 'SL control - payment', 0, 24543),
(771, '2013-09-23', 'SO 02', '214K0051', 'I', '1047335', '1259', 73450, 0),
(772, '2013-09-24', 'SO 02', '214K0051', 'I', '1047336', '122855/', 210037, 0),
(773, '2013-09-25', 'SO 02', '214K0051', 'I', '1047349', '1274', 206641, 0),
(774, '2013-09-26', 'SO 02', '214K0051', 'C', '4013649', '146', 0, 30397),
(775, '2013-09-27', 'SO 02', '214K0051', 'I', '1047383', '146', 29741, 0),
(776, '2013-09-27', 'SO 02', '214K0051', 'I', '1047384', '146', 6008, 0),
(777, '2013-09-27', 'SO 02', '214K0051', 'I', '1047388', '146', 26051, 0),
(778, '2013-09-27', 'SO 02', '214K0051', 'I', '1047392', '146', 1387, 0),
(779, '2013-09-27', 'SO 02', '214K0051', 'C', '4013650', '146', 0, 6008),
(780, '2013-09-27', 'SO 02', '214K0051', 'C', '4013651', '146', 0, 27234),
(781, '2013-09-27', 'SO 02', '214K0051', 'C', '4013655', '146', 0, 1387),
(782, '2013-09-27', 'SL 01', '214K0051', 'C', '9990505', 'JL/09/08  SMALL', 0, 1),
(783, '2013-09-28', 'SO 02', '214K0051', 'I', '1047426', '146', 188608, 0),
(784, '2013-09-28', 'SO 02', '214K0051', 'I', '1047443', '146', 22512, 0),
(785, '2013-09-30', 'SO 02', '214K0051', 'C', '4013665', '146', 0, 341),
(786, '2013-10-07', 'SL 01', '214K0051', 'P', '869416-HNB', 'SL control - payment', 0, 311764),
(787, '2013-10-10', 'SL 01', '214K0051', 'P', 'CB-869416', 'SL control - payment', 311764, 0),
(788, '2013-10-14', 'SL 01', '214K0051', 'P', '869418-HNB', 'SL control - payment', 0, 311764),
(789, '2013-10-15', 'SL 01', '214K0051', 'C', '9994299', 'TAG INCENTIV', 0, 3925),
(790, '2013-10-23', 'SO 02', '214K0051', 'I', '1047716', '122862', 7504, 0),
(791, '2013-10-23', 'SO 02', '214K0051', 'I', '1047718', '146', 62250, 0),
(792, '2013-10-23', 'SO 02', '214K0051', 'I', '1047719', '1328', 10172, 0),
(793, '2013-10-23', 'SO 02', '214K0051', 'I', '1047720', '146', 11626, 0),
(794, '2013-10-23', 'SO 02', '214K0051', 'I', '1047721', '1328', 215511, 0),
(795, '2013-10-23', 'SO 02', '214K0051', 'I', '1047723', '146', 15508, 0),
(796, '2013-10-30', 'SL 01', '214K0051', 'C', '9997495', 'VEHI ALLO', 0, 15625),
(797, '2013-10-30', 'SL 01', '214K0051', 'C', '9997512', 'VEHI ALLO', 0, 25000),
(798, '2013-11-01', 'SL 01', '214K0051', 'P', '869419-HNB', 'SL control - payment', 0, 339235),
(799, '2013-11-12', 'SO 02', '214K0051', 'I', '1047990', '122868', 192797, 0),
(800, '2013-11-12', 'SO 02', '214K0051', 'I', '1047991', '146', 176961, 0),
(801, '2013-11-12', 'SO 02', '214K0051', 'I', '1047992', '146', 11558, 0),
(802, '2013-11-12', 'SO 02', '214K0051', 'I', '1047993', '146', 31472, 0),
(803, '2013-11-12', 'SL 01', '214K0051', 'C', '9900388', 'TAG INCENTive', 0, 7210),
(804, '2013-11-13', 'SO 02', '214K0051', 'I', '1047999', '146', 54566, 0),
(805, '2013-11-19', 'SL 01', '214K0051', 'C', '9902944', 'VEHI ALLO', 0, 25000),
(806, '2013-11-25', 'SL 01', '214K0051', 'P', '869417 HNB', 'SL control - payment', 0, 296711),
(807, '2013-11-25', 'SL 01', '214K0051', 'P', '869431 hnb', 'SL control - payment', 0, 186207),
(808, '2013-11-26', 'SL 01', '214K0051', 'P', '869422 HNB', 'SL control - payment', 0, 134000),
(809, '2013-11-27', 'SO 02', '214K0051', 'I', '1048164', '146', 238897, 0),
(810, '2013-11-27', 'SO 02', '214K0051', 'I', '1048165', '1428', 82443, 0),
(811, '2013-11-27', 'SO 02', '214K0051', 'I', '1048180', '122870', 88816, 0),
(812, '2013-11-27', 'SO 02', '214K0051', 'I', '1048181', '146', 53558, 0),
(813, '2013-11-27', 'SL 01', '214K0051', 'P', '869420 HNB', 'SL control - payment', 0, 134000),
(814, '2013-11-28', 'SO 02', '214K0051', 'I', '1048190', '146', 90048, 0),
(815, '2013-11-29', 'SO 02', '214K0051', 'I', '1048216', '146', 133280, 0),
(816, '2013-11-29', 'SO 02', '214K0051', 'C', '4013866', '146', 0, 28694),
(817, '2013-12-11', 'SO 02', '214K0051', 'I', '1048409', '146', 174947, 0),
(818, '2013-12-12', 'SO 02', '214K0051', 'I', '1048416', '146', 44975, 0),
(819, '2013-12-24', 'SL 01', '214K0051', 'C', '9909438', 'VEHI ALLO', 0, 25000),
(820, '2013-12-27', 'SL 01', '214K0051', 'P', 'HNB869421', 'SL control - payment', 0, 136538),
(821, '2013-12-27', 'SL 01', '214K0051', 'P', 'HNB869426', 'SL control - payment', 0, 147570);

-- --------------------------------------------------------

--
-- Table structure for table `webservice_inserts`
--

CREATE TABLE IF NOT EXISTS `webservice_inserts` (
  `auto_id` int(11) NOT NULL AUTO_INCREMENT,
  `ip` varchar(20) NOT NULL,
  `time` timestamp NOT NULL DEFAULT CURRENT_TIMESTAMP,
  `query` varchar(500) NOT NULL,
  PRIMARY KEY (`auto_id`)
) ENGINE=InnoDB  DEFAULT CHARSET=latin1 AUTO_INCREMENT=37 ;

--
-- Dumping data for table `webservice_inserts`
--

INSERT INTO `webservice_inserts` (`auto_id`, `ip`, `time`, `query`) VALUES
(1, '', '2014-01-21 09:22:53', 'r'),
(2, '', '2014-01-21 09:30:33', '1'),
(3, '', '2014-01-21 09:30:35', '1'),
(4, '', '2014-01-21 09:36:12', '1'),
(5, '', '2014-01-21 09:37:09', '4'),
(6, '', '2014-01-21 09:40:55', 'a'),
(7, '', '2014-01-21 09:41:15', 'a,s'),
(8, '', '2014-01-21 09:52:32', '{a:a,x:s}'),
(9, '', '2014-01-21 09:53:07', '{a:a,x:s}'),
(10, '', '2014-01-21 09:53:30', '{a:a,x:s}'),
(11, '', '2014-01-21 09:55:42', '{a:a,x:s}127.0.0.1'),
(12, '', '2014-01-21 09:56:40', '{a:a,x:s}2130706433'),
(13, '127.0.0.1', '2014-01-21 09:59:18', '{a:a,x:s}'),
(14, '127.0.0.1', '2014-01-21 10:02:41', '{a:a,x:s}'),
(15, '192.168.1.1', '2014-01-21 10:55:28', '{userName:k,password:}'),
(16, '192.168.1.1', '2014-01-21 11:02:02', '{userName:kanishka,password:123}'),
(17, '192.168.1.1', '2014-01-21 11:02:17', '{userName:kanishka,password:123}'),
(18, '192.168.1.1', '2014-01-21 11:02:18', '{id_user:3}'),
(19, '192.168.1.1', '2014-01-21 11:02:18', '{token:eccbc87e4b5ce2fe28308fd9f2a7baf3,timestamp:eccbc87e4b5ce2fe28308fd9f2a7baf3}'),
(20, '192.168.1.1', '2014-01-21 11:02:19', '{id_user:3}'),
(21, '192.168.1.1', '2014-01-21 11:02:20', '{id_user:getBrands}'),
(22, '192.168.1.1', '2014-01-21 11:02:42', '{userName:kanishka,password:123}'),
(23, '127.0.0.1', '2014-01-21 11:07:59', '{a:a,x:s}'),
(24, '192.168.1.149', '2014-01-21 11:09:50', '{userName:kanishka,password:123}'),
(25, '192.168.1.149', '2014-01-21 11:09:51', '{id_user:3}'),
(26, '192.168.1.149', '2014-01-21 11:09:51', '{token:eccbc87e4b5ce2fe28308fd9f2a7baf3,timestamp:eccbc87e4b5ce2fe28308fd9f2a7baf3}'),
(27, '192.168.1.149', '2014-01-21 11:09:52', '{id_user:3}'),
(28, '192.168.1.149', '2014-01-21 11:09:53', '{id_user:getBrands}'),
(29, '127.0.0.1', '2014-01-21 11:10:07', '{a:a,x:s}'),
(30, '192.168.1.140', '2014-01-21 11:12:49', '{a:a,x:s}'),
(31, '192.168.1.148', '2014-01-28 03:46:08', '[]'),
(32, '192.168.1.122', '2014-01-28 03:46:35', '{userName:nuwan,password:123}'),
(33, '192.168.1.122', '2014-01-28 03:46:35', '{id_user:1}'),
(34, '192.168.1.122', '2014-01-28 03:46:37', '{token:f57a16821d4374c2625a063d0df957a5,timestamp:f57a16821d4374c2625a063d0df957a5}'),
(35, '192.168.1.122', '2014-01-28 03:46:39', '{id_user:1}'),
(36, '192.168.1.122', '2014-01-28 03:46:40', '{id_user:getBrands}');

--
-- Constraints for dumped tables
--

--
-- Constraints for table `tbl_assort_item`
--
ALTER TABLE `tbl_assort_item`
  ADD CONSTRAINT `fk_tbl_assort_items_tbl_assort_free1` FOREIGN KEY (`id_assort_free`) REFERENCES `tbl_assort_free` (`id_assort_free`) ON DELETE CASCADE ON UPDATE CASCADE,
  ADD CONSTRAINT `fk_tbl_assort_items_tbl_item1` FOREIGN KEY (`iditem`) REFERENCES `tbl_item` (`id_item`) ON DELETE CASCADE ON UPDATE CASCADE;

--
-- Constraints for table `tbl_assort_item_issue`
--
ALTER TABLE `tbl_assort_item_issue`
  ADD CONSTRAINT `fk_tbl_assort_issue_tbl_assort_free1` FOREIGN KEY (`id_assort_free`) REFERENCES `tbl_assort_free` (`id_assort_free`) ON DELETE CASCADE ON UPDATE CASCADE,
  ADD CONSTRAINT `fk_tbl_assort_issue_tbl_item1` FOREIGN KEY (`id_item`) REFERENCES `tbl_item` (`id_item`) ON DELETE CASCADE ON UPDATE CASCADE;

--
-- Constraints for table `tbl_branch_has_division`
--
ALTER TABLE `tbl_branch_has_division`
  ADD CONSTRAINT `fk_tbl_branch_has_division_tbl_division1` FOREIGN KEY (`id_division`) REFERENCES `tbl_division` (`id_division`) ON DELETE CASCADE ON UPDATE CASCADE,
  ADD CONSTRAINT `fk_tbl_branch_has_division_tbl_outlet_has_branch1` FOREIGN KEY (`id_outlet_has_branch`) REFERENCES `tbl_outlet_has_branch` (`id_outlet_has_branch`) ON DELETE CASCADE ON UPDATE CASCADE;

--
-- Constraints for table `tbl_cash_payment`
--
ALTER TABLE `tbl_cash_payment`
  ADD CONSTRAINT `fk_tbl_cash_payment_tbl_sales_order1` FOREIGN KEY (`id_sales_order`) REFERENCES `tbl_sales_order` (`id_sales_order`) ON DELETE NO ACTION ON UPDATE NO ACTION;

--
-- Constraints for table `tbl_cheque_payment`
--
ALTER TABLE `tbl_cheque_payment`
  ADD CONSTRAINT `fk_tbl_cheque_payment_tbl_bank1` FOREIGN KEY (`id_bank`) REFERENCES `tbl_bank` (`id_bank`) ON DELETE NO ACTION ON UPDATE NO ACTION,
  ADD CONSTRAINT `fk_tbl_cheque_payment_tbl_sales_order1` FOREIGN KEY (`id_sales_order`) REFERENCES `tbl_sales_order` (`id_sales_order`) ON DELETE NO ACTION ON UPDATE NO ACTION;

--
-- Constraints for table `tbl_credit_payment`
--
ALTER TABLE `tbl_credit_payment`
  ADD CONSTRAINT `fk_tbl_credit_payment_tbl_sales_order1` FOREIGN KEY (`id_sales_order`) REFERENCES `tbl_sales_order` (`id_sales_order`) ON DELETE NO ACTION ON UPDATE NO ACTION;

--
-- Constraints for table `tbl_dilivery_note`
--
ALTER TABLE `tbl_dilivery_note`
  ADD CONSTRAINT `fk_dilivery_note_purchase_order1` FOREIGN KEY (`id_purchase_order`) REFERENCES `tbl_purchase_order` (`id_purchase_order`) ON DELETE CASCADE ON UPDATE CASCADE;

--
-- Constraints for table `tbl_dilivery_note_has_products`
--
ALTER TABLE `tbl_dilivery_note_has_products`
  ADD CONSTRAINT `fk_item_has_dilivery_note_dilivery_note1` FOREIGN KEY (`id_dilivery_note`) REFERENCES `tbl_dilivery_note` (`id_dilivery_note`) ON DELETE CASCADE ON UPDATE CASCADE,
  ADD CONSTRAINT `fk_tbl_dilivery_note_has_item_tbl_products1` FOREIGN KEY (`id_products`) REFERENCES `tbl_products` (`id_products`) ON DELETE CASCADE ON UPDATE CASCADE;

--
-- Constraints for table `tbl_division`
--
ALTER TABLE `tbl_division`
  ADD CONSTRAINT `fk_tbl_division_tbl_division_type1` FOREIGN KEY (`division_type_id`) REFERENCES `tbl_division_type` (`id_division_type`) ON DELETE CASCADE ON UPDATE CASCADE;

--
-- Constraints for table `tbl_employee`
--
ALTER TABLE `tbl_employee`
  ADD CONSTRAINT `fk_tbl_employee_tbl_employee_registration1` FOREIGN KEY (`id_employee_registration`) REFERENCES `tbl_employee_registration` (`id_employee_registration`) ON DELETE CASCADE ON UPDATE CASCADE,
  ADD CONSTRAINT `fk_tbl_employee_tbl_employee_type1` FOREIGN KEY (`id_employee_type`) REFERENCES `tbl_employee_type` (`id_employee_type`) ON DELETE CASCADE ON UPDATE CASCADE;

--
-- Constraints for table `tbl_employee_has_place`
--
ALTER TABLE `tbl_employee_has_place`
  ADD CONSTRAINT `fk_tbl_employee_has_place_tbl_division1` FOREIGN KEY (`id_division`) REFERENCES `tbl_division` (`id_division`) ON DELETE CASCADE ON UPDATE CASCADE,
  ADD CONSTRAINT `fk_tbl_employee_has_place_tbl_employee1` FOREIGN KEY (`id_employee`) REFERENCES `tbl_employee` (`id_employee`) ON DELETE CASCADE ON UPDATE CASCADE,
  ADD CONSTRAINT `fk_tbl_employee_has_territory_tbl_physical_place1` FOREIGN KEY (`id_physical_place`) REFERENCES `tbl_physical_place` (`id_physical_place`) ON DELETE NO ACTION ON UPDATE CASCADE,
  ADD CONSTRAINT `fk_tbl_employee_has_territory_tbl_territory1` FOREIGN KEY (`id_territory`) REFERENCES `tbl_territory` (`id_territory`) ON DELETE CASCADE ON UPDATE CASCADE;

--
-- Constraints for table `tbl_employee_item_discount`
--
ALTER TABLE `tbl_employee_item_discount`
  ADD CONSTRAINT `fk_tbl_employee_item_discount_tbl_employee_has_place1` FOREIGN KEY (`id_employee_has_place`) REFERENCES `tbl_employee_has_place` (`id_employee_has_place`) ON DELETE CASCADE ON UPDATE CASCADE,
  ADD CONSTRAINT `fk_tbl_employee_item_discount_tbl_item1` FOREIGN KEY (`id_item`) REFERENCES `tbl_item` (`id_item`) ON DELETE CASCADE ON UPDATE CASCADE;

--
-- Constraints for table `tbl_employye_wise_target`
--
ALTER TABLE `tbl_employye_wise_target`
  ADD CONSTRAINT `tbl_employye_wise_target_ibfk_1` FOREIGN KEY (`id_employee_has_place`) REFERENCES `tbl_employee_has_place` (`id_employee_has_place`) ON DELETE CASCADE ON UPDATE CASCADE,
  ADD CONSTRAINT `tbl_employye_wise_target_ibfk_2` FOREIGN KEY (`id_products`) REFERENCES `tbl_products` (`id_products`) ON DELETE CASCADE ON UPDATE CASCADE;

--
-- Constraints for table `tbl_exp_dis`
--
ALTER TABLE `tbl_exp_dis`
  ADD CONSTRAINT `id_employee` FOREIGN KEY (`id_employee`) REFERENCES `tbl_employee` (`id_employee`) ON DELETE CASCADE ON UPDATE CASCADE;

--
-- Constraints for table `tbl_free_issue`
--
ALTER TABLE `tbl_free_issue`
  ADD CONSTRAINT `fk_tbl_free_issue_tbl_sales_order1` FOREIGN KEY (`id_sales_order`) REFERENCES `tbl_sales_order` (`id_sales_order`) ON DELETE CASCADE ON UPDATE CASCADE;

--
-- Constraints for table `tbl_free_issue_product`
--
ALTER TABLE `tbl_free_issue_product`
  ADD CONSTRAINT `fk_tbl_free_issue_product_tbl_free_issue1` FOREIGN KEY (`id_free_issue`) REFERENCES `tbl_free_issue` (`id_free_issue`) ON DELETE CASCADE ON UPDATE CASCADE,
  ADD CONSTRAINT `fk_tbl_return_note_product_tbl_products10` FOREIGN KEY (`id_products`) REFERENCES `tbl_products` (`id_products`) ON DELETE CASCADE ON UPDATE CASCADE;

--
-- Constraints for table `tbl_good_received`
--
ALTER TABLE `tbl_good_received`
  ADD CONSTRAINT `fk_tbl_goods_reserved_tbl_dilivery_note1` FOREIGN KEY (`id_dilivery_note`) REFERENCES `tbl_dilivery_note` (`id_dilivery_note`) ON DELETE CASCADE ON UPDATE CASCADE;

--
-- Constraints for table `tbl_good_received_products`
--
ALTER TABLE `tbl_good_received_products`
  ADD CONSTRAINT `fk_tbl_goods_reserved_details_tbl_goods_reserved1` FOREIGN KEY (`id_good_received`) REFERENCES `tbl_good_received` (`id_good_received`) ON DELETE CASCADE ON UPDATE CASCADE,
  ADD CONSTRAINT `fk_tbl_good_received_products_tbl_products1` FOREIGN KEY (`id_products`) REFERENCES `tbl_products` (`id_products`) ON DELETE CASCADE ON UPDATE CASCADE;

--
-- Constraints for table `tbl_gps_info`
--
ALTER TABLE `tbl_gps_info`
  ADD CONSTRAINT `fk_tbl_gps_info_tbl_sales_order1` FOREIGN KEY (`id_sales_order`) REFERENCES `tbl_sales_order` (`id_sales_order`) ON DELETE CASCADE ON UPDATE CASCADE;

--
-- Constraints for table `tbl_invoice`
--
ALTER TABLE `tbl_invoice`
  ADD CONSTRAINT `fk_tbl_invoice_tbl_sales_order1` FOREIGN KEY (`id_sales_order`) REFERENCES `tbl_sales_order` (`id_sales_order`) ON DELETE CASCADE ON UPDATE CASCADE;

--
-- Constraints for table `tbl_item`
--
ALTER TABLE `tbl_item`
  ADD CONSTRAINT `fk_item_item_category1` FOREIGN KEY (`id_item_category`) REFERENCES `tbl_item_category` (`id_item_category`) ON DELETE CASCADE ON UPDATE CASCADE;

--
-- Constraints for table `tbl_item_category_has_division`
--
ALTER TABLE `tbl_item_category_has_division`
  ADD CONSTRAINT `fk_tbl_item_category_has_tbl_division_tbl_division1` FOREIGN KEY (`id_division`) REFERENCES `tbl_division` (`id_division`) ON DELETE CASCADE ON UPDATE CASCADE,
  ADD CONSTRAINT `fk_tbl_item_category_has_tbl_division_tbl_item_category1` FOREIGN KEY (`id_item_category`) REFERENCES `tbl_item_category` (`id_item_category`) ON DELETE CASCADE ON UPDATE CASCADE;

--
-- Constraints for table `tbl_item_has_item_keyword`
--
ALTER TABLE `tbl_item_has_item_keyword`
  ADD CONSTRAINT `fk_tbl_item_has_tbl_item_keyword_tbl_item1` FOREIGN KEY (`id_item`) REFERENCES `tbl_item` (`id_item`) ON DELETE CASCADE ON UPDATE CASCADE,
  ADD CONSTRAINT `fk_tbl_item_has_tbl_item_keyword_tbl_item_keyword1` FOREIGN KEY (`id_item_keyword`) REFERENCES `tbl_item_keyword` (`id_item_keyword`) ON DELETE CASCADE ON UPDATE CASCADE;

--
-- Constraints for table `tbl_item_map`
--
ALTER TABLE `tbl_item_map`
  ADD CONSTRAINT `fk_tbl_item_map_tbl_division1` FOREIGN KEY (`id_division`) REFERENCES `tbl_division` (`id_division`) ON DELETE CASCADE ON UPDATE CASCADE,
  ADD CONSTRAINT `fk_tbl_item_map_tbl_item1` FOREIGN KEY (`id_item`) REFERENCES `tbl_item` (`id_item`) ON DELETE CASCADE ON UPDATE CASCADE,
  ADD CONSTRAINT `fk_tbl_item_map_tbl_item_category1` FOREIGN KEY (`id_item_category`) REFERENCES `tbl_item_category` (`id_item_category`) ON DELETE CASCADE ON UPDATE CASCADE;

--
-- Constraints for table `tbl_message`
--
ALTER TABLE `tbl_message`
  ADD CONSTRAINT `fk_tbl_message_tbl_division1` FOREIGN KEY (`id_division`) REFERENCES `tbl_division` (`id_division`) ON DELETE CASCADE ON UPDATE CASCADE,
  ADD CONSTRAINT `fk_tbl_message_tbl_employee_registration1` FOREIGN KEY (`id_employee_registration`) REFERENCES `tbl_employee_registration` (`id_employee_registration`) ON DELETE CASCADE ON UPDATE CASCADE,
  ADD CONSTRAINT `fk_tbl_message_tbl_territory1` FOREIGN KEY (`id_territory`) REFERENCES `tbl_territory` (`id_territory`) ON DELETE CASCADE ON UPDATE CASCADE;

--
-- Constraints for table `tbl_outlet`
--
ALTER TABLE `tbl_outlet`
  ADD CONSTRAINT `fk_tbl_outlets_tbl_outlet_category1` FOREIGN KEY (`id_outlet_category`) REFERENCES `tbl_outlet_category` (`id_outlet_category`) ON DELETE CASCADE ON UPDATE CASCADE,
  ADD CONSTRAINT `fk_tbl_outlet_tbl_outlet_registration1` FOREIGN KEY (`id_outlet_registration`) REFERENCES `tbl_outlet_registration` (`id_outlet_registration`) ON DELETE CASCADE ON UPDATE CASCADE;

--
-- Constraints for table `tbl_outlet_has_branch`
--
ALTER TABLE `tbl_outlet_has_branch`
  ADD CONSTRAINT `fk_tbl_outlet_has_branch_tbl_branch_registration1` FOREIGN KEY (`id_branch_registration`) REFERENCES `tbl_branch_registration` (`id_branch_registration`) ON DELETE CASCADE ON UPDATE CASCADE,
  ADD CONSTRAINT `fk_tbl_outlet_has_branch_tbl_outlet1` FOREIGN KEY (`id_outlet`) REFERENCES `tbl_outlet` (`id_outlet`) ON DELETE CASCADE ON UPDATE CASCADE,
  ADD CONSTRAINT `fk_tbl_outlet_has_branch_tbl_territory1` FOREIGN KEY (`id_territory`) REFERENCES `tbl_territory` (`id_territory`) ON DELETE CASCADE ON UPDATE CASCADE;

--
-- Constraints for table `tbl_permission`
--
ALTER TABLE `tbl_permission`
  ADD CONSTRAINT `fk_tbl_permission_tbl_permission_type1` FOREIGN KEY (`id_permission_type`) REFERENCES `tbl_permission_type` (`id_permission_type`) ON DELETE CASCADE ON UPDATE CASCADE;

--
-- Constraints for table `tbl_physical_place`
--
ALTER TABLE `tbl_physical_place`
  ADD CONSTRAINT `fk_tbl_physical_place_tbl_physical_place_category1` FOREIGN KEY (`id_physical_place_category`) REFERENCES `tbl_physical_place_category` (`id_physical_place_category`) ON DELETE CASCADE ON UPDATE CASCADE;

--
-- Constraints for table `tbl_production`
--
ALTER TABLE `tbl_production`
  ADD CONSTRAINT `FK_tbl_production_1` FOREIGN KEY (`id_employee`) REFERENCES `tbl_employee` (`id_employee`) ON DELETE CASCADE ON UPDATE CASCADE,
  ADD CONSTRAINT `FK_tbl_production_2` FOREIGN KEY (`id_division`) REFERENCES `tbl_division` (`id_division`) ON DELETE CASCADE ON UPDATE CASCADE,
  ADD CONSTRAINT `FK_tbl_production_3` FOREIGN KEY (`id_batch`) REFERENCES `tbl_batch` (`id_batch`) ON DELETE CASCADE ON UPDATE CASCADE;

--
-- Constraints for table `tbl_production_has_products`
--
ALTER TABLE `tbl_production_has_products`
  ADD CONSTRAINT `fk_production_recived_has_item_production_recived1` FOREIGN KEY (`id_production`) REFERENCES `tbl_production` (`id_production`) ON DELETE CASCADE ON UPDATE CASCADE,
  ADD CONSTRAINT `fk_tbl_production_has_products_tbl_item1` FOREIGN KEY (`id_item`) REFERENCES `tbl_item` (`id_item`) ON DELETE CASCADE ON UPDATE CASCADE;

--
-- Constraints for table `tbl_products`
--
ALTER TABLE `tbl_products`
  ADD CONSTRAINT `fk_tbl_products_tbl_batch1` FOREIGN KEY (`id_batch`) REFERENCES `tbl_batch` (`id_batch`) ON DELETE CASCADE ON UPDATE CASCADE,
  ADD CONSTRAINT `fk_tbl_products_tbl_item1` FOREIGN KEY (`iditem`) REFERENCES `tbl_item` (`id_item`) ON DELETE CASCADE ON UPDATE CASCADE;

--
-- Constraints for table `tbl_purchase_order`
--
ALTER TABLE `tbl_purchase_order`
  ADD CONSTRAINT `fk_tbl_purchase_order_tbl_employee_has_place1` FOREIGN KEY (`id_employee_has_place`) REFERENCES `tbl_employee_has_place` (`id_employee_has_place`) ON DELETE CASCADE ON UPDATE CASCADE;

--
-- Constraints for table `tbl_purchase_order_has_products`
--
ALTER TABLE `tbl_purchase_order_has_products`
  ADD CONSTRAINT `fk_tbl_purchase_order_has_item_tbl_purchase_order1` FOREIGN KEY (`id_purchase_order`) REFERENCES `tbl_purchase_order` (`id_purchase_order`) ON DELETE CASCADE ON UPDATE CASCADE,
  ADD CONSTRAINT `fk_tbl_purchase_order_has_products_tbl_products1` FOREIGN KEY (`id_products`) REFERENCES `tbl_products` (`id_products`) ON DELETE CASCADE ON UPDATE CASCADE;

--
-- Constraints for table `tbl_return_note`
--
ALTER TABLE `tbl_return_note`
  ADD CONSTRAINT `fk_tbl_return_note_tbl_employee_has_place1` FOREIGN KEY (`id_employee_has_place`) REFERENCES `tbl_employee_has_place` (`id_employee_has_place`) ON DELETE CASCADE ON UPDATE CASCADE,
  ADD CONSTRAINT `fk_tbl_return_note_tbl_outlet_has_branch1` FOREIGN KEY (`id_outlet_has_branch`) REFERENCES `tbl_outlet_has_branch` (`id_outlet_has_branch`) ON DELETE CASCADE ON UPDATE CASCADE,
  ADD CONSTRAINT `fk_tbl_return_note_tbl_sales_order1` FOREIGN KEY (`id_sales_order`) REFERENCES `tbl_sales_order` (`id_sales_order`) ON DELETE CASCADE ON UPDATE CASCADE;

--
-- Constraints for table `tbl_return_note_product`
--
ALTER TABLE `tbl_return_note_product`
  ADD CONSTRAINT `fk_tbl_return_note_product_tbl_products1` FOREIGN KEY (`id_products`) REFERENCES `tbl_products` (`id_products`) ON DELETE CASCADE ON UPDATE CASCADE,
  ADD CONSTRAINT `fk_tbl_return_note_product_tbl_return_note1` FOREIGN KEY (`id_return_note`) REFERENCES `tbl_return_note` (`id_return_note`) ON DELETE CASCADE ON UPDATE CASCADE,
  ADD CONSTRAINT `fk_tbl_return_note_product_tbl_return_type1` FOREIGN KEY (`id_return_type`) REFERENCES `tbl_return_type` (`id_return_type`) ON DELETE CASCADE ON UPDATE CASCADE;

--
-- Constraints for table `tbl_route_plan`
--
ALTER TABLE `tbl_route_plan`
  ADD CONSTRAINT `tbl_route_plan_ibfk_1` FOREIGN KEY (`employee_has_place_id`) REFERENCES `tbl_employee_has_place` (`id_employee_has_place`) ON DELETE CASCADE ON UPDATE CASCADE;

--
-- Constraints for table `tbl_route_plan_terratory`
--
ALTER TABLE `tbl_route_plan_terratory`
  ADD CONSTRAINT `tbl_route_plan_terratory_ibfk_1` FOREIGN KEY (`tbl_route_plan_id`) REFERENCES `tbl_route_plan` (`id_route_plan`) ON DELETE CASCADE ON UPDATE CASCADE,
  ADD CONSTRAINT `tbl_route_plan_terratory_ibfk_2` FOREIGN KEY (`terratory_id`) REFERENCES `tbl_territory` (`id_territory`) ON DELETE CASCADE ON UPDATE CASCADE;

--
-- Constraints for table `tbl_sales_order`
--
ALTER TABLE `tbl_sales_order`
  ADD CONSTRAINT `fk_tbl_sales_order_tbl_employee_has_place2` FOREIGN KEY (`id_employee_has_place`) REFERENCES `tbl_employee_has_place` (`id_employee_has_place`) ON DELETE CASCADE ON UPDATE CASCADE,
  ADD CONSTRAINT `fk_tbl_sales_order_tbl_outlet_has_branch1` FOREIGN KEY (`id_outlet_has_branch`) REFERENCES `tbl_outlet_has_branch` (`id_outlet_has_branch`) ON DELETE CASCADE ON UPDATE CASCADE;

--
-- Constraints for table `tbl_sales_order_products`
--
ALTER TABLE `tbl_sales_order_products`
  ADD CONSTRAINT `fk_tbl_sales_order_products_tbl_products1` FOREIGN KEY (`id_products`) REFERENCES `tbl_products` (`id_products`) ON DELETE CASCADE ON UPDATE CASCADE,
  ADD CONSTRAINT `fk_tbl_sales_order_products_tbl_sales_order1` FOREIGN KEY (`id_sales_order`) REFERENCES `tbl_sales_order` (`id_sales_order`) ON DELETE CASCADE ON UPDATE CASCADE;

--
-- Constraints for table `tbl_stock`
--
ALTER TABLE `tbl_stock`
  ADD CONSTRAINT `fk_tbl_stock_tbl_products1` FOREIGN KEY (`id_products`) REFERENCES `tbl_products` (`id_products`) ON DELETE CASCADE ON UPDATE CASCADE,
  ADD CONSTRAINT `fk_tbl_stock_tbl_store1` FOREIGN KEY (`id_store`) REFERENCES `tbl_store` (`id_store`) ON DELETE CASCADE ON UPDATE CASCADE;

--
-- Constraints for table `tbl_stock_adjesment`
--
ALTER TABLE `tbl_stock_adjesment`
  ADD CONSTRAINT `fk_tbl_stock_adjesment_tbl_store1` FOREIGN KEY (`id_store`) REFERENCES `tbl_store` (`id_store`) ON DELETE CASCADE ON UPDATE CASCADE,
  ADD CONSTRAINT `fk_tbl_stock_adjesment_tbl_user1` FOREIGN KEY (`tbl_user_id_user`) REFERENCES `tbl_user` (`id_user`) ON DELETE CASCADE ON UPDATE CASCADE;

--
-- Constraints for table `tbl_stock_adjesment_products`
--
ALTER TABLE `tbl_stock_adjesment_products`
  ADD CONSTRAINT `fk_stock_adjesment_products_tbl_stock_adjesment1` FOREIGN KEY (`id_stock_adjesment`) REFERENCES `tbl_stock_adjesment` (`id_stock_adjesment`) ON DELETE CASCADE ON UPDATE CASCADE,
  ADD CONSTRAINT `fk_tbl_stock_adjesment_products_tbl_products1` FOREIGN KEY (`id_products`) REFERENCES `tbl_products` (`id_products`) ON DELETE CASCADE ON UPDATE CASCADE;

--
-- Constraints for table `tbl_stock_transfer`
--
ALTER TABLE `tbl_stock_transfer`
  ADD CONSTRAINT `fk_tbl_stock_transfer_tbl_employee_has_place1` FOREIGN KEY (`id_employee_has_place_from`) REFERENCES `tbl_employee_has_place` (`id_employee_has_place`) ON DELETE CASCADE ON UPDATE CASCADE,
  ADD CONSTRAINT `fk_tbl_stock_transfer_tbl_employee_has_place2` FOREIGN KEY (`id_employee_has_place_to`) REFERENCES `tbl_employee_has_place` (`id_employee_has_place`) ON DELETE CASCADE ON UPDATE CASCADE;

--
-- Constraints for table `tbl_stock_transfer_products`
--
ALTER TABLE `tbl_stock_transfer_products`
  ADD CONSTRAINT `fk_tbl_stock_transfer_details_tbl_products1` FOREIGN KEY (`id_products`) REFERENCES `tbl_products` (`id_products`) ON DELETE CASCADE ON UPDATE CASCADE,
  ADD CONSTRAINT `fk_tbl_stock_transfer_details_tbl_stock_transfer1` FOREIGN KEY (`id_stock_transfer`) REFERENCES `tbl_stock_transfer` (`id_stock_transfer`) ON DELETE CASCADE ON UPDATE CASCADE;

--
-- Constraints for table `tbl_store`
--
ALTER TABLE `tbl_store`
  ADD CONSTRAINT `fk_tbl_store_tbl_employee_registration1` FOREIGN KEY (`id_employee_registration`) REFERENCES `tbl_employee_registration` (`id_employee_registration`) ON DELETE CASCADE ON UPDATE CASCADE,
  ADD CONSTRAINT `tbl_store_ibfk_1` FOREIGN KEY (`id_physical_place`) REFERENCES `tbl_physical_place` (`id_physical_place`) ON DELETE CASCADE ON UPDATE CASCADE;

--
-- Constraints for table `tbl_store_has_employee_place`
--
ALTER TABLE `tbl_store_has_employee_place`
  ADD CONSTRAINT `fk_tbl_store_has_tbl_employee_has_place_tbl_employee_has_place1` FOREIGN KEY (`id_employee_has_place`) REFERENCES `tbl_employee_has_place` (`id_employee_has_place`) ON DELETE CASCADE ON UPDATE CASCADE,
  ADD CONSTRAINT `fk_tbl_store_has_tbl_employee_has_place_tbl_store1` FOREIGN KEY (`id_store`) REFERENCES `tbl_store` (`id_store`) ON DELETE CASCADE ON UPDATE CASCADE;

--
-- Constraints for table `tbl_terotery_wise_target`
--
ALTER TABLE `tbl_terotery_wise_target`
  ADD CONSTRAINT `tbl_terotery_wise_target_ibfk_2` FOREIGN KEY (`id_products`) REFERENCES `tbl_products` (`id_products`) ON DELETE CASCADE ON UPDATE CASCADE,
  ADD CONSTRAINT `tbl_terotery_wise_target_ibfk_3` FOREIGN KEY (`id_territory`) REFERENCES `tbl_territory` (`id_territory`) ON DELETE CASCADE ON UPDATE CASCADE;

--
-- Constraints for table `tbl_territory`
--
ALTER TABLE `tbl_territory`
  ADD CONSTRAINT `fk_tbl_teretory_tbl_territory_type1` FOREIGN KEY (`id_territory_type`) REFERENCES `tbl_territory_type` (`id_territory_type`) ON DELETE CASCADE ON UPDATE CASCADE;

--
-- Constraints for table `tbl_territory_has_division`
--
ALTER TABLE `tbl_territory_has_division`
  ADD CONSTRAINT `fk_tbl_territory_has_tbl_division_tbl_division1` FOREIGN KEY (`id_division`) REFERENCES `tbl_division` (`id_division`) ON DELETE CASCADE ON UPDATE CASCADE,
  ADD CONSTRAINT `fk_tbl_territory_has_tbl_division_tbl_territory1` FOREIGN KEY (`id_territory`) REFERENCES `tbl_territory` (`id_territory`) ON DELETE CASCADE ON UPDATE CASCADE;

--
-- Constraints for table `tbl_unproduct`
--
ALTER TABLE `tbl_unproduct`
  ADD CONSTRAINT `tbl_unproduct_ibfk_1` FOREIGN KEY (`branch_id`) REFERENCES `tbl_outlet_has_branch` (`id_outlet_has_branch`) ON DELETE CASCADE ON UPDATE CASCADE,
  ADD CONSTRAINT `tbl_unproduct_ibfk_2` FOREIGN KEY (`id_employee_has_place`) REFERENCES `tbl_employee_has_place` (`id_employee_has_place`) ON DELETE CASCADE ON UPDATE CASCADE;

--
-- Constraints for table `tbl_user`
--
ALTER TABLE `tbl_user`
  ADD CONSTRAINT `fk_tbl_user_tbl_employee_registration1` FOREIGN KEY (`id_employee_registration`) REFERENCES `tbl_employee_registration` (`id_employee_registration`) ON DELETE CASCADE ON UPDATE CASCADE,
  ADD CONSTRAINT `fk_tbl_user_tbl_user_type1` FOREIGN KEY (`id_user_type`) REFERENCES `tbl_user_type` (`id_user_type`) ON DELETE CASCADE ON UPDATE CASCADE;

--
-- Constraints for table `tbl_user_has_permission`
--
ALTER TABLE `tbl_user_has_permission`
  ADD CONSTRAINT `fk_tbl_user_has_tbl_permission_tbl_permission1` FOREIGN KEY (`id_permission`) REFERENCES `tbl_permission` (`id_permission`) ON DELETE CASCADE ON UPDATE CASCADE,
  ADD CONSTRAINT `fk_tbl_user_has_tbl_permission_tbl_user1` FOREIGN KEY (`id_user`) REFERENCES `tbl_user` (`id_user`) ON DELETE CASCADE ON UPDATE CASCADE;

--
-- Constraints for table `tbl_user_type_has_permission`
--
ALTER TABLE `tbl_user_type_has_permission`
  ADD CONSTRAINT `fk_tbl_user_type_has_tbl_permission_tbl_permission1` FOREIGN KEY (`id_permission`) REFERENCES `tbl_permission` (`id_permission`) ON DELETE CASCADE ON UPDATE CASCADE,
  ADD CONSTRAINT `fk_tbl_user_type_has_tbl_permission_tbl_user_type1` FOREIGN KEY (`id_user_type`) REFERENCES `tbl_user_type` (`id_user_type`) ON DELETE CASCADE ON UPDATE CASCADE;

--
-- Constraints for table `tbl_van`
--
ALTER TABLE `tbl_van`
  ADD CONSTRAINT `tbl_van_ibfk_1` FOREIGN KEY (`id_employee_has_place`) REFERENCES `tbl_employee_has_place` (`id_employee_has_place`) ON DELETE CASCADE ON UPDATE CASCADE;

--
-- Constraints for table `tbl_van_stock`
--
ALTER TABLE `tbl_van_stock`
  ADD CONSTRAINT `tbl_products_ibfk` FOREIGN KEY (`Id_product`) REFERENCES `tbl_products` (`id_products`) ON DELETE NO ACTION ON UPDATE NO ACTION,
  ADD CONSTRAINT `tbl_store` FOREIGN KEY (`id_van_store`) REFERENCES `tbl_van_store` (`id_van_store`) ON DELETE NO ACTION ON UPDATE NO ACTION;

--
-- Constraints for table `tbl_van_store`
--
ALTER TABLE `tbl_van_store`
  ADD CONSTRAINT `tbl_van_store_ibfk_2` FOREIGN KEY (`id_van`) REFERENCES `tbl_van` (`id_van`) ON DELETE CASCADE ON UPDATE CASCADE;

/*!40101 SET CHARACTER_SET_CLIENT=@OLD_CHARACTER_SET_CLIENT */;
/*!40101 SET CHARACTER_SET_RESULTS=@OLD_CHARACTER_SET_RESULTS */;
/*!40101 SET COLLATION_CONNECTION=@OLD_COLLATION_CONNECTION */;
