-- phpMyAdmin SQL Dump
-- version 4.0.9
-- http://www.phpmyadmin.net
--
-- Host: 127.0.0.1
-- Generation Time: Jun 06, 2014 at 11:21 AM
-- Server version: 5.5.34
-- PHP Version: 5.4.22

SET SQL_MODE = "NO_AUTO_VALUE_ON_ZERO";
SET time_zone = "+00:00";


/*!40101 SET @OLD_CHARACTER_SET_CLIENT=@@CHARACTER_SET_CLIENT */;
/*!40101 SET @OLD_CHARACTER_SET_RESULTS=@@CHARACTER_SET_RESULTS */;
/*!40101 SET @OLD_COLLATION_CONNECTION=@@COLLATION_CONNECTION */;
/*!40101 SET NAMES utf8 */;

--
-- Database: `cl_distributorhayleys2`
--

-- --------------------------------------------------------

--
-- Table structure for table `tbl_assort_free`
--

CREATE TABLE IF NOT EXISTS `tbl_assort_free` (
  `id_assort_free` int(11) NOT NULL AUTO_INCREMENT,
  `assort_qty` int(11) DEFAULT NULL,
  `added_date` date DEFAULT NULL,
  `added_time` time DEFAULT NULL,
  `added_timestamp` timestamp NOT NULL DEFAULT CURRENT_TIMESTAMP ON UPDATE CURRENT_TIMESTAMP,
  `assort_free_status` tinyint(4) unsigned NOT NULL DEFAULT '1',
  `assort_free_code` varchar(100) DEFAULT NULL,
  PRIMARY KEY (`id_assort_free`)
) ENGINE=InnoDB  DEFAULT CHARSET=latin1 AUTO_INCREMENT=3 ;

--
-- Dumping data for table `tbl_assort_free`
--

INSERT INTO `tbl_assort_free` (`id_assort_free`, `assort_qty`, `added_date`, `added_time`, `added_timestamp`, `assort_free_status`, `assort_free_code`) VALUES
(1, 19, '2013-12-10', '06:54:54', '2013-12-10 06:54:54', 1, '1'),
(2, 100, '2013-12-28', '13:48:50', '2013-12-28 08:21:32', 0, '1');

-- --------------------------------------------------------

--
-- Table structure for table `tbl_assort_item`
--

CREATE TABLE IF NOT EXISTS `tbl_assort_item` (
  `id_assort_item` int(11) NOT NULL AUTO_INCREMENT,
  `id_assort_free` int(11) NOT NULL,
  `iditem` int(11) NOT NULL,
  `added_date` date DEFAULT NULL,
  `added_time` time DEFAULT NULL,
  `added_timestamp` timestamp NOT NULL DEFAULT CURRENT_TIMESTAMP ON UPDATE CURRENT_TIMESTAMP,
  PRIMARY KEY (`id_assort_item`),
  KEY `fk_tbl_assort_items_tbl_item1` (`iditem`),
  KEY `fk_tbl_assort_items_tbl_assort_free1` (`id_assort_free`)
) ENGINE=InnoDB  DEFAULT CHARSET=latin1 AUTO_INCREMENT=3 ;

--
-- Dumping data for table `tbl_assort_item`
--

INSERT INTO `tbl_assort_item` (`id_assort_item`, `id_assort_free`, `iditem`, `added_date`, `added_time`, `added_timestamp`) VALUES
(2, 2, 17, '2013-12-28', '13:48:50', '2013-12-28 08:18:50');

-- --------------------------------------------------------

--
-- Table structure for table `tbl_assort_item_issue`
--

CREATE TABLE IF NOT EXISTS `tbl_assort_item_issue` (
  `id_assort_item_issue` int(11) NOT NULL AUTO_INCREMENT,
  `id_assort_free` int(11) NOT NULL,
  `id_item` int(11) NOT NULL,
  `qty` int(11) DEFAULT NULL,
  `added_date` date DEFAULT NULL,
  `added_time` time DEFAULT NULL,
  `added_timestamp` timestamp NOT NULL DEFAULT CURRENT_TIMESTAMP ON UPDATE CURRENT_TIMESTAMP,
  PRIMARY KEY (`id_assort_item_issue`),
  KEY `fk_tbl_assort_issue_tbl_assort_free1` (`id_assort_free`),
  KEY `fk_tbl_assort_issue_tbl_item1` (`id_item`)
) ENGINE=InnoDB  DEFAULT CHARSET=latin1 AUTO_INCREMENT=3 ;

--
-- Dumping data for table `tbl_assort_item_issue`
--

INSERT INTO `tbl_assort_item_issue` (`id_assort_item_issue`, `id_assort_free`, `id_item`, `qty`, `added_date`, `added_time`, `added_timestamp`) VALUES
(2, 2, 78, 5, '2013-12-28', '13:48:50', '2013-12-28 08:18:50');

-- --------------------------------------------------------

--
-- Table structure for table `tbl_bank`
--

CREATE TABLE IF NOT EXISTS `tbl_bank` (
  `id_bank` int(11) NOT NULL AUTO_INCREMENT,
  `bank_name` varchar(100) DEFAULT NULL,
  `bank_status` tinyint(4) NOT NULL DEFAULT '1',
  `added_date` date DEFAULT NULL,
  `added_time` time DEFAULT NULL,
  `added_timestamp` timestamp NOT NULL DEFAULT CURRENT_TIMESTAMP ON UPDATE CURRENT_TIMESTAMP,
  PRIMARY KEY (`id_bank`)
) ENGINE=InnoDB  DEFAULT CHARSET=latin1 AUTO_INCREMENT=5 ;

--
-- Dumping data for table `tbl_bank`
--

INSERT INTO `tbl_bank` (`id_bank`, `bank_name`, `bank_status`, `added_date`, `added_time`, `added_timestamp`) VALUES
(1, 'sampath', 1, '2013-12-24', '09:09:19', '2013-12-24 03:39:19'),
(2, 'BOC', 1, '2013-12-27', '13:38:07', '2013-12-27 08:08:07'),
(3, 'sampath bank', 0, '2013-12-28', '12:57:24', '2013-12-28 07:27:40'),
(4, 'Peoples'' Bank', 1, '2014-02-26', '14:18:36', '2014-02-26 08:48:36');

-- --------------------------------------------------------

--
-- Table structure for table `tbl_batch`
--

CREATE TABLE IF NOT EXISTS `tbl_batch` (
  `id_batch` int(11) NOT NULL AUTO_INCREMENT,
  `batch_no` varchar(100) NOT NULL,
  `expiry_date` date NOT NULL,
  `batch_status` tinyint(4) NOT NULL DEFAULT '0',
  `added_date` date DEFAULT NULL,
  `added_time` time DEFAULT NULL,
  `added_timestamp` timestamp NOT NULL DEFAULT CURRENT_TIMESTAMP ON UPDATE CURRENT_TIMESTAMP,
  PRIMARY KEY (`id_batch`)
) ENGINE=InnoDB  DEFAULT CHARSET=latin1 AUTO_INCREMENT=3 ;

--
-- Dumping data for table `tbl_batch`
--

INSERT INTO `tbl_batch` (`id_batch`, `batch_no`, `expiry_date`, `batch_status`, `added_date`, `added_time`, `added_timestamp`) VALUES
(1, 'B001', '2014-04-30', 1, NULL, NULL, '2013-12-26 04:33:29'),
(2, '121', '2013-12-31', 0, NULL, NULL, '2013-12-28 08:15:43');

-- --------------------------------------------------------

--
-- Table structure for table `tbl_branch_has_division`
--

CREATE TABLE IF NOT EXISTS `tbl_branch_has_division` (
  `id_branch_has_division` int(11) NOT NULL AUTO_INCREMENT,
  `id_outlet_has_branch` int(11) NOT NULL,
  `id_division` int(11) NOT NULL,
  `added_date` date DEFAULT NULL,
  `added_time` time DEFAULT NULL,
  `added_timestamp` timestamp NULL DEFAULT CURRENT_TIMESTAMP ON UPDATE CURRENT_TIMESTAMP,
  `branch_has_division_status` tinyint(4) NOT NULL DEFAULT '1',
  PRIMARY KEY (`id_branch_has_division`),
  KEY `fk_tbl_branch_has_division_tbl_division1` (`id_division`),
  KEY `fk_tbl_branch_has_division_tbl_outlet_has_branch1` (`id_outlet_has_branch`)
) ENGINE=InnoDB  DEFAULT CHARSET=latin1 AUTO_INCREMENT=381 ;

--
-- Dumping data for table `tbl_branch_has_division`
--

INSERT INTO `tbl_branch_has_division` (`id_branch_has_division`, `id_outlet_has_branch`, `id_division`, `added_date`, `added_time`, `added_timestamp`, `branch_has_division_status`) VALUES
(1, 22, 1, '2013-11-21', '07:50:12', '2013-12-03 04:43:36', 0),
(2, 23, 1, '2013-11-21', '07:53:21', '2013-11-21 07:53:21', 1),
(3, 24, 1, '2013-11-21', '07:55:29', '2013-12-03 04:44:40', 0),
(4, 25, 1, '2013-11-21', '07:56:38', '2013-11-21 07:56:38', 1),
(5, 26, 1, '2013-11-21', '07:57:51', '2013-11-21 07:57:51', 1),
(6, 27, 1, '2013-11-21', '07:57:52', '2013-11-21 07:57:52', 1),
(7, 28, 1, '2013-11-21', '07:59:27', '2013-11-21 07:59:27', 1),
(8, 29, 1, '2013-11-21', '08:00:13', '2013-11-21 08:00:13', 1),
(9, 30, 1, '2013-11-21', '08:01:48', '2013-11-21 08:01:48', 1),
(10, 31, 1, '2013-11-21', '08:03:05', '2013-11-21 08:03:05', 1),
(11, 32, 1, '2013-11-21', '08:05:13', '2013-11-21 08:05:13', 1),
(12, 33, 1, '2013-11-21', '08:06:13', '2013-11-21 08:06:13', 1),
(13, 34, 1, '2013-11-21', '08:06:22', '2013-11-21 08:06:22', 1),
(14, 35, 1, '2013-11-21', '08:08:51', '2013-11-21 08:08:51', 1),
(15, 36, 1, '2013-11-21', '08:21:24', '2013-11-21 08:21:24', 1),
(16, 37, 1, '2013-11-21', '08:22:07', '2013-11-21 08:22:07', 1),
(17, 38, 1, '2013-11-21', '08:23:56', '2013-11-21 08:23:56', 1),
(18, 39, 1, '2013-11-21', '08:25:35', '2013-11-21 08:25:35', 1),
(19, 40, 1, '2013-11-21', '08:28:19', '2013-11-21 08:28:19', 1),
(20, 41, 1, '2013-11-21', '08:29:38', '2013-11-21 08:29:38', 1),
(21, 42, 1, '2013-11-21', '08:30:51', '2013-11-21 08:30:51', 1),
(22, 43, 1, '2013-11-21', '08:32:29', '2013-11-21 08:32:29', 1),
(23, 44, 1, '2013-11-21', '08:33:28', '2013-11-21 08:33:28', 1),
(24, 45, 1, '2013-11-21', '08:34:15', '2013-11-21 08:34:15', 1),
(25, 46, 1, '2013-11-21', '08:34:40', '2013-11-21 08:34:40', 1),
(26, 47, 1, '2013-11-21', '08:35:10', '2013-11-21 08:35:10', 1),
(27, 48, 1, '2013-11-21', '08:36:13', '2013-11-21 08:36:13', 1),
(28, 49, 1, '2013-11-21', '08:36:17', '2013-11-21 08:36:17', 1),
(29, 50, 1, '2013-11-21', '08:37:03', '2013-11-21 08:37:03', 1),
(30, 51, 1, '2013-11-21', '08:38:05', '2013-11-21 08:38:05', 1),
(31, 52, 1, '2013-11-21', '08:38:56', '2013-11-21 08:38:56', 1),
(32, 53, 1, '2013-11-21', '08:39:46', '2013-11-21 08:39:46', 1),
(33, 54, 1, '2013-11-21', '08:40:34', '2013-11-21 08:40:34', 1),
(34, 55, 1, '2013-11-21', '08:41:18', '2013-11-21 08:41:18', 1),
(35, 56, 1, '2013-11-21', '08:41:58', '2013-11-21 08:41:58', 1),
(36, 57, 1, '2013-11-21', '08:42:51', '2013-11-21 08:42:51', 1),
(37, 58, 1, '2013-11-21', '08:43:12', '2013-11-21 08:43:12', 1),
(38, 59, 1, '2013-11-21', '08:43:42', '2013-11-21 08:43:42', 1),
(39, 60, 1, '2013-11-21', '08:44:27', '2013-11-21 08:44:27', 1),
(40, 61, 1, '2013-11-21', '08:45:10', '2013-11-21 08:45:10', 1),
(41, 62, 1, '2013-11-21', '08:45:55', '2013-11-21 08:45:55', 1),
(42, 63, 1, '2013-11-21', '08:46:40', '2013-11-21 08:46:40', 1),
(43, 64, 1, '2013-11-21', '08:47:57', '2013-11-21 08:47:57', 1),
(44, 65, 1, '2013-11-21', '08:52:07', '2013-11-21 08:52:07', 1),
(45, 66, 1, '2013-11-21', '08:58:32', '2013-11-21 08:58:32', 1),
(47, 68, 1, '2013-11-26', '10:02:48', '2013-11-26 10:02:48', 1),
(48, 69, 1, '2013-11-26', '10:14:04', '2013-11-26 10:14:04', 1),
(49, 70, 1, '2013-11-26', '10:18:34', '2013-11-26 10:18:34', 1),
(50, 71, 1, '2013-11-26', '10:20:57', '2013-11-26 10:20:57', 1),
(51, 72, 1, '2013-11-26', '10:24:16', '2013-11-26 10:24:16', 1),
(52, 73, 1, '2013-11-26', '10:27:20', '2013-11-26 10:27:20', 1),
(53, 74, 1, '2013-11-26', '10:29:12', '2013-11-26 10:29:12', 1),
(54, 75, 1, '2013-11-26', '10:30:56', '2013-11-26 10:30:56', 1),
(55, 76, 1, '2013-11-26', '10:32:28', '2013-11-26 10:32:28', 1),
(56, 77, 1, '2013-11-26', '10:33:41', '2013-11-26 10:33:41', 1),
(57, 78, 1, '2013-11-26', '10:35:15', '2013-11-26 10:35:15', 1),
(58, 79, 1, '2013-11-26', '10:37:36', '2013-11-26 10:37:36', 1),
(59, 80, 1, '2013-11-26', '10:40:54', '2013-11-26 10:40:54', 1),
(60, 81, 1, '2013-11-26', '10:43:03', '2013-11-26 10:43:03', 1),
(61, 82, 1, '2013-11-26', '10:45:10', '2013-11-26 10:45:10', 1),
(62, 83, 1, '2013-11-26', '10:47:10', '2013-11-26 10:47:10', 1),
(63, 84, 1, '2013-11-26', '10:48:36', '2013-11-26 10:48:36', 1),
(64, 85, 1, '2013-11-26', '10:50:25', '2013-11-26 10:50:25', 1),
(65, 86, 1, '2013-11-26', '10:51:29', '2013-11-26 10:51:29', 1),
(66, 87, 1, '2013-11-26', '10:53:34', '2013-11-26 10:53:34', 1),
(67, 88, 1, '2013-11-26', '10:55:05', '2013-11-26 10:55:05', 1),
(68, 89, 1, '2013-11-26', '10:56:32', '2013-11-26 10:56:32', 1),
(69, 90, 1, '2013-11-26', '10:58:00', '2013-11-26 10:58:00', 1),
(70, 91, 1, '2013-11-26', '10:59:09', '2013-11-26 10:59:09', 1),
(71, 92, 1, '2013-11-26', '11:02:15', '2013-11-26 11:02:15', 1),
(72, 93, 1, '2013-11-26', '11:03:21', '2013-11-26 11:03:21', 1),
(73, 94, 1, '2013-11-26', '11:05:14', '2013-11-26 11:05:14', 1),
(74, 95, 1, '2013-11-26', '11:06:42', '2013-11-26 11:06:42', 1),
(75, 96, 1, '2013-11-26', '11:07:51', '2013-11-26 11:07:51', 1),
(76, 97, 1, '2013-11-26', '11:14:23', '2013-11-26 11:14:23', 1),
(77, 98, 1, '2013-11-26', '11:18:25', '2013-11-26 11:18:25', 1),
(78, 99, 1, '2013-11-26', '11:19:35', '2013-11-26 11:19:35', 1),
(79, 100, 1, '2013-11-26', '11:21:46', '2013-11-26 11:21:46', 1),
(80, 101, 1, '2013-11-26', '11:22:54', '2013-11-26 11:22:54', 1),
(81, 102, 1, '2013-11-26', '11:25:16', '2013-11-26 11:25:16', 1),
(82, 103, 1, '2013-11-26', '11:26:52', '2013-11-26 11:26:52', 1),
(83, 104, 1, '2013-11-26', '11:28:00', '2013-11-26 11:28:00', 1),
(84, 105, 1, '2013-11-26', '11:29:18', '2013-11-26 11:29:18', 1),
(85, 106, 1, '2013-11-26', '11:30:25', '2013-11-26 11:30:25', 1),
(86, 107, 1, '2013-11-26', '11:32:17', '2013-11-26 11:32:17', 1),
(87, 108, 1, '2013-11-26', '11:33:28', '2013-11-26 11:33:28', 1),
(88, 109, 1, '2013-11-26', '11:34:22', '2013-11-26 11:34:22', 1),
(89, 110, 1, '2013-11-26', '11:35:08', '2013-11-26 11:35:08', 1),
(90, 111, 1, '2013-11-26', '11:35:52', '2013-11-26 11:35:52', 1),
(91, 121, 1, '2013-12-03', '04:43:36', '2013-12-03 04:43:36', 1),
(92, 122, 1, '2013-12-03', '04:44:40', '2013-12-03 04:44:40', 1),
(93, 123, 1, '2014-01-10', '12:03:15', '2014-01-10 06:33:15', 1),
(94, 124, 1, '2014-01-10', '12:07:42', '2014-01-10 06:37:42', 1),
(98, 129, 1, '2014-01-28', '11:40:10', '2014-01-28 06:10:10', 1),
(99, 130, 1, '2014-02-03', '11:10:49', '2014-02-03 05:40:49', 1),
(100, 131, 1, '2014-02-07', '11:13:46', '2014-02-25 07:49:19', 0),
(101, 132, 1, '2014-02-07', '11:15:50', '2014-02-07 05:45:50', 1),
(102, 133, 1, '2014-02-07', '11:19:25', '2014-02-07 05:49:25', 1),
(103, 134, 1, '2014-02-07', '11:21:15', '2014-02-07 05:51:15', 1),
(104, 135, 1, '2014-02-07', '11:23:08', '2014-02-07 05:53:08', 1),
(105, 136, 1, '2014-02-07', '11:25:10', '2014-02-07 05:55:10', 1),
(106, 137, 1, '2014-02-07', '11:29:18', '2014-02-07 05:59:18', 1),
(107, 138, 1, '2014-02-07', '11:30:51', '2014-02-07 06:00:51', 1),
(108, 139, 1, '2014-02-07', '11:33:47', '2014-02-07 06:03:47', 1),
(109, 140, 1, '2014-02-07', '11:35:40', '2014-02-07 06:05:40', 1),
(110, 141, 1, '2014-02-07', '11:36:51', '2014-02-07 06:06:51', 1),
(111, 142, 1, '2014-02-07', '11:38:24', '2014-02-07 06:08:24', 1),
(112, 143, 1, '2014-02-07', '11:39:48', '2014-02-07 06:09:48', 1),
(113, 144, 1, '2014-02-07', '11:41:01', '2014-02-07 06:11:01', 1),
(114, 145, 1, '2014-02-07', '11:42:47', '2014-02-07 06:12:47', 1),
(115, 146, 1, '2014-02-07', '11:44:17', '2014-02-07 06:14:17', 1),
(116, 147, 1, '2014-02-07', '11:46:04', '2014-02-07 06:16:04', 1),
(117, 148, 1, '2014-02-07', '11:47:45', '2014-02-07 06:17:45', 1),
(118, 149, 1, '2014-02-07', '11:49:03', '2014-02-07 06:19:03', 1),
(119, 150, 1, '2014-02-07', '11:51:13', '2014-02-07 06:21:13', 1),
(120, 151, 1, '2014-02-07', '11:52:59', '2014-02-07 06:22:59', 1),
(121, 152, 1, '2014-02-07', '11:54:47', '2014-02-07 06:24:47', 1),
(122, 153, 1, '2014-02-07', '11:57:36', '2014-02-07 06:27:36', 1),
(123, 154, 1, '2014-02-07', '11:59:01', '2014-02-07 06:29:01', 1),
(124, 155, 1, '2014-02-07', '12:01:09', '2014-02-07 06:31:09', 1),
(125, 156, 1, '2014-02-07', '12:02:34', '2014-02-07 06:32:34', 1),
(126, 157, 1, '2014-02-07', '12:04:17', '2014-02-07 06:34:17', 1),
(127, 158, 1, '2014-02-07', '12:05:30', '2014-02-07 06:35:30', 1),
(128, 159, 1, '2014-02-07', '12:07:57', '2014-02-07 06:37:57', 1),
(129, 160, 1, '2014-02-07', '12:09:13', '2014-02-07 06:39:13', 1),
(130, 161, 1, '2014-02-07', '12:25:21', '2014-02-07 06:55:21', 1),
(131, 162, 1, '2014-02-07', '12:27:13', '2014-02-07 06:57:13', 1),
(132, 163, 1, '2014-02-07', '12:28:41', '2014-02-07 06:58:41', 1),
(133, 164, 1, '2014-02-07', '12:30:11', '2014-02-07 07:00:11', 1),
(134, 165, 1, '2014-02-07', '12:34:35', '2014-02-07 07:04:35', 1),
(135, 166, 1, '2014-02-07', '12:41:54', '2014-02-07 07:11:54', 1),
(136, 167, 1, '2014-02-07', '13:02:40', '2014-02-07 07:32:40', 1),
(137, 168, 1, '2014-02-07', '13:04:36', '2014-02-07 07:34:36', 1),
(138, 169, 1, '2014-02-07', '13:05:59', '2014-02-07 07:35:59', 1),
(139, 170, 1, '2014-02-07', '13:07:21', '2014-02-07 07:37:21', 1),
(140, 171, 1, '2014-02-07', '13:08:31', '2014-02-07 07:38:31', 1),
(141, 172, 1, '2014-02-07', '13:10:25', '2014-02-07 07:40:25', 1),
(142, 173, 1, '2014-02-07', '13:11:53', '2014-02-07 07:41:53', 1),
(143, 174, 1, '2014-02-07', '13:13:12', '2014-02-07 07:43:12', 1),
(144, 175, 1, '2014-02-07', '13:15:02', '2014-02-07 07:45:02', 1),
(145, 176, 1, '2014-02-07', '13:16:21', '2014-02-07 07:46:21', 1),
(146, 177, 1, '2014-02-07', '13:18:20', '2014-02-07 07:48:20', 1),
(147, 178, 1, '2014-02-07', '13:24:15', '2014-02-07 07:54:15', 1),
(148, 179, 1, '2014-02-07', '13:25:46', '2014-02-07 07:55:46', 1),
(149, 180, 1, '2014-02-07', '13:28:02', '2014-02-25 07:50:59', 0),
(150, 181, 1, '2014-02-07', '13:29:26', '2014-02-07 07:59:26', 1),
(151, 182, 1, '2014-02-07', '13:30:48', '2014-02-07 08:00:48', 1),
(152, 183, 1, '2014-02-07', '13:32:06', '2014-02-07 08:02:06', 1),
(153, 184, 1, '2014-02-07', '13:33:34', '2014-02-07 08:03:34', 1),
(154, 185, 1, '2014-02-07', '13:35:02', '2014-02-07 08:05:02', 1),
(155, 186, 1, '2014-02-07', '13:36:23', '2014-02-07 08:06:23', 1),
(156, 187, 1, '2014-02-07', '14:01:36', '2014-02-07 08:31:36', 1),
(157, 188, 1, '2014-02-07', '14:02:48', '2014-02-07 08:32:48', 1),
(158, 189, 1, '2014-02-07', '14:04:08', '2014-02-07 08:34:08', 1),
(159, 190, 1, '2014-02-07', '14:05:36', '2014-02-07 08:35:36', 1),
(160, 191, 1, '2014-02-07', '14:06:58', '2014-02-07 08:36:58', 1),
(161, 192, 1, '2014-02-07', '14:08:25', '2014-02-07 08:38:25', 1),
(162, 193, 1, '2014-02-07', '14:10:00', '2014-02-07 08:40:00', 1),
(163, 194, 1, '2014-02-07', '14:11:19', '2014-02-07 08:41:19', 1),
(164, 195, 1, '2014-02-07', '14:12:48', '2014-02-07 08:42:48', 1),
(165, 196, 1, '2014-02-07', '14:14:18', '2014-02-07 08:44:18', 1),
(166, 197, 1, '2014-02-07', '14:15:30', '2014-02-07 08:45:30', 1),
(167, 198, 1, '2014-02-07', '14:17:02', '2014-02-07 08:47:02', 1),
(168, 199, 1, '2014-02-07', '14:18:20', '2014-02-07 08:48:20', 1),
(169, 200, 1, '2014-02-07', '14:19:34', '2014-02-07 08:49:34', 1),
(170, 201, 1, '2014-02-07', '14:20:45', '2014-02-07 08:50:45', 1),
(171, 202, 1, '2014-02-07', '14:21:58', '2014-02-07 08:51:58', 1),
(172, 203, 1, '2014-02-07', '14:23:06', '2014-02-07 08:53:06', 1),
(173, 204, 1, '2014-02-07', '14:24:18', '2014-02-07 08:54:18', 1),
(174, 205, 1, '2014-02-07', '14:25:30', '2014-02-07 08:55:30', 1),
(175, 206, 1, '2014-02-07', '14:26:38', '2014-02-07 08:56:38', 1),
(176, 207, 1, '2014-02-07', '14:27:55', '2014-02-07 08:57:55', 1),
(177, 208, 1, '2014-02-07', '14:28:50', '2014-02-07 08:58:50', 1),
(178, 209, 1, '2014-02-07', '14:29:44', '2014-02-07 08:59:44', 1),
(179, 210, 1, '2014-02-07', '14:30:57', '2014-02-07 09:00:57', 1),
(180, 211, 1, '2014-02-07', '14:31:52', '2014-02-07 09:01:52', 1),
(181, 212, 1, '2014-02-07', '14:33:02', '2014-02-07 09:03:02', 1),
(182, 213, 1, '2014-02-07', '14:33:58', '2014-02-07 09:03:58', 1),
(183, 214, 1, '2014-02-07', '14:35:00', '2014-02-07 09:05:00', 1),
(184, 215, 1, '2014-02-07', '14:35:58', '2014-02-07 09:05:58', 1),
(185, 216, 1, '2014-02-07', '14:36:54', '2014-02-07 09:06:54', 1),
(186, 217, 1, '2014-02-07', '14:37:50', '2014-02-07 09:07:50', 1),
(187, 218, 1, '2014-02-07', '14:38:46', '2014-02-07 09:08:46', 1),
(188, 219, 1, '2014-02-07', '14:40:08', '2014-02-07 09:10:08', 1),
(189, 220, 1, '2014-02-07', '14:41:11', '2014-02-07 09:11:11', 1),
(190, 221, 1, '2014-02-07', '14:42:14', '2014-02-07 09:12:14', 1),
(191, 222, 1, '2014-02-07', '14:43:12', '2014-02-07 09:13:12', 1),
(192, 223, 1, '2014-02-07', '14:44:15', '2014-02-07 09:14:15', 1),
(193, 224, 1, '2014-02-07', '14:45:31', '2014-02-07 09:15:31', 1),
(194, 225, 1, '2014-02-07', '14:46:22', '2014-02-07 09:16:22', 1),
(195, 226, 1, '2014-02-07', '14:47:19', '2014-02-07 09:17:19', 1),
(196, 227, 1, '2014-02-07', '14:48:34', '2014-02-07 09:18:34', 1),
(197, 228, 1, '2014-02-07', '14:49:28', '2014-02-07 09:19:28', 1),
(198, 229, 1, '2014-02-07', '14:50:38', '2014-02-07 09:20:38', 1),
(199, 230, 1, '2014-02-07', '14:51:57', '2014-02-07 09:21:57', 1),
(200, 231, 1, '2014-02-07', '14:52:59', '2014-02-07 09:22:59', 1),
(201, 232, 1, '2014-02-07', '14:53:59', '2014-02-07 09:23:59', 1),
(202, 233, 1, '2014-02-07', '14:55:04', '2014-02-07 09:25:04', 1),
(203, 234, 1, '2014-02-10', '09:40:02', '2014-02-10 04:10:02', 1),
(204, 237, 1, '2014-02-25', '13:19:19', '2014-02-25 07:49:19', 1),
(205, 238, 1, '2014-02-25', '13:20:59', '2014-02-25 07:50:59', 1),
(206, 239, 1, '2014-02-25', '13:26:04', '2014-02-25 07:56:04', 1),
(207, 240, 1, '2014-03-10', '11:03:55', '2014-03-10 05:33:55', 1),
(208, 241, 1, '2014-03-10', '11:11:09', '2014-03-10 05:41:09', 1),
(209, 242, 1, '2014-03-10', '11:13:30', '2014-03-10 05:43:30', 1),
(210, 243, 1, '2014-03-10', '11:16:16', '2014-03-10 05:46:16', 1),
(211, 244, 1, '2014-03-10', '11:18:08', '2014-03-10 05:48:08', 1),
(212, 245, 1, '2014-03-10', '11:19:59', '2014-03-10 05:49:59', 1),
(213, 246, 1, '2014-03-10', '11:21:56', '2014-03-10 05:51:56', 1),
(214, 247, 1, '2014-03-10', '11:24:24', '2014-03-10 05:54:24', 1),
(215, 248, 1, '2014-03-10', '11:26:02', '2014-03-10 05:56:02', 1),
(216, 249, 1, '2014-03-10', '11:27:45', '2014-03-10 05:57:45', 1),
(217, 250, 1, '2014-03-10', '11:29:18', '2014-03-10 05:59:18', 1),
(218, 251, 1, '2014-03-10', '11:31:12', '2014-03-10 06:01:12', 1),
(219, 252, 1, '2014-03-10', '11:37:35', '2014-03-10 06:07:35', 1),
(220, 253, 1, '2014-03-10', '11:41:54', '2014-03-10 06:11:54', 1),
(221, 254, 1, '2014-03-10', '11:44:07', '2014-03-10 06:14:07', 1),
(222, 255, 1, '2014-03-10', '11:46:02', '2014-03-10 06:16:02', 1),
(223, 256, 1, '2014-03-10', '11:50:21', '2014-03-10 06:20:21', 1),
(224, 257, 1, '2014-03-10', '11:52:21', '2014-03-10 06:22:21', 1),
(225, 258, 1, '2014-03-10', '11:54:53', '2014-03-10 06:24:53', 1),
(226, 259, 1, '2014-03-10', '11:56:19', '2014-03-10 06:26:19', 1),
(227, 260, 1, '2014-03-10', '11:58:10', '2014-03-10 06:28:10', 1),
(228, 261, 1, '2014-03-10', '12:00:29', '2014-03-10 06:30:29', 1),
(229, 262, 1, '2014-03-10', '12:02:28', '2014-03-10 06:32:28', 1),
(230, 263, 1, '2014-03-10', '12:04:37', '2014-03-10 06:34:37', 1),
(231, 264, 1, '2014-03-10', '12:32:28', '2014-03-10 07:02:28', 1),
(232, 265, 1, '2014-03-10', '12:34:44', '2014-03-10 07:04:44', 1),
(233, 266, 1, '2014-03-10', '13:43:20', '2014-03-10 08:13:20', 1),
(234, 267, 1, '2014-03-10', '13:45:31', '2014-03-10 08:15:31', 1),
(235, 268, 1, '2014-03-10', '13:46:59', '2014-03-10 08:16:59', 1),
(236, 269, 1, '2014-03-10', '13:48:52', '2014-03-10 08:18:52', 1),
(237, 270, 1, '2014-03-10', '13:50:43', '2014-03-10 08:20:43', 1),
(238, 271, 1, '2014-03-10', '13:52:19', '2014-03-10 08:22:19', 1),
(239, 272, 1, '2014-03-10', '13:54:06', '2014-03-10 08:24:06', 1),
(240, 273, 1, '2014-03-10', '13:56:00', '2014-03-10 08:26:00', 1),
(241, 274, 1, '2014-03-10', '13:57:47', '2014-03-10 08:27:47', 1),
(242, 275, 1, '2014-03-10', '13:59:11', '2014-03-10 08:29:11', 1),
(243, 276, 1, '2014-03-10', '14:00:37', '2014-03-10 08:30:37', 1),
(244, 277, 1, '2014-03-10', '14:02:14', '2014-03-10 08:32:14', 1),
(245, 278, 1, '2014-03-10', '14:03:29', '2014-03-10 08:33:29', 1),
(246, 279, 1, '2014-03-10', '14:04:42', '2014-03-10 08:34:42', 1),
(247, 280, 1, '2014-03-10', '14:06:16', '2014-03-10 08:36:16', 1),
(248, 281, 1, '2014-03-10', '14:07:39', '2014-03-10 08:37:39', 1),
(249, 282, 1, '2014-03-10', '14:08:44', '2014-03-10 08:38:44', 1),
(250, 283, 1, '2014-03-10', '14:09:53', '2014-03-10 08:39:53', 1),
(251, 284, 1, '2014-03-10', '14:13:46', '2014-03-10 08:43:46', 1),
(252, 285, 1, '2014-03-10', '14:15:28', '2014-03-10 08:45:28', 1),
(253, 286, 1, '2014-03-10', '14:16:30', '2014-03-10 08:46:30', 1),
(254, 287, 1, '2014-03-10', '14:17:49', '2014-03-10 08:47:49', 1),
(255, 288, 1, '2014-03-10', '14:19:00', '2014-03-10 08:49:00', 1),
(256, 289, 1, '2014-03-10', '14:20:24', '2014-03-10 08:50:24', 1),
(257, 290, 1, '2014-03-10', '14:21:39', '2014-03-10 08:51:39', 1),
(258, 294, 1, '2014-03-20', '14:31:36', '2014-03-20 09:01:36', 1),
(259, 295, 1, '2014-03-20', '14:33:27', '2014-03-20 09:03:27', 1),
(260, 296, 1, '2014-03-20', '14:35:11', '2014-03-20 09:05:11', 1),
(261, 297, 1, '2014-03-20', '14:36:59', '2014-03-20 09:06:59', 1),
(262, 298, 1, '2014-03-20', '14:39:14', '2014-03-20 09:09:14', 1),
(263, 299, 1, '2014-03-20', '14:41:30', '2014-03-20 09:11:30', 1),
(264, 300, 1, '2014-03-20', '14:43:04', '2014-03-20 09:13:04', 1),
(265, 301, 1, '2014-03-20', '14:44:29', '2014-03-20 09:14:29', 1),
(266, 302, 1, '2014-03-20', '14:46:17', '2014-03-20 09:16:17', 1),
(267, 303, 1, '2014-03-20', '14:48:43', '2014-03-20 09:18:43', 1),
(268, 304, 1, '2014-03-20', '14:50:20', '2014-03-20 09:20:20', 1),
(269, 305, 1, '2014-03-20', '14:52:12', '2014-03-20 09:22:12', 1),
(270, 306, 1, '2014-03-20', '14:53:55', '2014-03-20 09:23:55', 1),
(271, 307, 1, '2014-03-20', '14:55:23', '2014-03-20 09:25:23', 1),
(272, 308, 1, '2014-03-20', '14:57:47', '2014-03-20 09:27:47', 1),
(273, 309, 1, '2014-03-20', '14:58:55', '2014-03-20 09:28:55', 1),
(274, 310, 1, '2014-03-20', '15:00:22', '2014-03-20 09:30:22', 1),
(275, 311, 1, '2014-03-20', '15:11:47', '2014-03-20 09:41:47', 1),
(276, 312, 1, '2014-03-20', '15:14:24', '2014-03-20 09:44:24', 1),
(277, 313, 1, '2014-03-20', '15:16:00', '2014-03-20 09:46:00', 1),
(278, 314, 1, '2014-03-20', '15:37:26', '2014-03-20 10:07:26', 1),
(279, 315, 1, '2014-03-20', '15:38:53', '2014-03-20 10:08:53', 1),
(280, 316, 1, '2014-03-20', '15:40:09', '2014-03-20 10:10:09', 1),
(281, 317, 1, '2014-03-20', '15:41:50', '2014-03-20 10:11:50', 1),
(282, 318, 1, '2014-03-20', '15:43:19', '2014-03-20 10:13:19', 1),
(283, 319, 1, '2014-03-20', '15:44:37', '2014-03-20 10:14:37', 1),
(284, 320, 1, '2014-03-20', '15:45:59', '2014-03-20 10:15:59', 1),
(285, 321, 1, '2014-03-20', '15:47:23', '2014-03-20 10:17:23', 1),
(286, 322, 1, '2014-03-20', '15:49:00', '2014-03-20 10:19:00', 1),
(287, 323, 1, '2014-03-20', '15:50:21', '2014-03-20 10:20:21', 1),
(288, 324, 1, '2014-03-20', '15:51:39', '2014-03-20 10:21:39', 1),
(289, 325, 1, '2014-03-20', '15:52:41', '2014-03-20 10:22:41', 1),
(290, 326, 1, '2014-03-21', '13:36:30', '2014-03-21 08:06:30', 1),
(291, 327, 1, '2014-03-21', '13:37:35', '2014-03-21 08:07:35', 1),
(292, 328, 1, '2014-03-21', '13:38:56', '2014-03-21 08:08:56', 1),
(293, 329, 1, '2014-03-21', '13:40:26', '2014-03-21 08:10:26', 1),
(294, 330, 1, '2014-03-21', '13:41:56', '2014-03-21 08:11:56', 1),
(295, 331, 1, '2014-03-21', '13:43:12', '2014-03-21 08:13:12', 1),
(296, 332, 1, '2014-03-21', '13:44:33', '2014-03-21 08:14:33', 1),
(297, 333, 1, '2014-03-21', '13:45:44', '2014-03-21 08:15:44', 1),
(298, 334, 1, '2014-03-21', '13:47:02', '2014-03-21 08:17:02', 1),
(299, 335, 1, '2014-03-21', '13:48:07', '2014-03-21 08:18:07', 1),
(300, 336, 1, '2014-03-21', '13:49:26', '2014-03-21 08:19:26', 1),
(301, 337, 1, '2014-03-21', '13:50:45', '2014-03-21 08:20:45', 1),
(302, 338, 1, '2014-03-21', '13:52:00', '2014-03-21 08:22:00', 1),
(303, 339, 1, '2014-03-21', '13:53:12', '2014-03-21 08:23:12', 1),
(304, 340, 1, '2014-03-21', '13:54:24', '2014-03-21 08:24:24', 1),
(305, 341, 1, '2014-03-21', '13:55:37', '2014-03-21 08:25:37', 1),
(306, 342, 1, '2014-03-21', '13:56:39', '2014-03-21 08:26:39', 1),
(307, 343, 1, '2014-03-21', '13:57:40', '2014-03-21 08:27:40', 1),
(308, 346, 1, '2014-05-05', '12:06:14', '2014-05-05 06:36:14', 1),
(309, 347, 1, '2014-05-05', '12:11:31', '2014-05-05 06:41:31', 1),
(310, 348, 1, '2014-05-05', '12:14:14', '2014-05-05 06:44:14', 1),
(311, 349, 1, '2014-05-05', '12:22:39', '2014-05-05 06:52:39', 1),
(312, 350, 1, '2014-05-05', '12:24:01', '2014-05-05 06:54:01', 1),
(313, 351, 1, '2014-05-05', '12:25:31', '2014-05-05 06:55:31', 1),
(314, 352, 1, '2014-05-05', '12:28:12', '2014-05-05 06:58:12', 1),
(315, 353, 1, '2014-05-05', '12:29:39', '2014-05-05 06:59:39', 1),
(316, 354, 1, '2014-05-05', '12:31:30', '2014-05-05 07:01:30', 1),
(317, 355, 1, '2014-05-05', '12:33:07', '2014-05-05 07:03:07', 1),
(318, 356, 1, '2014-05-05', '12:34:30', '2014-05-05 07:04:30', 1),
(319, 357, 1, '2014-05-05', '12:36:03', '2014-05-05 07:06:03', 1),
(320, 358, 1, '2014-05-05', '12:37:21', '2014-05-05 07:07:21', 1),
(321, 359, 1, '2014-05-05', '14:03:36', '2014-05-05 08:33:36', 1),
(322, 360, 1, '2014-05-05', '14:05:39', '2014-05-05 08:35:39', 1),
(323, 361, 1, '2014-05-05', '14:07:39', '2014-05-05 08:37:39', 1),
(324, 362, 1, '2014-05-05', '14:08:44', '2014-05-05 08:38:44', 1),
(325, 363, 1, '2014-05-05', '14:10:13', '2014-05-05 08:40:13', 1),
(326, 364, 1, '2014-05-05', '14:11:37', '2014-05-05 08:41:37', 1),
(327, 365, 1, '2014-05-05', '14:13:13', '2014-05-05 08:43:13', 1),
(328, 366, 1, '2014-05-05', '14:15:08', '2014-05-05 08:45:08', 1),
(329, 367, 1, '2014-05-05', '14:16:51', '2014-05-05 08:46:51', 1),
(330, 368, 1, '2014-05-05', '14:18:37', '2014-05-05 08:48:37', 1),
(331, 369, 1, '2014-05-05', '14:20:49', '2014-05-05 08:50:49', 1),
(332, 370, 1, '2014-05-05', '14:22:53', '2014-05-05 08:52:53', 1),
(333, 371, 1, '2014-05-05', '14:24:49', '2014-05-05 08:54:49', 1),
(334, 372, 1, '2014-05-05', '14:26:10', '2014-05-05 08:56:10', 1),
(335, 373, 1, '2014-05-05', '14:27:57', '2014-05-05 08:57:57', 1),
(336, 374, 1, '2014-05-05', '14:27:57', '2014-05-05 08:57:57', 1),
(337, 375, 1, '2014-05-05', '14:27:57', '2014-05-05 08:57:57', 1),
(338, 376, 1, '2014-05-05', '14:29:42', '2014-05-05 08:59:42', 1),
(339, 377, 1, '2014-05-05', '14:31:52', '2014-05-05 09:01:52', 1),
(340, 378, 1, '2014-05-05', '14:34:14', '2014-05-05 09:04:14', 1),
(341, 379, 1, '2014-05-05', '14:36:08', '2014-05-05 09:06:08', 1),
(342, 380, 1, '2014-05-05', '14:37:24', '2014-05-05 09:07:24', 1),
(343, 381, 1, '2014-05-05', '14:38:50', '2014-05-05 09:08:50', 1),
(344, 382, 1, '2014-05-05', '14:40:16', '2014-05-05 09:10:16', 1),
(345, 383, 1, '2014-05-05', '14:41:42', '2014-05-05 09:11:42', 1),
(346, 384, 1, '2014-05-05', '14:42:49', '2014-05-05 09:12:49', 1),
(347, 385, 1, '2014-05-05', '14:44:28', '2014-05-05 09:14:28', 1),
(348, 386, 1, '2014-05-05', '14:46:08', '2014-05-05 09:16:08', 1),
(349, 387, 1, '2014-05-05', '14:47:14', '2014-05-05 09:17:14', 1),
(350, 388, 1, '2014-05-05', '14:48:18', '2014-05-05 09:18:18', 1),
(351, 389, 1, '2014-05-05', '14:49:33', '2014-05-05 09:19:33', 1),
(352, 390, 1, '2014-05-05', '14:50:34', '2014-05-05 09:20:34', 1),
(353, 391, 1, '2014-05-05', '14:51:35', '2014-05-05 09:21:35', 1),
(354, 392, 1, '2014-05-05', '14:52:54', '2014-05-05 09:22:54', 1),
(355, 393, 1, '2014-05-05', '14:54:59', '2014-05-05 09:24:59', 1),
(356, 394, 1, '2014-05-05', '14:56:06', '2014-05-05 09:26:06', 1),
(357, 395, 1, '2014-05-05', '14:57:20', '2014-05-05 09:27:20', 1),
(358, 396, 1, '2014-05-05', '14:58:36', '2014-05-05 09:28:36', 1),
(359, 397, 1, '2014-05-05', '15:00:22', '2014-05-05 09:30:22', 1),
(360, 398, 1, '2014-05-05', '15:03:50', '2014-05-05 09:33:50', 1),
(361, 399, 1, '2014-05-12', '09:22:27', '2014-05-12 03:52:27', 1),
(362, 400, 1, '2014-05-12', '09:24:32', '2014-05-12 03:54:32', 1),
(363, 401, 1, '2014-05-12', '09:25:58', '2014-05-12 03:55:58', 1),
(364, 402, 1, '2014-05-12', '09:27:10', '2014-05-12 03:57:10', 1),
(365, 403, 1, '2014-05-12', '09:28:22', '2014-05-12 03:58:22', 1),
(366, 404, 1, '2014-05-12', '09:30:07', '2014-05-12 04:00:07', 1),
(367, 405, 1, '2014-05-12', '09:31:10', '2014-05-12 04:01:10', 1),
(368, 406, 1, '2014-05-12', '09:32:19', '2014-05-12 04:02:19', 1),
(369, 407, 1, '2014-05-12', '09:33:16', '2014-05-12 04:03:16', 1),
(370, 408, 1, '2014-05-12', '09:34:37', '2014-05-12 04:04:37', 1),
(371, 409, 1, '2014-05-12', '09:36:31', '2014-05-12 04:06:31', 1),
(372, 410, 1, '2014-05-12', '09:38:01', '2014-05-12 04:08:01', 1),
(373, 411, 1, '2014-05-12', '09:39:22', '2014-05-12 04:09:22', 1),
(374, 412, 1, '2014-05-12', '09:40:42', '2014-05-12 04:10:42', 1),
(375, 413, 1, '2014-05-12', '09:42:04', '2014-05-12 04:12:04', 1),
(376, 414, 1, '2014-05-12', '09:43:33', '2014-05-12 04:13:33', 1),
(377, 415, 1, '2014-05-12', '09:45:26', '2014-05-12 04:15:26', 1),
(378, 416, 1, '2014-05-12', '09:46:37', '2014-05-12 04:16:37', 1),
(379, 417, 1, '2014-05-12', '09:47:47', '2014-05-12 04:17:48', 1),
(380, 418, 1, '2014-05-12', '09:49:09', '2014-05-12 04:19:09', 1);

-- --------------------------------------------------------

--
-- Table structure for table `tbl_branch_registration`
--

CREATE TABLE IF NOT EXISTS `tbl_branch_registration` (
  `id_branch_registration` int(11) NOT NULL AUTO_INCREMENT,
  `branch_code` varchar(100) DEFAULT NULL,
  `added_date` date DEFAULT NULL,
  `added_time` time DEFAULT NULL,
  `added_timestamp` timestamp NOT NULL DEFAULT CURRENT_TIMESTAMP ON UPDATE CURRENT_TIMESTAMP,
  PRIMARY KEY (`id_branch_registration`)
) ENGINE=InnoDB  DEFAULT CHARSET=latin1 AUTO_INCREMENT=406 ;

--
-- Dumping data for table `tbl_branch_registration`
--

INSERT INTO `tbl_branch_registration` (`id_branch_registration`, `branch_code`, `added_date`, `added_time`, `added_timestamp`) VALUES
(13, 'BR0001', '2013-11-21', '07:50:12', '2013-11-21 07:50:12'),
(14, 'BR0022', '2013-11-21', '07:53:21', '2013-11-21 07:53:21'),
(15, 'BR0023', '2013-11-21', '07:55:29', '2013-11-21 07:55:29'),
(16, 'BR0024', '2013-11-21', '07:56:38', '2013-11-21 07:56:38'),
(17, 'BR0025', '2013-11-21', '07:57:51', '2013-11-21 07:57:51'),
(18, 'BR0026', '2013-11-21', '07:57:52', '2013-11-21 07:57:52'),
(19, 'BR0027', '2013-11-21', '07:59:27', '2013-11-21 07:59:27'),
(20, 'BR0028', '2013-11-21', '08:00:13', '2013-11-21 08:00:13'),
(21, 'BR0029', '2013-11-21', '08:01:48', '2013-11-21 08:01:48'),
(22, 'BR0030', '2013-11-21', '08:03:05', '2013-11-21 08:03:05'),
(23, 'BR0031', '2013-11-21', '08:05:13', '2013-11-21 08:05:13'),
(24, 'BR0032', '2013-11-21', '08:06:13', '2013-11-21 08:06:13'),
(25, 'BR0033', '2013-11-21', '08:06:22', '2013-11-21 08:06:22'),
(26, 'BR0034', '2013-11-21', '08:08:51', '2013-11-21 08:08:51'),
(27, 'BR0035', '2013-11-21', '08:21:24', '2013-11-21 08:21:24'),
(28, 'BR0036', '2013-11-21', '08:22:07', '2013-11-21 08:22:07'),
(29, 'BR0037', '2013-11-21', '08:23:56', '2013-11-21 08:23:56'),
(30, 'BR0038', '2013-11-21', '08:25:35', '2013-11-21 08:25:35'),
(31, 'BR0039', '2013-11-21', '08:28:19', '2013-11-21 08:28:19'),
(32, 'BR0040', '2013-11-21', '08:29:38', '2013-11-21 08:29:38'),
(33, 'BR0041', '2013-11-21', '08:30:51', '2013-11-21 08:30:51'),
(34, 'BR0042', '2013-11-21', '08:32:29', '2013-11-21 08:32:29'),
(35, 'BR0043', '2013-11-21', '08:33:28', '2013-11-21 08:33:28'),
(36, 'BR0044', '2013-11-21', '08:34:15', '2013-11-21 08:34:15'),
(37, 'BR0045', '2013-11-21', '08:34:40', '2013-11-21 08:34:40'),
(38, 'BR0046', '2013-11-21', '08:35:10', '2013-11-21 08:35:10'),
(39, 'BR0047', '2013-11-21', '08:36:13', '2013-11-21 08:36:13'),
(40, 'BR0048', '2013-11-21', '08:36:17', '2013-11-21 08:36:17'),
(41, 'BR0049', '2013-11-21', '08:37:03', '2013-11-21 08:37:03'),
(42, 'BR0050', '2013-11-21', '08:38:05', '2013-11-21 08:38:05'),
(43, 'BR0051', '2013-11-21', '08:38:56', '2013-11-21 08:38:56'),
(44, 'BR0052', '2013-11-21', '08:39:46', '2013-11-21 08:39:46'),
(45, 'BR0053', '2013-11-21', '08:40:34', '2013-11-21 08:40:34'),
(46, 'BR0054', '2013-11-21', '08:41:18', '2013-11-21 08:41:18'),
(47, 'BR0055', '2013-11-21', '08:41:58', '2013-11-21 08:41:58'),
(48, 'BR0056', '2013-11-21', '08:42:51', '2013-11-21 08:42:51'),
(49, 'BR0057', '2013-11-21', '08:43:12', '2013-11-21 08:43:12'),
(50, 'BR0058', '2013-11-21', '08:43:42', '2013-11-21 08:43:42'),
(51, 'BR0059', '2013-11-21', '08:44:27', '2013-11-21 08:44:27'),
(52, 'BR0060', '2013-11-21', '08:45:10', '2013-11-21 08:45:10'),
(53, 'BR0061', '2013-11-21', '08:45:55', '2013-11-21 08:45:55'),
(54, 'BR0062', '2013-11-21', '08:46:40', '2013-11-21 08:46:40'),
(55, 'BR0063', '2013-11-21', '08:47:57', '2013-11-21 08:47:57'),
(56, 'BR0064', '2013-11-21', '08:52:07', '2013-11-21 08:52:07'),
(57, 'BR0065', '2013-11-21', '08:58:32', '2013-11-21 08:58:32'),
(58, 'BR0066', '2013-11-22', '04:25:33', '2013-11-22 04:25:33'),
(59, 'BR0067', '2013-11-26', '10:02:48', '2013-11-26 10:02:48'),
(60, 'BR0068', '2013-11-26', '10:14:04', '2013-11-26 10:14:04'),
(61, 'BR0069', '2013-11-26', '10:18:34', '2013-11-26 10:18:34'),
(62, 'BR0070', '2013-11-26', '10:20:57', '2013-11-26 10:20:57'),
(63, 'BR0071', '2013-11-26', '10:24:16', '2013-11-26 10:24:16'),
(64, 'BR0072', '2013-11-26', '10:27:20', '2013-11-26 10:27:20'),
(65, 'BR0073', '2013-11-26', '10:29:12', '2013-11-26 10:29:12'),
(66, 'BR0074', '2013-11-26', '10:30:56', '2013-11-26 10:30:56'),
(67, 'BR0075', '2013-11-26', '10:32:28', '2013-11-26 10:32:28'),
(68, 'BR0076', '2013-11-26', '10:33:41', '2013-11-26 10:33:41'),
(69, 'BR0077', '2013-11-26', '10:35:15', '2013-11-26 10:35:15'),
(70, 'BR0078', '2013-11-26', '10:37:36', '2013-11-26 10:37:36'),
(71, 'BR0079', '2013-11-26', '10:40:54', '2013-11-26 10:40:54'),
(72, 'BR0080', '2013-11-26', '10:43:03', '2013-11-26 10:43:03'),
(73, 'BR0081', '2013-11-26', '10:45:10', '2013-11-26 10:45:10'),
(74, 'BR0082', '2013-11-26', '10:47:10', '2013-11-26 10:47:10'),
(75, 'BR0083', '2013-11-26', '10:48:36', '2013-11-26 10:48:36'),
(76, 'BR0084', '2013-11-26', '10:50:25', '2013-11-26 10:50:25'),
(77, 'BR0085', '2013-11-26', '10:51:29', '2013-11-26 10:51:29'),
(78, 'BR0086', '2013-11-26', '10:53:34', '2013-11-26 10:53:34'),
(79, 'BR0087', '2013-11-26', '10:55:05', '2013-11-26 10:55:05'),
(80, 'BR0088', '2013-11-26', '10:56:32', '2013-11-26 10:56:32'),
(81, 'BR0089', '2013-11-26', '10:58:00', '2013-11-26 10:58:00'),
(82, 'BR0090', '2013-11-26', '10:59:09', '2013-11-26 10:59:09'),
(83, 'BR0091', '2013-11-26', '11:02:15', '2013-11-26 11:02:15'),
(84, 'BR0092', '2013-11-26', '11:03:21', '2013-11-26 11:03:21'),
(85, 'BR0093', '2013-11-26', '11:05:14', '2013-11-26 11:05:14'),
(86, 'BR0094', '2013-11-26', '11:06:42', '2013-11-26 11:06:42'),
(87, 'BR0095', '2013-11-26', '11:07:51', '2013-11-26 11:07:51'),
(88, 'BR0096', '2013-11-26', '11:14:23', '2013-11-26 11:14:23'),
(89, 'BR0097', '2013-11-26', '11:18:25', '2013-11-26 11:18:25'),
(90, 'BR0098', '2013-11-26', '11:19:35', '2013-11-26 11:19:35'),
(91, 'BR0099', '2013-11-26', '11:21:46', '2013-11-26 11:21:46'),
(92, 'BR0100', '2013-11-26', '11:22:54', '2013-11-26 11:22:54'),
(93, 'BR0101', '2013-11-26', '11:25:16', '2013-11-26 11:25:16'),
(94, 'BR0102', '2013-11-26', '11:26:52', '2013-11-26 11:26:52'),
(95, 'BR0103', '2013-11-26', '11:28:00', '2013-11-26 11:28:00'),
(96, 'BR0104', '2013-11-26', '11:29:18', '2013-11-26 11:29:18'),
(97, 'BR0105', '2013-11-26', '11:30:25', '2013-11-26 11:30:25'),
(98, 'BR0106', '2013-11-26', '11:32:17', '2013-11-26 11:32:17'),
(99, 'BR0107', '2013-11-26', '11:33:28', '2013-11-26 11:33:28'),
(100, 'BR0108', '2013-11-26', '11:34:22', '2013-11-26 11:34:22'),
(101, 'BR0109', '2013-11-26', '11:35:08', '2013-11-26 11:35:08'),
(102, 'BR0110', '2013-11-26', '11:35:52', '2013-11-26 11:35:52'),
(103, 'OR0090', '2013-12-02', '04:20:41', '2013-12-02 04:20:41'),
(104, 'OR0091', '2013-12-02', '04:35:25', '2013-12-02 04:35:25'),
(105, 'OR0092', '2013-12-02', '04:40:46', '2013-12-02 04:40:46'),
(106, 'OR0093', '2013-12-02', '04:46:33', '2013-12-02 04:46:33'),
(107, 'OR0094', '2013-12-02', '04:51:19', '2013-12-02 04:51:19'),
(108, 'OR0095', '2013-12-02', '04:58:55', '2013-12-02 04:58:55'),
(109, 'OR0096', '2013-12-02', '05:01:22', '2013-12-02 05:01:22'),
(110, 'OR0097', '2013-12-02', '05:18:54', '2013-12-02 05:18:54'),
(111, 'OR0098', '2013-12-02', '05:23:08', '2013-12-02 05:23:08'),
(112, 'BR0122', '2014-01-10', '12:03:15', '2014-01-10 06:33:15'),
(113, 'BR0123', '2014-01-10', '12:07:42', '2014-01-10 06:37:42'),
(114, 'OR0101', '2014-01-21', '12:44:41', '2014-01-21 07:14:41'),
(115, 'BR0125', '2014-01-23', '14:56:36', '2014-01-23 09:26:36'),
(116, 'BR0126', '2014-01-23', '16:24:10', '2014-01-23 10:54:10'),
(117, 'BR0127', '2014-01-23', '16:29:47', '2014-01-23 10:59:47'),
(118, 'BR0125', '2014-01-28', '11:40:10', '2014-01-28 06:10:10'),
(119, 'BR0129', '2014-02-03', '11:10:49', '2014-02-03 05:40:49'),
(120, 'BR0130', '2014-02-07', '11:13:46', '2014-02-07 05:43:46'),
(121, 'BR0131', '2014-02-07', '11:15:50', '2014-02-07 05:45:50'),
(122, 'BR0132', '2014-02-07', '11:19:25', '2014-02-07 05:49:25'),
(123, 'BR0133', '2014-02-07', '11:21:15', '2014-02-07 05:51:15'),
(124, 'BR0134', '2014-02-07', '11:23:08', '2014-02-07 05:53:08'),
(125, 'BR0135', '2014-02-07', '11:25:10', '2014-02-07 05:55:10'),
(126, 'BR0136', '2014-02-07', '11:29:18', '2014-02-07 05:59:18'),
(127, 'BR0137', '2014-02-07', '11:30:51', '2014-02-07 06:00:51'),
(128, 'BR0138', '2014-02-07', '11:33:47', '2014-02-07 06:03:47'),
(129, 'BR0139', '2014-02-07', '11:35:40', '2014-02-07 06:05:40'),
(130, 'BR0140', '2014-02-07', '11:36:51', '2014-02-07 06:06:51'),
(131, 'BR0141', '2014-02-07', '11:38:24', '2014-02-07 06:08:24'),
(132, 'BR0142', '2014-02-07', '11:39:48', '2014-02-07 06:09:48'),
(133, 'BR0143', '2014-02-07', '11:41:01', '2014-02-07 06:11:01'),
(134, 'BR0144', '2014-02-07', '11:42:47', '2014-02-07 06:12:47'),
(135, 'BR0145', '2014-02-07', '11:44:17', '2014-02-07 06:14:17'),
(136, 'BR0146', '2014-02-07', '11:46:04', '2014-02-07 06:16:04'),
(137, 'BR0147', '2014-02-07', '11:47:45', '2014-02-07 06:17:45'),
(138, 'BR0148', '2014-02-07', '11:49:03', '2014-02-07 06:19:03'),
(139, 'BR0149', '2014-02-07', '11:51:13', '2014-02-07 06:21:13'),
(140, 'BR0150', '2014-02-07', '11:52:59', '2014-02-07 06:22:59'),
(141, 'BR0151', '2014-02-07', '11:54:47', '2014-02-07 06:24:47'),
(142, 'BR0152', '2014-02-07', '11:57:36', '2014-02-07 06:27:36'),
(143, 'BR0153', '2014-02-07', '11:59:01', '2014-02-07 06:29:01'),
(144, 'BR0154', '2014-02-07', '12:01:09', '2014-02-07 06:31:09'),
(145, 'BR0155', '2014-02-07', '12:02:34', '2014-02-07 06:32:34'),
(146, 'BR0156', '2014-02-07', '12:04:17', '2014-02-07 06:34:17'),
(147, 'BR0157', '2014-02-07', '12:05:30', '2014-02-07 06:35:30'),
(148, 'BR0158', '2014-02-07', '12:07:57', '2014-02-07 06:37:57'),
(149, 'BR0159', '2014-02-07', '12:09:13', '2014-02-07 06:39:13'),
(150, 'BR0160', '2014-02-07', '12:25:21', '2014-02-07 06:55:21'),
(151, 'BR0161', '2014-02-07', '12:27:13', '2014-02-07 06:57:13'),
(152, 'BR0162', '2014-02-07', '12:28:41', '2014-02-07 06:58:41'),
(153, 'BR0163', '2014-02-07', '12:30:11', '2014-02-07 07:00:11'),
(154, 'BR0164', '2014-02-07', '12:34:35', '2014-02-07 07:04:35'),
(155, 'BR0165', '2014-02-07', '12:41:54', '2014-02-07 07:11:54'),
(156, 'BR0166', '2014-02-07', '13:02:40', '2014-02-07 07:32:40'),
(157, 'BR0167', '2014-02-07', '13:04:36', '2014-02-07 07:34:36'),
(158, 'BR0168', '2014-02-07', '13:05:59', '2014-02-07 07:35:59'),
(159, 'BR0169', '2014-02-07', '13:07:21', '2014-02-07 07:37:21'),
(160, 'BR0170', '2014-02-07', '13:08:31', '2014-02-07 07:38:31'),
(161, 'BR0171', '2014-02-07', '13:10:25', '2014-02-07 07:40:25'),
(162, 'BR0172', '2014-02-07', '13:11:53', '2014-02-07 07:41:53'),
(163, 'BR0173', '2014-02-07', '13:13:12', '2014-02-07 07:43:12'),
(164, 'BR0174', '2014-02-07', '13:15:02', '2014-02-07 07:45:02'),
(165, 'BR0175', '2014-02-07', '13:16:21', '2014-02-07 07:46:21'),
(166, 'BR0176', '2014-02-07', '13:18:20', '2014-02-07 07:48:20'),
(167, 'BR0177', '2014-02-07', '13:24:15', '2014-02-07 07:54:15'),
(168, 'BR0178', '2014-02-07', '13:25:46', '2014-02-07 07:55:46'),
(169, 'BR0179', '2014-02-07', '13:28:02', '2014-02-07 07:58:02'),
(170, 'BR0180', '2014-02-07', '13:29:26', '2014-02-07 07:59:26'),
(171, 'BR0181', '2014-02-07', '13:30:48', '2014-02-07 08:00:48'),
(172, 'BR0182', '2014-02-07', '13:32:06', '2014-02-07 08:02:06'),
(173, 'BR0183', '2014-02-07', '13:33:34', '2014-02-07 08:03:34'),
(174, 'BR0184', '2014-02-07', '13:35:02', '2014-02-07 08:05:02'),
(175, 'BR0185', '2014-02-07', '13:36:23', '2014-02-07 08:06:23'),
(176, 'BR0186', '2014-02-07', '14:01:36', '2014-02-07 08:31:36'),
(177, 'BR0187', '2014-02-07', '14:02:48', '2014-02-07 08:32:48'),
(178, 'BR0188', '2014-02-07', '14:04:08', '2014-02-07 08:34:08'),
(179, 'BR0189', '2014-02-07', '14:05:36', '2014-02-07 08:35:36'),
(180, 'BR0190', '2014-02-07', '14:06:58', '2014-02-07 08:36:58'),
(181, 'BR0191', '2014-02-07', '14:08:25', '2014-02-07 08:38:25'),
(182, 'BR0192', '2014-02-07', '14:10:00', '2014-02-07 08:40:00'),
(183, 'BR0193', '2014-02-07', '14:11:19', '2014-02-07 08:41:19'),
(184, 'BR0194', '2014-02-07', '14:12:48', '2014-02-07 08:42:48'),
(185, 'BR0195', '2014-02-07', '14:14:18', '2014-02-07 08:44:18'),
(186, 'BR0196', '2014-02-07', '14:15:30', '2014-02-07 08:45:30'),
(187, 'BR0197', '2014-02-07', '14:17:02', '2014-02-07 08:47:02'),
(188, 'BR0198', '2014-02-07', '14:18:20', '2014-02-07 08:48:20'),
(189, 'BR0199', '2014-02-07', '14:19:34', '2014-02-07 08:49:34'),
(190, 'BR0200', '2014-02-07', '14:20:45', '2014-02-07 08:50:45'),
(191, 'BR0201', '2014-02-07', '14:21:58', '2014-02-07 08:51:58'),
(192, 'BR0202', '2014-02-07', '14:23:06', '2014-02-07 08:53:06'),
(193, 'BR0203', '2014-02-07', '14:24:17', '2014-02-07 08:54:17'),
(194, 'BR0204', '2014-02-07', '14:25:30', '2014-02-07 08:55:30'),
(195, 'BR0205', '2014-02-07', '14:26:38', '2014-02-07 08:56:38'),
(196, 'BR0206', '2014-02-07', '14:27:55', '2014-02-07 08:57:55'),
(197, 'BR0207', '2014-02-07', '14:28:50', '2014-02-07 08:58:50'),
(198, 'BR0208', '2014-02-07', '14:29:44', '2014-02-07 08:59:44'),
(199, 'BR0209', '2014-02-07', '14:30:57', '2014-02-07 09:00:57'),
(200, 'BR0210', '2014-02-07', '14:31:52', '2014-02-07 09:01:52'),
(201, 'BR0211', '2014-02-07', '14:33:02', '2014-02-07 09:03:02'),
(202, 'BR0212', '2014-02-07', '14:33:58', '2014-02-07 09:03:58'),
(203, 'BR0213', '2014-02-07', '14:35:00', '2014-02-07 09:05:00'),
(204, 'BR0214', '2014-02-07', '14:35:58', '2014-02-07 09:05:58'),
(205, 'BR0215', '2014-02-07', '14:36:54', '2014-02-07 09:06:54'),
(206, 'BR0216', '2014-02-07', '14:37:50', '2014-02-07 09:07:50'),
(207, 'BR0217', '2014-02-07', '14:38:46', '2014-02-07 09:08:46'),
(208, 'BR0218', '2014-02-07', '14:40:08', '2014-02-07 09:10:08'),
(209, 'BR0219', '2014-02-07', '14:41:11', '2014-02-07 09:11:11'),
(210, 'BR0220', '2014-02-07', '14:42:14', '2014-02-07 09:12:14'),
(211, 'BR0221', '2014-02-07', '14:43:12', '2014-02-07 09:13:12'),
(212, 'BR0222', '2014-02-07', '14:44:15', '2014-02-07 09:14:15'),
(213, 'BR0223', '2014-02-07', '14:45:31', '2014-02-07 09:15:31'),
(214, 'BR0224', '2014-02-07', '14:46:22', '2014-02-07 09:16:22'),
(215, 'BR0225', '2014-02-07', '14:47:19', '2014-02-07 09:17:19'),
(216, 'BR0226', '2014-02-07', '14:48:34', '2014-02-07 09:18:34'),
(217, 'BR0227', '2014-02-07', '14:49:28', '2014-02-07 09:19:28'),
(218, 'BR0228', '2014-02-07', '14:50:38', '2014-02-07 09:20:38'),
(219, 'BR0229', '2014-02-07', '14:51:57', '2014-02-07 09:21:57'),
(220, 'BR0230', '2014-02-07', '14:52:59', '2014-02-07 09:22:59'),
(221, 'BR0231', '2014-02-07', '14:53:59', '2014-02-07 09:23:59'),
(222, 'BR0232', '2014-02-07', '14:55:04', '2014-02-07 09:25:04'),
(223, 'BR0233', '2014-02-10', '09:40:02', '2014-02-10 04:10:02'),
(224, 'OR0211', '2014-02-20', '12:02:49', '2014-02-20 06:32:49'),
(225, 'OR0212', '2014-02-24', '15:40:10', '2014-02-24 10:10:10'),
(226, 'BR0238', '2014-02-25', '13:26:04', '2014-02-25 07:56:04'),
(227, 'BR0239', '2014-03-10', '11:03:55', '2014-03-10 05:33:55'),
(228, 'BR0240', '2014-03-10', '11:11:09', '2014-03-10 05:41:09'),
(229, 'BR0241', '2014-03-10', '11:13:30', '2014-03-10 05:43:30'),
(230, 'BR0242', '2014-03-10', '11:16:16', '2014-03-10 05:46:16'),
(231, 'BR0243', '2014-03-10', '11:18:08', '2014-03-10 05:48:08'),
(232, 'BR0244', '2014-03-10', '11:19:59', '2014-03-10 05:49:59'),
(233, 'BR0245', '2014-03-10', '11:21:56', '2014-03-10 05:51:56'),
(234, 'BR0246', '2014-03-10', '11:24:24', '2014-03-10 05:54:24'),
(235, 'BR0247', '2014-03-10', '11:26:02', '2014-03-10 05:56:02'),
(236, 'BR0248', '2014-03-10', '11:27:45', '2014-03-10 05:57:45'),
(237, 'BR0249', '2014-03-10', '11:29:18', '2014-03-10 05:59:18'),
(238, 'BR0250', '2014-03-10', '11:31:12', '2014-03-10 06:01:12'),
(239, 'BR0251', '2014-03-10', '11:37:35', '2014-03-10 06:07:35'),
(240, 'BR0252', '2014-03-10', '11:41:54', '2014-03-10 06:11:54'),
(241, 'BR0253', '2014-03-10', '11:44:07', '2014-03-10 06:14:07'),
(242, 'BR0254', '2014-03-10', '11:46:02', '2014-03-10 06:16:02'),
(243, 'BR0255', '2014-03-10', '11:50:21', '2014-03-10 06:20:21'),
(244, 'BR0256', '2014-03-10', '11:52:21', '2014-03-10 06:22:21'),
(245, 'BR0257', '2014-03-10', '11:54:53', '2014-03-10 06:24:53'),
(246, 'BR0258', '2014-03-10', '11:56:19', '2014-03-10 06:26:19'),
(247, 'BR0259', '2014-03-10', '11:58:10', '2014-03-10 06:28:10'),
(248, 'BR0260', '2014-03-10', '12:00:29', '2014-03-10 06:30:29'),
(249, 'BR0261', '2014-03-10', '12:02:28', '2014-03-10 06:32:28'),
(250, 'BR0262', '2014-03-10', '12:04:37', '2014-03-10 06:34:37'),
(251, 'BR0263', '2014-03-10', '12:32:28', '2014-03-10 07:02:28'),
(252, 'BR0264', '2014-03-10', '12:34:44', '2014-03-10 07:04:44'),
(253, 'BR0265', '2014-03-10', '13:43:20', '2014-03-10 08:13:20'),
(254, 'BR0266', '2014-03-10', '13:45:30', '2014-03-10 08:15:31'),
(255, 'BR0267', '2014-03-10', '13:46:59', '2014-03-10 08:16:59'),
(256, 'BR0268', '2014-03-10', '13:48:52', '2014-03-10 08:18:52'),
(257, 'BR0269', '2014-03-10', '13:50:43', '2014-03-10 08:20:43'),
(258, 'BR0270', '2014-03-10', '13:52:19', '2014-03-10 08:22:19'),
(259, 'BR0271', '2014-03-10', '13:54:06', '2014-03-10 08:24:06'),
(260, 'BR0272', '2014-03-10', '13:56:00', '2014-03-10 08:26:00'),
(261, 'BR0273', '2014-03-10', '13:57:47', '2014-03-10 08:27:47'),
(262, 'BR0274', '2014-03-10', '13:59:11', '2014-03-10 08:29:11'),
(263, 'BR0275', '2014-03-10', '14:00:37', '2014-03-10 08:30:37'),
(264, 'BR0276', '2014-03-10', '14:02:14', '2014-03-10 08:32:14'),
(265, 'BR0277', '2014-03-10', '14:03:29', '2014-03-10 08:33:29'),
(266, 'BR0278', '2014-03-10', '14:04:42', '2014-03-10 08:34:42'),
(267, 'BR0279', '2014-03-10', '14:06:16', '2014-03-10 08:36:16'),
(268, 'BR0280', '2014-03-10', '14:07:39', '2014-03-10 08:37:39'),
(269, 'BR0281', '2014-03-10', '14:08:44', '2014-03-10 08:38:44'),
(270, 'BR0282', '2014-03-10', '14:09:53', '2014-03-10 08:39:53'),
(271, 'BR0283', '2014-03-10', '14:13:46', '2014-03-10 08:43:46'),
(272, 'BR0284', '2014-03-10', '14:15:28', '2014-03-10 08:45:28'),
(273, 'BR0285', '2014-03-10', '14:16:30', '2014-03-10 08:46:30'),
(274, 'BR0286', '2014-03-10', '14:17:49', '2014-03-10 08:47:49'),
(275, 'BR0287', '2014-03-10', '14:19:00', '2014-03-10 08:49:00'),
(276, 'BR0288', '2014-03-10', '14:20:24', '2014-03-10 08:50:24'),
(277, 'BR0289', '2014-03-10', '14:21:39', '2014-03-10 08:51:39'),
(278, 'OR0265', '2014-03-11', '13:15:23', '2014-03-11 07:45:23'),
(279, 'OR0266', '2014-03-12', '10:35:11', '2014-03-12 05:05:11'),
(280, 'OR0267', '2014-03-19', '13:25:54', '2014-03-19 07:55:54'),
(281, 'BR0293', '2014-03-20', '14:31:36', '2014-03-20 09:01:36'),
(282, 'BR0294', '2014-03-20', '14:33:27', '2014-03-20 09:03:27'),
(283, 'BR0295', '2014-03-20', '14:35:11', '2014-03-20 09:05:11'),
(284, 'BR0296', '2014-03-20', '14:36:59', '2014-03-20 09:06:59'),
(285, 'BR0297', '2014-03-20', '14:39:14', '2014-03-20 09:09:14'),
(286, 'BR0298', '2014-03-20', '14:41:30', '2014-03-20 09:11:30'),
(287, 'BR0299', '2014-03-20', '14:43:04', '2014-03-20 09:13:04'),
(288, 'BR0300', '2014-03-20', '14:44:29', '2014-03-20 09:14:29'),
(289, 'BR0301', '2014-03-20', '14:46:17', '2014-03-20 09:16:17'),
(290, 'BR0302', '2014-03-20', '14:48:43', '2014-03-20 09:18:43'),
(291, 'BR0303', '2014-03-20', '14:50:20', '2014-03-20 09:20:20'),
(292, 'BR0304', '2014-03-20', '14:52:12', '2014-03-20 09:22:12'),
(293, 'BR0305', '2014-03-20', '14:53:55', '2014-03-20 09:23:55'),
(294, 'BR0306', '2014-03-20', '14:55:23', '2014-03-20 09:25:23'),
(295, 'BR0307', '2014-03-20', '14:57:47', '2014-03-20 09:27:47'),
(296, 'BR0308', '2014-03-20', '14:58:55', '2014-03-20 09:28:55'),
(297, 'BR0309', '2014-03-20', '15:00:22', '2014-03-20 09:30:22'),
(298, 'BR0310', '2014-03-20', '15:11:47', '2014-03-20 09:41:47'),
(299, 'BR0311', '2014-03-20', '15:14:24', '2014-03-20 09:44:24'),
(300, 'BR0312', '2014-03-20', '15:16:00', '2014-03-20 09:46:00'),
(301, 'BR0313', '2014-03-20', '15:37:26', '2014-03-20 10:07:26'),
(302, 'BR0314', '2014-03-20', '15:38:53', '2014-03-20 10:08:53'),
(303, 'BR0315', '2014-03-20', '15:40:09', '2014-03-20 10:10:09'),
(304, 'BR0316', '2014-03-20', '15:41:50', '2014-03-20 10:11:50'),
(305, 'BR0317', '2014-03-20', '15:43:19', '2014-03-20 10:13:19'),
(306, 'BR0318', '2014-03-20', '15:44:37', '2014-03-20 10:14:37'),
(307, 'BR0319', '2014-03-20', '15:45:59', '2014-03-20 10:15:59'),
(308, 'BR0320', '2014-03-20', '15:47:23', '2014-03-20 10:17:23'),
(309, 'BR0321', '2014-03-20', '15:49:00', '2014-03-20 10:19:00'),
(310, 'BR0322', '2014-03-20', '15:50:21', '2014-03-20 10:20:21'),
(311, 'BR0323', '2014-03-20', '15:51:39', '2014-03-20 10:21:39'),
(312, 'BR0324', '2014-03-20', '15:52:41', '2014-03-20 10:22:41'),
(313, 'BR0325', '2014-03-21', '13:36:30', '2014-03-21 08:06:30'),
(314, 'BR0326', '2014-03-21', '13:37:35', '2014-03-21 08:07:35'),
(315, 'BR0327', '2014-03-21', '13:38:56', '2014-03-21 08:08:56'),
(316, 'BR0328', '2014-03-21', '13:40:26', '2014-03-21 08:10:26'),
(317, 'BR0329', '2014-03-21', '13:41:56', '2014-03-21 08:11:56'),
(318, 'BR0330', '2014-03-21', '13:43:12', '2014-03-21 08:13:12'),
(319, 'BR0331', '2014-03-21', '13:44:33', '2014-03-21 08:14:33'),
(320, 'BR0332', '2014-03-21', '13:45:44', '2014-03-21 08:15:44'),
(321, 'BR0333', '2014-03-21', '13:47:02', '2014-03-21 08:17:02'),
(322, 'BR0334', '2014-03-21', '13:48:07', '2014-03-21 08:18:07'),
(323, 'BR0335', '2014-03-21', '13:49:26', '2014-03-21 08:19:26'),
(324, 'BR0336', '2014-03-21', '13:50:45', '2014-03-21 08:20:45'),
(325, 'BR0337', '2014-03-21', '13:52:00', '2014-03-21 08:22:00'),
(326, 'BR0338', '2014-03-21', '13:53:12', '2014-03-21 08:23:12'),
(327, 'BR0339', '2014-03-21', '13:54:24', '2014-03-21 08:24:24'),
(328, 'BR0340', '2014-03-21', '13:55:37', '2014-03-21 08:25:37'),
(329, 'BR0341', '2014-03-21', '13:56:39', '2014-03-21 08:26:39'),
(330, 'BR0342', '2014-03-21', '13:57:40', '2014-03-21 08:27:40'),
(331, 'OR0318', '2014-03-25', '13:21:27', '2014-03-25 07:51:27'),
(332, 'OR0319', '2014-03-25', '13:24:16', '2014-03-25 07:54:16'),
(333, 'BR0345', '2014-05-05', '12:06:14', '2014-05-05 06:36:14'),
(334, 'BR0346', '2014-05-05', '12:11:31', '2014-05-05 06:41:31'),
(335, 'BR0347', '2014-05-05', '12:14:14', '2014-05-05 06:44:14'),
(336, 'BR0348', '2014-05-05', '12:22:39', '2014-05-05 06:52:39'),
(337, 'BR0349', '2014-05-05', '12:24:01', '2014-05-05 06:54:01'),
(338, 'BR0350', '2014-05-05', '12:25:31', '2014-05-05 06:55:31'),
(339, 'BR0351', '2014-05-05', '12:28:12', '2014-05-05 06:58:12'),
(340, 'BR0352', '2014-05-05', '12:29:39', '2014-05-05 06:59:39'),
(341, 'BR0353', '2014-05-05', '12:31:30', '2014-05-05 07:01:30'),
(342, 'BR0354', '2014-05-05', '12:33:07', '2014-05-05 07:03:07'),
(343, 'BR0355', '2014-05-05', '12:34:30', '2014-05-05 07:04:30'),
(344, 'BR0356', '2014-05-05', '12:36:03', '2014-05-05 07:06:03'),
(345, 'BR0357', '2014-05-05', '12:37:21', '2014-05-05 07:07:21'),
(346, 'BR0358', '2014-05-05', '14:03:36', '2014-05-05 08:33:36'),
(347, 'BR0359', '2014-05-05', '14:05:39', '2014-05-05 08:35:39'),
(348, 'BR0360', '2014-05-05', '14:07:39', '2014-05-05 08:37:39'),
(349, 'BR0361', '2014-05-05', '14:08:44', '2014-05-05 08:38:44'),
(350, 'BR0362', '2014-05-05', '14:10:13', '2014-05-05 08:40:13'),
(351, 'BR0363', '2014-05-05', '14:11:37', '2014-05-05 08:41:37'),
(352, 'BR0364', '2014-05-05', '14:13:13', '2014-05-05 08:43:13'),
(353, 'BR0365', '2014-05-05', '14:15:08', '2014-05-05 08:45:08'),
(354, 'BR0366', '2014-05-05', '14:16:51', '2014-05-05 08:46:51'),
(355, 'BR0367', '2014-05-05', '14:18:37', '2014-05-05 08:48:37'),
(356, 'BR0368', '2014-05-05', '14:20:49', '2014-05-05 08:50:49'),
(357, 'BR0369', '2014-05-05', '14:22:53', '2014-05-05 08:52:53'),
(358, 'BR0370', '2014-05-05', '14:24:49', '2014-05-05 08:54:49'),
(359, 'BR0371', '2014-05-05', '14:26:10', '2014-05-05 08:56:10'),
(360, 'BR0372', '2014-05-05', '14:27:57', '2014-05-05 08:57:57'),
(361, 'BR0372', '2014-05-05', '14:27:57', '2014-05-05 08:57:57'),
(362, 'BR0374', '2014-05-05', '14:27:57', '2014-05-05 08:57:57'),
(363, 'BR0375', '2014-05-05', '14:29:42', '2014-05-05 08:59:42'),
(364, 'BR0376', '2014-05-05', '14:31:52', '2014-05-05 09:01:52'),
(365, 'BR0377', '2014-05-05', '14:34:14', '2014-05-05 09:04:14'),
(366, 'BR0378', '2014-05-05', '14:36:08', '2014-05-05 09:06:08'),
(367, 'BR0379', '2014-05-05', '14:37:24', '2014-05-05 09:07:24'),
(368, 'BR0380', '2014-05-05', '14:38:50', '2014-05-05 09:08:50'),
(369, 'BR0381', '2014-05-05', '14:40:16', '2014-05-05 09:10:16'),
(370, 'BR0382', '2014-05-05', '14:41:42', '2014-05-05 09:11:42'),
(371, 'BR0383', '2014-05-05', '14:42:49', '2014-05-05 09:12:49'),
(372, 'BR0384', '2014-05-05', '14:44:28', '2014-05-05 09:14:28'),
(373, 'BR0385', '2014-05-05', '14:46:08', '2014-05-05 09:16:08'),
(374, 'BR0386', '2014-05-05', '14:47:14', '2014-05-05 09:17:14'),
(375, 'BR0387', '2014-05-05', '14:48:18', '2014-05-05 09:18:18'),
(376, 'BR0388', '2014-05-05', '14:49:33', '2014-05-05 09:19:33'),
(377, 'BR0389', '2014-05-05', '14:50:34', '2014-05-05 09:20:34'),
(378, 'BR0390', '2014-05-05', '14:51:35', '2014-05-05 09:21:35'),
(379, 'BR0391', '2014-05-05', '14:52:54', '2014-05-05 09:22:54'),
(380, 'BR0392', '2014-05-05', '14:54:59', '2014-05-05 09:24:59'),
(381, 'BR0393', '2014-05-05', '14:56:06', '2014-05-05 09:26:06'),
(382, 'BR0394', '2014-05-05', '14:57:20', '2014-05-05 09:27:20'),
(383, 'BR0395', '2014-05-05', '14:58:36', '2014-05-05 09:28:36'),
(384, 'BR0396', '2014-05-05', '15:00:22', '2014-05-05 09:30:22'),
(385, 'BR0397', '2014-05-05', '15:03:50', '2014-05-05 09:33:50'),
(386, 'BR0398', '2014-05-12', '09:22:27', '2014-05-12 03:52:27'),
(387, 'BR0399', '2014-05-12', '09:24:32', '2014-05-12 03:54:32'),
(388, 'BR0400', '2014-05-12', '09:25:58', '2014-05-12 03:55:58'),
(389, 'BR0401', '2014-05-12', '09:27:09', '2014-05-12 03:57:09'),
(390, 'BR0402', '2014-05-12', '09:28:22', '2014-05-12 03:58:22'),
(391, 'BR0403', '2014-05-12', '09:30:07', '2014-05-12 04:00:07'),
(392, 'BR0404', '2014-05-12', '09:31:10', '2014-05-12 04:01:10'),
(393, 'BR0405', '2014-05-12', '09:32:19', '2014-05-12 04:02:19'),
(394, 'BR0406', '2014-05-12', '09:33:16', '2014-05-12 04:03:16'),
(395, 'BR0407', '2014-05-12', '09:34:37', '2014-05-12 04:04:37'),
(396, 'BR0408', '2014-05-12', '09:36:31', '2014-05-12 04:06:31'),
(397, 'BR0409', '2014-05-12', '09:38:01', '2014-05-12 04:08:01'),
(398, 'BR0410', '2014-05-12', '09:39:22', '2014-05-12 04:09:22'),
(399, 'BR0411', '2014-05-12', '09:40:42', '2014-05-12 04:10:42'),
(400, 'BR0412', '2014-05-12', '09:42:04', '2014-05-12 04:12:04'),
(401, 'BR0413', '2014-05-12', '09:43:33', '2014-05-12 04:13:33'),
(402, 'BR0414', '2014-05-12', '09:45:26', '2014-05-12 04:15:26'),
(403, 'BR0415', '2014-05-12', '09:46:37', '2014-05-12 04:16:37'),
(404, 'BR0416', '2014-05-12', '09:47:47', '2014-05-12 04:17:47'),
(405, 'BR0417', '2014-05-12', '09:49:09', '2014-05-12 04:19:09');

-- --------------------------------------------------------

--
-- Table structure for table `tbl_cash_payment`
--

CREATE TABLE IF NOT EXISTS `tbl_cash_payment` (
  `id_cash_payment` int(11) NOT NULL AUTO_INCREMENT,
  `id_sales_order` int(11) NOT NULL,
  `cash_payment` decimal(20,2) NOT NULL DEFAULT '0.00',
  `cash_payment_status` tinyint(4) NOT NULL DEFAULT '1',
  `added_date` date DEFAULT NULL,
  `added_time` time DEFAULT NULL,
  `added_timestamp` timestamp NOT NULL DEFAULT CURRENT_TIMESTAMP ON UPDATE CURRENT_TIMESTAMP,
  PRIMARY KEY (`id_cash_payment`),
  KEY `fk_tbl_cash_payment_tbl_sales_order1` (`id_sales_order`)
) ENGINE=InnoDB  DEFAULT CHARSET=latin1 AUTO_INCREMENT=10 ;

--
-- Dumping data for table `tbl_cash_payment`
--

INSERT INTO `tbl_cash_payment` (`id_cash_payment`, `id_sales_order`, `cash_payment`, `cash_payment_status`, `added_date`, `added_time`, `added_timestamp`) VALUES
(2, 3, '3230.00', 1, '2014-01-30', '10:27:45', '2014-01-30 04:57:45'),
(3, 91, '6173.00', 1, '2014-03-19', '11:11:00', '2014-03-19 05:41:00'),
(4, 84, '780.00', 1, '2014-03-20', '14:53:15', '2014-03-20 09:23:15'),
(5, 96, '5000.00', 1, '2014-03-27', '10:06:04', '2014-03-27 04:36:04'),
(7, 42, '10000.00', 1, '2014-05-08', '15:03:52', '2014-05-08 09:33:52'),
(8, 170, '12320.00', 1, '2014-05-16', '09:54:51', '2014-05-16 04:24:51'),
(9, 188, '2000.00', 1, '2014-05-19', '12:12:09', '2014-05-19 06:42:09');

-- --------------------------------------------------------

--
-- Table structure for table `tbl_cheque_payment`
--

CREATE TABLE IF NOT EXISTS `tbl_cheque_payment` (
  `id_cheque_payment` int(11) NOT NULL AUTO_INCREMENT,
  `id_sales_order` int(11) NOT NULL,
  `id_bank` int(11) NOT NULL,
  `cheque_no` varchar(100) NOT NULL,
  `cheque_payment` decimal(20,2) NOT NULL DEFAULT '0.00',
  `cheque_payment_status` tinyint(4) NOT NULL DEFAULT '1',
  `realized_date` date DEFAULT NULL,
  `added_date` date DEFAULT NULL,
  `added_time` time DEFAULT NULL,
  `added_timestamp` timestamp NOT NULL DEFAULT CURRENT_TIMESTAMP ON UPDATE CURRENT_TIMESTAMP,
  `realized_status` tinyint(2) NOT NULL DEFAULT '1',
  PRIMARY KEY (`id_cheque_payment`),
  KEY `fk_tbl_cheque_payment_tbl_sales_order1` (`id_sales_order`),
  KEY `fk_tbl_cheque_payment_tbl_bank1` (`id_bank`)
) ENGINE=InnoDB  DEFAULT CHARSET=latin1 AUTO_INCREMENT=11 ;

--
-- Dumping data for table `tbl_cheque_payment`
--

INSERT INTO `tbl_cheque_payment` (`id_cheque_payment`, `id_sales_order`, `id_bank`, `cheque_no`, `cheque_payment`, `cheque_payment_status`, `realized_date`, `added_date`, `added_time`, `added_timestamp`, `realized_status`) VALUES
(1, 96, 2, '826098570', '2000.00', 1, '2014-03-31', '2014-03-27', '10:06:04', '2014-03-27 04:36:52', 0),
(3, 62, 1, '984380875', '2000.00', 1, '2014-04-25', '2014-04-24', '15:06:03', '2014-04-24 09:36:03', 1),
(8, 42, 1, '438693', '5000.00', 1, '2014-05-22', '2014-05-08', '15:03:52', '2014-05-08 09:34:57', 0),
(9, 188, 1, '12334455', '20000.00', 1, '2014-05-22', '2014-05-19', '13:34:25', '2014-05-19 08:04:25', 1),
(10, 188, 2, '67890', '1000.00', 1, '2014-05-23', '2014-05-19', '13:34:25', '2014-05-19 08:04:25', 1);

-- --------------------------------------------------------

--
-- Table structure for table `tbl_cluser_sessions`
--

CREATE TABLE IF NOT EXISTS `tbl_cluser_sessions` (
  `session_id` int(11) NOT NULL AUTO_INCREMENT,
  `ip_address` varchar(45) NOT NULL,
  `user_agent` varchar(120) NOT NULL,
  `last_activity` int(11) NOT NULL,
  `user_data` text NOT NULL,
  `added_timestamp` timestamp NULL DEFAULT CURRENT_TIMESTAMP ON UPDATE CURRENT_TIMESTAMP,
  PRIMARY KEY (`session_id`)
) ENGINE=InnoDB DEFAULT CHARSET=latin1 AUTO_INCREMENT=1 ;

-- --------------------------------------------------------

--
-- Table structure for table `tbl_credit_payment`
--

CREATE TABLE IF NOT EXISTS `tbl_credit_payment` (
  `id_credit_payment` int(11) NOT NULL AUTO_INCREMENT,
  `id_sales_order` int(11) NOT NULL,
  `credit_value` decimal(20,2) NOT NULL DEFAULT '0.00',
  `due_date` date NOT NULL,
  `credit_status` tinyint(1) NOT NULL DEFAULT '1',
  `added_date` date DEFAULT NULL,
  `added_time` time DEFAULT NULL,
  `added_timestamp` timestamp NOT NULL DEFAULT CURRENT_TIMESTAMP ON UPDATE CURRENT_TIMESTAMP,
  PRIMARY KEY (`id_credit_payment`),
  KEY `fk_tbl_credit_payment_tbl_sales_order1` (`id_sales_order`)
) ENGINE=InnoDB  DEFAULT CHARSET=latin1 AUTO_INCREMENT=12 ;

--
-- Dumping data for table `tbl_credit_payment`
--

INSERT INTO `tbl_credit_payment` (`id_credit_payment`, `id_sales_order`, `credit_value`, `due_date`, `credit_status`, `added_date`, `added_time`, `added_timestamp`) VALUES
(2, 3, '0.80', '2014-03-01', 1, '2014-01-30', '10:27:45', '2014-01-30 04:57:45'),
(3, 91, '0.20', '2014-04-18', 1, '2014-03-19', '11:11:00', '2014-03-19 05:41:00'),
(4, 84, '-1.00', '2014-04-19', 1, '2014-03-20', '14:53:15', '2014-03-20 09:23:15'),
(5, 96, '3071.00', '2014-04-26', 1, '2014-03-27', '10:06:04', '2014-03-27 04:36:04'),
(7, 62, '10000.00', '2014-05-24', 1, '2014-04-24', '15:06:03', '2014-04-24 09:36:03'),
(8, 42, '23038.75', '2014-06-07', 1, '2014-05-08', '15:03:52', '2014-05-08 09:33:52'),
(9, 170, '0.50', '2014-06-15', 1, '2014-05-16', '09:54:51', '2014-05-16 04:24:51'),
(10, 188, '30000.00', '2014-06-18', 0, '2014-05-19', '12:12:09', '2014-05-19 08:04:25'),
(11, 188, '9000.00', '2014-06-18', 1, '2014-05-19', '13:34:25', '2014-05-19 08:04:25');

-- --------------------------------------------------------

--
-- Table structure for table `tbl_dilivery_note`
--

CREATE TABLE IF NOT EXISTS `tbl_dilivery_note` (
  `id_dilivery_note` int(11) NOT NULL AUTO_INCREMENT,
  `id_purchase_order` int(11) NOT NULL,
  `dilivery_note_number` varchar(45) NOT NULL,
  `invoice_no` varchar(45) NOT NULL,
  `dilivery_note_status` tinyint(4) NOT NULL DEFAULT '1',
  `division` varchar(45) DEFAULT NULL,
  `category` varchar(45) DEFAULT NULL,
  `added_date` date DEFAULT NULL,
  `added_time` time DEFAULT NULL,
  `added_timestamp` timestamp NULL DEFAULT CURRENT_TIMESTAMP ON UPDATE CURRENT_TIMESTAMP,
  PRIMARY KEY (`id_dilivery_note`),
  KEY `fk_dilivery_note_purchase_order1` (`id_purchase_order`)
) ENGINE=InnoDB  DEFAULT CHARSET=latin1 AUTO_INCREMENT=60 ;

--
-- Dumping data for table `tbl_dilivery_note`
--

INSERT INTO `tbl_dilivery_note` (`id_dilivery_note`, `id_purchase_order`, `dilivery_note_number`, `invoice_no`, `dilivery_note_status`, `division`, `category`, `added_date`, `added_time`, `added_timestamp`) VALUES
(15, 1, 'DN001', '', 1, NULL, NULL, '2013-12-30', '10:18:52', '2013-12-30 04:48:52'),
(20, 17, 'DN0017', '', 1, NULL, NULL, '2014-01-10', '09:48:59', '2014-01-10 04:18:59'),
(21, 18, 'DN0018', '', 1, NULL, NULL, '2014-01-20', '14:15:53', '2014-01-20 08:45:53'),
(22, 19, 'DN0019', '', 1, NULL, NULL, '2014-01-20', '15:30:04', '2014-01-20 10:00:04'),
(23, 20, 'DN0020', '', 1, NULL, NULL, '2014-01-21', '12:53:49', '2014-01-21 07:23:49'),
(24, 20, 'DN0020', '', 0, NULL, NULL, '2014-01-21', '12:53:50', '2014-01-21 07:24:40'),
(25, 21, 'DN0021', '', 1, NULL, NULL, '2014-02-03', '16:13:22', '2014-02-03 10:43:22'),
(26, 22, 'DN0022', '', 1, NULL, NULL, '2014-02-19', '13:49:55', '2014-02-19 08:19:55'),
(27, 23, 'DN0023', '', 1, NULL, NULL, '2014-02-19', '13:50:02', '2014-02-19 08:20:02'),
(28, 24, 'DN0024', '', 1, NULL, NULL, '2014-02-19', '15:18:46', '2014-02-19 09:48:46'),
(29, 25, 'DN0025', '', 1, NULL, NULL, '2014-02-25', '12:47:18', '2014-02-25 07:17:18'),
(30, 26, 'DN0026', '', 1, NULL, NULL, '2014-02-26', '13:58:09', '2014-02-26 08:28:09'),
(31, 27, 'DN0027', '', 1, NULL, NULL, '2014-02-26', '14:14:04', '2014-02-26 08:44:04'),
(32, 28, 'DN0028', '', 0, NULL, NULL, '2014-02-28', '12:12:47', '2014-02-28 06:45:09'),
(33, 29, 'DN0029', '', 1, NULL, NULL, '2014-03-08', '21:02:54', '2014-03-08 15:32:54'),
(34, 30, 'DN0030', '', 1, NULL, NULL, '2014-03-08', '21:02:59', '2014-03-08 15:32:59'),
(35, 31, 'DN0031', '', 1, NULL, NULL, '2014-03-10', '14:44:21', '2014-03-10 09:14:21'),
(36, 32, 'DN0032', '', 1, NULL, NULL, '2014-03-10', '15:59:46', '2014-03-10 10:29:46'),
(37, 33, 'DN0033', '', 1, NULL, NULL, '2014-03-11', '15:50:17', '2014-03-11 10:20:17'),
(38, 34, 'DN0034', '', 1, NULL, NULL, '2014-03-11', '15:56:36', '2014-03-11 10:26:36'),
(39, 35, 'DN0035', '', 1, NULL, NULL, '2014-03-12', '10:15:56', '2014-03-12 04:45:56'),
(40, 36, 'DN0036', '', 1, NULL, NULL, '2014-03-25', '13:48:08', '2014-03-25 08:18:08'),
(41, 40, 'DN0040', '', 1, NULL, NULL, '2014-03-26', '19:25:05', '2014-03-26 13:55:05'),
(42, 38, 'DN0038', '', 0, NULL, NULL, '2014-03-26', '19:25:15', '2014-03-26 13:56:27'),
(43, 39, 'DN0039', '', 1, NULL, NULL, '2014-03-26', '19:25:22', '2014-03-26 13:55:22'),
(44, 37, 'DN0037', '', 1, NULL, NULL, '2014-03-26', '19:25:27', '2014-03-26 13:55:27'),
(45, 41, 'DN0041', '', 1, NULL, NULL, '2014-03-31', '14:21:16', '2014-03-31 08:51:16'),
(46, 42, 'DN0042', '', 1, NULL, NULL, '2014-04-01', '09:57:09', '2014-04-01 04:27:09'),
(47, 43, 'DN0043', '', 1, NULL, NULL, '2014-04-01', '09:57:11', '2014-04-01 04:27:11'),
(48, 44, 'DN0044', '', 1, NULL, NULL, '2014-04-01', '12:25:43', '2014-04-01 06:55:43'),
(49, 45, 'DN0045', '', 0, NULL, NULL, '2014-04-02', '14:29:39', '2014-04-11 04:58:04'),
(50, 46, 'DN0046', '', 1, NULL, NULL, '2014-04-03', '09:05:13', '2014-04-03 03:35:13'),
(51, 47, 'DN0047', '12874698178190401', 1, NULL, NULL, '2014-04-03', '16:53:51', '2014-04-03 11:23:51'),
(52, 48, 'DN0048', '26207', 1, NULL, NULL, '2014-04-11', '10:27:50', '2014-04-11 04:57:50'),
(53, 16, 'DN0016', '675598', 1, NULL, NULL, '2014-04-21', '15:19:35', '2014-04-21 09:49:35'),
(54, 49, 'DN0049', '0000001', 1, NULL, NULL, '2014-04-24', '11:51:29', '2014-04-24 06:21:29'),
(55, 62, 'DN0062', '6475373', 1, NULL, NULL, '2014-05-23', '10:03:13', '2014-05-23 04:33:13'),
(56, 63, 'DN0063', '87935069', 1, NULL, NULL, '2014-05-23', '10:07:50', '2014-05-23 04:37:50'),
(57, 58, 'DN0058', '374593', 1, NULL, NULL, '2014-05-23', '10:57:33', '2014-05-23 05:27:33'),
(58, 65, 'DN0065', '9287', 1, NULL, NULL, '2014-05-23', '11:33:26', '2014-05-23 06:03:26'),
(59, 66, 'DN0066', '983740', 1, NULL, NULL, '2014-05-23', '11:52:06', '2014-05-23 06:22:06');

-- --------------------------------------------------------

--
-- Table structure for table `tbl_dilivery_note_has_products`
--

CREATE TABLE IF NOT EXISTS `tbl_dilivery_note_has_products` (
  `id_dilivery_note_has_products` int(11) NOT NULL AUTO_INCREMENT,
  `id_dilivery_note` int(11) NOT NULL,
  `id_products` int(11) NOT NULL,
  `dilivery_qty` int(11) NOT NULL,
  `act_qty` int(11) NOT NULL,
  `product_discount` decimal(20,2) NOT NULL DEFAULT '0.00',
  `dilivery_note_status` tinyint(4) NOT NULL DEFAULT '1',
  `added_date` date DEFAULT NULL,
  `added_time` time DEFAULT NULL,
  `added_timestamp` timestamp NULL DEFAULT CURRENT_TIMESTAMP ON UPDATE CURRENT_TIMESTAMP,
  PRIMARY KEY (`id_dilivery_note_has_products`),
  KEY `fk_item_has_dilivery_note_dilivery_note1` (`id_dilivery_note`),
  KEY `fk_tbl_dilivery_note_has_item_tbl_products1` (`id_products`)
) ENGINE=InnoDB  DEFAULT CHARSET=latin1 AUTO_INCREMENT=961 ;

--
-- Dumping data for table `tbl_dilivery_note_has_products`
--

INSERT INTO `tbl_dilivery_note_has_products` (`id_dilivery_note_has_products`, `id_dilivery_note`, `id_products`, `dilivery_qty`, `act_qty`, `product_discount`, `dilivery_note_status`, `added_date`, `added_time`, `added_timestamp`) VALUES
(37, 15, 1, 100, 0, '0.00', 1, '2013-12-30', '10:18:52', '2013-12-30 04:48:52'),
(38, 15, 2, 100, 0, '0.00', 1, '2013-12-30', '10:18:52', '2013-12-30 04:48:52'),
(39, 15, 3, 100, 0, '0.00', 1, '2013-12-30', '10:18:52', '2013-12-30 04:48:52'),
(40, 15, 4, 100, 0, '0.00', 1, '2013-12-30', '10:18:52', '2013-12-30 04:48:52'),
(41, 15, 5, 100, 0, '0.00', 1, '2013-12-30', '10:18:52', '2013-12-30 04:48:52'),
(42, 15, 6, 100, 0, '0.00', 1, '2013-12-30', '10:18:52', '2013-12-30 04:48:52'),
(43, 15, 7, 100, 0, '0.00', 1, '2013-12-30', '10:18:52', '2013-12-30 04:48:52'),
(44, 15, 8, 100, 0, '0.00', 1, '2013-12-30', '10:18:52', '2013-12-30 04:48:52'),
(45, 15, 9, 100, 0, '0.00', 1, '2013-12-30', '10:18:52', '2013-12-30 04:48:52'),
(46, 15, 10, 100, 0, '0.00', 1, '2013-12-30', '10:18:52', '2013-12-30 04:48:52'),
(47, 15, 11, 100, 0, '0.00', 1, '2013-12-30', '10:18:52', '2013-12-30 04:48:52'),
(48, 15, 12, 100, 0, '0.00', 1, '2013-12-30', '10:18:52', '2013-12-30 04:48:52'),
(49, 15, 13, 100, 0, '0.00', 1, '2013-12-30', '10:18:52', '2013-12-30 04:48:52'),
(50, 15, 14, 100, 0, '0.00', 1, '2013-12-30', '10:18:52', '2013-12-30 04:48:52'),
(51, 15, 15, 100, 0, '0.00', 1, '2013-12-30', '10:18:52', '2013-12-30 04:48:52'),
(52, 15, 16, 100, 0, '0.00', 1, '2013-12-30', '10:18:52', '2013-12-30 04:48:52'),
(53, 15, 17, 100, 0, '0.00', 1, '2013-12-30', '10:18:52', '2013-12-30 04:48:52'),
(54, 15, 18, 100, 0, '0.00', 1, '2013-12-30', '10:18:52', '2013-12-30 04:48:52'),
(55, 15, 19, 100, 0, '0.00', 1, '2013-12-30', '10:18:52', '2013-12-30 04:48:52'),
(56, 15, 20, 100, 0, '0.00', 1, '2013-12-30', '10:18:52', '2013-12-30 04:48:52'),
(57, 15, 21, 100, 0, '0.00', 1, '2013-12-30', '10:18:52', '2013-12-30 04:48:52'),
(58, 15, 22, 100, 0, '0.00', 1, '2013-12-30', '10:18:52', '2013-12-30 04:48:52'),
(59, 15, 23, 100, 0, '0.00', 1, '2013-12-30', '10:18:52', '2013-12-30 04:48:52'),
(60, 15, 24, 100, 0, '0.00', 1, '2013-12-30', '10:18:52', '2013-12-30 04:48:52'),
(61, 15, 25, 100, 0, '0.00', 1, '2013-12-30', '10:18:52', '2013-12-30 04:48:52'),
(62, 15, 26, 100, 0, '0.00', 1, '2013-12-30', '10:18:52', '2013-12-30 04:48:52'),
(63, 15, 27, 100, 0, '0.00', 1, '2013-12-30', '10:18:52', '2013-12-30 04:48:52'),
(64, 15, 28, 100, 0, '0.00', 1, '2013-12-30', '10:18:52', '2013-12-30 04:48:52'),
(65, 15, 29, 100, 0, '0.00', 1, '2013-12-30', '10:18:52', '2013-12-30 04:48:52'),
(66, 15, 30, 100, 0, '0.00', 1, '2013-12-30', '10:18:52', '2013-12-30 04:48:52'),
(67, 15, 31, 100, 0, '0.00', 1, '2013-12-30', '10:18:52', '2013-12-30 04:48:52'),
(68, 15, 32, 100, 0, '0.00', 1, '2013-12-30', '10:18:52', '2013-12-30 04:48:52'),
(69, 15, 33, 100, 0, '0.00', 1, '2013-12-30', '10:18:52', '2013-12-30 04:48:52'),
(70, 15, 34, 100, 0, '0.00', 1, '2013-12-30', '10:18:52', '2013-12-30 04:48:52'),
(71, 15, 35, 100, 0, '0.00', 1, '2013-12-30', '10:18:52', '2013-12-30 04:48:52'),
(72, 15, 36, 100, 0, '0.00', 1, '2013-12-30', '10:18:52', '2013-12-30 04:48:52'),
(73, 15, 37, 100, 0, '0.00', 1, '2013-12-30', '10:18:52', '2013-12-30 04:48:52'),
(74, 15, 38, 100, 0, '0.00', 1, '2013-12-30', '10:18:52', '2013-12-30 04:48:52'),
(75, 15, 39, 100, 0, '0.00', 1, '2013-12-30', '10:18:52', '2013-12-30 04:48:52'),
(76, 15, 40, 100, 0, '0.00', 1, '2013-12-30', '10:18:52', '2013-12-30 04:48:52'),
(77, 15, 41, 100, 0, '0.00', 1, '2013-12-30', '10:18:52', '2013-12-30 04:48:52'),
(78, 15, 42, 100, 0, '0.00', 1, '2013-12-30', '10:18:52', '2013-12-30 04:48:52'),
(79, 15, 43, 100, 0, '0.00', 1, '2013-12-30', '10:18:52', '2013-12-30 04:48:52'),
(80, 15, 44, 100, 0, '0.00', 1, '2013-12-30', '10:18:52', '2013-12-30 04:48:52'),
(81, 15, 45, 100, 0, '0.00', 1, '2013-12-30', '10:18:52', '2013-12-30 04:48:52'),
(82, 15, 46, 100, 0, '0.00', 1, '2013-12-30', '10:18:52', '2013-12-30 04:48:52'),
(83, 15, 47, 100, 0, '0.00', 1, '2013-12-30', '10:18:52', '2013-12-30 04:48:52'),
(84, 15, 48, 100, 0, '0.00', 1, '2013-12-30', '10:18:52', '2013-12-30 04:48:52'),
(85, 15, 49, 100, 0, '0.00', 1, '2013-12-30', '10:18:52', '2013-12-30 04:48:52'),
(86, 15, 50, 100, 0, '0.00', 1, '2013-12-30', '10:18:52', '2013-12-30 04:48:52'),
(87, 15, 51, 100, 0, '0.00', 1, '2013-12-30', '10:18:52', '2013-12-30 04:48:52'),
(88, 15, 52, 100, 0, '0.00', 1, '2013-12-30', '10:18:52', '2013-12-30 04:48:52'),
(89, 15, 53, 100, 0, '0.00', 1, '2013-12-30', '10:18:52', '2013-12-30 04:48:52'),
(90, 15, 54, 100, 0, '0.00', 1, '2013-12-30', '10:18:52', '2013-12-30 04:48:52'),
(91, 15, 55, 100, 0, '0.00', 1, '2013-12-30', '10:18:52', '2013-12-30 04:48:52'),
(92, 15, 56, 100, 0, '0.00', 1, '2013-12-30', '10:18:52', '2013-12-30 04:48:52'),
(93, 15, 57, 100, 0, '0.00', 1, '2013-12-30', '10:18:52', '2013-12-30 04:48:52'),
(94, 15, 58, 100, 0, '0.00', 1, '2013-12-30', '10:18:52', '2013-12-30 04:48:52'),
(95, 15, 59, 100, 0, '0.00', 1, '2013-12-30', '10:18:52', '2013-12-30 04:48:52'),
(96, 15, 60, 100, 0, '0.00', 1, '2013-12-30', '10:18:52', '2013-12-30 04:48:52'),
(97, 15, 61, 100, 0, '0.00', 1, '2013-12-30', '10:18:52', '2013-12-30 04:48:52'),
(98, 15, 62, 100, 0, '0.00', 1, '2013-12-30', '10:18:52', '2013-12-30 04:48:52'),
(99, 15, 63, 100, 0, '0.00', 1, '2013-12-30', '10:18:52', '2013-12-30 04:48:52'),
(100, 15, 64, 100, 0, '0.00', 1, '2013-12-30', '10:18:52', '2013-12-30 04:48:52'),
(101, 15, 65, 100, 0, '0.00', 1, '2013-12-30', '10:18:52', '2013-12-30 04:48:52'),
(102, 15, 66, 100, 0, '0.00', 1, '2013-12-30', '10:18:52', '2013-12-30 04:48:52'),
(103, 15, 67, 100, 0, '0.00', 1, '2013-12-30', '10:18:52', '2013-12-30 04:48:52'),
(104, 15, 68, 100, 0, '0.00', 1, '2013-12-30', '10:18:52', '2013-12-30 04:48:52'),
(105, 15, 69, 100, 0, '0.00', 1, '2013-12-30', '10:18:52', '2013-12-30 04:48:52'),
(106, 15, 70, 100, 0, '0.00', 1, '2013-12-30', '10:18:52', '2013-12-30 04:48:52'),
(107, 15, 71, 100, 0, '0.00', 1, '2013-12-30', '10:18:52', '2013-12-30 04:48:52'),
(108, 15, 72, 100, 0, '0.00', 1, '2013-12-30', '10:18:52', '2013-12-30 04:48:52'),
(109, 15, 73, 100, 0, '0.00', 1, '2013-12-30', '10:18:52', '2013-12-30 04:48:52'),
(110, 15, 74, 100, 0, '0.00', 1, '2013-12-30', '10:18:52', '2013-12-30 04:48:52'),
(111, 15, 75, 100, 0, '0.00', 1, '2013-12-30', '10:18:52', '2013-12-30 04:48:52'),
(112, 15, 76, 100, 0, '0.00', 1, '2013-12-30', '10:18:52', '2013-12-30 04:48:52'),
(113, 15, 77, 100, 0, '0.00', 1, '2013-12-30', '10:18:52', '2013-12-30 04:48:52'),
(114, 15, 78, 100, 0, '0.00', 1, '2013-12-30', '10:18:52', '2013-12-30 04:48:52'),
(115, 15, 79, 100, 0, '0.00', 1, '2013-12-30', '10:18:52', '2013-12-30 04:48:52'),
(116, 15, 80, 100, 0, '0.00', 1, '2013-12-30', '10:18:52', '2013-12-30 04:48:52'),
(117, 15, 81, 100, 0, '0.00', 1, '2013-12-30', '10:18:52', '2013-12-30 04:48:52'),
(118, 15, 82, 100, 0, '0.00', 1, '2013-12-30', '10:18:52', '2013-12-30 04:48:52'),
(119, 15, 83, 100, 0, '0.00', 1, '2013-12-30', '10:18:52', '2013-12-30 04:48:52'),
(120, 15, 84, 100, 0, '0.00', 1, '2013-12-30', '10:18:52', '2013-12-30 04:48:52'),
(121, 15, 85, 100, 0, '0.00', 1, '2013-12-30', '10:18:52', '2013-12-30 04:48:52'),
(122, 15, 86, 100, 0, '0.00', 1, '2013-12-30', '10:18:52', '2013-12-30 04:48:52'),
(123, 15, 87, 100, 0, '0.00', 1, '2013-12-30', '10:18:52', '2013-12-30 04:48:52'),
(124, 15, 88, 100, 0, '0.00', 1, '2013-12-30', '10:18:52', '2013-12-30 04:48:52'),
(125, 15, 89, 100, 0, '0.00', 1, '2013-12-30', '10:18:52', '2013-12-30 04:48:52'),
(126, 15, 90, 100, 0, '0.00', 1, '2013-12-30', '10:18:52', '2013-12-30 04:48:52'),
(127, 15, 91, 100, 0, '0.00', 1, '2013-12-30', '10:18:52', '2013-12-30 04:48:52'),
(128, 15, 92, 100, 0, '0.00', 1, '2013-12-30', '10:18:52', '2013-12-30 04:48:52'),
(129, 15, 93, 100, 0, '0.00', 1, '2013-12-30', '10:18:52', '2013-12-30 04:48:52'),
(130, 15, 94, 100, 0, '0.00', 1, '2013-12-30', '10:18:52', '2013-12-30 04:48:52'),
(131, 15, 95, 100, 0, '0.00', 1, '2013-12-30', '10:18:52', '2013-12-30 04:48:52'),
(132, 15, 96, 100, 0, '0.00', 1, '2013-12-30', '10:18:52', '2013-12-30 04:48:52'),
(133, 15, 97, 100, 0, '0.00', 1, '2013-12-30', '10:18:52', '2013-12-30 04:48:52'),
(134, 15, 98, 100, 0, '0.00', 1, '2013-12-30', '10:18:52', '2013-12-30 04:48:52'),
(135, 15, 99, 100, 0, '0.00', 1, '2013-12-30', '10:18:52', '2013-12-30 04:48:52'),
(136, 15, 100, 100, 0, '0.00', 1, '2013-12-30', '10:18:52', '2013-12-30 04:48:52'),
(137, 15, 101, 100, 0, '0.00', 1, '2013-12-30', '10:18:52', '2013-12-30 04:48:52'),
(138, 15, 102, 100, 0, '0.00', 1, '2013-12-30', '10:18:52', '2013-12-30 04:48:52'),
(139, 15, 103, 100, 0, '0.00', 1, '2013-12-30', '10:18:52', '2013-12-30 04:48:52'),
(140, 15, 104, 100, 0, '0.00', 1, '2013-12-30', '10:18:52', '2013-12-30 04:48:52'),
(141, 15, 105, 100, 0, '0.00', 1, '2013-12-30', '10:18:52', '2013-12-30 04:48:52'),
(142, 15, 106, 100, 0, '0.00', 1, '2013-12-30', '10:18:52', '2013-12-30 04:48:52'),
(143, 15, 107, 100, 0, '0.00', 1, '2013-12-30', '10:18:52', '2013-12-30 04:48:52'),
(144, 15, 108, 100, 0, '0.00', 1, '2013-12-30', '10:18:52', '2013-12-30 04:48:52'),
(145, 15, 109, 100, 0, '0.00', 1, '2013-12-30', '10:18:52', '2013-12-30 04:48:52'),
(146, 15, 110, 100, 0, '0.00', 1, '2013-12-30', '10:18:52', '2013-12-30 04:48:52'),
(147, 15, 111, 100, 0, '0.00', 1, '2013-12-30', '10:18:52', '2013-12-30 04:48:52'),
(148, 15, 112, 100, 0, '0.00', 1, '2013-12-30', '10:18:52', '2013-12-30 04:48:52'),
(149, 15, 113, 100, 0, '0.00', 1, '2013-12-30', '10:18:52', '2013-12-30 04:48:52'),
(150, 15, 114, 100, 0, '0.00', 1, '2013-12-30', '10:18:52', '2013-12-30 04:48:52'),
(151, 15, 115, 100, 0, '0.00', 1, '2013-12-30', '10:18:52', '2013-12-30 04:48:52'),
(152, 15, 116, 100, 0, '0.00', 1, '2013-12-30', '10:18:52', '2013-12-30 04:48:52'),
(153, 15, 117, 100, 0, '0.00', 1, '2013-12-30', '10:18:52', '2013-12-30 04:48:52'),
(154, 15, 118, 100, 0, '0.00', 1, '2013-12-30', '10:18:52', '2013-12-30 04:48:52'),
(155, 15, 119, 100, 0, '0.00', 1, '2013-12-30', '10:18:52', '2013-12-30 04:48:52'),
(156, 15, 120, 100, 0, '0.00', 1, '2013-12-30', '10:18:52', '2013-12-30 04:48:52'),
(157, 15, 121, 100, 0, '0.00', 1, '2013-12-30', '10:18:52', '2013-12-30 04:48:52'),
(158, 15, 122, 100, 0, '0.00', 1, '2013-12-30', '10:18:52', '2013-12-30 04:48:52'),
(159, 15, 123, 100, 0, '0.00', 1, '2013-12-30', '10:18:52', '2013-12-30 04:48:52'),
(160, 15, 124, 100, 0, '0.00', 1, '2013-12-30', '10:18:52', '2013-12-30 04:48:52'),
(161, 15, 125, 100, 0, '0.00', 1, '2013-12-30', '10:18:52', '2013-12-30 04:48:52'),
(162, 15, 126, 100, 0, '0.00', 1, '2013-12-30', '10:18:52', '2013-12-30 04:48:52'),
(163, 15, 127, 100, 0, '0.00', 1, '2013-12-30', '10:18:52', '2013-12-30 04:48:52'),
(164, 15, 128, 100, 0, '0.00', 1, '2013-12-30', '10:18:52', '2013-12-30 04:48:52'),
(165, 15, 129, 100, 0, '0.00', 1, '2013-12-30', '10:18:52', '2013-12-30 04:48:52'),
(166, 15, 130, 100, 0, '0.00', 1, '2013-12-30', '10:18:52', '2013-12-30 04:48:52'),
(167, 15, 131, 100, 0, '0.00', 1, '2013-12-30', '10:18:52', '2013-12-30 04:48:52'),
(168, 15, 132, 100, 0, '0.00', 1, '2013-12-30', '10:18:52', '2013-12-30 04:48:52'),
(169, 15, 133, 100, 0, '0.00', 1, '2013-12-30', '10:18:52', '2013-12-30 04:48:52'),
(170, 15, 134, 100, 0, '0.00', 1, '2013-12-30', '10:18:52', '2013-12-30 04:48:52'),
(171, 15, 135, 100, 0, '0.00', 1, '2013-12-30', '10:18:52', '2013-12-30 04:48:53'),
(172, 15, 136, 100, 0, '0.00', 1, '2013-12-30', '10:18:53', '2013-12-30 04:48:53'),
(173, 15, 137, 100, 0, '0.00', 1, '2013-12-30', '10:18:53', '2013-12-30 04:48:53'),
(174, 15, 138, 100, 0, '0.00', 1, '2013-12-30', '10:18:53', '2013-12-30 04:48:53'),
(175, 15, 139, 100, 0, '0.00', 1, '2013-12-30', '10:18:53', '2013-12-30 04:48:53'),
(176, 15, 140, 100, 0, '0.00', 1, '2013-12-30', '10:18:53', '2013-12-30 04:48:53'),
(177, 15, 141, 100, 0, '0.00', 1, '2013-12-30', '10:18:53', '2013-12-30 04:48:53'),
(178, 15, 142, 100, 0, '0.00', 1, '2013-12-30', '10:18:53', '2013-12-30 04:48:53'),
(179, 15, 143, 100, 0, '0.00', 1, '2013-12-30', '10:18:53', '2013-12-30 04:48:53'),
(180, 15, 144, 100, 0, '0.00', 1, '2013-12-30', '10:18:53', '2013-12-30 04:48:53'),
(181, 15, 145, 100, 0, '0.00', 1, '2013-12-30', '10:18:53', '2013-12-30 04:48:53'),
(182, 15, 146, 100, 0, '0.00', 1, '2013-12-30', '10:18:53', '2013-12-30 04:48:53'),
(183, 15, 147, 100, 0, '0.00', 1, '2013-12-30', '10:18:53', '2013-12-30 04:48:53'),
(184, 15, 148, 100, 0, '0.00', 1, '2013-12-30', '10:18:53', '2013-12-30 04:48:53'),
(185, 15, 149, 100, 0, '0.00', 1, '2013-12-30', '10:18:53', '2013-12-30 04:48:53'),
(186, 15, 150, 100, 0, '0.00', 1, '2013-12-30', '10:18:53', '2013-12-30 04:48:53'),
(187, 15, 151, 100, 0, '0.00', 1, '2013-12-30', '10:18:53', '2013-12-30 04:48:53'),
(188, 15, 152, 100, 0, '0.00', 1, '2013-12-30', '10:18:53', '2013-12-30 04:48:53'),
(189, 15, 153, 100, 0, '0.00', 1, '2013-12-30', '10:18:53', '2013-12-30 04:48:53'),
(190, 15, 154, 100, 0, '0.00', 1, '2013-12-30', '10:18:53', '2013-12-30 04:48:53'),
(191, 15, 155, 100, 0, '0.00', 1, '2013-12-30', '10:18:53', '2013-12-30 04:48:53'),
(192, 15, 156, 100, 0, '0.00', 1, '2013-12-30', '10:18:53', '2013-12-30 04:48:53'),
(193, 15, 157, 100, 0, '0.00', 1, '2013-12-30', '10:18:53', '2013-12-30 04:48:53'),
(194, 15, 158, 100, 0, '0.00', 1, '2013-12-30', '10:18:53', '2013-12-30 04:48:53'),
(195, 15, 159, 100, 0, '0.00', 1, '2013-12-30', '10:18:53', '2013-12-30 04:48:53'),
(196, 15, 160, 100, 0, '0.00', 1, '2013-12-30', '10:18:53', '2013-12-30 04:48:53'),
(197, 15, 161, 100, 0, '0.00', 1, '2013-12-30', '10:18:53', '2013-12-30 04:48:53'),
(198, 15, 162, 100, 0, '0.00', 1, '2013-12-30', '10:18:53', '2013-12-30 04:48:53'),
(199, 15, 163, 100, 0, '0.00', 1, '2013-12-30', '10:18:53', '2013-12-30 04:48:53'),
(200, 15, 164, 100, 0, '0.00', 1, '2013-12-30', '10:18:53', '2013-12-30 04:48:53'),
(201, 15, 165, 100, 0, '0.00', 1, '2013-12-30', '10:18:53', '2013-12-30 04:48:53'),
(202, 15, 166, 100, 0, '0.00', 1, '2013-12-30', '10:18:53', '2013-12-30 04:48:53'),
(203, 15, 167, 100, 0, '0.00', 1, '2013-12-30', '10:18:53', '2013-12-30 04:48:53'),
(204, 15, 168, 100, 0, '0.00', 1, '2013-12-30', '10:18:53', '2013-12-30 04:48:53'),
(205, 15, 169, 100, 0, '0.00', 1, '2013-12-30', '10:18:53', '2013-12-30 04:48:53'),
(206, 15, 170, 100, 0, '0.00', 1, '2013-12-30', '10:18:53', '2013-12-30 04:48:53'),
(207, 15, 171, 100, 0, '0.00', 1, '2013-12-30', '10:18:53', '2013-12-30 04:48:53'),
(208, 15, 172, 100, 0, '0.00', 1, '2013-12-30', '10:18:53', '2013-12-30 04:48:53'),
(209, 15, 173, 100, 0, '0.00', 1, '2013-12-30', '10:18:53', '2013-12-30 04:48:53'),
(210, 15, 174, 100, 0, '0.00', 1, '2013-12-30', '10:18:53', '2013-12-30 04:48:53'),
(211, 15, 175, 100, 0, '0.00', 1, '2013-12-30', '10:18:53', '2013-12-30 04:48:53'),
(212, 15, 176, 100, 0, '0.00', 1, '2013-12-30', '10:18:53', '2013-12-30 04:48:53'),
(213, 15, 177, 100, 0, '0.00', 1, '2013-12-30', '10:18:53', '2013-12-30 04:48:53'),
(214, 15, 178, 100, 0, '0.00', 1, '2013-12-30', '10:18:53', '2013-12-30 04:48:53'),
(215, 15, 179, 100, 0, '0.00', 1, '2013-12-30', '10:18:53', '2013-12-30 04:48:53'),
(216, 15, 180, 100, 0, '0.00', 1, '2013-12-30', '10:18:53', '2013-12-30 04:48:53'),
(217, 15, 181, 100, 0, '0.00', 1, '2013-12-30', '10:18:53', '2013-12-30 04:48:53'),
(218, 15, 182, 100, 0, '0.00', 1, '2013-12-30', '10:18:53', '2013-12-30 04:48:53'),
(219, 15, 183, 100, 0, '0.00', 1, '2013-12-30', '10:18:53', '2013-12-30 04:48:53'),
(220, 15, 184, 100, 0, '0.00', 1, '2013-12-30', '10:18:53', '2013-12-30 04:48:53'),
(221, 15, 185, 100, 0, '0.00', 1, '2013-12-30', '10:18:53', '2013-12-30 04:48:53'),
(222, 15, 186, 100, 0, '0.00', 1, '2013-12-30', '10:18:53', '2013-12-30 04:48:53'),
(223, 15, 187, 100, 0, '0.00', 1, '2013-12-30', '10:18:53', '2013-12-30 04:48:53'),
(224, 15, 188, 100, 0, '0.00', 1, '2013-12-30', '10:18:53', '2013-12-30 04:48:53'),
(225, 15, 189, 100, 0, '0.00', 1, '2013-12-30', '10:18:53', '2013-12-30 04:48:53'),
(226, 15, 190, 100, 0, '0.00', 1, '2013-12-30', '10:18:53', '2013-12-30 04:48:53'),
(227, 15, 191, 100, 0, '0.00', 1, '2013-12-30', '10:18:53', '2013-12-30 04:48:53'),
(228, 15, 192, 100, 0, '0.00', 1, '2013-12-30', '10:18:53', '2013-12-30 04:48:53'),
(229, 15, 193, 100, 0, '0.00', 1, '2013-12-30', '10:18:53', '2013-12-30 04:48:53'),
(230, 15, 194, 100, 0, '0.00', 1, '2013-12-30', '10:18:53', '2013-12-30 04:48:53'),
(231, 15, 195, 100, 0, '0.00', 1, '2013-12-30', '10:18:53', '2013-12-30 04:48:53'),
(232, 15, 196, 100, 0, '0.00', 1, '2013-12-30', '10:18:53', '2013-12-30 04:48:53'),
(233, 15, 197, 100, 0, '0.00', 1, '2013-12-30', '10:18:53', '2013-12-30 04:48:53'),
(234, 15, 198, 100, 0, '0.00', 1, '2013-12-30', '10:18:53', '2013-12-30 04:48:53'),
(235, 15, 199, 100, 0, '0.00', 1, '2013-12-30', '10:18:53', '2013-12-30 04:48:53'),
(236, 15, 200, 100, 0, '0.00', 1, '2013-12-30', '10:18:53', '2013-12-30 04:48:53'),
(237, 15, 201, 100, 0, '0.00', 1, '2013-12-30', '10:18:53', '2013-12-30 04:48:53'),
(238, 15, 202, 100, 0, '0.00', 1, '2013-12-30', '10:18:53', '2013-12-30 04:48:53'),
(239, 15, 203, 100, 0, '0.00', 1, '2013-12-30', '10:18:53', '2013-12-30 04:48:53'),
(240, 15, 204, 100, 0, '0.00', 1, '2013-12-30', '10:18:53', '2013-12-30 04:48:53'),
(241, 15, 205, 100, 0, '0.00', 1, '2013-12-30', '10:18:53', '2013-12-30 04:48:53'),
(242, 15, 206, 100, 0, '0.00', 1, '2013-12-30', '10:18:53', '2013-12-30 04:48:53'),
(243, 15, 207, 100, 0, '0.00', 1, '2013-12-30', '10:18:53', '2013-12-30 04:48:53'),
(244, 15, 208, 100, 0, '0.00', 1, '2013-12-30', '10:18:53', '2013-12-30 04:48:53'),
(245, 15, 209, 100, 0, '0.00', 1, '2013-12-30', '10:18:53', '2013-12-30 04:48:53'),
(246, 15, 210, 100, 0, '0.00', 1, '2013-12-30', '10:18:53', '2013-12-30 04:48:53'),
(247, 15, 211, 100, 0, '0.00', 1, '2013-12-30', '10:18:53', '2013-12-30 04:48:53'),
(248, 15, 212, 100, 0, '0.00', 1, '2013-12-30', '10:18:53', '2013-12-30 04:48:53'),
(249, 15, 213, 100, 0, '0.00', 1, '2013-12-30', '10:18:53', '2013-12-30 04:48:53'),
(250, 15, 214, 100, 0, '0.00', 1, '2013-12-30', '10:18:53', '2013-12-30 04:48:53'),
(251, 15, 215, 100, 0, '0.00', 1, '2013-12-30', '10:18:53', '2013-12-30 04:48:53'),
(252, 15, 216, 100, 0, '0.00', 1, '2013-12-30', '10:18:53', '2013-12-30 04:48:53'),
(253, 15, 217, 100, 0, '0.00', 1, '2013-12-30', '10:18:53', '2013-12-30 04:48:53'),
(254, 15, 218, 100, 0, '0.00', 1, '2013-12-30', '10:18:53', '2013-12-30 04:48:53'),
(255, 15, 219, 100, 0, '0.00', 1, '2013-12-30', '10:18:53', '2013-12-30 04:48:53'),
(256, 15, 220, 100, 0, '0.00', 1, '2013-12-30', '10:18:53', '2013-12-30 04:48:53'),
(257, 15, 221, 100, 0, '0.00', 1, '2013-12-30', '10:18:53', '2013-12-30 04:48:53'),
(258, 15, 222, 100, 0, '0.00', 1, '2013-12-30', '10:18:53', '2013-12-30 04:48:53'),
(259, 15, 223, 100, 0, '0.00', 1, '2013-12-30', '10:18:53', '2013-12-30 04:48:53'),
(260, 15, 224, 100, 0, '0.00', 1, '2013-12-30', '10:18:53', '2013-12-30 04:48:53'),
(261, 15, 225, 100, 0, '0.00', 1, '2013-12-30', '10:18:53', '2013-12-30 04:48:53'),
(262, 15, 226, 100, 0, '0.00', 1, '2013-12-30', '10:18:53', '2013-12-30 04:48:53'),
(263, 15, 227, 100, 0, '0.00', 1, '2013-12-30', '10:18:53', '2013-12-30 04:48:53'),
(264, 15, 228, 100, 0, '0.00', 1, '2013-12-30', '10:18:53', '2013-12-30 04:48:53'),
(265, 15, 229, 100, 0, '0.00', 1, '2013-12-30', '10:18:53', '2013-12-30 04:48:53'),
(266, 15, 230, 100, 0, '0.00', 1, '2013-12-30', '10:18:53', '2013-12-30 04:48:53'),
(267, 15, 231, 100, 0, '0.00', 1, '2013-12-30', '10:18:53', '2013-12-30 04:48:53'),
(268, 15, 232, 100, 0, '0.00', 1, '2013-12-30', '10:18:53', '2013-12-30 04:48:53'),
(269, 15, 233, 100, 0, '0.00', 1, '2013-12-30', '10:18:53', '2013-12-30 04:48:53'),
(270, 15, 234, 100, 0, '0.00', 1, '2013-12-30', '10:18:53', '2013-12-30 04:48:53'),
(271, 15, 235, 100, 0, '0.00', 1, '2013-12-30', '10:18:53', '2013-12-30 04:48:53'),
(272, 15, 236, 100, 0, '0.00', 1, '2013-12-30', '10:18:53', '2013-12-30 04:48:53'),
(273, 15, 237, 100, 0, '0.00', 1, '2013-12-30', '10:18:53', '2013-12-30 04:48:53'),
(274, 15, 238, 100, 0, '0.00', 1, '2013-12-30', '10:18:53', '2013-12-30 04:48:53'),
(275, 15, 239, 100, 0, '0.00', 1, '2013-12-30', '10:18:53', '2013-12-30 04:48:53'),
(276, 15, 240, 100, 0, '0.00', 1, '2013-12-30', '10:18:53', '2013-12-30 04:48:53'),
(277, 15, 241, 100, 0, '0.00', 1, '2013-12-30', '10:18:53', '2013-12-30 04:48:53'),
(278, 15, 242, 100, 0, '0.00', 1, '2013-12-30', '10:18:53', '2013-12-30 04:48:53'),
(279, 15, 243, 100, 0, '0.00', 1, '2013-12-30', '10:18:53', '2013-12-30 04:48:53'),
(280, 15, 244, 100, 0, '0.00', 1, '2013-12-30', '10:18:53', '2013-12-30 04:48:53'),
(281, 15, 245, 100, 0, '0.00', 1, '2013-12-30', '10:18:53', '2013-12-30 04:48:53'),
(282, 15, 246, 100, 0, '0.00', 1, '2013-12-30', '10:18:53', '2013-12-30 04:48:53'),
(283, 15, 247, 100, 0, '0.00', 1, '2013-12-30', '10:18:53', '2013-12-30 04:48:53'),
(284, 15, 248, 100, 0, '0.00', 1, '2013-12-30', '10:18:53', '2013-12-30 04:48:53'),
(285, 15, 249, 100, 0, '0.00', 1, '2013-12-30', '10:18:53', '2013-12-30 04:48:53'),
(286, 15, 250, 100, 0, '0.00', 1, '2013-12-30', '10:18:53', '2013-12-30 04:48:53'),
(287, 15, 251, 100, 0, '0.00', 1, '2013-12-30', '10:18:53', '2013-12-30 04:48:53'),
(288, 15, 252, 100, 0, '0.00', 1, '2013-12-30', '10:18:53', '2013-12-30 04:48:53'),
(289, 15, 253, 100, 0, '0.00', 1, '2013-12-30', '10:18:53', '2013-12-30 04:48:53'),
(290, 15, 254, 100, 0, '0.00', 1, '2013-12-30', '10:18:53', '2013-12-30 04:48:53'),
(291, 15, 255, 100, 0, '0.00', 1, '2013-12-30', '10:18:53', '2013-12-30 04:48:53'),
(292, 15, 256, 100, 0, '0.00', 1, '2013-12-30', '10:18:53', '2013-12-30 04:48:53'),
(293, 15, 257, 100, 0, '0.00', 1, '2013-12-30', '10:18:53', '2013-12-30 04:48:53'),
(294, 15, 258, 100, 0, '0.00', 1, '2013-12-30', '10:18:53', '2013-12-30 04:48:53'),
(295, 15, 259, 100, 0, '0.00', 1, '2013-12-30', '10:18:53', '2013-12-30 04:48:53'),
(296, 15, 260, 100, 0, '0.00', 1, '2013-12-30', '10:18:53', '2013-12-30 04:48:53'),
(297, 15, 261, 100, 0, '0.00', 1, '2013-12-30', '10:18:53', '2013-12-30 04:48:53'),
(298, 15, 262, 100, 0, '0.00', 1, '2013-12-30', '10:18:53', '2013-12-30 04:48:53'),
(299, 15, 263, 100, 0, '0.00', 1, '2013-12-30', '10:18:53', '2013-12-30 04:48:53'),
(300, 15, 264, 100, 0, '0.00', 1, '2013-12-30', '10:18:53', '2013-12-30 04:48:53'),
(301, 15, 265, 100, 0, '0.00', 1, '2013-12-30', '10:18:53', '2013-12-30 04:48:53'),
(302, 15, 266, 100, 0, '0.00', 1, '2013-12-30', '10:18:53', '2013-12-30 04:48:53'),
(303, 15, 267, 100, 0, '0.00', 1, '2013-12-30', '10:18:53', '2013-12-30 04:48:53'),
(304, 15, 268, 100, 0, '0.00', 1, '2013-12-30', '10:18:53', '2013-12-30 04:48:53'),
(305, 15, 269, 100, 0, '0.00', 1, '2013-12-30', '10:18:53', '2013-12-30 04:48:53'),
(306, 15, 270, 100, 0, '0.00', 1, '2013-12-30', '10:18:53', '2013-12-30 04:48:53'),
(307, 15, 271, 100, 0, '0.00', 1, '2013-12-30', '10:18:53', '2013-12-30 04:48:53'),
(308, 15, 272, 100, 0, '0.00', 1, '2013-12-30', '10:18:53', '2013-12-30 04:48:53'),
(309, 15, 273, 100, 0, '0.00', 1, '2013-12-30', '10:18:53', '2013-12-30 04:48:53'),
(310, 15, 274, 100, 0, '0.00', 1, '2013-12-30', '10:18:53', '2013-12-30 04:48:53'),
(311, 15, 275, 100, 0, '0.00', 1, '2013-12-30', '10:18:53', '2013-12-30 04:48:53'),
(312, 15, 276, 100, 0, '0.00', 1, '2013-12-30', '10:18:53', '2013-12-30 04:48:53'),
(313, 15, 277, 100, 0, '0.00', 1, '2013-12-30', '10:18:53', '2013-12-30 04:48:53'),
(314, 15, 278, 100, 0, '0.00', 1, '2013-12-30', '10:18:53', '2013-12-30 04:48:53'),
(315, 15, 279, 100, 0, '0.00', 1, '2013-12-30', '10:18:53', '2013-12-30 04:48:53'),
(316, 15, 280, 100, 0, '0.00', 1, '2013-12-30', '10:18:53', '2013-12-30 04:48:53'),
(317, 15, 281, 100, 0, '0.00', 1, '2013-12-30', '10:18:53', '2013-12-30 04:48:53'),
(318, 15, 282, 100, 0, '0.00', 1, '2013-12-30', '10:18:53', '2013-12-30 04:48:53'),
(319, 15, 283, 100, 0, '0.00', 1, '2013-12-30', '10:18:53', '2013-12-30 04:48:53'),
(320, 15, 284, 100, 0, '0.00', 1, '2013-12-30', '10:18:53', '2013-12-30 04:48:53'),
(321, 15, 285, 100, 0, '0.00', 1, '2013-12-30', '10:18:53', '2013-12-30 04:48:53'),
(322, 15, 286, 100, 0, '0.00', 1, '2013-12-30', '10:18:53', '2013-12-30 04:48:53'),
(323, 15, 287, 100, 0, '0.00', 1, '2013-12-30', '10:18:53', '2013-12-30 04:48:53'),
(324, 15, 288, 100, 0, '0.00', 1, '2013-12-30', '10:18:53', '2013-12-30 04:48:53'),
(325, 15, 289, 100, 0, '0.00', 1, '2013-12-30', '10:18:53', '2013-12-30 04:48:53'),
(326, 15, 290, 100, 0, '0.00', 1, '2013-12-30', '10:18:53', '2013-12-30 04:48:53'),
(327, 15, 291, 100, 0, '0.00', 1, '2013-12-30', '10:18:53', '2013-12-30 04:48:53'),
(328, 15, 292, 100, 0, '0.00', 1, '2013-12-30', '10:18:53', '2013-12-30 04:48:53'),
(329, 15, 293, 100, 0, '0.00', 1, '2013-12-30', '10:18:53', '2013-12-30 04:48:53'),
(330, 15, 294, 100, 0, '0.00', 1, '2013-12-30', '10:18:53', '2013-12-30 04:48:53'),
(331, 15, 295, 100, 0, '0.00', 1, '2013-12-30', '10:18:53', '2013-12-30 04:48:53'),
(332, 15, 296, 100, 0, '0.00', 1, '2013-12-30', '10:18:53', '2013-12-30 04:48:53'),
(333, 15, 297, 100, 0, '0.00', 1, '2013-12-30', '10:18:53', '2013-12-30 04:48:53'),
(334, 15, 298, 100, 0, '0.00', 1, '2013-12-30', '10:18:53', '2013-12-30 04:48:53'),
(335, 15, 299, 100, 0, '0.00', 1, '2013-12-30', '10:18:53', '2013-12-30 04:48:53'),
(336, 15, 300, 100, 0, '0.00', 1, '2013-12-30', '10:18:53', '2013-12-30 04:48:53'),
(337, 15, 301, 100, 0, '0.00', 1, '2013-12-30', '10:18:53', '2013-12-30 04:48:53'),
(338, 15, 302, 100, 0, '0.00', 1, '2013-12-30', '10:18:53', '2013-12-30 04:48:53'),
(339, 15, 303, 100, 0, '0.00', 1, '2013-12-30', '10:18:53', '2013-12-30 04:48:53'),
(340, 15, 304, 100, 0, '0.00', 1, '2013-12-30', '10:18:53', '2013-12-30 04:48:53'),
(341, 15, 305, 100, 0, '0.00', 1, '2013-12-30', '10:18:53', '2013-12-30 04:48:53'),
(342, 15, 306, 100, 0, '0.00', 1, '2013-12-30', '10:18:53', '2013-12-30 04:48:53'),
(343, 15, 307, 100, 0, '0.00', 1, '2013-12-30', '10:18:53', '2013-12-30 04:48:53'),
(344, 15, 308, 100, 0, '0.00', 1, '2013-12-30', '10:18:53', '2013-12-30 04:48:53'),
(345, 15, 309, 100, 0, '0.00', 1, '2013-12-30', '10:18:53', '2013-12-30 04:48:53'),
(346, 15, 310, 100, 0, '0.00', 1, '2013-12-30', '10:18:53', '2013-12-30 04:48:53'),
(347, 15, 311, 100, 0, '0.00', 1, '2013-12-30', '10:18:53', '2013-12-30 04:48:53'),
(348, 15, 312, 100, 0, '0.00', 1, '2013-12-30', '10:18:53', '2013-12-30 04:48:53'),
(349, 15, 313, 100, 0, '0.00', 1, '2013-12-30', '10:18:53', '2013-12-30 04:48:53'),
(350, 15, 314, 100, 0, '0.00', 1, '2013-12-30', '10:18:53', '2013-12-30 04:48:53'),
(351, 15, 315, 100, 0, '0.00', 1, '2013-12-30', '10:18:53', '2013-12-30 04:48:53'),
(352, 15, 316, 100, 0, '0.00', 1, '2013-12-30', '10:18:53', '2013-12-30 04:48:53'),
(353, 15, 317, 100, 0, '0.00', 1, '2013-12-30', '10:18:53', '2013-12-30 04:48:53'),
(354, 15, 318, 100, 0, '0.00', 1, '2013-12-30', '10:18:53', '2013-12-30 04:48:53'),
(355, 15, 319, 100, 0, '0.00', 1, '2013-12-30', '10:18:53', '2013-12-30 04:48:53'),
(356, 15, 320, 100, 0, '0.00', 1, '2013-12-30', '10:18:53', '2013-12-30 04:48:53'),
(357, 15, 321, 100, 0, '0.00', 1, '2013-12-30', '10:18:53', '2013-12-30 04:48:53'),
(358, 15, 322, 100, 0, '0.00', 1, '2013-12-30', '10:18:53', '2013-12-30 04:48:53'),
(359, 15, 323, 100, 0, '0.00', 1, '2013-12-30', '10:18:53', '2013-12-30 04:48:53'),
(360, 15, 324, 100, 0, '0.00', 1, '2013-12-30', '10:18:53', '2013-12-30 04:48:53'),
(361, 15, 325, 100, 0, '0.00', 1, '2013-12-30', '10:18:53', '2013-12-30 04:48:53'),
(362, 15, 326, 100, 0, '0.00', 1, '2013-12-30', '10:18:53', '2013-12-30 04:48:53'),
(363, 15, 327, 100, 0, '0.00', 1, '2013-12-30', '10:18:53', '2013-12-30 04:48:53'),
(364, 15, 328, 100, 0, '0.00', 1, '2013-12-30', '10:18:53', '2013-12-30 04:48:53'),
(365, 15, 329, 100, 0, '0.00', 1, '2013-12-30', '10:18:53', '2013-12-30 04:48:53'),
(366, 15, 330, 100, 0, '0.00', 1, '2013-12-30', '10:18:53', '2013-12-30 04:48:53'),
(367, 15, 331, 100, 0, '0.00', 1, '2013-12-30', '10:18:53', '2013-12-30 04:48:53'),
(368, 15, 332, 100, 0, '0.00', 1, '2013-12-30', '10:18:53', '2013-12-30 04:48:53'),
(369, 15, 333, 100, 0, '0.00', 1, '2013-12-30', '10:18:53', '2013-12-30 04:48:53'),
(370, 15, 334, 100, 0, '0.00', 1, '2013-12-30', '10:18:53', '2013-12-30 04:48:53'),
(371, 15, 335, 100, 0, '0.00', 1, '2013-12-30', '10:18:53', '2013-12-30 04:48:53'),
(372, 15, 336, 100, 0, '0.00', 1, '2013-12-30', '10:18:53', '2013-12-30 04:48:53'),
(373, 15, 337, 100, 0, '0.00', 1, '2013-12-30', '10:18:53', '2013-12-30 04:48:53'),
(374, 15, 338, 100, 0, '0.00', 1, '2013-12-30', '10:18:53', '2013-12-30 04:48:53'),
(375, 15, 339, 100, 0, '0.00', 1, '2013-12-30', '10:18:53', '2013-12-30 04:48:53'),
(376, 15, 340, 100, 0, '0.00', 1, '2013-12-30', '10:18:53', '2013-12-30 04:48:53'),
(377, 15, 341, 100, 0, '0.00', 1, '2013-12-30', '10:18:53', '2013-12-30 04:48:53'),
(378, 15, 342, 100, 0, '0.00', 1, '2013-12-30', '10:18:53', '2013-12-30 04:48:53'),
(379, 15, 343, 100, 0, '0.00', 1, '2013-12-30', '10:18:53', '2013-12-30 04:48:53'),
(380, 15, 344, 100, 0, '0.00', 1, '2013-12-30', '10:18:53', '2013-12-30 04:48:53'),
(381, 15, 345, 100, 0, '0.00', 1, '2013-12-30', '10:18:53', '2013-12-30 04:48:53'),
(382, 15, 346, 100, 0, '0.00', 1, '2013-12-30', '10:18:53', '2013-12-30 04:48:53'),
(383, 15, 347, 100, 0, '0.00', 1, '2013-12-30', '10:18:53', '2013-12-30 04:48:53'),
(384, 15, 348, 100, 0, '0.00', 1, '2013-12-30', '10:18:53', '2013-12-30 04:48:53'),
(385, 15, 349, 100, 0, '0.00', 1, '2013-12-30', '10:18:53', '2013-12-30 04:48:53'),
(386, 15, 350, 100, 0, '0.00', 1, '2013-12-30', '10:18:53', '2013-12-30 04:48:53'),
(387, 15, 351, 100, 0, '0.00', 1, '2013-12-30', '10:18:53', '2013-12-30 04:48:53'),
(388, 15, 352, 100, 0, '0.00', 1, '2013-12-30', '10:18:53', '2013-12-30 04:48:53'),
(389, 15, 353, 100, 0, '0.00', 1, '2013-12-30', '10:18:53', '2013-12-30 04:48:53'),
(390, 15, 354, 100, 0, '0.00', 1, '2013-12-30', '10:18:53', '2013-12-30 04:48:53'),
(391, 15, 355, 100, 0, '0.00', 1, '2013-12-30', '10:18:53', '2013-12-30 04:48:53'),
(392, 15, 356, 100, 0, '0.00', 1, '2013-12-30', '10:18:53', '2013-12-30 04:48:53'),
(393, 15, 357, 100, 0, '0.00', 1, '2013-12-30', '10:18:53', '2013-12-30 04:48:53'),
(394, 15, 358, 100, 0, '0.00', 1, '2013-12-30', '10:18:53', '2013-12-30 04:48:53'),
(395, 15, 359, 100, 0, '0.00', 1, '2013-12-30', '10:18:53', '2013-12-30 04:48:53'),
(396, 15, 360, 100, 0, '0.00', 1, '2013-12-30', '10:18:53', '2013-12-30 04:48:53'),
(397, 15, 361, 100, 0, '0.00', 1, '2013-12-30', '10:18:53', '2013-12-30 04:48:53'),
(398, 15, 362, 100, 0, '0.00', 1, '2013-12-30', '10:18:53', '2013-12-30 04:48:53'),
(399, 15, 363, 100, 0, '0.00', 1, '2013-12-30', '10:18:53', '2013-12-30 04:48:53'),
(400, 15, 364, 100, 0, '0.00', 1, '2013-12-30', '10:18:53', '2013-12-30 04:48:53'),
(401, 15, 365, 100, 0, '0.00', 1, '2013-12-30', '10:18:53', '2013-12-30 04:48:53'),
(402, 15, 366, 100, 0, '0.00', 1, '2013-12-30', '10:18:53', '2013-12-30 04:48:53'),
(403, 15, 367, 100, 0, '0.00', 1, '2013-12-30', '10:18:53', '2013-12-30 04:48:53'),
(404, 15, 368, 100, 0, '0.00', 1, '2013-12-30', '10:18:53', '2013-12-30 04:48:53'),
(405, 15, 369, 100, 0, '0.00', 1, '2013-12-30', '10:18:53', '2013-12-30 04:48:53'),
(406, 15, 370, 100, 0, '0.00', 1, '2013-12-30', '10:18:53', '2013-12-30 04:48:53'),
(407, 15, 371, 100, 0, '0.00', 1, '2013-12-30', '10:18:53', '2013-12-30 04:48:53'),
(408, 15, 372, 100, 0, '0.00', 1, '2013-12-30', '10:18:53', '2013-12-30 04:48:53'),
(409, 15, 373, 100, 0, '0.00', 1, '2013-12-30', '10:18:53', '2013-12-30 04:48:53'),
(410, 15, 374, 100, 0, '0.00', 1, '2013-12-30', '10:18:53', '2013-12-30 04:48:53'),
(411, 15, 375, 100, 0, '0.00', 1, '2013-12-30', '10:18:53', '2013-12-30 04:48:53'),
(412, 15, 376, 100, 0, '0.00', 1, '2013-12-30', '10:18:53', '2013-12-30 04:48:53'),
(413, 15, 377, 100, 0, '0.00', 1, '2013-12-30', '10:18:53', '2013-12-30 04:48:53'),
(414, 15, 378, 100, 0, '0.00', 1, '2013-12-30', '10:18:53', '2013-12-30 04:48:53'),
(415, 15, 379, 100, 0, '0.00', 1, '2013-12-30', '10:18:53', '2013-12-30 04:48:53'),
(416, 15, 380, 100, 0, '0.00', 1, '2013-12-30', '10:18:53', '2013-12-30 04:48:53'),
(417, 15, 381, 100, 0, '0.00', 1, '2013-12-30', '10:18:53', '2013-12-30 04:48:53'),
(418, 15, 382, 100, 0, '0.00', 1, '2013-12-30', '10:18:53', '2013-12-30 04:48:53'),
(419, 15, 383, 100, 0, '0.00', 1, '2013-12-30', '10:18:53', '2013-12-30 04:48:53'),
(420, 15, 384, 100, 0, '0.00', 1, '2013-12-30', '10:18:53', '2013-12-30 04:48:53'),
(421, 15, 385, 100, 0, '0.00', 1, '2013-12-30', '10:18:53', '2013-12-30 04:48:53'),
(422, 15, 386, 100, 0, '0.00', 1, '2013-12-30', '10:18:53', '2013-12-30 04:48:53'),
(423, 15, 387, 100, 0, '0.00', 1, '2013-12-30', '10:18:53', '2013-12-30 04:48:53'),
(424, 15, 388, 100, 0, '0.00', 1, '2013-12-30', '10:18:53', '2013-12-30 04:48:53'),
(425, 15, 389, 100, 0, '0.00', 1, '2013-12-30', '10:18:53', '2013-12-30 04:48:53'),
(426, 15, 390, 100, 0, '0.00', 1, '2013-12-30', '10:18:53', '2013-12-30 04:48:53'),
(427, 15, 391, 100, 0, '0.00', 1, '2013-12-30', '10:18:53', '2013-12-30 04:48:53'),
(428, 15, 392, 100, 0, '0.00', 1, '2013-12-30', '10:18:53', '2013-12-30 04:48:53'),
(429, 15, 393, 100, 0, '0.00', 1, '2013-12-30', '10:18:53', '2013-12-30 04:48:53'),
(430, 15, 394, 100, 0, '0.00', 1, '2013-12-30', '10:18:53', '2013-12-30 04:48:53'),
(431, 15, 395, 100, 0, '0.00', 1, '2013-12-30', '10:18:53', '2013-12-30 04:48:53'),
(432, 15, 396, 100, 0, '0.00', 1, '2013-12-30', '10:18:53', '2013-12-30 04:48:53'),
(433, 15, 397, 100, 0, '0.00', 1, '2013-12-30', '10:18:53', '2013-12-30 04:48:53'),
(434, 15, 398, 100, 0, '0.00', 1, '2013-12-30', '10:18:53', '2013-12-30 04:48:53'),
(435, 15, 399, 100, 0, '0.00', 1, '2013-12-30', '10:18:53', '2013-12-30 04:48:53'),
(436, 15, 400, 100, 0, '0.00', 1, '2013-12-30', '10:18:53', '2013-12-30 04:48:53'),
(437, 15, 401, 100, 0, '0.00', 1, '2013-12-30', '10:18:53', '2013-12-30 04:48:53'),
(438, 15, 402, 100, 0, '0.00', 1, '2013-12-30', '10:18:53', '2013-12-30 04:48:53'),
(439, 15, 403, 100, 0, '0.00', 1, '2013-12-30', '10:18:53', '2013-12-30 04:48:53'),
(440, 15, 404, 100, 0, '0.00', 1, '2013-12-30', '10:18:53', '2013-12-30 04:48:53'),
(441, 15, 405, 100, 0, '0.00', 1, '2013-12-30', '10:18:53', '2013-12-30 04:48:53'),
(442, 15, 406, 100, 0, '0.00', 1, '2013-12-30', '10:18:53', '2013-12-30 04:48:53'),
(443, 15, 407, 100, 0, '0.00', 1, '2013-12-30', '10:18:53', '2013-12-30 04:48:53'),
(444, 15, 408, 100, 0, '0.00', 1, '2013-12-30', '10:18:53', '2013-12-30 04:48:53'),
(445, 15, 409, 100, 0, '0.00', 1, '2013-12-30', '10:18:53', '2013-12-30 04:48:53'),
(446, 15, 410, 100, 0, '0.00', 1, '2013-12-30', '10:18:53', '2013-12-30 04:48:53'),
(447, 15, 411, 100, 0, '0.00', 1, '2013-12-30', '10:18:53', '2013-12-30 04:48:53'),
(448, 15, 412, 100, 0, '0.00', 1, '2013-12-30', '10:18:53', '2013-12-30 04:48:53'),
(449, 15, 413, 100, 0, '0.00', 1, '2013-12-30', '10:18:53', '2013-12-30 04:48:53'),
(450, 15, 414, 100, 0, '0.00', 1, '2013-12-30', '10:18:53', '2013-12-30 04:48:53'),
(451, 15, 415, 100, 0, '0.00', 1, '2013-12-30', '10:18:53', '2013-12-30 04:48:53'),
(452, 15, 416, 100, 0, '0.00', 1, '2013-12-30', '10:18:53', '2013-12-30 04:48:53'),
(453, 15, 417, 100, 0, '0.00', 1, '2013-12-30', '10:18:53', '2013-12-30 04:48:53'),
(454, 15, 418, 100, 0, '0.00', 1, '2013-12-30', '10:18:53', '2013-12-30 04:48:53'),
(455, 15, 419, 100, 0, '0.00', 1, '2013-12-30', '10:18:53', '2013-12-30 04:48:53'),
(456, 15, 420, 100, 0, '0.00', 1, '2013-12-30', '10:18:53', '2013-12-30 04:48:53'),
(457, 15, 421, 100, 0, '0.00', 1, '2013-12-30', '10:18:53', '2013-12-30 04:48:53'),
(458, 15, 422, 100, 0, '0.00', 1, '2013-12-30', '10:18:53', '2013-12-30 04:48:53'),
(459, 15, 423, 100, 0, '0.00', 1, '2013-12-30', '10:18:53', '2013-12-30 04:48:53'),
(460, 15, 424, 100, 0, '0.00', 1, '2013-12-30', '10:18:53', '2013-12-30 04:48:53'),
(461, 15, 425, 100, 0, '0.00', 1, '2013-12-30', '10:18:53', '2013-12-30 04:48:53'),
(462, 15, 426, 100, 0, '0.00', 1, '2013-12-30', '10:18:53', '2013-12-30 04:48:53'),
(463, 15, 427, 100, 0, '0.00', 1, '2013-12-30', '10:18:53', '2013-12-30 04:48:53'),
(464, 15, 428, 100, 0, '0.00', 1, '2013-12-30', '10:18:53', '2013-12-30 04:48:53'),
(465, 15, 429, 100, 0, '0.00', 1, '2013-12-30', '10:18:53', '2013-12-30 04:48:53'),
(466, 15, 430, 100, 0, '0.00', 1, '2013-12-30', '10:18:53', '2013-12-30 04:48:53'),
(467, 15, 431, 100, 0, '0.00', 1, '2013-12-30', '10:18:53', '2013-12-30 04:48:53'),
(468, 15, 432, 100, 0, '0.00', 1, '2013-12-30', '10:18:53', '2013-12-30 04:48:53'),
(469, 15, 433, 100, 0, '0.00', 1, '2013-12-30', '10:18:53', '2013-12-30 04:48:53'),
(470, 15, 434, 100, 0, '0.00', 1, '2013-12-30', '10:18:53', '2013-12-30 04:48:53'),
(471, 15, 435, 100, 0, '0.00', 1, '2013-12-30', '10:18:53', '2013-12-30 04:48:53'),
(472, 15, 436, 100, 0, '0.00', 1, '2013-12-30', '10:18:53', '2013-12-30 04:48:53'),
(473, 15, 437, 100, 0, '0.00', 1, '2013-12-30', '10:18:53', '2013-12-30 04:48:53'),
(474, 15, 438, 100, 0, '0.00', 1, '2013-12-30', '10:18:53', '2013-12-30 04:48:53'),
(475, 15, 439, 100, 0, '0.00', 1, '2013-12-30', '10:18:53', '2013-12-30 04:48:53'),
(476, 15, 440, 100, 0, '0.00', 1, '2013-12-30', '10:18:53', '2013-12-30 04:48:53'),
(477, 15, 441, 100, 0, '0.00', 1, '2013-12-30', '10:18:53', '2013-12-30 04:48:53'),
(478, 15, 442, 100, 0, '0.00', 1, '2013-12-30', '10:18:53', '2013-12-30 04:48:53'),
(479, 15, 443, 100, 0, '0.00', 1, '2013-12-30', '10:18:53', '2013-12-30 04:48:53'),
(480, 15, 444, 100, 0, '0.00', 1, '2013-12-30', '10:18:53', '2013-12-30 04:48:53'),
(481, 15, 445, 100, 0, '0.00', 1, '2013-12-30', '10:18:53', '2013-12-30 04:48:53'),
(482, 15, 446, 100, 0, '0.00', 1, '2013-12-30', '10:18:53', '2013-12-30 04:48:53'),
(483, 15, 447, 100, 0, '0.00', 1, '2013-12-30', '10:18:53', '2013-12-30 04:48:53'),
(484, 15, 448, 100, 0, '0.00', 1, '2013-12-30', '10:18:53', '2013-12-30 04:48:53'),
(485, 15, 449, 100, 0, '0.00', 1, '2013-12-30', '10:18:53', '2013-12-30 04:48:53'),
(486, 15, 450, 100, 0, '0.00', 1, '2013-12-30', '10:18:53', '2013-12-30 04:48:53'),
(487, 15, 451, 100, 0, '0.00', 1, '2013-12-30', '10:18:53', '2013-12-30 04:48:53'),
(488, 15, 452, 100, 0, '0.00', 1, '2013-12-30', '10:18:53', '2013-12-30 04:48:53'),
(489, 15, 453, 100, 0, '0.00', 1, '2013-12-30', '10:18:53', '2013-12-30 04:48:53'),
(490, 15, 454, 100, 0, '0.00', 1, '2013-12-30', '10:18:53', '2013-12-30 04:48:53'),
(491, 15, 455, 100, 0, '0.00', 1, '2013-12-30', '10:18:53', '2013-12-30 04:48:53'),
(492, 15, 456, 100, 0, '0.00', 1, '2013-12-30', '10:18:53', '2013-12-30 04:48:53'),
(493, 15, 457, 100, 0, '0.00', 1, '2013-12-30', '10:18:53', '2013-12-30 04:48:53'),
(494, 15, 458, 100, 0, '0.00', 1, '2013-12-30', '10:18:53', '2013-12-30 04:48:53'),
(495, 15, 459, 100, 0, '0.00', 1, '2013-12-30', '10:18:53', '2013-12-30 04:48:53'),
(496, 15, 460, 100, 0, '0.00', 1, '2013-12-30', '10:18:53', '2013-12-30 04:48:53'),
(497, 15, 461, 100, 0, '0.00', 1, '2013-12-30', '10:18:53', '2013-12-30 04:48:53'),
(498, 15, 462, 100, 0, '0.00', 1, '2013-12-30', '10:18:53', '2013-12-30 04:48:53'),
(499, 15, 463, 100, 0, '0.00', 1, '2013-12-30', '10:18:53', '2013-12-30 04:48:53'),
(500, 15, 464, 100, 0, '0.00', 1, '2013-12-30', '10:18:53', '2013-12-30 04:48:53'),
(501, 15, 465, 100, 0, '0.00', 1, '2013-12-30', '10:18:53', '2013-12-30 04:48:53'),
(502, 15, 466, 100, 0, '0.00', 1, '2013-12-30', '10:18:53', '2013-12-30 04:48:53'),
(503, 15, 467, 100, 0, '0.00', 1, '2013-12-30', '10:18:53', '2013-12-30 04:48:53'),
(504, 15, 468, 100, 0, '0.00', 1, '2013-12-30', '10:18:53', '2013-12-30 04:48:53'),
(505, 15, 469, 100, 0, '0.00', 1, '2013-12-30', '10:18:53', '2013-12-30 04:48:53'),
(506, 15, 470, 100, 0, '0.00', 1, '2013-12-30', '10:18:53', '2013-12-30 04:48:53'),
(507, 15, 471, 100, 0, '0.00', 1, '2013-12-30', '10:18:53', '2013-12-30 04:48:53'),
(508, 15, 472, 100, 0, '0.00', 1, '2013-12-30', '10:18:53', '2013-12-30 04:48:53'),
(509, 15, 473, 100, 0, '0.00', 1, '2013-12-30', '10:18:53', '2013-12-30 04:48:53'),
(510, 15, 474, 100, 0, '0.00', 1, '2013-12-30', '10:18:53', '2013-12-30 04:48:53'),
(511, 15, 475, 100, 0, '0.00', 1, '2013-12-30', '10:18:53', '2013-12-30 04:48:53'),
(512, 15, 476, 100, 0, '0.00', 1, '2013-12-30', '10:18:53', '2013-12-30 04:48:53'),
(513, 15, 477, 100, 0, '0.00', 1, '2013-12-30', '10:18:53', '2013-12-30 04:48:53'),
(514, 15, 478, 100, 0, '0.00', 1, '2013-12-30', '10:18:53', '2013-12-30 04:48:53'),
(515, 15, 479, 100, 0, '0.00', 1, '2013-12-30', '10:18:53', '2013-12-30 04:48:53'),
(516, 15, 480, 100, 0, '0.00', 1, '2013-12-30', '10:18:53', '2013-12-30 04:48:53'),
(517, 15, 481, 100, 0, '0.00', 1, '2013-12-30', '10:18:53', '2013-12-30 04:48:53'),
(518, 15, 482, 100, 0, '0.00', 1, '2013-12-30', '10:18:53', '2013-12-30 04:48:53'),
(519, 15, 483, 100, 0, '0.00', 1, '2013-12-30', '10:18:53', '2013-12-30 04:48:53'),
(520, 15, 484, 100, 0, '0.00', 1, '2013-12-30', '10:18:53', '2013-12-30 04:48:53'),
(521, 15, 485, 100, 0, '0.00', 1, '2013-12-30', '10:18:53', '2013-12-30 04:48:53'),
(522, 15, 486, 100, 0, '0.00', 1, '2013-12-30', '10:18:53', '2013-12-30 04:48:53'),
(523, 15, 487, 100, 0, '0.00', 1, '2013-12-30', '10:18:53', '2013-12-30 04:48:53'),
(524, 15, 488, 100, 0, '0.00', 1, '2013-12-30', '10:18:53', '2013-12-30 04:48:53'),
(525, 15, 489, 100, 0, '0.00', 1, '2013-12-30', '10:18:53', '2013-12-30 04:48:53'),
(526, 15, 490, 100, 0, '0.00', 1, '2013-12-30', '10:18:53', '2013-12-30 04:48:53'),
(527, 15, 491, 100, 0, '0.00', 1, '2013-12-30', '10:18:53', '2013-12-30 04:48:53'),
(528, 15, 492, 100, 0, '0.00', 1, '2013-12-30', '10:18:53', '2013-12-30 04:48:53'),
(529, 15, 493, 100, 0, '0.00', 1, '2013-12-30', '10:18:53', '2013-12-30 04:48:53'),
(530, 15, 494, 100, 0, '0.00', 1, '2013-12-30', '10:18:53', '2013-12-30 04:48:53'),
(531, 15, 495, 100, 0, '0.00', 1, '2013-12-30', '10:18:53', '2013-12-30 04:48:53'),
(532, 15, 496, 100, 0, '0.00', 1, '2013-12-30', '10:18:53', '2013-12-30 04:48:53'),
(533, 15, 497, 100, 0, '0.00', 1, '2013-12-30', '10:18:53', '2013-12-30 04:48:53'),
(534, 15, 498, 100, 0, '0.00', 1, '2013-12-30', '10:18:53', '2013-12-30 04:48:53'),
(535, 15, 499, 100, 0, '0.00', 1, '2013-12-30', '10:18:53', '2013-12-30 04:48:53'),
(536, 15, 500, 100, 0, '0.00', 1, '2013-12-30', '10:18:53', '2013-12-30 04:48:53'),
(537, 15, 501, 100, 0, '0.00', 1, '2013-12-30', '10:18:53', '2013-12-30 04:48:53'),
(538, 15, 502, 100, 0, '0.00', 1, '2013-12-30', '10:18:53', '2013-12-30 04:48:53'),
(539, 15, 503, 100, 0, '0.00', 1, '2013-12-30', '10:18:53', '2013-12-30 04:48:53'),
(540, 15, 504, 100, 0, '0.00', 1, '2013-12-30', '10:18:53', '2013-12-30 04:48:53'),
(541, 15, 505, 100, 0, '0.00', 1, '2013-12-30', '10:18:53', '2013-12-30 04:48:53'),
(542, 15, 506, 100, 0, '0.00', 1, '2013-12-30', '10:18:53', '2013-12-30 04:48:53'),
(543, 15, 507, 100, 0, '0.00', 1, '2013-12-30', '10:18:53', '2013-12-30 04:48:53'),
(544, 15, 508, 100, 0, '0.00', 1, '2013-12-30', '10:18:53', '2013-12-30 04:48:53'),
(545, 15, 509, 100, 0, '0.00', 1, '2013-12-30', '10:18:53', '2013-12-30 04:48:53'),
(546, 15, 510, 100, 0, '0.00', 1, '2013-12-30', '10:18:53', '2013-12-30 04:48:53'),
(547, 15, 511, 100, 0, '0.00', 1, '2013-12-30', '10:18:53', '2013-12-30 04:48:53'),
(548, 15, 512, 100, 0, '0.00', 1, '2013-12-30', '10:18:53', '2013-12-30 04:48:53'),
(549, 15, 513, 100, 0, '0.00', 1, '2013-12-30', '10:18:53', '2013-12-30 04:48:53'),
(550, 15, 514, 100, 0, '0.00', 1, '2013-12-30', '10:18:53', '2013-12-30 04:48:53'),
(551, 15, 515, 100, 0, '0.00', 1, '2013-12-30', '10:18:53', '2013-12-30 04:48:53'),
(552, 15, 516, 100, 0, '0.00', 1, '2013-12-30', '10:18:53', '2013-12-30 04:48:53'),
(553, 15, 517, 100, 0, '0.00', 1, '2013-12-30', '10:18:53', '2013-12-30 04:48:53'),
(554, 15, 518, 100, 0, '0.00', 1, '2013-12-30', '10:18:53', '2013-12-30 04:48:53'),
(555, 15, 519, 100, 0, '0.00', 1, '2013-12-30', '10:18:53', '2013-12-30 04:48:53'),
(556, 15, 520, 100, 0, '0.00', 1, '2013-12-30', '10:18:53', '2013-12-30 04:48:53'),
(557, 15, 521, 100, 0, '0.00', 1, '2013-12-30', '10:18:53', '2013-12-30 04:48:53'),
(558, 15, 522, 100, 0, '0.00', 1, '2013-12-30', '10:18:53', '2013-12-30 04:48:53'),
(559, 15, 523, 100, 0, '0.00', 1, '2013-12-30', '10:18:53', '2013-12-30 04:48:53'),
(560, 15, 524, 100, 0, '0.00', 1, '2013-12-30', '10:18:53', '2013-12-30 04:48:53'),
(561, 15, 525, 100, 0, '0.00', 1, '2013-12-30', '10:18:53', '2013-12-30 04:48:53'),
(562, 15, 526, 100, 0, '0.00', 1, '2013-12-30', '10:18:53', '2013-12-30 04:48:53'),
(563, 15, 527, 100, 0, '0.00', 1, '2013-12-30', '10:18:53', '2013-12-30 04:48:53'),
(564, 15, 528, 100, 0, '0.00', 1, '2013-12-30', '10:18:53', '2013-12-30 04:48:53'),
(565, 15, 529, 100, 0, '0.00', 1, '2013-12-30', '10:18:53', '2013-12-30 04:48:53'),
(566, 15, 530, 100, 0, '0.00', 1, '2013-12-30', '10:18:53', '2013-12-30 04:48:53'),
(567, 15, 531, 100, 0, '0.00', 1, '2013-12-30', '10:18:53', '2013-12-30 04:48:53'),
(568, 15, 532, 100, 0, '0.00', 1, '2013-12-30', '10:18:53', '2013-12-30 04:48:53'),
(569, 15, 533, 100, 0, '0.00', 1, '2013-12-30', '10:18:53', '2013-12-30 04:48:53'),
(570, 15, 534, 100, 0, '0.00', 1, '2013-12-30', '10:18:53', '2013-12-30 04:48:53'),
(571, 15, 535, 100, 0, '0.00', 1, '2013-12-30', '10:18:53', '2013-12-30 04:48:53'),
(572, 15, 536, 100, 0, '0.00', 1, '2013-12-30', '10:18:53', '2013-12-30 04:48:53'),
(573, 15, 537, 100, 0, '0.00', 1, '2013-12-30', '10:18:53', '2013-12-30 04:48:53'),
(574, 15, 538, 100, 0, '0.00', 1, '2013-12-30', '10:18:53', '2013-12-30 04:48:53'),
(575, 15, 539, 100, 0, '0.00', 1, '2013-12-30', '10:18:53', '2013-12-30 04:48:53'),
(576, 15, 540, 100, 0, '0.00', 1, '2013-12-30', '10:18:53', '2013-12-30 04:48:53'),
(577, 15, 541, 100, 0, '0.00', 1, '2013-12-30', '10:18:53', '2013-12-30 04:48:53'),
(578, 15, 542, 100, 0, '0.00', 1, '2013-12-30', '10:18:53', '2013-12-30 04:48:53'),
(579, 15, 543, 100, 0, '0.00', 1, '2013-12-30', '10:18:53', '2013-12-30 04:48:53'),
(580, 15, 544, 100, 0, '0.00', 1, '2013-12-30', '10:18:53', '2013-12-30 04:48:53'),
(581, 15, 545, 100, 0, '0.00', 1, '2013-12-30', '10:18:53', '2013-12-30 04:48:53'),
(582, 15, 546, 100, 0, '0.00', 1, '2013-12-30', '10:18:53', '2013-12-30 04:48:53'),
(583, 15, 547, 100, 0, '0.00', 1, '2013-12-30', '10:18:53', '2013-12-30 04:48:53'),
(584, 15, 548, 100, 0, '0.00', 1, '2013-12-30', '10:18:53', '2013-12-30 04:48:53'),
(585, 15, 549, 100, 0, '0.00', 1, '2013-12-30', '10:18:53', '2013-12-30 04:48:53'),
(586, 15, 550, 100, 0, '0.00', 1, '2013-12-30', '10:18:53', '2013-12-30 04:48:53'),
(587, 15, 551, 100, 0, '0.00', 1, '2013-12-30', '10:18:53', '2013-12-30 04:48:53'),
(588, 15, 552, 100, 0, '0.00', 1, '2013-12-30', '10:18:53', '2013-12-30 04:48:53'),
(589, 15, 553, 100, 0, '0.00', 1, '2013-12-30', '10:18:53', '2013-12-30 04:48:53'),
(590, 15, 554, 100, 0, '0.00', 1, '2013-12-30', '10:18:53', '2013-12-30 04:48:53'),
(591, 15, 555, 100, 0, '0.00', 1, '2013-12-30', '10:18:53', '2013-12-30 04:48:53'),
(592, 15, 556, 100, 0, '0.00', 1, '2013-12-30', '10:18:53', '2013-12-30 04:48:53'),
(593, 15, 557, 100, 0, '0.00', 1, '2013-12-30', '10:18:53', '2013-12-30 04:48:53'),
(594, 15, 558, 100, 0, '0.00', 1, '2013-12-30', '10:18:53', '2013-12-30 04:48:53'),
(595, 15, 559, 100, 0, '0.00', 1, '2013-12-30', '10:18:53', '2013-12-30 04:48:53'),
(596, 15, 560, 100, 0, '0.00', 1, '2013-12-30', '10:18:53', '2013-12-30 04:48:53'),
(597, 15, 561, 100, 0, '0.00', 1, '2013-12-30', '10:18:53', '2013-12-30 04:48:53'),
(598, 15, 562, 100, 0, '0.00', 1, '2013-12-30', '10:18:53', '2013-12-30 04:48:53'),
(599, 15, 563, 100, 0, '0.00', 1, '2013-12-30', '10:18:53', '2013-12-30 04:48:53'),
(600, 15, 564, 100, 0, '0.00', 1, '2013-12-30', '10:18:53', '2013-12-30 04:48:53'),
(601, 15, 565, 100, 0, '0.00', 1, '2013-12-30', '10:18:53', '2013-12-30 04:48:53'),
(602, 15, 566, 100, 0, '0.00', 1, '2013-12-30', '10:18:53', '2013-12-30 04:48:53'),
(603, 15, 567, 100, 0, '0.00', 1, '2013-12-30', '10:18:53', '2013-12-30 04:48:53'),
(604, 15, 568, 100, 0, '0.00', 1, '2013-12-30', '10:18:53', '2013-12-30 04:48:53'),
(605, 15, 569, 100, 0, '0.00', 1, '2013-12-30', '10:18:53', '2013-12-30 04:48:53'),
(606, 15, 570, 100, 0, '0.00', 1, '2013-12-30', '10:18:53', '2013-12-30 04:48:53'),
(607, 15, 571, 100, 0, '0.00', 1, '2013-12-30', '10:18:53', '2013-12-30 04:48:53'),
(608, 15, 572, 100, 0, '0.00', 1, '2013-12-30', '10:18:53', '2013-12-30 04:48:53'),
(609, 15, 573, 100, 0, '0.00', 1, '2013-12-30', '10:18:53', '2013-12-30 04:48:53'),
(610, 15, 574, 100, 0, '0.00', 1, '2013-12-30', '10:18:53', '2013-12-30 04:48:53'),
(611, 15, 575, 100, 0, '0.00', 1, '2013-12-30', '10:18:53', '2013-12-30 04:48:53'),
(612, 15, 576, 100, 0, '0.00', 1, '2013-12-30', '10:18:53', '2013-12-30 04:48:53'),
(613, 15, 577, 100, 0, '0.00', 1, '2013-12-30', '10:18:53', '2013-12-30 04:48:53'),
(614, 15, 578, 100, 0, '0.00', 1, '2013-12-30', '10:18:53', '2013-12-30 04:48:53'),
(615, 15, 579, 100, 0, '0.00', 1, '2013-12-30', '10:18:53', '2013-12-30 04:48:53'),
(616, 15, 580, 100, 0, '0.00', 1, '2013-12-30', '10:18:53', '2013-12-30 04:48:53'),
(617, 15, 581, 100, 0, '0.00', 1, '2013-12-30', '10:18:53', '2013-12-30 04:48:53'),
(618, 15, 582, 100, 0, '0.00', 1, '2013-12-30', '10:18:53', '2013-12-30 04:48:53'),
(619, 15, 583, 100, 0, '0.00', 1, '2013-12-30', '10:18:53', '2013-12-30 04:48:53'),
(620, 15, 584, 100, 0, '0.00', 1, '2013-12-30', '10:18:53', '2013-12-30 04:48:53'),
(621, 15, 585, 100, 0, '0.00', 1, '2013-12-30', '10:18:53', '2013-12-30 04:48:53'),
(622, 15, 586, 100, 0, '0.00', 1, '2013-12-30', '10:18:53', '2013-12-30 04:48:53'),
(623, 15, 587, 100, 0, '0.00', 1, '2013-12-30', '10:18:53', '2013-12-30 04:48:53'),
(624, 15, 588, 100, 0, '0.00', 1, '2013-12-30', '10:18:53', '2013-12-30 04:48:53'),
(625, 15, 589, 100, 0, '0.00', 1, '2013-12-30', '10:18:53', '2013-12-30 04:48:53'),
(626, 15, 590, 100, 0, '0.00', 1, '2013-12-30', '10:18:53', '2013-12-30 04:48:53'),
(627, 15, 591, 100, 0, '0.00', 1, '2013-12-30', '10:18:53', '2013-12-30 04:48:53'),
(628, 15, 592, 100, 0, '0.00', 1, '2013-12-30', '10:18:53', '2013-12-30 04:48:53'),
(629, 15, 593, 100, 0, '0.00', 1, '2013-12-30', '10:18:53', '2013-12-30 04:48:53'),
(630, 15, 594, 100, 0, '0.00', 1, '2013-12-30', '10:18:53', '2013-12-30 04:48:53'),
(631, 15, 595, 100, 0, '0.00', 1, '2013-12-30', '10:18:53', '2013-12-30 04:48:53'),
(632, 15, 596, 100, 0, '0.00', 1, '2013-12-30', '10:18:53', '2013-12-30 04:48:53'),
(633, 15, 597, 100, 0, '0.00', 1, '2013-12-30', '10:18:53', '2013-12-30 04:48:53'),
(634, 15, 598, 100, 0, '0.00', 1, '2013-12-30', '10:18:53', '2013-12-30 04:48:53'),
(635, 15, 599, 100, 0, '0.00', 1, '2013-12-30', '10:18:53', '2013-12-30 04:48:53'),
(636, 15, 600, 100, 0, '0.00', 1, '2013-12-30', '10:18:53', '2013-12-30 04:48:53'),
(637, 15, 601, 100, 0, '0.00', 1, '2013-12-30', '10:18:53', '2013-12-30 04:48:53'),
(638, 15, 602, 100, 0, '0.00', 1, '2013-12-30', '10:18:53', '2013-12-30 04:48:53'),
(639, 15, 603, 100, 0, '0.00', 1, '2013-12-30', '10:18:53', '2013-12-30 04:48:53'),
(640, 15, 604, 100, 0, '0.00', 1, '2013-12-30', '10:18:53', '2013-12-30 04:48:53'),
(641, 15, 605, 100, 0, '0.00', 1, '2013-12-30', '10:18:53', '2013-12-30 04:48:53'),
(642, 15, 606, 100, 0, '0.00', 1, '2013-12-30', '10:18:53', '2013-12-30 04:48:53'),
(643, 15, 607, 100, 0, '0.00', 1, '2013-12-30', '10:18:53', '2013-12-30 04:48:53'),
(644, 15, 608, 100, 0, '0.00', 1, '2013-12-30', '10:18:53', '2013-12-30 04:48:53');
INSERT INTO `tbl_dilivery_note_has_products` (`id_dilivery_note_has_products`, `id_dilivery_note`, `id_products`, `dilivery_qty`, `act_qty`, `product_discount`, `dilivery_note_status`, `added_date`, `added_time`, `added_timestamp`) VALUES
(645, 15, 609, 100, 0, '0.00', 1, '2013-12-30', '10:18:53', '2013-12-30 04:48:53'),
(646, 15, 610, 100, 0, '0.00', 1, '2013-12-30', '10:18:53', '2013-12-30 04:48:53'),
(647, 15, 611, 100, 0, '0.00', 1, '2013-12-30', '10:18:53', '2013-12-30 04:48:53'),
(648, 15, 612, 100, 0, '0.00', 1, '2013-12-30', '10:18:53', '2013-12-30 04:48:53'),
(649, 15, 613, 100, 0, '0.00', 1, '2013-12-30', '10:18:53', '2013-12-30 04:48:53'),
(650, 15, 614, 100, 0, '0.00', 1, '2013-12-30', '10:18:53', '2013-12-30 04:48:53'),
(651, 15, 615, 100, 0, '0.00', 1, '2013-12-30', '10:18:53', '2013-12-30 04:48:53'),
(652, 15, 616, 100, 0, '0.00', 1, '2013-12-30', '10:18:53', '2013-12-30 04:48:53'),
(653, 15, 617, 100, 0, '0.00', 1, '2013-12-30', '10:18:53', '2013-12-30 04:48:53'),
(654, 15, 618, 100, 0, '0.00', 1, '2013-12-30', '10:18:53', '2013-12-30 04:48:53'),
(655, 15, 619, 100, 0, '0.00', 1, '2013-12-30', '10:18:53', '2013-12-30 04:48:53'),
(656, 15, 620, 100, 0, '0.00', 1, '2013-12-30', '10:18:53', '2013-12-30 04:48:53'),
(657, 15, 621, 100, 0, '0.00', 1, '2013-12-30', '10:18:53', '2013-12-30 04:48:53'),
(658, 15, 622, 100, 0, '0.00', 1, '2013-12-30', '10:18:53', '2013-12-30 04:48:53'),
(659, 15, 623, 100, 0, '0.00', 1, '2013-12-30', '10:18:53', '2013-12-30 04:48:53'),
(660, 15, 624, 100, 0, '0.00', 1, '2013-12-30', '10:18:53', '2013-12-30 04:48:53'),
(661, 15, 625, 100, 0, '0.00', 1, '2013-12-30', '10:18:53', '2013-12-30 04:48:53'),
(662, 15, 626, 100, 0, '0.00', 1, '2013-12-30', '10:18:53', '2013-12-30 04:48:53'),
(663, 15, 627, 100, 0, '0.00', 1, '2013-12-30', '10:18:53', '2013-12-30 04:48:53'),
(664, 15, 628, 100, 0, '0.00', 1, '2013-12-30', '10:18:53', '2013-12-30 04:48:53'),
(665, 15, 629, 100, 0, '0.00', 1, '2013-12-30', '10:18:53', '2013-12-30 04:48:53'),
(666, 15, 630, 100, 0, '0.00', 1, '2013-12-30', '10:18:53', '2013-12-30 04:48:53'),
(667, 15, 631, 100, 0, '0.00', 1, '2013-12-30', '10:18:53', '2013-12-30 04:48:53'),
(668, 15, 632, 100, 0, '0.00', 1, '2013-12-30', '10:18:53', '2013-12-30 04:48:53'),
(669, 15, 633, 100, 0, '0.00', 1, '2013-12-30', '10:18:53', '2013-12-30 04:48:53'),
(670, 15, 634, 100, 0, '0.00', 1, '2013-12-30', '10:18:53', '2013-12-30 04:48:53'),
(671, 15, 635, 100, 0, '0.00', 1, '2013-12-30', '10:18:53', '2013-12-30 04:48:53'),
(672, 15, 636, 100, 0, '0.00', 1, '2013-12-30', '10:18:53', '2013-12-30 04:48:53'),
(673, 15, 637, 100, 0, '0.00', 1, '2013-12-30', '10:18:53', '2013-12-30 04:48:53'),
(674, 15, 638, 100, 0, '0.00', 1, '2013-12-30', '10:18:53', '2013-12-30 04:48:53'),
(675, 15, 639, 100, 0, '0.00', 1, '2013-12-30', '10:18:53', '2013-12-30 04:48:53'),
(676, 15, 640, 100, 0, '0.00', 1, '2013-12-30', '10:18:53', '2013-12-30 04:48:53'),
(677, 15, 641, 100, 0, '0.00', 1, '2013-12-30', '10:18:53', '2013-12-30 04:48:53'),
(678, 15, 642, 100, 0, '0.00', 1, '2013-12-30', '10:18:53', '2013-12-30 04:48:53'),
(679, 15, 643, 100, 0, '0.00', 1, '2013-12-30', '10:18:53', '2013-12-30 04:48:53'),
(680, 15, 644, 100, 0, '0.00', 1, '2013-12-30', '10:18:53', '2013-12-30 04:48:53'),
(681, 15, 645, 100, 0, '0.00', 1, '2013-12-30', '10:18:53', '2013-12-30 04:48:53'),
(682, 15, 646, 100, 0, '0.00', 1, '2013-12-30', '10:18:53', '2013-12-30 04:48:53'),
(683, 15, 647, 100, 0, '0.00', 1, '2013-12-30', '10:18:53', '2013-12-30 04:48:53'),
(684, 15, 648, 100, 0, '0.00', 1, '2013-12-30', '10:18:53', '2013-12-30 04:48:53'),
(685, 15, 649, 100, 0, '0.00', 1, '2013-12-30', '10:18:53', '2013-12-30 04:48:53'),
(686, 15, 650, 100, 0, '0.00', 1, '2013-12-30', '10:18:53', '2013-12-30 04:48:53'),
(687, 15, 651, 100, 0, '0.00', 1, '2013-12-30', '10:18:53', '2013-12-30 04:48:53'),
(688, 15, 652, 100, 0, '0.00', 1, '2013-12-30', '10:18:53', '2013-12-30 04:48:53'),
(689, 15, 653, 100, 0, '0.00', 1, '2013-12-30', '10:18:53', '2013-12-30 04:48:53'),
(690, 15, 654, 100, 0, '0.00', 1, '2013-12-30', '10:18:53', '2013-12-30 04:48:53'),
(691, 15, 655, 100, 0, '0.00', 1, '2013-12-30', '10:18:53', '2013-12-30 04:48:53'),
(692, 15, 656, 100, 0, '0.00', 1, '2013-12-30', '10:18:53', '2013-12-30 04:48:53'),
(693, 15, 657, 100, 0, '0.00', 1, '2013-12-30', '10:18:53', '2013-12-30 04:48:53'),
(694, 15, 658, 100, 0, '0.00', 1, '2013-12-30', '10:18:53', '2013-12-30 04:48:53'),
(695, 15, 659, 100, 0, '0.00', 1, '2013-12-30', '10:18:53', '2013-12-30 04:48:53'),
(696, 15, 660, 100, 0, '0.00', 1, '2013-12-30', '10:18:53', '2013-12-30 04:48:53'),
(697, 15, 661, 100, 0, '0.00', 1, '2013-12-30', '10:18:53', '2013-12-30 04:48:53'),
(698, 15, 662, 100, 0, '0.00', 1, '2013-12-30', '10:18:53', '2013-12-30 04:48:53'),
(699, 15, 663, 100, 0, '0.00', 1, '2013-12-30', '10:18:53', '2013-12-30 04:48:53'),
(700, 15, 664, 100, 0, '0.00', 1, '2013-12-30', '10:18:53', '2013-12-30 04:48:53'),
(701, 15, 665, 100, 0, '0.00', 1, '2013-12-30', '10:18:53', '2013-12-30 04:48:53'),
(702, 15, 666, 100, 0, '0.00', 1, '2013-12-30', '10:18:53', '2013-12-30 04:48:53'),
(703, 15, 667, 100, 0, '0.00', 1, '2013-12-30', '10:18:53', '2013-12-30 04:48:53'),
(704, 15, 668, 100, 0, '0.00', 1, '2013-12-30', '10:18:53', '2013-12-30 04:48:53'),
(705, 15, 669, 100, 0, '0.00', 1, '2013-12-30', '10:18:53', '2013-12-30 04:48:53'),
(706, 15, 670, 100, 0, '0.00', 1, '2013-12-30', '10:18:53', '2013-12-30 04:48:53'),
(707, 15, 671, 100, 0, '0.00', 1, '2013-12-30', '10:18:53', '2013-12-30 04:48:53'),
(708, 15, 672, 100, 0, '0.00', 1, '2013-12-30', '10:18:53', '2013-12-30 04:48:53'),
(709, 15, 673, 100, 0, '0.00', 1, '2013-12-30', '10:18:53', '2013-12-30 04:48:53'),
(710, 15, 674, 100, 0, '0.00', 1, '2013-12-30', '10:18:53', '2013-12-30 04:48:53'),
(711, 15, 675, 100, 0, '0.00', 1, '2013-12-30', '10:18:53', '2013-12-30 04:48:53'),
(712, 15, 676, 100, 0, '0.00', 1, '2013-12-30', '10:18:53', '2013-12-30 04:48:53'),
(713, 15, 677, 100, 0, '0.00', 1, '2013-12-30', '10:18:53', '2013-12-30 04:48:53'),
(714, 15, 678, 100, 0, '0.00', 1, '2013-12-30', '10:18:53', '2013-12-30 04:48:53'),
(715, 15, 679, 100, 0, '0.00', 1, '2013-12-30', '10:18:53', '2013-12-30 04:48:53'),
(716, 15, 680, 100, 0, '0.00', 1, '2013-12-30', '10:18:53', '2013-12-30 04:48:53'),
(717, 15, 681, 100, 0, '0.00', 1, '2013-12-30', '10:18:53', '2013-12-30 04:48:53'),
(718, 15, 682, 100, 0, '0.00', 1, '2013-12-30', '10:18:53', '2013-12-30 04:48:53'),
(719, 15, 683, 100, 0, '0.00', 1, '2013-12-30', '10:18:53', '2013-12-30 04:48:53'),
(720, 15, 684, 100, 0, '0.00', 1, '2013-12-30', '10:18:53', '2013-12-30 04:48:53'),
(721, 15, 685, 100, 0, '0.00', 1, '2013-12-30', '10:18:53', '2013-12-30 04:48:53'),
(722, 15, 686, 100, 0, '0.00', 1, '2013-12-30', '10:18:53', '2013-12-30 04:48:53'),
(723, 15, 687, 100, 0, '0.00', 1, '2013-12-30', '10:18:53', '2013-12-30 04:48:53'),
(724, 15, 688, 100, 0, '0.00', 1, '2013-12-30', '10:18:53', '2013-12-30 04:48:53'),
(725, 15, 689, 100, 0, '0.00', 1, '2013-12-30', '10:18:53', '2013-12-30 04:48:53'),
(726, 15, 690, 100, 0, '0.00', 1, '2013-12-30', '10:18:53', '2013-12-30 04:48:53'),
(727, 15, 691, 100, 0, '0.00', 1, '2013-12-30', '10:18:53', '2013-12-30 04:48:53'),
(728, 15, 692, 100, 0, '0.00', 1, '2013-12-30', '10:18:53', '2013-12-30 04:48:53'),
(729, 15, 693, 100, 0, '0.00', 1, '2013-12-30', '10:18:53', '2013-12-30 04:48:53'),
(730, 15, 694, 100, 0, '0.00', 1, '2013-12-30', '10:18:53', '2013-12-30 04:48:53'),
(731, 15, 695, 100, 0, '0.00', 1, '2013-12-30', '10:18:53', '2013-12-30 04:48:53'),
(732, 15, 696, 100, 0, '0.00', 1, '2013-12-30', '10:18:53', '2013-12-30 04:48:53'),
(733, 15, 697, 100, 0, '0.00', 1, '2013-12-30', '10:18:53', '2013-12-30 04:48:53'),
(734, 15, 698, 100, 0, '0.00', 1, '2013-12-30', '10:18:53', '2013-12-30 04:48:53'),
(735, 15, 699, 100, 0, '0.00', 1, '2013-12-30', '10:18:53', '2013-12-30 04:48:53'),
(736, 15, 700, 100, 0, '0.00', 1, '2013-12-30', '10:18:53', '2013-12-30 04:48:53'),
(741, 20, 710, 180, 0, '0.00', 1, '2014-01-10', '09:48:59', '2014-01-10 04:18:59'),
(742, 20, 711, 119, 0, '0.00', 1, '2014-01-10', '09:48:59', '2014-01-10 04:18:59'),
(743, 21, 486, 205, 0, '0.00', 1, '2014-01-20', '14:15:53', '2014-01-20 08:45:53'),
(744, 22, 1, 9, 0, '0.00', 1, '2014-01-20', '15:30:04', '2014-01-20 10:00:04'),
(745, 23, 496, 50, 0, '0.00', 1, '2014-01-21', '12:53:49', '2014-01-21 07:23:49'),
(746, 24, 496, 50, 0, '0.00', 1, '2014-01-21', '12:53:50', '2014-01-21 07:23:50'),
(747, 25, 720, 8, 0, '0.00', 1, '2014-02-03', '16:13:22', '2014-02-03 10:43:22'),
(748, 26, 497, 110, 0, '0.00', 1, '2014-02-19', '13:49:55', '2014-02-19 08:19:55'),
(749, 26, 687, 136, 0, '0.00', 1, '2014-02-19', '13:49:55', '2014-02-19 08:19:55'),
(750, 26, 668, 21, 0, '0.00', 1, '2014-02-19', '13:49:55', '2014-02-19 08:19:55'),
(751, 26, 463, 18, 0, '0.00', 1, '2014-02-19', '13:49:55', '2014-02-19 08:19:55'),
(752, 26, 509, 156, 0, '0.00', 1, '2014-02-19', '13:49:55', '2014-02-19 08:19:55'),
(753, 26, 634, 15, 0, '0.00', 1, '2014-02-19', '13:49:55', '2014-02-19 08:19:55'),
(754, 26, 635, 13, 0, '0.00', 1, '2014-02-19', '13:49:55', '2014-02-19 08:19:55'),
(755, 26, 641, 57, 0, '0.00', 1, '2014-02-19', '13:49:55', '2014-02-19 08:19:55'),
(756, 26, 688, 113, 0, '0.00', 1, '2014-02-19', '13:49:55', '2014-02-19 08:19:55'),
(757, 26, 661, 15, 0, '0.00', 1, '2014-02-19', '13:49:55', '2014-02-19 08:19:55'),
(758, 26, 637, 54, 0, '0.00', 1, '2014-02-19', '13:49:55', '2014-02-19 08:19:55'),
(759, 26, 478, 21, 0, '0.00', 1, '2014-02-19', '13:49:55', '2014-02-19 08:19:55'),
(760, 26, 720, 41, 0, '0.00', 1, '2014-02-19', '13:49:55', '2014-02-19 08:19:55'),
(761, 26, 485, 86, 0, '0.00', 1, '2014-02-19', '13:49:55', '2014-02-19 08:19:55'),
(762, 26, 611, 7, 0, '0.00', 1, '2014-02-19', '13:49:55', '2014-02-19 08:19:55'),
(763, 26, 474, 180, 0, '0.00', 1, '2014-02-19', '13:49:55', '2014-02-19 08:19:55'),
(764, 26, 182, 585, 0, '0.00', 1, '2014-02-19', '13:49:55', '2014-02-19 08:19:55'),
(765, 27, 473, 73, 0, '0.00', 1, '2014-02-19', '13:50:02', '2014-02-19 08:20:02'),
(766, 27, 590, 43, 0, '0.00', 1, '2014-02-19', '13:50:02', '2014-02-19 08:20:02'),
(767, 27, 486, 95, 0, '0.00', 1, '2014-02-19', '13:50:02', '2014-02-19 08:20:02'),
(768, 27, 614, 34, 0, '0.00', 1, '2014-02-19', '13:50:02', '2014-02-19 08:20:02'),
(769, 27, 676, 160, 0, '0.00', 1, '2014-02-19', '13:50:02', '2014-02-19 08:20:02'),
(770, 27, 673, 28, 0, '0.00', 1, '2014-02-19', '13:50:02', '2014-02-19 08:20:02'),
(771, 27, 674, 70, 0, '0.00', 1, '2014-02-19', '13:50:02', '2014-02-19 08:20:02'),
(772, 27, 671, 135, 0, '0.00', 1, '2014-02-19', '13:50:02', '2014-02-19 08:20:02'),
(773, 27, 618, 88, 0, '0.00', 1, '2014-02-19', '13:50:02', '2014-02-19 08:20:02'),
(774, 27, 701, 205, 0, '0.00', 1, '2014-02-19', '13:50:02', '2014-02-19 08:20:02'),
(775, 27, 710, 103, 0, '0.00', 1, '2014-02-19', '13:50:02', '2014-02-19 08:20:02'),
(776, 27, 711, 41, 0, '0.00', 1, '2014-02-19', '13:50:02', '2014-02-19 08:20:02'),
(777, 28, 694, 110, 0, '0.00', 1, '2014-02-19', '15:18:46', '2014-02-19 09:48:46'),
(778, 28, 692, 16, 0, '0.00', 1, '2014-02-19', '15:18:46', '2014-02-19 09:48:46'),
(779, 28, 682, 53, 0, '0.00', 1, '2014-02-19', '15:18:46', '2014-02-19 09:48:46'),
(780, 28, 493, 38, 0, '0.00', 1, '2014-02-19', '15:18:46', '2014-02-19 09:48:46'),
(781, 28, 689, 86, 0, '0.00', 1, '2014-02-19', '15:18:46', '2014-02-19 09:48:46'),
(782, 28, 465, 86, 0, '0.00', 1, '2014-02-19', '15:18:46', '2014-02-19 09:48:46'),
(783, 28, 480, 564, 0, '0.00', 1, '2014-02-19', '15:18:46', '2014-02-19 09:48:46'),
(784, 28, 630, 80, 0, '0.00', 1, '2014-02-19', '15:18:46', '2014-02-19 09:48:46'),
(785, 28, 730, 169, 0, '0.00', 1, '2014-02-19', '15:18:46', '2014-02-19 09:48:46'),
(786, 28, 481, 125, 0, '0.00', 1, '2014-02-19', '15:18:46', '2014-02-19 09:48:46'),
(787, 28, 483, 280, 0, '0.00', 1, '2014-02-19', '15:18:46', '2014-02-19 09:48:46'),
(788, 28, 470, 27, 0, '0.00', 1, '2014-02-19', '15:18:46', '2014-02-19 09:48:46'),
(789, 28, 457, 10, 0, '0.00', 1, '2014-02-19', '15:18:46', '2014-02-19 09:48:46'),
(790, 28, 472, 40, 0, '0.00', 1, '2014-02-19', '15:18:46', '2014-02-19 09:48:46'),
(791, 28, 631, 127, 0, '0.00', 1, '2014-02-19', '15:18:46', '2014-02-19 09:48:46'),
(792, 28, 686, 101, 0, '0.00', 1, '2014-02-19', '15:18:46', '2014-02-19 09:48:46'),
(793, 28, 599, 155, 0, '0.00', 1, '2014-02-19', '15:18:46', '2014-02-19 09:48:46'),
(794, 28, 690, 96, 0, '0.00', 1, '2014-02-19', '15:18:46', '2014-02-19 09:48:46'),
(795, 28, 703, 113, 0, '0.00', 1, '2014-02-19', '15:18:46', '2014-02-19 09:48:46'),
(796, 29, 8, 78, 0, '0.00', 1, '2014-02-25', '12:47:18', '2014-02-25 07:17:18'),
(797, 29, 7, 27, 0, '0.00', 1, '2014-02-25', '12:47:18', '2014-02-25 07:17:18'),
(798, 29, 6, 18, 0, '0.00', 1, '2014-02-25', '12:47:18', '2014-02-25 07:17:18'),
(799, 29, 4, 28, 0, '0.00', 1, '2014-02-25', '12:47:18', '2014-02-25 07:17:18'),
(800, 29, 5, 1, 0, '0.00', 1, '2014-02-25', '12:47:18', '2014-02-25 07:17:18'),
(801, 29, 13, 2, 0, '0.00', 1, '2014-02-25', '12:47:18', '2014-02-25 07:17:18'),
(802, 29, 11, 1, 0, '0.00', 1, '2014-02-25', '12:47:18', '2014-02-25 07:17:18'),
(803, 29, 2, 2, 0, '0.00', 1, '2014-02-25', '12:47:18', '2014-02-25 07:17:18'),
(804, 29, 14, 262, 0, '0.00', 1, '2014-02-25', '12:47:18', '2014-02-25 07:17:18'),
(805, 29, 15, 2, 0, '0.00', 1, '2014-02-25', '12:47:18', '2014-02-25 07:17:18'),
(806, 29, 1, 1, 0, '0.00', 1, '2014-02-25', '12:47:18', '2014-02-25 07:17:18'),
(807, 30, 476, 180, 0, '0.00', 1, '2014-02-26', '13:58:09', '2014-02-26 08:28:09'),
(808, 31, 487, 585, 0, '0.00', 1, '2014-02-26', '14:14:04', '2014-02-26 08:44:04'),
(809, 31, 613, 43, 0, '0.00', 1, '2014-02-26', '14:14:04', '2014-02-26 08:44:04'),
(810, 32, 103, 1, 0, '0.00', 1, '2014-02-28', '12:12:47', '2014-02-28 06:42:47'),
(811, 33, 682, 56, 0, '0.00', 1, '2014-03-08', '21:02:54', '2014-03-08 15:32:54'),
(812, 33, 614, 138, 0, '0.00', 1, '2014-03-08', '21:02:54', '2014-03-08 15:32:54'),
(813, 33, 469, 160, 0, '0.00', 1, '2014-03-08', '21:02:54', '2014-03-08 15:32:54'),
(814, 33, 671, 127, 0, '0.00', 1, '2014-03-08', '21:02:54', '2014-03-08 15:32:54'),
(815, 33, 481, 12, 0, '0.00', 1, '2014-03-08', '21:02:54', '2014-03-08 15:32:54'),
(816, 33, 687, 150, 0, '0.00', 1, '2014-03-08', '21:02:54', '2014-03-08 15:32:54'),
(817, 33, 612, 5, 0, '0.00', 1, '2014-03-08', '21:02:54', '2014-03-08 15:32:54'),
(818, 33, 493, 19, 0, '0.00', 1, '2014-03-08', '21:02:54', '2014-03-08 15:32:54'),
(819, 33, 703, 199, 0, '0.00', 1, '2014-03-08', '21:02:54', '2014-03-08 15:32:54'),
(820, 33, 478, 16, 0, '0.00', 1, '2014-03-08', '21:02:54', '2014-03-08 15:32:54'),
(821, 34, 686, 100, 0, '0.00', 1, '2014-03-08', '21:02:59', '2014-03-08 15:32:59'),
(822, 34, 711, 51, 0, '0.00', 1, '2014-03-08', '21:02:59', '2014-03-08 15:32:59'),
(823, 34, 701, 50, 0, '0.00', 1, '2014-03-08', '21:02:59', '2014-03-08 15:32:59'),
(824, 34, 690, 265, 0, '0.00', 1, '2014-03-08', '21:02:59', '2014-03-08 15:32:59'),
(825, 34, 688, 227, 0, '0.00', 1, '2014-03-08', '21:02:59', '2014-03-08 15:32:59'),
(826, 34, 635, 16, 0, '0.00', 1, '2014-03-08', '21:02:59', '2014-03-08 15:32:59'),
(827, 34, 509, 15, 0, '0.00', 1, '2014-03-08', '21:02:59', '2014-03-08 15:32:59'),
(828, 34, 674, 10, 0, '0.00', 1, '2014-03-08', '21:02:59', '2014-03-08 15:32:59'),
(829, 34, 634, 2, 0, '0.00', 1, '2014-03-08', '21:02:59', '2014-03-08 15:32:59'),
(830, 34, 673, 38, 0, '0.00', 1, '2014-03-08', '21:02:59', '2014-03-08 15:32:59'),
(831, 34, 613, 17, 0, '0.00', 1, '2014-03-08', '21:02:59', '2014-03-08 15:32:59'),
(832, 34, 676, 16, 0, '0.00', 1, '2014-03-08', '21:02:59', '2014-03-08 15:32:59'),
(833, 34, 631, 21, 0, '0.00', 1, '2014-03-08', '21:02:59', '2014-03-08 15:32:59'),
(834, 34, 485, 24, 0, '0.00', 1, '2014-03-08', '21:02:59', '2014-03-08 15:32:59'),
(835, 35, 668, 27, 0, '0.00', 1, '2014-03-10', '14:44:21', '2014-03-10 09:14:21'),
(836, 35, 463, 6, 0, '0.00', 1, '2014-03-10', '14:44:21', '2014-03-10 09:14:21'),
(837, 35, 599, 30, 0, '0.00', 1, '2014-03-10', '14:44:21', '2014-03-10 09:14:21'),
(838, 35, 496, 32, 0, '0.00', 1, '2014-03-10', '14:44:21', '2014-03-10 09:14:21'),
(839, 35, 477, 16, 0, '0.00', 1, '2014-03-10', '14:44:21', '2014-03-10 09:14:21'),
(840, 35, 694, 51, 0, '0.00', 1, '2014-03-10', '14:44:21', '2014-03-10 09:14:21'),
(841, 35, 678, 12, 0, '0.00', 1, '2014-03-10', '14:44:21', '2014-03-10 09:14:21'),
(842, 36, 480, 330, 0, '0.00', 1, '2014-03-10', '15:59:46', '2014-03-10 10:29:46'),
(843, 36, 630, 75, 0, '0.00', 1, '2014-03-10', '15:59:46', '2014-03-10 10:29:46'),
(844, 36, 689, 80, 0, '0.00', 1, '2014-03-10', '15:59:46', '2014-03-10 10:29:46'),
(845, 36, 486, 300, 0, '0.00', 1, '2014-03-10', '15:59:46', '2014-03-10 10:29:46'),
(846, 36, 8, 30, 0, '0.00', 1, '2014-03-10', '15:59:46', '2014-03-10 10:29:46'),
(847, 36, 467, 16, 0, '0.00', 1, '2014-03-10', '15:59:46', '2014-03-10 10:29:46'),
(848, 36, 44, 20, 0, '0.00', 1, '2014-03-10', '15:59:46', '2014-03-10 10:29:46'),
(849, 36, 487, 39, 0, '0.00', 1, '2014-03-10', '15:59:46', '2014-03-10 10:29:46'),
(850, 37, 14, 126, 0, '0.00', 1, '2014-03-11', '15:50:17', '2014-03-11 10:20:17'),
(851, 38, 2, 1, 0, '0.00', 1, '2014-03-11', '15:56:36', '2014-03-11 10:26:36'),
(852, 38, 1, 1, 0, '0.00', 1, '2014-03-11', '15:56:36', '2014-03-11 10:26:36'),
(853, 38, 6, 8, 0, '0.00', 1, '2014-03-11', '15:56:36', '2014-03-11 10:26:36'),
(854, 38, 7, 22, 0, '0.00', 1, '2014-03-11', '15:56:36', '2014-03-11 10:26:36'),
(855, 38, 4, 49, 0, '0.00', 1, '2014-03-11', '15:56:36', '2014-03-11 10:26:36'),
(856, 38, 5, 4, 0, '0.00', 1, '2014-03-11', '15:56:36', '2014-03-11 10:26:36'),
(857, 39, 2, 15, 0, '0.00', 1, '2014-03-12', '10:15:56', '2014-03-12 04:45:56'),
(858, 39, 457, 4, 0, '0.00', 1, '2014-03-12', '10:15:56', '2014-03-12 04:45:56'),
(859, 39, 469, 30, 0, '0.00', 1, '2014-03-12', '10:15:56', '2014-03-12 04:45:56'),
(860, 39, 826, 1, 0, '0.00', 1, '2014-03-12', '10:15:56', '2014-03-12 04:45:56'),
(861, 40, 8, 60, 0, '0.00', 1, '2014-03-25', '13:48:08', '2014-03-25 08:18:08'),
(862, 40, 14, 480, 0, '0.00', 1, '2014-03-25', '13:48:08', '2014-03-25 08:18:08'),
(863, 40, 15, 12, 0, '0.00', 1, '2014-03-25', '13:48:08', '2014-03-25 08:18:08'),
(864, 41, 8, 107, 0, '0.00', 1, '2014-03-26', '19:25:05', '2014-03-26 13:55:05'),
(865, 41, 6, 41, 0, '0.00', 1, '2014-03-26', '19:25:05', '2014-03-26 13:55:05'),
(866, 41, 7, 32, 0, '0.00', 1, '2014-03-26', '19:25:05', '2014-03-26 13:55:05'),
(867, 41, 5, 61, 0, '0.00', 1, '2014-03-26', '19:25:05', '2014-03-26 13:55:05'),
(868, 41, 4, 62, 0, '0.00', 1, '2014-03-26', '19:25:05', '2014-03-26 13:55:05'),
(869, 41, 14, 504, 0, '0.00', 1, '2014-03-26', '19:25:05', '2014-03-26 13:55:05'),
(870, 41, 15, 139, 0, '0.00', 1, '2014-03-26', '19:25:05', '2014-03-26 13:55:05'),
(871, 42, 668, 24, 0, '0.00', 1, '2014-03-26', '19:25:15', '2014-03-26 13:55:15'),
(872, 42, 478, 9, 0, '0.00', 1, '2014-03-26', '19:25:15', '2014-03-26 13:55:15'),
(873, 42, 509, 90, 0, '0.00', 1, '2014-03-26', '19:25:15', '2014-03-26 13:55:15'),
(874, 42, 686, 120, 0, '0.00', 1, '2014-03-26', '19:25:15', '2014-03-26 13:55:15'),
(875, 42, 692, 10, 0, '0.00', 1, '2014-03-26', '19:25:15', '2014-03-26 13:55:15'),
(876, 42, 496, 50, 0, '0.00', 1, '2014-03-26', '19:25:15', '2014-03-26 13:55:15'),
(877, 42, 687, 210, 0, '0.00', 1, '2014-03-26', '19:25:15', '2014-03-26 13:55:15'),
(878, 42, 688, 433, 0, '0.00', 1, '2014-03-26', '19:25:15', '2014-03-26 13:55:15'),
(879, 42, 473, 120, 0, '0.00', 1, '2014-03-26', '19:25:15', '2014-03-26 13:55:15'),
(880, 42, 485, 210, 0, '0.00', 1, '2014-03-26', '19:25:15', '2014-03-26 13:55:15'),
(881, 42, 469, 73, 0, '0.00', 1, '2014-03-26', '19:25:15', '2014-03-26 13:55:15'),
(882, 42, 707, 27, 0, '0.00', 1, '2014-03-26', '19:25:15', '2014-03-26 13:55:15'),
(883, 42, 477, 21, 0, '0.00', 1, '2014-03-26', '19:25:15', '2014-03-26 13:55:15'),
(884, 42, 481, 10, 0, '0.00', 1, '2014-03-26', '19:25:15', '2014-03-26 13:55:15'),
(885, 42, 671, 49, 0, '0.00', 1, '2014-03-26', '19:25:15', '2014-03-26 13:55:15'),
(886, 43, 668, 24, 0, '0.00', 1, '2014-03-26', '19:25:22', '2014-03-26 13:55:22'),
(887, 43, 478, 9, 0, '0.00', 1, '2014-03-26', '19:25:22', '2014-03-26 13:55:22'),
(888, 43, 509, 90, 0, '0.00', 1, '2014-03-26', '19:25:22', '2014-03-26 13:55:22'),
(889, 43, 686, 120, 0, '0.00', 1, '2014-03-26', '19:25:22', '2014-03-26 13:55:22'),
(890, 43, 692, 10, 0, '0.00', 1, '2014-03-26', '19:25:22', '2014-03-26 13:55:22'),
(891, 43, 496, 50, 0, '0.00', 1, '2014-03-26', '19:25:22', '2014-03-26 13:55:22'),
(892, 43, 687, 210, 0, '0.00', 1, '2014-03-26', '19:25:22', '2014-03-26 13:55:22'),
(893, 43, 688, 433, 0, '0.00', 1, '2014-03-26', '19:25:22', '2014-03-26 13:55:22'),
(894, 43, 473, 120, 0, '0.00', 1, '2014-03-26', '19:25:22', '2014-03-26 13:55:22'),
(895, 43, 485, 210, 0, '0.00', 1, '2014-03-26', '19:25:22', '2014-03-26 13:55:22'),
(896, 43, 469, 73, 0, '0.00', 1, '2014-03-26', '19:25:22', '2014-03-26 13:55:22'),
(897, 43, 707, 27, 0, '0.00', 1, '2014-03-26', '19:25:22', '2014-03-26 13:55:22'),
(898, 43, 477, 21, 0, '0.00', 1, '2014-03-26', '19:25:22', '2014-03-26 13:55:22'),
(899, 43, 481, 10, 0, '0.00', 1, '2014-03-26', '19:25:22', '2014-03-26 13:55:22'),
(900, 43, 671, 49, 0, '0.00', 1, '2014-03-26', '19:25:22', '2014-03-26 13:55:22'),
(901, 44, 694, 70, 0, '0.00', 1, '2014-03-26', '19:25:27', '2014-03-26 13:55:28'),
(902, 44, 614, 220, 0, '0.00', 1, '2014-03-26', '19:25:27', '2014-03-26 13:55:28'),
(903, 44, 676, 19, 0, '0.00', 1, '2014-03-26', '19:25:28', '2014-03-26 13:55:28'),
(904, 44, 457, 10, 0, '0.00', 1, '2014-03-26', '19:25:28', '2014-03-26 13:55:28'),
(905, 44, 674, 10, 0, '0.00', 1, '2014-03-26', '19:25:28', '2014-03-26 13:55:28'),
(906, 44, 673, 59, 0, '0.00', 1, '2014-03-26', '19:25:28', '2014-03-26 13:55:28'),
(907, 44, 493, 67, 0, '0.00', 1, '2014-03-26', '19:25:28', '2014-03-26 13:55:28'),
(908, 44, 634, 21, 0, '0.00', 1, '2014-03-26', '19:25:28', '2014-03-26 13:55:28'),
(909, 44, 690, 190, 0, '0.00', 1, '2014-03-26', '19:25:28', '2014-03-26 13:55:28'),
(910, 44, 703, 544, 0, '0.00', 1, '2014-03-26', '19:25:28', '2014-03-26 13:55:28'),
(911, 44, 476, 90, 0, '0.00', 1, '2014-03-26', '19:25:28', '2014-03-26 13:55:28'),
(912, 44, 498, 61, 0, '0.00', 1, '2014-03-26', '19:25:28', '2014-03-26 13:55:28'),
(913, 44, 613, 39, 0, '0.00', 1, '2014-03-26', '19:25:28', '2014-03-26 13:55:28'),
(914, 44, 701, 90, 0, '0.00', 1, '2014-03-26', '19:25:28', '2014-03-26 13:55:28'),
(915, 44, 480, 420, 0, '0.00', 1, '2014-03-26', '19:25:28', '2014-03-26 13:55:28'),
(916, 44, 599, 210, 0, '0.00', 1, '2014-03-26', '19:25:28', '2014-03-26 13:55:28'),
(917, 44, 711, 198, 0, '0.00', 1, '2014-03-26', '19:25:28', '2014-03-26 13:55:28'),
(918, 44, 472, 103, 0, '0.00', 1, '2014-03-26', '19:25:28', '2014-03-26 13:55:28'),
(919, 44, 676, 40, 0, '0.00', 1, '2014-03-26', '19:25:28', '2014-03-26 13:55:28'),
(920, 45, 8, 80, 0, '0.00', 1, '2014-03-31', '14:21:16', '2014-03-31 08:51:16'),
(921, 45, 14, 480, 0, '0.00', 1, '2014-03-31', '14:21:16', '2014-03-31 08:51:16'),
(922, 45, 862, 1, 0, '0.00', 1, '2014-03-31', '14:21:16', '2014-03-31 08:51:16'),
(923, 46, 1, 23, 0, '0.00', 1, '2014-04-01', '09:57:09', '2014-04-01 04:27:09'),
(924, 46, 2, 20, 0, '0.00', 1, '2014-04-01', '09:57:09', '2014-04-01 04:27:09'),
(925, 46, 8, 100, 0, '0.00', 1, '2014-04-01', '09:57:09', '2014-04-01 04:27:09'),
(926, 46, 682, 100, 0, '0.00', 1, '2014-04-01', '09:57:09', '2014-04-01 04:27:09'),
(927, 46, 674, 100, 0, '0.00', 1, '2014-04-01', '09:57:09', '2014-04-01 04:27:09'),
(928, 46, 613, 50, 0, '0.00', 1, '2014-04-01', '09:57:09', '2014-04-01 04:27:09'),
(929, 46, 481, 150, 0, '0.00', 1, '2014-04-01', '09:57:09', '2014-04-01 04:27:09'),
(930, 46, 470, 30, 0, '0.00', 1, '2014-04-01', '09:57:09', '2014-04-01 04:27:09'),
(931, 46, 363, 50, 0, '0.00', 1, '2014-04-01', '09:57:09', '2014-04-01 04:27:09'),
(932, 46, 376, 50, 0, '0.00', 1, '2014-04-01', '09:57:09', '2014-04-01 04:27:09'),
(933, 46, 386, 5, 0, '0.00', 1, '2014-04-01', '09:57:09', '2014-04-01 04:27:09'),
(934, 46, 403, 50, 0, '0.00', 1, '2014-04-01', '09:57:09', '2014-04-01 04:27:09'),
(935, 47, 483, 60, 0, '0.00', 1, '2014-04-01', '09:57:11', '2014-04-01 04:27:11'),
(936, 47, 470, 22, 0, '0.00', 1, '2014-04-01', '09:57:11', '2014-04-01 04:27:11'),
(937, 47, 465, 60, 0, '0.00', 1, '2014-04-01', '09:57:11', '2014-04-01 04:27:11'),
(938, 47, 689, 310, 0, '0.00', 1, '2014-04-01', '09:57:11', '2014-04-01 04:27:11'),
(939, 47, 484, 280, 0, '0.00', 1, '2014-04-01', '09:57:11', '2014-04-01 04:27:11'),
(940, 47, 1, 5, 0, '0.00', 1, '2014-04-01', '09:57:11', '2014-04-01 04:27:11'),
(941, 47, 749, 250, 0, '0.00', 1, '2014-04-01', '09:57:11', '2014-04-01 04:27:11'),
(942, 47, 750, 190, 0, '0.00', 1, '2014-04-01', '09:57:11', '2014-04-01 04:27:11'),
(943, 47, 11, 2, 0, '0.00', 1, '2014-04-01', '09:57:11', '2014-04-01 04:27:11'),
(944, 48, 14, 480, 0, '0.00', 1, '2014-04-01', '12:25:43', '2014-04-01 06:55:43'),
(945, 49, 8, 1, 0, '0.00', 1, '2014-04-02', '14:29:39', '2014-04-02 08:59:39'),
(946, 50, 635, 53, 0, '0.00', 1, '2014-04-03', '09:05:13', '2014-04-03 03:35:13'),
(947, 51, 8, 1, 0, '0.00', 1, '2014-04-03', '16:53:51', '2014-04-08 06:45:22'),
(948, 52, 800, 1, 1, '0.00', 1, '2014-04-11', '10:27:50', '2014-04-11 04:57:50'),
(949, 54, 916, 4, 4, '0.00', 1, '2014-04-24', '11:51:29', '2014-04-24 06:21:29'),
(950, 55, 707, 26, 26, '0.00', 1, '2014-05-23', '10:03:13', '2014-05-23 04:33:13'),
(951, 56, 469, 13, 13, '0.00', 1, '2014-05-23', '10:07:50', '2014-05-23 04:37:50'),
(952, 56, 468, 40, 40, '0.00', 1, '2014-05-23', '10:07:50', '2014-05-23 04:37:50'),
(953, 56, 498, 23, 23, '0.00', 1, '2014-05-23', '10:07:50', '2014-05-23 04:37:50'),
(954, 56, 667, 3, 3, '0.00', 1, '2014-05-23', '10:07:50', '2014-05-23 04:37:50'),
(955, 56, 620, 38, 38, '0.00', 1, '2014-05-23', '10:07:50', '2014-05-23 04:37:50'),
(956, 56, 700, 100, 100, '0.00', 1, '2014-05-23', '10:07:50', '2014-05-23 04:37:50'),
(957, 56, 709, 190, 190, '0.00', 1, '2014-05-23', '10:07:50', '2014-05-23 04:37:50'),
(958, 57, 890, 9, 9, '0.00', 1, '2014-05-23', '10:57:33', '2014-05-23 05:27:33'),
(959, 58, 489, 600, 600, '0.00', 1, '2014-05-23', '11:33:26', '2014-05-23 06:03:26'),
(960, 59, 486, 300, 300, '0.00', 1, '2014-05-23', '11:52:06', '2014-05-23 06:22:06');

-- --------------------------------------------------------

--
-- Table structure for table `tbl_dis`
--

CREATE TABLE IF NOT EXISTS `tbl_dis` (
  `dis_id` int(11) NOT NULL AUTO_INCREMENT,
  `code` varchar(50) NOT NULL,
  `ledger_id` varchar(100) NOT NULL,
  `name` varchar(200) NOT NULL,
  `address` varchar(1000) NOT NULL,
  `term_code` varchar(50) NOT NULL,
  `limit` int(11) NOT NULL,
  `rep_no` int(11) NOT NULL,
  `status` tinyint(2) NOT NULL,
  `date` date NOT NULL,
  PRIMARY KEY (`dis_id`)
) ENGINE=InnoDB  DEFAULT CHARSET=latin1 AUTO_INCREMENT=2 ;

--
-- Dumping data for table `tbl_dis`
--

INSERT INTO `tbl_dis` (`dis_id`, `code`, `ledger_id`, `name`, `address`, `term_code`, `limit`, `rep_no`, `status`, `date`) VALUES
(1, '20101603', 'ARAEQ', 'A.M.CHEMICAL TRADE CENTRE', 'ANURADHAPURA.', '60', 23000000, 11203, 1, '0000-00-00');

-- --------------------------------------------------------

--
-- Table structure for table `tbl_division`
--

CREATE TABLE IF NOT EXISTS `tbl_division` (
  `id_division` int(11) NOT NULL AUTO_INCREMENT,
  `id_parentdivision` int(11) DEFAULT '0',
  `division_name` varchar(450) DEFAULT NULL,
  `division_type_id` int(11) NOT NULL,
  `added_date` date DEFAULT NULL,
  `added_time` time DEFAULT NULL,
  `added_timestamp` timestamp NULL DEFAULT CURRENT_TIMESTAMP ON UPDATE CURRENT_TIMESTAMP,
  `division_status` tinyint(4) NOT NULL DEFAULT '1',
  PRIMARY KEY (`id_division`),
  KEY `fk_tbl_division_tbl_division_type1` (`division_type_id`)
) ENGINE=InnoDB  DEFAULT CHARSET=latin1 AUTO_INCREMENT=3 ;

--
-- Dumping data for table `tbl_division`
--

INSERT INTO `tbl_division` (`id_division`, `id_parentdivision`, `division_name`, `division_type_id`, `added_date`, `added_time`, `added_timestamp`, `division_status`) VALUES
(1, 0, 'Light Equipment', 1, '2013-11-20', '12:52:00', '2014-06-03 08:16:19', 0),
(2, 0, 'Project', 1, NULL, NULL, '2014-02-19 05:22:00', 1);

-- --------------------------------------------------------

--
-- Table structure for table `tbl_division_type`
--

CREATE TABLE IF NOT EXISTS `tbl_division_type` (
  `id_division_type` int(11) NOT NULL AUTO_INCREMENT,
  `tbl_division_type_name` varchar(450) DEFAULT NULL,
  `division_status` tinyint(4) DEFAULT NULL,
  `added_date` date DEFAULT NULL,
  `added_time` time DEFAULT NULL,
  `added_timestamp` timestamp NULL DEFAULT CURRENT_TIMESTAMP ON UPDATE CURRENT_TIMESTAMP,
  PRIMARY KEY (`id_division_type`)
) ENGINE=InnoDB  DEFAULT CHARSET=latin1 AUTO_INCREMENT=5 ;

--
-- Dumping data for table `tbl_division_type`
--

INSERT INTO `tbl_division_type` (`id_division_type`, `tbl_division_type_name`, `division_status`, `added_date`, `added_time`, `added_timestamp`) VALUES
(1, 'Division', 0, '2013-11-20', '12:50:00', '2013-11-27 03:22:12'),
(2, 'Test', 0, '2013-12-17', '12:57:05', '2013-12-28 06:30:59'),
(3, 'Check', 0, '2013-12-17', '14:31:37', '2013-12-17 09:02:08'),
(4, 'Test-sa', 0, '2013-12-28', '11:56:06', '2013-12-28 06:26:36');

-- --------------------------------------------------------

--
-- Table structure for table `tbl_employee`
--

CREATE TABLE IF NOT EXISTS `tbl_employee` (
  `id_employee` int(11) NOT NULL AUTO_INCREMENT,
  `id_employee_registration` int(11) NOT NULL,
  `id_employee_type` int(11) NOT NULL,
  `employee_first_name` varchar(150) NOT NULL,
  `employee_last_name` varchar(150) DEFAULT NULL,
  `employee_nic` varchar(150) DEFAULT NULL,
  `employee_address` varchar(1000) DEFAULT NULL,
  `employee_mobile` varchar(45) DEFAULT NULL,
  `employee_telephone` varchar(45) DEFAULT NULL,
  `employee_email` varchar(45) NOT NULL,
  `employee_gender` varchar(45) NOT NULL,
  `employee_status` tinyint(4) NOT NULL DEFAULT '1',
  `employee_added_date` date NOT NULL,
  `employee_added_time` time NOT NULL,
  `employee_added_timestamp` timestamp NOT NULL DEFAULT CURRENT_TIMESTAMP ON UPDATE CURRENT_TIMESTAMP,
  PRIMARY KEY (`id_employee`),
  KEY `fk_tbl_employee_tbl_employee_type1` (`id_employee_type`),
  KEY `fk_tbl_employee_tbl_employee_registration1` (`id_employee_registration`)
) ENGINE=InnoDB  DEFAULT CHARSET=latin1 AUTO_INCREMENT=55 ;

--
-- Dumping data for table `tbl_employee`
--

INSERT INTO `tbl_employee` (`id_employee`, `id_employee_registration`, `id_employee_type`, `employee_first_name`, `employee_last_name`, `employee_nic`, `employee_address`, `employee_mobile`, `employee_telephone`, `employee_email`, `employee_gender`, `employee_status`, `employee_added_date`, `employee_added_time`, `employee_added_timestamp`) VALUES
(1, 1, 1, 'Nuwan', 'Waravita', '861070039V', 'Colombo', '0776562742', '0110000000', 'nuwan.Warawita@agro.hayleys.com', 'Male', 1, '2013-11-20', '12:49:00', '2013-11-26 07:06:25'),
(2, 2, 2, 'A.M.', 'Chemical Trade Center', '740254189V', 'No 110, Main Street, Anuradhapura.', '0717222847', '0252222847', 'hazeem@gmail.com', 'Male', 1, '2013-11-21', '05:55:06', '2014-04-08 03:38:39'),
(3, 3, 1, 'as', 'sasa', '744258963v', 'assa', '1472583690', '7412589630', 'sa@gmail.com', 'Male', 0, '2013-12-03', '04:47:15', '2013-12-19 07:44:21'),
(4, 4, 3, 'buddika', 'waduge', '852911413V', 'galle', '0750820999', '0912275849', 'buddikaw@gmail.com', 'Male', 1, '2013-12-17', '09:10:12', '2013-12-17 03:40:12'),
(5, 5, 3, 'kanishka', 'panditha', '902911413V', 'galle', '0750820999', '0912275846', 'knet@gmail.com', 'Male', 1, '2013-12-17', '09:12:39', '2013-12-17 03:42:40'),
(7, 7, 3, 'kasun', 'wickramnayake', '902911413V', 'galle', '0750820998', '0912275845', 'kasun@gmail.com', 'Male', 1, '2013-12-17', '12:34:07', '2013-12-17 07:04:07'),
(8, 8, 1, 'Kasun ', 'Basnayake', '123456789v', 'Colombo', '1234567890', '1234567890', 'buddikauwu@yahoo.com', 'Male', 1, '2013-12-19', '13:10:18', '2013-12-19 07:40:18'),
(11, 11, 5, 'Aruna ', 'Malepathirana', '123456789v', 'colombo', '1234567890', '1234567890', 'buddikauwu@yahoo.com', 'Male', 1, '2013-12-19', '13:14:14', '2013-12-19 07:44:14'),
(14, 14, 8, 'Jagath ', 'Dissanayake', '123456789v', 'colombo', '1234567890', '1234567890', 'buddikauwu@yahoo.com', 'Male', 1, '2013-12-19', '13:17:44', '2013-12-19 07:47:44'),
(16, 16, 7, 'insaf', 'zakarawaiya', '852911413V', 'galle', '0750820997', '0912275845', 'insaf@gmail.com', 'Male', 1, '2013-12-19', '15:07:25', '2013-12-19 09:37:25'),
(22, 20, 1, 'samerra', 'waduge', '852911413V', 'galle', '0750820999', '0912275846', 'knet@gmail.com', 'Male', 1, '2013-12-20', '10:09:11', '2013-12-20 04:39:11'),
(24, 22, 3, 'Vimukthi', 'Gayashan', '000000000V', 'Colombo', '1234567890', '1234567890', 'noreply@gmail.com', 'Male', 1, '2013-12-20', '16:20:58', '2013-12-20 10:50:58'),
(25, 23, 1, 'ceylon', 'admin', '000000000V', 'galle', '000000000', '00000000', 'ceylon@gmail.com', 'Male', 1, '2013-12-21', '09:37:08', '2013-12-21 04:07:08'),
(26, 24, 3, 'bud', 'wad', '8620202545v', 'galle', '1234567890', '1234567890', 'bu@gamil.com', 'Male', 1, '2013-12-23', '15:03:14', '2013-12-23 09:33:14'),
(27, 25, 2, 'Govisetha', 'Kuliyapitiya', '702917399V', 'No 70, Colombo Road, Pothuhera', '0772510890', '0873333332222', 'Govisetha@hayleys.com', 'Male', 1, '2014-02-05', '11:55:04', '2014-04-08 03:40:32'),
(28, 26, 3, 'Asanga', 'Sanjeewa', '85000024V', 'No 70, Colombo Road,\nPothuhera', '0770044550', '01112993347', 'asanka@agro.hayleys.com', 'Male', 1, '2014-02-05', '11:58:41', '2014-02-05 06:28:41'),
(29, 27, 8, 'Indika', 'Nawarathne', '7593729285V', 'No 70, Colombo Road,\nPothuhera', '0772942729', '01128769379', 'Indika.Nawarathna@agro.hayleys.com', 'Male', 1, '2014-02-05', '12:02:52', '2014-02-05 06:32:52'),
(32, 30, 2, 'Rathnayake', 'Stores', '8035928592v', 'Hungama Road, Angunukolapelessa', '0712998998', '0472228321', 'rathnayake@gmail.com', 'Male', 1, '2014-03-08', '18:39:52', '2014-03-11 10:08:27'),
(33, 31, 3, 'Jayalal', 'Pathirana', '902849242V', 'sldkgjhl', '4376958370', '9285702705', 'pathirana@gmail.com', 'Male', 1, '2014-03-08', '18:43:00', '2014-03-08 13:13:00'),
(34, 32, 8, 'Prasad', 'Perera', '84927592875V', 'lkjgls', '4389793', '203958502', 'prasad@gmail.com', 'Male', 1, '2014-03-08', '18:46:38', '2014-03-08 13:16:38'),
(36, 33, 2, 'New Ceylon Forage', ' Stores', '75021984924V', 'No 02, Shopping Complex, Bandarawela', '0772930130', '0772930130', 'Arun@gmail.com', 'Male', 1, '2014-03-20', '10:10:16', '2014-03-27 06:51:36'),
(37, 34, 3, 'Chandana  C ', 'Wijesighne', '8028471401V', 'No 02, Shopping Complex, Bandarawela', '0772930130', '0772930130', 'Chandana@gmail.com', 'Male', 1, '2014-03-20', '10:21:27', '2014-03-27 06:54:36'),
(38, 35, 3, 'waduge', 'eranga', '862020545v', 'hh', '0712652536', '0712652536', 'aa@gmail.com', 'Male', 1, '2014-04-21', '11:40:02', '2014-04-21 06:10:02'),
(39, 36, 3, 'Prasad', 'Bandara', '80943850V', 'No 60, ksjdhls Rd,\nAnuradhapura', '0778579412', '0778579412', 'prasad@hayleys.com', 'Male', 1, '2014-04-23', '16:21:59', '2014-04-29 08:05:34'),
(40, 37, 4, 'Amjad', 'Rajap', '8', '8', '8', '8', '8', 'Male', 1, '2014-05-07', '10:47:53', '2014-05-07 05:17:53'),
(41, 38, 6, 'Sujeewa', 'Liyanage', '5', '5', '5', '5', '5', 'Male', 1, '2014-05-07', '11:22:33', '2014-05-07 05:54:50'),
(42, 39, 7, 'Nilmini', 'Wijenarayana', '5', '5', '5', '5', '5', 'Male', 1, '2014-05-07', '11:26:39', '2014-05-07 05:56:39'),
(53, 50, 3, 'Pasan', 'De Mel', '9872598702V', 'No 68, Tissa Mawatha,\nOld Town,\nAnuradhapura.\n', '0779139371', '0779139371', 'pasan@gmaul.com', 'Male', 1, '2014-05-13', '13:44:21', '2014-05-13 08:14:21'),
(54, 51, 6, 'll', 'kk', '9', 'u', '9', '9', 'k', 'Male', 1, '2014-05-30', '14:00:49', '2014-05-30 08:30:49');

-- --------------------------------------------------------

--
-- Table structure for table `tbl_employee_has_place`
--

CREATE TABLE IF NOT EXISTS `tbl_employee_has_place` (
  `id_employee_has_place` int(11) NOT NULL AUTO_INCREMENT,
  `id_employee` int(11) NOT NULL,
  `id_physical_place` int(11) NOT NULL,
  `id_territory` int(11) NOT NULL,
  `id_division` int(11) NOT NULL,
  `employee_has_place_status` tinyint(4) DEFAULT '1',
  `added_date` date DEFAULT NULL,
  `added_time` time DEFAULT NULL,
  `added_timestamp` timestamp NOT NULL DEFAULT CURRENT_TIMESTAMP ON UPDATE CURRENT_TIMESTAMP,
  `discount` decimal(20,2) NOT NULL DEFAULT '0.00',
  `sales_type` tinyint(2) NOT NULL DEFAULT '0',
  PRIMARY KEY (`id_employee_has_place`),
  KEY `fk_tbl_employee_has_territory_tbl_territory1` (`id_territory`),
  KEY `fk_tbl_employee_has_territory_tbl_physical_place1` (`id_physical_place`),
  KEY `fk_tbl_employee_has_place_tbl_division1` (`id_division`),
  KEY `fk_tbl_employee_has_place_tbl_employee1` (`id_employee`)
) ENGINE=InnoDB  DEFAULT CHARSET=latin1 AUTO_INCREMENT=28 ;

--
-- Dumping data for table `tbl_employee_has_place`
--

INSERT INTO `tbl_employee_has_place` (`id_employee_has_place`, `id_employee`, `id_physical_place`, `id_territory`, `id_division`, `employee_has_place_status`, `added_date`, `added_time`, `added_timestamp`, `discount`, `sales_type`) VALUES
(1, 1, 1, 1, 1, 1, '2013-11-20', '01:29:00', '2013-11-20 07:59:27', '0.00', 0),
(2, 2, 2, 3, 1, 1, '2013-11-21', '05:56:11', '2013-11-28 05:38:25', '5.00', 0),
(3, 5, 3, 11, 1, 1, '2013-12-17', '09:12:57', '2013-12-17 03:42:57', '0.00', 0),
(5, 7, 3, 11, 1, 1, '2013-12-17', '12:34:26', '2013-12-17 07:04:26', '0.00', 0),
(9, 24, 2, 3, 1, 1, '2013-12-20', '16:21:44', '2013-12-20 10:51:44', '0.00', 0),
(10, 27, 8, 22, 1, 1, '2014-02-05', '11:56:37', '2014-02-05 06:26:37', '0.00', 0),
(11, 28, 8, 22, 1, 1, '2014-02-05', '12:00:21', '2014-04-21 05:37:37', '0.00', 1),
(12, 29, 8, 22, 1, 1, '2014-02-05', '12:03:15', '2014-02-05 06:33:15', '0.00', 0),
(14, 32, 9, 28, 1, 1, '2014-03-08', '18:41:23', '2014-05-24 03:25:27', '0.00', 0),
(15, 33, 9, 27, 1, 1, '2014-03-08', '18:45:22', '2014-03-08 13:15:22', '0.00', 0),
(16, 34, 9, 27, 1, 1, '2014-03-08', '18:47:14', '2014-03-08 13:17:14', '0.00', 0),
(18, 36, 10, 38, 1, 1, '2014-03-20', '10:18:03', '2014-03-20 04:48:03', '0.00', 0),
(19, 37, 10, 38, 1, 1, '2014-03-20', '10:22:38', '2014-03-20 04:52:38', '0.00', 0),
(20, 39, 2, 3, 1, 1, '2014-04-23', '16:22:56', '2014-04-23 10:52:56', '0.00', 0),
(21, 40, 1, 1, 1, 1, '2014-05-07', '10:48:34', '2014-05-07 05:18:34', '0.00', 1),
(22, 41, 1, 1, 1, 1, '2014-05-07', '11:23:03', '2014-05-07 05:53:03', '0.00', 1),
(23, 42, 1, 1, 1, 1, '2014-05-07', '11:26:56', '2014-05-07 05:56:56', '0.00', 1),
(27, 53, 2, 3, 1, 1, '2014-05-13', '13:44:39', '2014-05-13 08:14:39', '0.00', 0);

-- --------------------------------------------------------

--
-- Table structure for table `tbl_employee_item_discount`
--

CREATE TABLE IF NOT EXISTS `tbl_employee_item_discount` (
  `id_employee_item_discount` int(11) NOT NULL AUTO_INCREMENT,
  `id_employee_has_place` int(11) NOT NULL,
  `id_item` int(11) NOT NULL,
  `percentage_discount` decimal(20,2) DEFAULT NULL,
  `price_discount` decimal(20,2) DEFAULT NULL,
  `employee_item_discount_status` tinyint(4) NOT NULL DEFAULT '1',
  `added_date` date DEFAULT NULL,
  `added_time` time DEFAULT NULL,
  `added_timestamp` timestamp NOT NULL DEFAULT CURRENT_TIMESTAMP ON UPDATE CURRENT_TIMESTAMP,
  PRIMARY KEY (`id_employee_item_discount`),
  KEY `fk_tbl_employee_item_discount_tbl_employee_has_place1` (`id_employee_has_place`),
  KEY `fk_tbl_employee_item_discount_tbl_item1` (`id_item`)
) ENGINE=InnoDB  DEFAULT CHARSET=latin1 AUTO_INCREMENT=2 ;

--
-- Dumping data for table `tbl_employee_item_discount`
--

INSERT INTO `tbl_employee_item_discount` (`id_employee_item_discount`, `id_employee_has_place`, `id_item`, `percentage_discount`, `price_discount`, `employee_item_discount_status`, `added_date`, `added_time`, `added_timestamp`) VALUES
(1, 1, 28, '10.00', '0.00', 1, '2013-12-28', '13:54:20', '2013-12-28 08:24:20');

-- --------------------------------------------------------

--
-- Table structure for table `tbl_employee_registration`
--

CREATE TABLE IF NOT EXISTS `tbl_employee_registration` (
  `id_employee_registration` int(11) NOT NULL AUTO_INCREMENT,
  `employee_registration` varchar(100) NOT NULL,
  `added_date` date NOT NULL,
  `added_time` time DEFAULT NULL,
  `added_timestamp` timestamp NULL DEFAULT CURRENT_TIMESTAMP ON UPDATE CURRENT_TIMESTAMP,
  PRIMARY KEY (`id_employee_registration`)
) ENGINE=InnoDB  DEFAULT CHARSET=latin1 AUTO_INCREMENT=52 ;

--
-- Dumping data for table `tbl_employee_registration`
--

INSERT INTO `tbl_employee_registration` (`id_employee_registration`, `employee_registration`, `added_date`, `added_time`, `added_timestamp`) VALUES
(1, 'CL001', '2013-11-20', '12:39:00', '2013-11-28 05:41:28'),
(2, 'CL002', '2013-11-21', '05:55:06', '2013-11-28 05:42:58'),
(3, 'CL0002', '2013-12-03', '04:47:15', '2013-12-03 04:47:15'),
(4, 'CL0003', '2013-12-17', '09:10:12', '2013-12-17 03:40:12'),
(5, 'CL0004', '2013-12-17', '09:12:39', '2013-12-17 03:42:40'),
(6, 'CL0005', '2013-12-17', '12:31:41', '2013-12-17 07:01:41'),
(7, 'CL0006', '2013-12-17', '12:34:07', '2013-12-17 07:04:07'),
(8, 'CL0007', '2013-12-19', '13:10:18', '2013-12-19 07:40:18'),
(10, 'CL0009', '2013-12-19', '13:12:05', '2013-12-19 07:42:05'),
(11, 'CL0010', '2013-12-19', '13:14:14', '2013-12-19 07:44:14'),
(12, 'CL0011', '2013-12-19', '13:15:04', '2013-12-19 07:45:04'),
(13, 'CL0012', '2013-12-19', '13:15:46', '2013-12-19 07:45:46'),
(14, 'CL0013', '2013-12-19', '13:17:44', '2013-12-19 07:47:44'),
(15, 'CL0014', '2013-12-19', '13:18:30', '2013-12-19 07:48:30'),
(16, 'CL0015', '2013-12-19', '15:07:25', '2013-12-19 09:37:25'),
(17, 'CL0016', '2013-12-19', '15:18:12', '2013-12-19 09:48:12'),
(18, 'CL0017', '2013-12-20', '10:05:57', '2013-12-20 04:35:57'),
(20, 'CL0019', '2013-12-20', '10:09:11', '2013-12-20 04:39:11'),
(21, 'CL0020', '2013-12-20', '16:16:59', '2013-12-20 10:46:59'),
(22, 'CL0021', '2013-12-20', '16:20:58', '2013-12-20 10:50:58'),
(23, 'CL0022', '2013-12-21', '09:37:08', '2013-12-21 04:07:08'),
(24, 'CL0023', '2013-12-23', '15:03:14', '2013-12-23 09:33:14'),
(25, 'CL0024', '2014-02-05', '11:55:04', '2014-02-05 06:25:04'),
(26, 'CL0025', '2014-02-05', '11:58:41', '2014-02-05 06:28:41'),
(27, 'CL0026', '2014-02-05', '12:02:52', '2014-02-05 06:32:52'),
(28, 'CL0027', '2014-03-08', '17:46:19', '2014-03-08 12:16:19'),
(29, 'CL0028', '2014-03-08', '18:33:46', '2014-03-08 13:03:46'),
(30, 'CL0029', '2014-03-08', '18:39:52', '2014-03-08 13:09:52'),
(31, 'CL0030', '2014-03-08', '18:43:00', '2014-03-08 13:13:00'),
(32, 'CL0031', '2014-03-08', '18:46:38', '2014-03-08 13:16:38'),
(33, 'CL0032', '2014-03-20', '10:10:16', '2014-03-20 04:40:16'),
(34, 'CL0033', '2014-03-20', '10:21:27', '2014-03-20 04:51:27'),
(35, 'CL0034', '2014-04-21', '11:40:02', '2014-04-21 06:10:02'),
(36, 'CL0035', '2014-04-23', '16:21:59', '2014-04-23 10:51:59'),
(37, 'CL0036', '2014-05-07', '10:47:53', '2014-05-07 05:17:53'),
(38, 'CL0037', '2014-05-07', '11:22:33', '2014-05-07 05:52:33'),
(39, 'CL0038', '2014-05-07', '11:26:39', '2014-05-07 05:56:39'),
(40, 'CL0039', '2014-05-13', '11:36:11', '2014-05-13 06:06:11'),
(41, 'CL0040', '2014-05-13', '11:42:10', '2014-05-13 06:12:10'),
(42, 'CL0041', '2014-05-13', '11:46:55', '2014-05-13 06:16:55'),
(43, 'CL0042', '2014-05-13', '11:52:47', '2014-05-13 06:22:47'),
(44, 'CL0043', '2014-05-13', '12:02:20', '2014-05-13 06:32:20'),
(45, 'CL0044', '2014-05-13', '12:33:01', '2014-05-13 07:03:01'),
(46, 'CL0045', '2014-05-13', '13:19:03', '2014-05-13 07:49:03'),
(47, 'CL0046', '2014-05-13', '13:20:18', '2014-05-13 07:50:18'),
(48, 'CL0047', '2014-05-13', '13:21:37', '2014-05-13 07:51:37'),
(49, 'CL0048', '2014-05-13', '13:39:13', '2014-05-13 08:09:13'),
(50, 'CL0049', '2014-05-13', '13:44:21', '2014-05-13 08:14:21'),
(51, 'CL0050', '2014-05-30', '14:00:49', '2014-05-30 08:30:49');

-- --------------------------------------------------------

--
-- Table structure for table `tbl_employee_type`
--

CREATE TABLE IF NOT EXISTS `tbl_employee_type` (
  `id_employee_type` int(11) NOT NULL AUTO_INCREMENT,
  `employee_type` varchar(100) NOT NULL,
  `employee_type_status` tinyint(4) NOT NULL DEFAULT '1',
  `added_date` date NOT NULL,
  `added_time` time NOT NULL,
  `added_timestamp` timestamp NOT NULL DEFAULT CURRENT_TIMESTAMP ON UPDATE CURRENT_TIMESTAMP,
  PRIMARY KEY (`id_employee_type`)
) ENGINE=InnoDB  DEFAULT CHARSET=latin1 AUTO_INCREMENT=11 ;

--
-- Dumping data for table `tbl_employee_type`
--

INSERT INTO `tbl_employee_type` (`id_employee_type`, `employee_type`, `employee_type_status`, `added_date`, `added_time`, `added_timestamp`) VALUES
(1, 'Company Admin', 1, '2013-11-20', '12:46:00', '2013-12-19 09:55:12'),
(2, 'Distributor', 1, '2013-11-20', '13:10:56', '2013-11-28 05:43:38'),
(3, 'Sales Rep', 1, '2013-11-20', '13:11:01', '2013-11-28 05:43:43'),
(4, 'SBU Head', 1, '2013-12-19', '07:33:18', '2013-12-19 07:33:18'),
(5, 'Manager', 1, '2013-12-19', '07:33:28', '2013-12-19 07:33:28'),
(6, 'Assist Manager', 1, '2013-12-19', '07:33:35', '2013-12-19 07:33:35'),
(7, 'Executive', 1, '2013-12-19', '07:33:42', '2013-12-19 07:33:42'),
(8, 'Area Sales manager', 1, '2013-12-19', '07:33:57', '2013-12-19 07:33:57'),
(9, 'abc', 1, '2013-12-21', '03:47:10', '2013-12-21 03:47:10'),
(10, 'test-s', 0, '2013-12-28', '06:41:32', '2013-12-28 06:41:56');

-- --------------------------------------------------------

--
-- Table structure for table `tbl_employye_wise_target`
--

CREATE TABLE IF NOT EXISTS `tbl_employye_wise_target` (
  `id_employye_wise_target` int(10) NOT NULL AUTO_INCREMENT,
  `id_employee_has_place` int(10) NOT NULL,
  `id_products` int(10) NOT NULL,
  `qty` decimal(10,2) NOT NULL,
  `status` int(11) NOT NULL DEFAULT '1',
  `target_en_date` date NOT NULL,
  `target_st_date` date NOT NULL,
  `added_date` date NOT NULL,
  `added_time` time NOT NULL,
  `time_stamp` timestamp NOT NULL DEFAULT CURRENT_TIMESTAMP ON UPDATE CURRENT_TIMESTAMP,
  PRIMARY KEY (`id_employye_wise_target`),
  KEY `id_employee_has_place` (`id_employee_has_place`),
  KEY `id_products` (`id_products`)
) ENGINE=InnoDB DEFAULT CHARSET=latin1 AUTO_INCREMENT=1 ;

-- --------------------------------------------------------

--
-- Table structure for table `tbl_exp_dis`
--

CREATE TABLE IF NOT EXISTS `tbl_exp_dis` (
  `idtbl_exp_dis` int(11) NOT NULL AUTO_INCREMENT,
  `des` varchar(100) DEFAULT NULL,
  `amount` decimal(10,2) DEFAULT NULL,
  `exp_date` date NOT NULL,
  `date` date DEFAULT NULL,
  `time` time DEFAULT NULL,
  `status` tinyint(4) DEFAULT NULL,
  `id_employee` int(11) DEFAULT NULL,
  PRIMARY KEY (`idtbl_exp_dis`),
  KEY `id_employee_idx` (`id_employee`)
) ENGINE=InnoDB DEFAULT CHARSET=latin1 AUTO_INCREMENT=1 ;

-- --------------------------------------------------------

--
-- Table structure for table `tbl_free_issue`
--

CREATE TABLE IF NOT EXISTS `tbl_free_issue` (
  `id_free_issue` int(11) NOT NULL AUTO_INCREMENT,
  `id_sales_order` int(11) DEFAULT NULL,
  `free_issue_code` varchar(100) DEFAULT NULL,
  `free_issue_remark` text,
  `free_issue_status` tinyint(4) NOT NULL DEFAULT '1',
  `added_date` date DEFAULT NULL,
  `added_time` time DEFAULT NULL,
  `added_timestamp` timestamp NOT NULL DEFAULT CURRENT_TIMESTAMP ON UPDATE CURRENT_TIMESTAMP,
  PRIMARY KEY (`id_free_issue`),
  KEY `fk_tbl_free_issue_tbl_sales_order1` (`id_sales_order`)
) ENGINE=InnoDB DEFAULT CHARSET=latin1 AUTO_INCREMENT=1 ;

-- --------------------------------------------------------

--
-- Table structure for table `tbl_free_issue_product`
--

CREATE TABLE IF NOT EXISTS `tbl_free_issue_product` (
  `id_free_issue_product` int(11) NOT NULL AUTO_INCREMENT,
  `id_free_issue` int(11) NOT NULL,
  `id_products` int(11) NOT NULL,
  `free_issue_qty` decimal(20,2) NOT NULL DEFAULT '0.00',
  `free_issue_status` tinyint(4) NOT NULL DEFAULT '1',
  `added_timestamp` timestamp NULL DEFAULT CURRENT_TIMESTAMP ON UPDATE CURRENT_TIMESTAMP,
  PRIMARY KEY (`id_free_issue_product`),
  KEY `fk_tbl_return_note_product_tbl_products1` (`id_products`),
  KEY `fk_tbl_free_issue_product_tbl_free_issue1` (`id_free_issue`)
) ENGINE=InnoDB DEFAULT CHARSET=latin1 AUTO_INCREMENT=1 ;

-- --------------------------------------------------------

--
-- Table structure for table `tbl_good_received`
--

CREATE TABLE IF NOT EXISTS `tbl_good_received` (
  `id_good_received` int(11) NOT NULL AUTO_INCREMENT,
  `id_dilivery_note` int(11) NOT NULL,
  `good_recived_number` varchar(10) NOT NULL,
  `added_date` date DEFAULT NULL,
  `added_time` varchar(45) DEFAULT NULL,
  `added_timestamp` timestamp NULL DEFAULT CURRENT_TIMESTAMP ON UPDATE CURRENT_TIMESTAMP,
  `good_received_status` tinyint(4) DEFAULT '1',
  PRIMARY KEY (`id_good_received`),
  KEY `fk_tbl_goods_reserved_tbl_dilivery_note1` (`id_dilivery_note`)
) ENGINE=InnoDB  DEFAULT CHARSET=latin1 AUTO_INCREMENT=46 ;

--
-- Dumping data for table `tbl_good_received`
--

INSERT INTO `tbl_good_received` (`id_good_received`, `id_dilivery_note`, `good_recived_number`, `added_date`, `added_time`, `added_timestamp`, `good_received_status`) VALUES
(11, 15, 'GRN0015', '2013-12-30', '10:19:01', '2013-12-30 04:49:01', 1),
(12, 20, 'GRN0020', '2014-01-10', '09:49:31', '2014-01-10 04:19:31', 1),
(13, 21, 'GRN0021', '2014-01-20', '14:16:23', '2014-01-20 08:46:23', 1),
(14, 22, 'GRN0022', '2014-01-20', '15:30:28', '2014-01-20 10:00:28', 1),
(15, 23, 'GRN0023', '2014-01-21', '12:54:34', '2014-01-21 07:24:34', 1),
(16, 25, 'GRN0025', '2014-02-03', '16:13:55', '2014-02-03 10:43:55', 1),
(17, 26, 'GRN0026', '2014-02-19', '13:51:31', '2014-02-19 08:21:31', 1),
(18, 27, 'GRN0027', '2014-02-19', '13:51:40', '2014-02-19 08:21:40', 1),
(19, 28, 'GRN0028', '2014-02-19', '15:19:11', '2014-02-19 09:49:11', 1),
(20, 29, 'GRN0029', '2014-02-25', '12:48:10', '2014-02-25 07:18:10', 1),
(21, 30, 'GRN0030', '2014-02-26', '13:58:36', '2014-02-26 08:28:36', 1),
(22, 31, 'GRN0031', '2014-02-26', '14:14:14', '2014-02-26 08:44:14', 1),
(23, 33, 'GRN0033', '2014-03-10', '10:42:07', '2014-03-10 05:12:07', 1),
(24, 34, 'GRN0034', '2014-03-10', '10:42:17', '2014-03-10 05:12:17', 1),
(25, 35, 'GRN0035', '2014-03-10', '14:44:45', '2014-03-10 09:14:45', 1),
(26, 36, 'GRN0036', '2014-03-10', '16:00:17', '2014-03-10 10:30:17', 1),
(27, 37, 'GRN0037', '2014-03-11', '15:50:39', '2014-03-11 10:20:39', 1),
(28, 38, 'GRN0038', '2014-03-11', '15:56:56', '2014-03-11 10:26:56', 1),
(29, 39, 'GRN0039', '2014-03-12', '10:16:16', '2014-03-12 04:46:16', 1),
(30, 40, 'GRN0040', '2014-03-25', '13:48:23', '2014-03-25 08:18:23', 1),
(31, 44, 'GRN0044', '2014-03-26', '19:26:37', '2014-03-26 13:56:37', 1),
(32, 43, 'GRN0043', '2014-03-26', '19:26:42', '2014-03-26 13:56:42', 1),
(33, 41, 'GRN0041', '2014-03-26', '19:27:00', '2014-03-26 13:57:00', 1),
(34, 45, 'GRN0045', '2014-03-31', '14:21:28', '2014-03-31 08:51:28', 1),
(35, 46, 'GRN0046', '2014-04-01', '09:57:22', '2014-04-01 04:27:22', 1),
(36, 47, 'GRN0047', '2014-04-01', '09:57:27', '2014-04-01 04:27:27', 1),
(37, 48, 'GRN0048', '2014-04-01', '12:25:51', '2014-04-01 06:55:51', 1),
(38, 50, 'GRN0050', '2014-04-03', '09:05:23', '2014-04-03 03:35:23', 1),
(39, 51, 'GRN0051', '2014-04-08', '12:16:15', '2014-04-08 06:46:15', 1),
(40, 54, 'GRN0054', '2014-04-24', '14:41:14', '2014-04-24 09:11:14', 1),
(41, 55, 'GRN0055', '2014-05-23', '10:03:33', '2014-05-23 04:33:33', 1),
(42, 56, 'GRN0056', '2014-05-23', '10:07:59', '2014-05-23 04:37:59', 1),
(43, 57, 'GRN0057', '2014-05-23', '10:57:50', '2014-05-23 05:27:50', 1),
(44, 58, 'GRN0058', '2014-05-23', '11:33:40', '2014-05-23 06:03:40', 1),
(45, 59, 'GRN0059', '2014-05-23', '11:52:21', '2014-05-23 06:22:21', 1);

-- --------------------------------------------------------

--
-- Table structure for table `tbl_good_received_products`
--

CREATE TABLE IF NOT EXISTS `tbl_good_received_products` (
  `id_good_received_products` int(11) NOT NULL AUTO_INCREMENT,
  `id_good_received` int(11) NOT NULL,
  `id_products` int(11) NOT NULL,
  `received_qty` int(11) NOT NULL,
  `act_rec_qty` int(11) NOT NULL,
  `product_discount` decimal(20,2) NOT NULL DEFAULT '0.00',
  `added_date` date NOT NULL,
  `added_time` time NOT NULL,
  `added_timestamp` timestamp NOT NULL DEFAULT CURRENT_TIMESTAMP ON UPDATE CURRENT_TIMESTAMP,
  PRIMARY KEY (`id_good_received_products`),
  KEY `fk_tbl_goods_reserved_details_tbl_goods_reserved1` (`id_good_received`),
  KEY `fk_tbl_good_received_products_tbl_products1` (`id_products`)
) ENGINE=InnoDB  DEFAULT CHARSET=latin1 AUTO_INCREMENT=929 ;

--
-- Dumping data for table `tbl_good_received_products`
--

INSERT INTO `tbl_good_received_products` (`id_good_received_products`, `id_good_received`, `id_products`, `received_qty`, `act_rec_qty`, `product_discount`, `added_date`, `added_time`, `added_timestamp`) VALUES
(28, 11, 1, 0, 0, '0.00', '2013-12-30', '10:19:01', '2014-01-28 10:29:43'),
(29, 11, 2, 0, 0, '0.00', '2013-12-30', '10:19:01', '2014-01-28 10:29:43'),
(30, 11, 3, 0, 0, '0.00', '2013-12-30', '10:19:01', '2014-01-28 10:29:43'),
(31, 11, 4, 0, 0, '0.00', '2013-12-30', '10:19:01', '2014-01-28 10:29:43'),
(32, 11, 5, 0, 0, '0.00', '2013-12-30', '10:19:01', '2014-01-28 10:29:43'),
(33, 11, 6, 0, 0, '0.00', '2013-12-30', '10:19:01', '2014-01-28 10:29:43'),
(34, 11, 7, 0, 0, '0.00', '2013-12-30', '10:19:01', '2014-01-28 10:29:43'),
(35, 11, 8, 0, 0, '0.00', '2013-12-30', '10:19:01', '2014-01-28 10:29:43'),
(36, 11, 9, 0, 0, '0.00', '2013-12-30', '10:19:01', '2014-01-28 10:29:43'),
(37, 11, 10, 0, 0, '0.00', '2013-12-30', '10:19:01', '2014-01-28 10:29:43'),
(38, 11, 11, 0, 0, '0.00', '2013-12-30', '10:19:01', '2014-01-28 10:29:43'),
(39, 11, 12, 0, 0, '0.00', '2013-12-30', '10:19:01', '2014-01-28 10:29:43'),
(40, 11, 13, 0, 0, '0.00', '2013-12-30', '10:19:01', '2014-01-28 10:29:43'),
(41, 11, 14, 0, 0, '0.00', '2013-12-30', '10:19:01', '2014-01-28 10:29:43'),
(42, 11, 15, 0, 0, '0.00', '2013-12-30', '10:19:01', '2014-01-28 10:29:43'),
(43, 11, 16, 0, 0, '0.00', '2013-12-30', '10:19:01', '2014-01-28 10:29:43'),
(44, 11, 17, 0, 0, '0.00', '2013-12-30', '10:19:01', '2014-01-28 10:29:43'),
(45, 11, 18, 0, 0, '0.00', '2013-12-30', '10:19:01', '2014-01-28 10:29:43'),
(46, 11, 19, 0, 0, '0.00', '2013-12-30', '10:19:01', '2014-01-28 10:29:43'),
(47, 11, 20, 0, 0, '0.00', '2013-12-30', '10:19:01', '2014-01-28 10:29:43'),
(48, 11, 21, 0, 0, '0.00', '2013-12-30', '10:19:01', '2014-01-28 10:29:43'),
(49, 11, 22, 0, 0, '0.00', '2013-12-30', '10:19:01', '2014-01-28 10:29:43'),
(50, 11, 23, 0, 0, '0.00', '2013-12-30', '10:19:01', '2014-01-28 10:29:43'),
(51, 11, 24, 0, 0, '0.00', '2013-12-30', '10:19:01', '2014-01-28 10:29:43'),
(52, 11, 25, 0, 0, '0.00', '2013-12-30', '10:19:01', '2014-01-28 10:29:43'),
(53, 11, 26, 0, 0, '0.00', '2013-12-30', '10:19:01', '2014-01-28 10:29:43'),
(54, 11, 27, 0, 0, '0.00', '2013-12-30', '10:19:01', '2014-01-28 10:29:43'),
(55, 11, 28, 0, 0, '0.00', '2013-12-30', '10:19:01', '2014-01-28 10:29:43'),
(56, 11, 29, 0, 0, '0.00', '2013-12-30', '10:19:01', '2014-01-28 10:29:43'),
(57, 11, 30, 0, 0, '0.00', '2013-12-30', '10:19:01', '2014-01-28 10:29:43'),
(58, 11, 31, 0, 0, '0.00', '2013-12-30', '10:19:01', '2014-01-28 10:29:43'),
(59, 11, 32, 0, 0, '0.00', '2013-12-30', '10:19:01', '2014-01-28 10:29:43'),
(60, 11, 33, 0, 0, '0.00', '2013-12-30', '10:19:01', '2014-01-28 10:29:43'),
(61, 11, 34, 0, 0, '0.00', '2013-12-30', '10:19:01', '2014-01-28 10:29:43'),
(62, 11, 35, 0, 0, '0.00', '2013-12-30', '10:19:01', '2014-01-28 10:29:43'),
(63, 11, 36, 0, 0, '0.00', '2013-12-30', '10:19:01', '2014-01-28 10:29:43'),
(64, 11, 37, 0, 0, '0.00', '2013-12-30', '10:19:01', '2014-01-28 10:29:43'),
(65, 11, 38, 0, 0, '0.00', '2013-12-30', '10:19:01', '2014-01-28 10:29:43'),
(66, 11, 39, 0, 0, '0.00', '2013-12-30', '10:19:01', '2014-01-28 10:29:43'),
(67, 11, 40, 0, 0, '0.00', '2013-12-30', '10:19:01', '2014-01-28 10:29:43'),
(68, 11, 41, 0, 0, '0.00', '2013-12-30', '10:19:01', '2014-01-28 10:29:43'),
(69, 11, 42, 0, 0, '0.00', '2013-12-30', '10:19:01', '2014-01-28 10:29:43'),
(70, 11, 43, 0, 0, '0.00', '2013-12-30', '10:19:01', '2014-01-28 10:29:43'),
(71, 11, 44, 0, 0, '0.00', '2013-12-30', '10:19:01', '2014-01-28 10:29:43'),
(72, 11, 45, 0, 0, '0.00', '2013-12-30', '10:19:01', '2014-01-28 10:29:43'),
(73, 11, 46, 0, 0, '0.00', '2013-12-30', '10:19:01', '2014-01-28 10:29:43'),
(74, 11, 47, 0, 0, '0.00', '2013-12-30', '10:19:01', '2014-01-28 10:29:43'),
(75, 11, 48, 0, 0, '0.00', '2013-12-30', '10:19:01', '2014-01-28 10:29:43'),
(76, 11, 49, 0, 0, '0.00', '2013-12-30', '10:19:01', '2014-01-28 10:29:43'),
(77, 11, 50, 0, 0, '0.00', '2013-12-30', '10:19:01', '2014-01-28 10:29:43'),
(78, 11, 51, 0, 0, '0.00', '2013-12-30', '10:19:01', '2014-01-28 10:29:43'),
(79, 11, 52, 0, 0, '0.00', '2013-12-30', '10:19:01', '2014-01-28 10:29:43'),
(80, 11, 53, 0, 0, '0.00', '2013-12-30', '10:19:01', '2014-01-28 10:29:43'),
(81, 11, 54, 0, 0, '0.00', '2013-12-30', '10:19:01', '2014-01-28 10:29:43'),
(82, 11, 55, 0, 0, '0.00', '2013-12-30', '10:19:01', '2014-01-28 10:29:43'),
(83, 11, 56, 0, 0, '0.00', '2013-12-30', '10:19:01', '2014-01-28 10:29:43'),
(84, 11, 57, 0, 0, '0.00', '2013-12-30', '10:19:01', '2014-01-28 10:29:43'),
(85, 11, 58, 0, 0, '0.00', '2013-12-30', '10:19:01', '2014-01-28 10:29:43'),
(86, 11, 59, 0, 0, '0.00', '2013-12-30', '10:19:01', '2014-01-28 10:29:43'),
(87, 11, 60, 0, 0, '0.00', '2013-12-30', '10:19:01', '2014-01-28 10:29:43'),
(88, 11, 61, 0, 0, '0.00', '2013-12-30', '10:19:01', '2014-01-28 10:29:43'),
(89, 11, 62, 0, 0, '0.00', '2013-12-30', '10:19:01', '2014-01-28 10:29:43'),
(90, 11, 63, 0, 0, '0.00', '2013-12-30', '10:19:01', '2014-01-28 10:29:43'),
(91, 11, 64, 0, 0, '0.00', '2013-12-30', '10:19:01', '2014-01-28 10:29:43'),
(92, 11, 65, 0, 0, '0.00', '2013-12-30', '10:19:01', '2014-01-28 10:29:43'),
(93, 11, 66, 0, 0, '0.00', '2013-12-30', '10:19:01', '2014-01-28 10:29:43'),
(94, 11, 67, 0, 0, '0.00', '2013-12-30', '10:19:01', '2014-01-28 10:29:43'),
(95, 11, 68, 0, 0, '0.00', '2013-12-30', '10:19:01', '2014-01-28 10:29:43'),
(96, 11, 69, 0, 0, '0.00', '2013-12-30', '10:19:01', '2014-01-28 10:29:43'),
(97, 11, 70, 0, 0, '0.00', '2013-12-30', '10:19:01', '2014-01-28 10:29:43'),
(98, 11, 71, 0, 0, '0.00', '2013-12-30', '10:19:01', '2014-01-28 10:29:43'),
(99, 11, 72, 0, 0, '0.00', '2013-12-30', '10:19:01', '2014-01-28 10:29:43'),
(100, 11, 73, 0, 0, '0.00', '2013-12-30', '10:19:01', '2014-01-28 10:29:43'),
(101, 11, 74, 0, 0, '0.00', '2013-12-30', '10:19:01', '2014-01-28 10:29:43'),
(102, 11, 75, 0, 0, '0.00', '2013-12-30', '10:19:01', '2014-01-28 10:29:43'),
(103, 11, 76, 0, 0, '0.00', '2013-12-30', '10:19:01', '2014-01-28 10:29:43'),
(104, 11, 77, 0, 0, '0.00', '2013-12-30', '10:19:01', '2014-01-28 10:29:43'),
(105, 11, 78, 0, 0, '0.00', '2013-12-30', '10:19:01', '2014-01-28 10:29:43'),
(106, 11, 79, 0, 0, '0.00', '2013-12-30', '10:19:01', '2014-01-28 10:29:43'),
(107, 11, 80, 0, 0, '0.00', '2013-12-30', '10:19:01', '2014-01-28 10:29:43'),
(108, 11, 81, 0, 0, '0.00', '2013-12-30', '10:19:01', '2014-01-28 10:29:43'),
(109, 11, 82, 0, 0, '0.00', '2013-12-30', '10:19:01', '2014-01-28 10:29:43'),
(110, 11, 83, 0, 0, '0.00', '2013-12-30', '10:19:01', '2014-01-28 10:29:43'),
(111, 11, 84, 0, 0, '0.00', '2013-12-30', '10:19:01', '2014-01-28 10:29:43'),
(112, 11, 85, 0, 0, '0.00', '2013-12-30', '10:19:01', '2014-01-28 10:29:43'),
(113, 11, 86, 0, 0, '0.00', '2013-12-30', '10:19:01', '2014-01-28 10:29:43'),
(114, 11, 87, 0, 0, '0.00', '2013-12-30', '10:19:01', '2014-01-28 10:29:43'),
(115, 11, 88, 0, 0, '0.00', '2013-12-30', '10:19:01', '2014-01-28 10:29:43'),
(116, 11, 89, 0, 0, '0.00', '2013-12-30', '10:19:01', '2014-01-28 10:29:43'),
(117, 11, 90, 0, 0, '0.00', '2013-12-30', '10:19:01', '2014-01-28 10:29:43'),
(118, 11, 91, 0, 0, '0.00', '2013-12-30', '10:19:01', '2014-01-28 10:29:43'),
(119, 11, 92, 0, 0, '0.00', '2013-12-30', '10:19:01', '2014-01-28 10:29:43'),
(120, 11, 93, 0, 0, '0.00', '2013-12-30', '10:19:01', '2014-01-28 10:29:43'),
(121, 11, 94, 0, 0, '0.00', '2013-12-30', '10:19:01', '2014-01-28 10:29:43'),
(122, 11, 95, 0, 0, '0.00', '2013-12-30', '10:19:01', '2014-01-28 10:29:43'),
(123, 11, 96, 0, 0, '0.00', '2013-12-30', '10:19:01', '2014-01-28 10:29:43'),
(124, 11, 97, 0, 0, '0.00', '2013-12-30', '10:19:01', '2014-01-28 10:29:43'),
(125, 11, 98, 0, 0, '0.00', '2013-12-30', '10:19:01', '2014-01-28 10:29:43'),
(126, 11, 99, 0, 0, '0.00', '2013-12-30', '10:19:01', '2014-01-28 10:29:43'),
(127, 11, 100, 0, 0, '0.00', '2013-12-30', '10:19:01', '2014-01-28 10:29:43'),
(128, 11, 101, 0, 0, '0.00', '2013-12-30', '10:19:01', '2014-01-28 10:29:43'),
(129, 11, 102, 0, 0, '0.00', '2013-12-30', '10:19:01', '2014-01-28 10:29:43'),
(130, 11, 103, 0, 0, '0.00', '2013-12-30', '10:19:01', '2014-01-28 10:29:43'),
(131, 11, 104, 0, 0, '0.00', '2013-12-30', '10:19:01', '2014-01-28 10:29:43'),
(132, 11, 105, 0, 0, '0.00', '2013-12-30', '10:19:01', '2014-01-28 10:29:43'),
(133, 11, 106, 0, 0, '0.00', '2013-12-30', '10:19:01', '2014-01-28 10:29:43'),
(134, 11, 107, 0, 0, '0.00', '2013-12-30', '10:19:01', '2014-01-28 10:29:43'),
(135, 11, 108, 0, 0, '0.00', '2013-12-30', '10:19:01', '2014-01-28 10:29:43'),
(136, 11, 109, 0, 0, '0.00', '2013-12-30', '10:19:01', '2014-01-28 10:29:43'),
(137, 11, 110, 0, 0, '0.00', '2013-12-30', '10:19:01', '2014-01-28 10:29:43'),
(138, 11, 111, 0, 0, '0.00', '2013-12-30', '10:19:01', '2014-01-28 10:29:43'),
(139, 11, 112, 0, 0, '0.00', '2013-12-30', '10:19:01', '2014-01-28 10:29:43'),
(140, 11, 113, 0, 0, '0.00', '2013-12-30', '10:19:01', '2014-01-28 10:29:43'),
(141, 11, 114, 0, 0, '0.00', '2013-12-30', '10:19:01', '2014-01-28 10:29:43'),
(142, 11, 115, 0, 0, '0.00', '2013-12-30', '10:19:01', '2014-01-28 10:29:43'),
(143, 11, 116, 0, 0, '0.00', '2013-12-30', '10:19:01', '2014-01-28 10:29:43'),
(144, 11, 117, 0, 0, '0.00', '2013-12-30', '10:19:01', '2014-01-28 10:29:43'),
(145, 11, 118, 0, 0, '0.00', '2013-12-30', '10:19:01', '2014-01-28 10:29:43'),
(146, 11, 119, 0, 0, '0.00', '2013-12-30', '10:19:01', '2014-01-28 10:29:43'),
(147, 11, 120, 0, 0, '0.00', '2013-12-30', '10:19:01', '2014-01-28 10:29:43'),
(148, 11, 121, 0, 0, '0.00', '2013-12-30', '10:19:01', '2014-01-28 10:29:43'),
(149, 11, 122, 0, 0, '0.00', '2013-12-30', '10:19:01', '2014-01-28 10:29:43'),
(150, 11, 123, 0, 0, '0.00', '2013-12-30', '10:19:01', '2014-01-28 10:29:43'),
(151, 11, 124, 0, 0, '0.00', '2013-12-30', '10:19:01', '2014-01-28 10:29:43'),
(152, 11, 125, 0, 0, '0.00', '2013-12-30', '10:19:01', '2014-01-28 10:29:43'),
(153, 11, 126, 0, 0, '0.00', '2013-12-30', '10:19:01', '2014-01-28 10:29:43'),
(154, 11, 127, 0, 0, '0.00', '2013-12-30', '10:19:01', '2014-01-28 10:29:43'),
(155, 11, 128, 0, 0, '0.00', '2013-12-30', '10:19:01', '2014-01-28 10:29:43'),
(156, 11, 129, 0, 0, '0.00', '2013-12-30', '10:19:01', '2014-01-28 10:29:43'),
(157, 11, 130, 0, 0, '0.00', '2013-12-30', '10:19:01', '2014-01-28 10:29:43'),
(158, 11, 131, 0, 0, '0.00', '2013-12-30', '10:19:01', '2014-01-28 10:29:43'),
(159, 11, 132, 0, 0, '0.00', '2013-12-30', '10:19:01', '2014-01-28 10:29:43'),
(160, 11, 133, 0, 0, '0.00', '2013-12-30', '10:19:01', '2014-01-28 10:29:43'),
(161, 11, 134, 0, 0, '0.00', '2013-12-30', '10:19:01', '2014-01-28 10:29:43'),
(162, 11, 135, 0, 0, '0.00', '2013-12-30', '10:19:01', '2014-01-28 10:29:43'),
(163, 11, 136, 0, 0, '0.00', '2013-12-30', '10:19:01', '2014-01-28 10:29:43'),
(164, 11, 137, 0, 0, '0.00', '2013-12-30', '10:19:01', '2014-01-28 10:29:43'),
(165, 11, 138, 0, 0, '0.00', '2013-12-30', '10:19:01', '2014-01-28 10:29:43'),
(166, 11, 139, 0, 0, '0.00', '2013-12-30', '10:19:01', '2014-01-28 10:29:43'),
(167, 11, 140, 0, 0, '0.00', '2013-12-30', '10:19:01', '2014-01-28 10:29:43'),
(168, 11, 141, 0, 0, '0.00', '2013-12-30', '10:19:01', '2014-01-28 10:29:43'),
(169, 11, 142, 0, 0, '0.00', '2013-12-30', '10:19:01', '2014-01-28 10:29:43'),
(170, 11, 143, 0, 0, '0.00', '2013-12-30', '10:19:01', '2014-01-28 10:29:43'),
(171, 11, 144, 0, 0, '0.00', '2013-12-30', '10:19:01', '2014-01-28 10:29:43'),
(172, 11, 145, 0, 0, '0.00', '2013-12-30', '10:19:01', '2014-01-28 10:29:43'),
(173, 11, 146, 0, 0, '0.00', '2013-12-30', '10:19:01', '2014-01-28 10:29:43'),
(174, 11, 147, 0, 0, '0.00', '2013-12-30', '10:19:01', '2014-01-28 10:29:43'),
(175, 11, 148, 0, 0, '0.00', '2013-12-30', '10:19:01', '2014-01-28 10:29:43'),
(176, 11, 149, 0, 0, '0.00', '2013-12-30', '10:19:01', '2014-01-28 10:29:43'),
(177, 11, 150, 0, 0, '0.00', '2013-12-30', '10:19:01', '2014-01-28 10:29:43'),
(178, 11, 151, 0, 0, '0.00', '2013-12-30', '10:19:01', '2014-01-28 10:29:43'),
(179, 11, 152, 0, 0, '0.00', '2013-12-30', '10:19:01', '2014-01-28 10:29:43'),
(180, 11, 153, 0, 0, '0.00', '2013-12-30', '10:19:01', '2014-01-28 10:29:43'),
(181, 11, 154, 0, 0, '0.00', '2013-12-30', '10:19:01', '2014-01-28 10:29:43'),
(182, 11, 155, 0, 0, '0.00', '2013-12-30', '10:19:01', '2014-01-28 10:29:43'),
(183, 11, 156, 0, 0, '0.00', '2013-12-30', '10:19:01', '2014-01-28 10:29:43'),
(184, 11, 157, 0, 0, '0.00', '2013-12-30', '10:19:01', '2014-01-28 10:29:43'),
(185, 11, 158, 0, 0, '0.00', '2013-12-30', '10:19:01', '2014-01-28 10:29:43'),
(186, 11, 159, 0, 0, '0.00', '2013-12-30', '10:19:01', '2014-01-28 10:29:43'),
(187, 11, 160, 0, 0, '0.00', '2013-12-30', '10:19:01', '2014-01-28 10:29:43'),
(188, 11, 161, 0, 0, '0.00', '2013-12-30', '10:19:01', '2014-01-28 10:29:43'),
(189, 11, 162, 0, 0, '0.00', '2013-12-30', '10:19:01', '2014-01-28 10:29:43'),
(190, 11, 163, 0, 0, '0.00', '2013-12-30', '10:19:01', '2014-01-28 10:29:43'),
(191, 11, 164, 0, 0, '0.00', '2013-12-30', '10:19:01', '2014-01-28 10:29:43'),
(192, 11, 165, 0, 0, '0.00', '2013-12-30', '10:19:01', '2014-01-28 10:29:43'),
(193, 11, 166, 0, 0, '0.00', '2013-12-30', '10:19:01', '2014-01-28 10:29:43'),
(194, 11, 167, 0, 0, '0.00', '2013-12-30', '10:19:01', '2014-01-28 10:29:43'),
(195, 11, 168, 0, 0, '0.00', '2013-12-30', '10:19:01', '2014-01-28 10:29:43'),
(196, 11, 169, 0, 0, '0.00', '2013-12-30', '10:19:01', '2014-01-28 10:29:43'),
(197, 11, 170, 0, 0, '0.00', '2013-12-30', '10:19:01', '2014-01-28 10:29:43'),
(198, 11, 171, 0, 0, '0.00', '2013-12-30', '10:19:01', '2014-01-28 10:29:43'),
(199, 11, 172, 0, 0, '0.00', '2013-12-30', '10:19:01', '2014-01-28 10:29:43'),
(200, 11, 173, 0, 0, '0.00', '2013-12-30', '10:19:01', '2014-01-28 10:29:43'),
(201, 11, 174, 0, 0, '0.00', '2013-12-30', '10:19:01', '2014-01-28 10:29:43'),
(202, 11, 175, 0, 0, '0.00', '2013-12-30', '10:19:01', '2014-01-28 10:29:43'),
(203, 11, 176, 0, 0, '0.00', '2013-12-30', '10:19:01', '2014-01-28 10:29:43'),
(204, 11, 177, 0, 0, '0.00', '2013-12-30', '10:19:01', '2014-01-28 10:29:43'),
(205, 11, 178, 0, 0, '0.00', '2013-12-30', '10:19:01', '2014-01-28 10:29:43'),
(206, 11, 179, 0, 0, '0.00', '2013-12-30', '10:19:01', '2014-01-28 10:29:43'),
(207, 11, 180, 0, 0, '0.00', '2013-12-30', '10:19:01', '2014-01-28 10:29:43'),
(208, 11, 181, 0, 0, '0.00', '2013-12-30', '10:19:01', '2014-01-28 10:29:43'),
(209, 11, 182, 0, 0, '0.00', '2013-12-30', '10:19:01', '2014-01-28 10:29:43'),
(210, 11, 183, 0, 0, '0.00', '2013-12-30', '10:19:01', '2014-01-28 10:29:43'),
(211, 11, 184, 0, 0, '0.00', '2013-12-30', '10:19:01', '2014-01-28 10:29:43'),
(212, 11, 185, 0, 0, '0.00', '2013-12-30', '10:19:01', '2014-01-28 10:29:43'),
(213, 11, 186, 0, 0, '0.00', '2013-12-30', '10:19:01', '2014-01-28 10:29:43'),
(214, 11, 187, 0, 0, '0.00', '2013-12-30', '10:19:01', '2014-01-28 10:29:43'),
(215, 11, 188, 0, 0, '0.00', '2013-12-30', '10:19:01', '2014-01-28 10:29:43'),
(216, 11, 189, 0, 0, '0.00', '2013-12-30', '10:19:01', '2014-01-28 10:29:43'),
(217, 11, 190, 0, 0, '0.00', '2013-12-30', '10:19:01', '2014-01-28 10:29:43'),
(218, 11, 191, 0, 0, '0.00', '2013-12-30', '10:19:01', '2014-01-28 10:29:43'),
(219, 11, 192, 0, 0, '0.00', '2013-12-30', '10:19:01', '2014-01-28 10:29:43'),
(220, 11, 193, 0, 0, '0.00', '2013-12-30', '10:19:01', '2014-01-28 10:29:43'),
(221, 11, 194, 0, 0, '0.00', '2013-12-30', '10:19:01', '2014-01-28 10:29:43'),
(222, 11, 195, 0, 0, '0.00', '2013-12-30', '10:19:01', '2014-01-28 10:29:43'),
(223, 11, 196, 0, 0, '0.00', '2013-12-30', '10:19:01', '2014-01-28 10:29:43'),
(224, 11, 197, 0, 0, '0.00', '2013-12-30', '10:19:01', '2014-01-28 10:29:43'),
(225, 11, 198, 0, 0, '0.00', '2013-12-30', '10:19:01', '2014-01-28 10:29:43'),
(226, 11, 199, 0, 0, '0.00', '2013-12-30', '10:19:01', '2014-01-28 10:29:43'),
(227, 11, 200, 0, 0, '0.00', '2013-12-30', '10:19:01', '2014-01-28 10:29:43'),
(228, 11, 201, 0, 0, '0.00', '2013-12-30', '10:19:01', '2014-01-28 10:29:43'),
(229, 11, 202, 0, 0, '0.00', '2013-12-30', '10:19:01', '2014-01-28 10:29:43'),
(230, 11, 203, 0, 0, '0.00', '2013-12-30', '10:19:01', '2014-01-28 10:29:43'),
(231, 11, 204, 0, 0, '0.00', '2013-12-30', '10:19:01', '2014-01-28 10:29:43'),
(232, 11, 205, 0, 0, '0.00', '2013-12-30', '10:19:01', '2014-01-28 10:29:43'),
(233, 11, 206, 0, 0, '0.00', '2013-12-30', '10:19:01', '2014-01-28 10:29:43'),
(234, 11, 207, 0, 0, '0.00', '2013-12-30', '10:19:01', '2014-01-28 10:29:43'),
(235, 11, 208, 0, 0, '0.00', '2013-12-30', '10:19:01', '2014-01-28 10:29:43'),
(236, 11, 209, 0, 0, '0.00', '2013-12-30', '10:19:01', '2014-01-28 10:29:43'),
(237, 11, 210, 0, 0, '0.00', '2013-12-30', '10:19:01', '2014-01-28 10:29:43'),
(238, 11, 211, 0, 0, '0.00', '2013-12-30', '10:19:01', '2014-01-28 10:29:43'),
(239, 11, 212, 0, 0, '0.00', '2013-12-30', '10:19:01', '2014-01-28 10:29:43'),
(240, 11, 213, 0, 0, '0.00', '2013-12-30', '10:19:01', '2014-01-28 10:29:43'),
(241, 11, 214, 0, 0, '0.00', '2013-12-30', '10:19:01', '2014-01-28 10:29:43'),
(242, 11, 215, 0, 0, '0.00', '2013-12-30', '10:19:01', '2014-01-28 10:29:43'),
(243, 11, 216, 0, 0, '0.00', '2013-12-30', '10:19:01', '2014-01-28 10:29:43'),
(244, 11, 217, 0, 0, '0.00', '2013-12-30', '10:19:01', '2014-01-28 10:29:43'),
(245, 11, 218, 0, 0, '0.00', '2013-12-30', '10:19:01', '2014-01-28 10:29:43'),
(246, 11, 219, 0, 0, '0.00', '2013-12-30', '10:19:01', '2014-01-28 10:29:43'),
(247, 11, 220, 0, 0, '0.00', '2013-12-30', '10:19:01', '2014-01-28 10:29:43'),
(248, 11, 221, 0, 0, '0.00', '2013-12-30', '10:19:01', '2014-01-28 10:29:43'),
(249, 11, 222, 0, 0, '0.00', '2013-12-30', '10:19:01', '2014-01-28 10:29:43'),
(250, 11, 223, 0, 0, '0.00', '2013-12-30', '10:19:01', '2014-01-28 10:29:43'),
(251, 11, 224, 0, 0, '0.00', '2013-12-30', '10:19:01', '2014-01-28 10:29:43'),
(252, 11, 225, 0, 0, '0.00', '2013-12-30', '10:19:01', '2014-01-28 10:29:43'),
(253, 11, 226, 0, 0, '0.00', '2013-12-30', '10:19:01', '2014-01-28 10:29:43'),
(254, 11, 227, 0, 0, '0.00', '2013-12-30', '10:19:01', '2014-01-28 10:29:43'),
(255, 11, 228, 0, 0, '0.00', '2013-12-30', '10:19:01', '2014-01-28 10:29:43'),
(256, 11, 229, 0, 0, '0.00', '2013-12-30', '10:19:01', '2014-01-28 10:29:43'),
(257, 11, 230, 0, 0, '0.00', '2013-12-30', '10:19:01', '2014-01-28 10:29:43'),
(258, 11, 231, 0, 0, '0.00', '2013-12-30', '10:19:01', '2014-01-28 10:29:43'),
(259, 11, 232, 0, 0, '0.00', '2013-12-30', '10:19:01', '2014-01-28 10:29:43'),
(260, 11, 233, 0, 0, '0.00', '2013-12-30', '10:19:01', '2014-01-28 10:29:43'),
(261, 11, 234, 0, 0, '0.00', '2013-12-30', '10:19:01', '2014-01-28 10:29:43'),
(262, 11, 235, 0, 0, '0.00', '2013-12-30', '10:19:01', '2014-01-28 10:29:43'),
(263, 11, 236, 0, 0, '0.00', '2013-12-30', '10:19:01', '2014-01-28 10:29:43'),
(264, 11, 237, 0, 0, '0.00', '2013-12-30', '10:19:01', '2014-01-28 10:29:43'),
(265, 11, 238, 0, 0, '0.00', '2013-12-30', '10:19:01', '2014-01-28 10:29:43'),
(266, 11, 239, 0, 0, '0.00', '2013-12-30', '10:19:01', '2014-01-28 10:29:43'),
(267, 11, 240, 0, 0, '0.00', '2013-12-30', '10:19:01', '2014-01-28 10:29:43'),
(268, 11, 241, 0, 0, '0.00', '2013-12-30', '10:19:01', '2014-01-28 10:29:43'),
(269, 11, 242, 0, 0, '0.00', '2013-12-30', '10:19:01', '2014-01-28 10:29:43'),
(270, 11, 243, 0, 0, '0.00', '2013-12-30', '10:19:01', '2014-01-28 10:29:43'),
(271, 11, 244, 0, 0, '0.00', '2013-12-30', '10:19:01', '2014-01-28 10:29:43'),
(272, 11, 245, 0, 0, '0.00', '2013-12-30', '10:19:01', '2014-01-28 10:29:43'),
(273, 11, 246, 0, 0, '0.00', '2013-12-30', '10:19:01', '2014-01-28 10:29:43'),
(274, 11, 247, 0, 0, '0.00', '2013-12-30', '10:19:01', '2014-01-28 10:29:43'),
(275, 11, 248, 0, 0, '0.00', '2013-12-30', '10:19:01', '2014-01-28 10:29:43'),
(276, 11, 249, 0, 0, '0.00', '2013-12-30', '10:19:01', '2014-01-28 10:29:43'),
(277, 11, 250, 0, 0, '0.00', '2013-12-30', '10:19:01', '2014-01-28 10:29:43'),
(278, 11, 251, 0, 0, '0.00', '2013-12-30', '10:19:01', '2014-01-28 10:29:43'),
(279, 11, 252, 0, 0, '0.00', '2013-12-30', '10:19:01', '2014-01-28 10:29:43'),
(280, 11, 253, 0, 0, '0.00', '2013-12-30', '10:19:01', '2014-01-28 10:29:43'),
(281, 11, 254, 0, 0, '0.00', '2013-12-30', '10:19:01', '2014-01-28 10:29:43'),
(282, 11, 255, 0, 0, '0.00', '2013-12-30', '10:19:01', '2014-01-28 10:29:43'),
(283, 11, 256, 0, 0, '0.00', '2013-12-30', '10:19:01', '2014-01-28 10:29:43'),
(284, 11, 257, 0, 0, '0.00', '2013-12-30', '10:19:01', '2014-01-28 10:29:43'),
(285, 11, 258, 0, 0, '0.00', '2013-12-30', '10:19:01', '2014-01-28 10:29:43'),
(286, 11, 259, 0, 0, '0.00', '2013-12-30', '10:19:01', '2014-01-28 10:29:43'),
(287, 11, 260, 0, 0, '0.00', '2013-12-30', '10:19:01', '2014-01-28 10:29:43'),
(288, 11, 261, 0, 0, '0.00', '2013-12-30', '10:19:01', '2014-01-28 10:29:43'),
(289, 11, 262, 0, 0, '0.00', '2013-12-30', '10:19:01', '2014-01-28 10:29:43'),
(290, 11, 263, 0, 0, '0.00', '2013-12-30', '10:19:01', '2014-01-28 10:29:43'),
(291, 11, 264, 0, 0, '0.00', '2013-12-30', '10:19:01', '2014-01-28 10:29:43'),
(292, 11, 265, 0, 0, '0.00', '2013-12-30', '10:19:01', '2014-01-28 10:29:43'),
(293, 11, 266, 0, 0, '0.00', '2013-12-30', '10:19:01', '2014-01-28 10:29:43'),
(294, 11, 267, 0, 0, '0.00', '2013-12-30', '10:19:01', '2014-01-28 10:29:43'),
(295, 11, 268, 0, 0, '0.00', '2013-12-30', '10:19:01', '2014-01-28 10:29:43'),
(296, 11, 269, 0, 0, '0.00', '2013-12-30', '10:19:01', '2014-01-28 10:29:43'),
(297, 11, 270, 0, 0, '0.00', '2013-12-30', '10:19:01', '2014-01-28 10:29:43'),
(298, 11, 271, 0, 0, '0.00', '2013-12-30', '10:19:01', '2014-01-28 10:29:43'),
(299, 11, 272, 0, 0, '0.00', '2013-12-30', '10:19:01', '2014-01-28 10:29:43'),
(300, 11, 273, 0, 0, '0.00', '2013-12-30', '10:19:01', '2014-01-28 10:29:43'),
(301, 11, 274, 0, 0, '0.00', '2013-12-30', '10:19:01', '2014-01-28 10:29:43'),
(302, 11, 275, 0, 0, '0.00', '2013-12-30', '10:19:01', '2014-01-28 10:29:43'),
(303, 11, 276, 0, 0, '0.00', '2013-12-30', '10:19:01', '2014-01-28 10:29:43'),
(304, 11, 277, 0, 0, '0.00', '2013-12-30', '10:19:01', '2014-01-28 10:29:43'),
(305, 11, 278, 0, 0, '0.00', '2013-12-30', '10:19:01', '2014-01-28 10:29:43'),
(306, 11, 279, 0, 0, '0.00', '2013-12-30', '10:19:01', '2014-01-28 10:29:43'),
(307, 11, 280, 0, 0, '0.00', '2013-12-30', '10:19:01', '2014-01-28 10:29:43'),
(308, 11, 281, 0, 0, '0.00', '2013-12-30', '10:19:01', '2014-01-28 10:29:43'),
(309, 11, 282, 0, 0, '0.00', '2013-12-30', '10:19:01', '2014-01-28 10:29:43'),
(310, 11, 283, 0, 0, '0.00', '2013-12-30', '10:19:01', '2014-01-28 10:29:43'),
(311, 11, 284, 0, 0, '0.00', '2013-12-30', '10:19:01', '2014-01-28 10:29:43'),
(312, 11, 285, 0, 0, '0.00', '2013-12-30', '10:19:01', '2014-01-28 10:29:43'),
(313, 11, 286, 0, 0, '0.00', '2013-12-30', '10:19:01', '2014-01-28 10:29:43'),
(314, 11, 287, 0, 0, '0.00', '2013-12-30', '10:19:01', '2014-01-28 10:29:43'),
(315, 11, 288, 0, 0, '0.00', '2013-12-30', '10:19:01', '2014-01-28 10:29:43'),
(316, 11, 289, 0, 0, '0.00', '2013-12-30', '10:19:01', '2014-01-28 10:29:43'),
(317, 11, 290, 0, 0, '0.00', '2013-12-30', '10:19:01', '2014-01-28 10:29:43'),
(318, 11, 291, 0, 0, '0.00', '2013-12-30', '10:19:01', '2014-01-28 10:29:43'),
(319, 11, 292, 0, 0, '0.00', '2013-12-30', '10:19:01', '2014-01-28 10:29:43'),
(320, 11, 293, 0, 0, '0.00', '2013-12-30', '10:19:01', '2014-01-28 10:29:43'),
(321, 11, 294, 0, 0, '0.00', '2013-12-30', '10:19:01', '2014-01-28 10:29:43'),
(322, 11, 295, 0, 0, '0.00', '2013-12-30', '10:19:01', '2014-01-28 10:29:43'),
(323, 11, 296, 0, 0, '0.00', '2013-12-30', '10:19:01', '2014-01-28 10:29:43'),
(324, 11, 297, 0, 0, '0.00', '2013-12-30', '10:19:01', '2014-01-28 10:29:43'),
(325, 11, 298, 0, 0, '0.00', '2013-12-30', '10:19:01', '2014-01-28 10:29:43'),
(326, 11, 299, 0, 0, '0.00', '2013-12-30', '10:19:01', '2014-01-28 10:29:43'),
(327, 11, 300, 0, 0, '0.00', '2013-12-30', '10:19:01', '2014-01-28 10:29:43'),
(328, 11, 301, 0, 0, '0.00', '2013-12-30', '10:19:01', '2014-01-28 10:29:43'),
(329, 11, 302, 0, 0, '0.00', '2013-12-30', '10:19:01', '2014-01-28 10:29:43'),
(330, 11, 303, 0, 0, '0.00', '2013-12-30', '10:19:01', '2014-01-28 10:29:43'),
(331, 11, 304, 0, 0, '0.00', '2013-12-30', '10:19:01', '2014-01-28 10:29:43'),
(332, 11, 305, 0, 0, '0.00', '2013-12-30', '10:19:01', '2014-01-28 10:29:43'),
(333, 11, 306, 0, 0, '0.00', '2013-12-30', '10:19:01', '2014-01-28 10:29:43'),
(334, 11, 307, 0, 0, '0.00', '2013-12-30', '10:19:01', '2014-01-28 10:29:43'),
(335, 11, 308, 0, 0, '0.00', '2013-12-30', '10:19:01', '2014-01-28 10:29:43'),
(336, 11, 309, 0, 0, '0.00', '2013-12-30', '10:19:01', '2014-01-28 10:29:43'),
(337, 11, 310, 0, 0, '0.00', '2013-12-30', '10:19:01', '2014-01-28 10:29:43'),
(338, 11, 311, 0, 0, '0.00', '2013-12-30', '10:19:01', '2014-01-28 10:29:43'),
(339, 11, 312, 0, 0, '0.00', '2013-12-30', '10:19:01', '2014-01-28 10:29:43'),
(340, 11, 313, 0, 0, '0.00', '2013-12-30', '10:19:01', '2014-01-28 10:29:43'),
(341, 11, 314, 0, 0, '0.00', '2013-12-30', '10:19:01', '2014-01-28 10:29:43'),
(342, 11, 315, 0, 0, '0.00', '2013-12-30', '10:19:01', '2014-01-28 10:29:43'),
(343, 11, 316, 0, 0, '0.00', '2013-12-30', '10:19:01', '2014-01-28 10:29:43'),
(344, 11, 317, 0, 0, '0.00', '2013-12-30', '10:19:01', '2014-01-28 10:29:43'),
(345, 11, 318, 0, 0, '0.00', '2013-12-30', '10:19:01', '2014-01-28 10:29:43'),
(346, 11, 319, 0, 0, '0.00', '2013-12-30', '10:19:01', '2014-01-28 10:29:43'),
(347, 11, 320, 0, 0, '0.00', '2013-12-30', '10:19:01', '2014-01-28 10:29:43'),
(348, 11, 321, 0, 0, '0.00', '2013-12-30', '10:19:01', '2014-01-28 10:29:43'),
(349, 11, 322, 0, 0, '0.00', '2013-12-30', '10:19:01', '2014-01-28 10:29:43'),
(350, 11, 323, 0, 0, '0.00', '2013-12-30', '10:19:01', '2014-01-28 10:29:43'),
(351, 11, 324, 0, 0, '0.00', '2013-12-30', '10:19:01', '2014-01-28 10:29:43'),
(352, 11, 325, 0, 0, '0.00', '2013-12-30', '10:19:01', '2014-01-28 10:29:43'),
(353, 11, 326, 0, 0, '0.00', '2013-12-30', '10:19:01', '2014-01-28 10:29:43'),
(354, 11, 327, 0, 0, '0.00', '2013-12-30', '10:19:01', '2014-01-28 10:29:43'),
(355, 11, 328, 0, 0, '0.00', '2013-12-30', '10:19:01', '2014-01-28 10:29:43'),
(356, 11, 329, 0, 0, '0.00', '2013-12-30', '10:19:01', '2014-01-28 10:29:43'),
(357, 11, 330, 0, 0, '0.00', '2013-12-30', '10:19:01', '2014-01-28 10:29:43'),
(358, 11, 331, 0, 0, '0.00', '2013-12-30', '10:19:01', '2014-01-28 10:29:43'),
(359, 11, 332, 0, 0, '0.00', '2013-12-30', '10:19:01', '2014-01-28 10:29:43'),
(360, 11, 333, 0, 0, '0.00', '2013-12-30', '10:19:01', '2014-01-28 10:29:43'),
(361, 11, 334, 0, 0, '0.00', '2013-12-30', '10:19:01', '2014-01-28 10:29:43'),
(362, 11, 335, 0, 0, '0.00', '2013-12-30', '10:19:01', '2014-01-28 10:29:43'),
(363, 11, 336, 0, 0, '0.00', '2013-12-30', '10:19:01', '2014-01-28 10:29:43'),
(364, 11, 337, 0, 0, '0.00', '2013-12-30', '10:19:01', '2014-01-28 10:29:43'),
(365, 11, 338, 0, 0, '0.00', '2013-12-30', '10:19:01', '2014-01-28 10:29:43'),
(366, 11, 339, 0, 0, '0.00', '2013-12-30', '10:19:01', '2014-01-28 10:29:43'),
(367, 11, 340, 0, 0, '0.00', '2013-12-30', '10:19:01', '2014-01-28 10:29:43'),
(368, 11, 341, 0, 0, '0.00', '2013-12-30', '10:19:01', '2014-01-28 10:29:43'),
(369, 11, 342, 0, 0, '0.00', '2013-12-30', '10:19:01', '2014-01-28 10:29:43'),
(370, 11, 343, 0, 0, '0.00', '2013-12-30', '10:19:01', '2014-01-28 10:29:43'),
(371, 11, 344, 0, 0, '0.00', '2013-12-30', '10:19:01', '2014-01-28 10:29:43'),
(372, 11, 345, 0, 0, '0.00', '2013-12-30', '10:19:01', '2014-01-28 10:29:43'),
(373, 11, 346, 0, 0, '0.00', '2013-12-30', '10:19:01', '2014-01-28 10:29:43'),
(374, 11, 347, 0, 0, '0.00', '2013-12-30', '10:19:01', '2014-01-28 10:29:43'),
(375, 11, 348, 0, 0, '0.00', '2013-12-30', '10:19:01', '2014-01-28 10:29:43'),
(376, 11, 349, 0, 0, '0.00', '2013-12-30', '10:19:01', '2014-01-28 10:29:43'),
(377, 11, 350, 0, 0, '0.00', '2013-12-30', '10:19:01', '2014-01-28 10:29:43'),
(378, 11, 351, 0, 0, '0.00', '2013-12-30', '10:19:01', '2014-01-28 10:29:43'),
(379, 11, 352, 0, 0, '0.00', '2013-12-30', '10:19:01', '2014-01-28 10:29:43'),
(380, 11, 353, 0, 0, '0.00', '2013-12-30', '10:19:01', '2014-01-28 10:29:43'),
(381, 11, 354, 0, 0, '0.00', '2013-12-30', '10:19:01', '2014-01-28 10:29:43'),
(382, 11, 355, 0, 0, '0.00', '2013-12-30', '10:19:01', '2014-01-28 10:29:43'),
(383, 11, 356, 0, 0, '0.00', '2013-12-30', '10:19:01', '2014-01-28 10:29:43'),
(384, 11, 357, 0, 0, '0.00', '2013-12-30', '10:19:01', '2014-01-28 10:29:43'),
(385, 11, 358, 0, 0, '0.00', '2013-12-30', '10:19:01', '2014-01-28 10:29:43'),
(386, 11, 359, 0, 0, '0.00', '2013-12-30', '10:19:01', '2014-01-28 10:29:43'),
(387, 11, 360, 0, 0, '0.00', '2013-12-30', '10:19:01', '2014-01-28 10:29:43'),
(388, 11, 361, 0, 0, '0.00', '2013-12-30', '10:19:01', '2014-01-28 10:29:43'),
(389, 11, 362, 0, 0, '0.00', '2013-12-30', '10:19:01', '2014-01-28 10:29:43'),
(390, 11, 363, 0, 0, '0.00', '2013-12-30', '10:19:01', '2014-01-28 10:29:43'),
(391, 11, 364, 0, 0, '0.00', '2013-12-30', '10:19:01', '2014-01-28 10:29:43'),
(392, 11, 365, 0, 0, '0.00', '2013-12-30', '10:19:01', '2014-01-28 10:29:43'),
(393, 11, 366, 0, 0, '0.00', '2013-12-30', '10:19:01', '2014-01-28 10:29:43'),
(394, 11, 367, 0, 0, '0.00', '2013-12-30', '10:19:01', '2014-01-28 10:29:43'),
(395, 11, 368, 0, 0, '0.00', '2013-12-30', '10:19:01', '2014-01-28 10:29:43'),
(396, 11, 369, 0, 0, '0.00', '2013-12-30', '10:19:01', '2014-01-28 10:29:43'),
(397, 11, 370, 0, 0, '0.00', '2013-12-30', '10:19:01', '2014-01-28 10:29:43'),
(398, 11, 371, 0, 0, '0.00', '2013-12-30', '10:19:01', '2014-01-28 10:29:43'),
(399, 11, 372, 0, 0, '0.00', '2013-12-30', '10:19:01', '2014-01-28 10:29:43'),
(400, 11, 373, 0, 0, '0.00', '2013-12-30', '10:19:01', '2014-01-28 10:29:43'),
(401, 11, 374, 0, 0, '0.00', '2013-12-30', '10:19:01', '2014-01-28 10:29:43'),
(402, 11, 375, 0, 0, '0.00', '2013-12-30', '10:19:01', '2014-01-28 10:29:43'),
(403, 11, 376, 0, 0, '0.00', '2013-12-30', '10:19:01', '2014-01-28 10:29:43'),
(404, 11, 377, 0, 0, '0.00', '2013-12-30', '10:19:01', '2014-01-28 10:29:43'),
(405, 11, 378, 0, 0, '0.00', '2013-12-30', '10:19:01', '2014-01-28 10:29:43'),
(406, 11, 379, 0, 0, '0.00', '2013-12-30', '10:19:01', '2014-01-28 10:29:43'),
(407, 11, 380, 0, 0, '0.00', '2013-12-30', '10:19:01', '2014-01-28 10:29:43'),
(408, 11, 381, 0, 0, '0.00', '2013-12-30', '10:19:01', '2014-01-28 10:29:43'),
(409, 11, 382, 0, 0, '0.00', '2013-12-30', '10:19:01', '2014-01-28 10:29:43'),
(410, 11, 383, 0, 0, '0.00', '2013-12-30', '10:19:01', '2014-01-28 10:29:43'),
(411, 11, 384, 0, 0, '0.00', '2013-12-30', '10:19:01', '2014-01-28 10:29:43'),
(412, 11, 385, 0, 0, '0.00', '2013-12-30', '10:19:01', '2014-01-28 10:29:43'),
(413, 11, 386, 0, 0, '0.00', '2013-12-30', '10:19:01', '2014-01-28 10:29:43'),
(414, 11, 387, 0, 0, '0.00', '2013-12-30', '10:19:01', '2014-01-28 10:29:43'),
(415, 11, 388, 0, 0, '0.00', '2013-12-30', '10:19:01', '2014-01-28 10:29:43'),
(416, 11, 389, 0, 0, '0.00', '2013-12-30', '10:19:01', '2014-01-28 10:29:43'),
(417, 11, 390, 0, 0, '0.00', '2013-12-30', '10:19:01', '2014-01-28 10:29:43'),
(418, 11, 391, 0, 0, '0.00', '2013-12-30', '10:19:01', '2014-01-28 10:29:43'),
(419, 11, 392, 0, 0, '0.00', '2013-12-30', '10:19:01', '2014-01-28 10:29:43'),
(420, 11, 393, 0, 0, '0.00', '2013-12-30', '10:19:01', '2014-01-28 10:29:43'),
(421, 11, 394, 0, 0, '0.00', '2013-12-30', '10:19:01', '2014-01-28 10:29:43'),
(422, 11, 395, 0, 0, '0.00', '2013-12-30', '10:19:01', '2014-01-28 10:29:43'),
(423, 11, 396, 0, 0, '0.00', '2013-12-30', '10:19:01', '2014-01-28 10:29:43'),
(424, 11, 397, 0, 0, '0.00', '2013-12-30', '10:19:01', '2014-01-28 10:29:43'),
(425, 11, 398, 0, 0, '0.00', '2013-12-30', '10:19:01', '2014-01-28 10:29:43'),
(426, 11, 399, 0, 0, '0.00', '2013-12-30', '10:19:01', '2014-01-28 10:29:43'),
(427, 11, 400, 0, 0, '0.00', '2013-12-30', '10:19:01', '2014-01-28 10:29:43'),
(428, 11, 401, 0, 0, '0.00', '2013-12-30', '10:19:01', '2014-01-28 10:29:43'),
(429, 11, 402, 0, 0, '0.00', '2013-12-30', '10:19:01', '2014-01-28 10:29:43'),
(430, 11, 403, 0, 0, '0.00', '2013-12-30', '10:19:01', '2014-01-28 10:29:43'),
(431, 11, 404, 0, 0, '0.00', '2013-12-30', '10:19:01', '2014-01-28 10:29:43'),
(432, 11, 405, 0, 0, '0.00', '2013-12-30', '10:19:01', '2014-01-28 10:29:43'),
(433, 11, 406, 0, 0, '0.00', '2013-12-30', '10:19:01', '2014-01-28 10:29:43'),
(434, 11, 407, 0, 0, '0.00', '2013-12-30', '10:19:01', '2014-01-28 10:29:43'),
(435, 11, 408, 0, 0, '0.00', '2013-12-30', '10:19:01', '2014-01-28 10:29:43'),
(436, 11, 409, 0, 0, '0.00', '2013-12-30', '10:19:01', '2014-01-28 10:29:43'),
(437, 11, 410, 0, 0, '0.00', '2013-12-30', '10:19:01', '2014-01-28 10:29:43'),
(438, 11, 411, 0, 0, '0.00', '2013-12-30', '10:19:01', '2014-01-28 10:29:43'),
(439, 11, 412, 0, 0, '0.00', '2013-12-30', '10:19:01', '2014-01-28 10:29:43'),
(440, 11, 413, 0, 0, '0.00', '2013-12-30', '10:19:01', '2014-01-28 10:29:43'),
(441, 11, 414, 0, 0, '0.00', '2013-12-30', '10:19:01', '2014-01-28 10:29:43'),
(442, 11, 415, 0, 0, '0.00', '2013-12-30', '10:19:01', '2014-01-28 10:29:43'),
(443, 11, 416, 0, 0, '0.00', '2013-12-30', '10:19:01', '2014-01-28 10:29:43'),
(444, 11, 417, 0, 0, '0.00', '2013-12-30', '10:19:01', '2014-01-28 10:29:43'),
(445, 11, 418, 0, 0, '0.00', '2013-12-30', '10:19:01', '2014-01-28 10:29:43'),
(446, 11, 419, 0, 0, '0.00', '2013-12-30', '10:19:01', '2014-01-28 10:29:43'),
(447, 11, 420, 0, 0, '0.00', '2013-12-30', '10:19:01', '2014-01-28 10:29:43'),
(448, 11, 421, 0, 0, '0.00', '2013-12-30', '10:19:01', '2014-01-28 10:29:43'),
(449, 11, 422, 0, 0, '0.00', '2013-12-30', '10:19:01', '2014-01-28 10:29:43'),
(450, 11, 423, 0, 0, '0.00', '2013-12-30', '10:19:01', '2014-01-28 10:29:43'),
(451, 11, 424, 0, 0, '0.00', '2013-12-30', '10:19:01', '2014-01-28 10:29:43'),
(452, 11, 425, 0, 0, '0.00', '2013-12-30', '10:19:01', '2014-01-28 10:29:43'),
(453, 11, 426, 0, 0, '0.00', '2013-12-30', '10:19:01', '2014-01-28 10:29:43'),
(454, 11, 427, 0, 0, '0.00', '2013-12-30', '10:19:01', '2014-01-28 10:29:43'),
(455, 11, 428, 0, 0, '0.00', '2013-12-30', '10:19:01', '2014-01-28 10:29:43'),
(456, 11, 429, 0, 0, '0.00', '2013-12-30', '10:19:01', '2014-01-28 10:29:43'),
(457, 11, 430, 0, 0, '0.00', '2013-12-30', '10:19:01', '2014-01-28 10:29:43'),
(458, 11, 431, 0, 0, '0.00', '2013-12-30', '10:19:01', '2014-01-28 10:29:43'),
(459, 11, 432, 0, 0, '0.00', '2013-12-30', '10:19:01', '2014-01-28 10:29:43'),
(460, 11, 433, 0, 0, '0.00', '2013-12-30', '10:19:01', '2014-01-28 10:29:43'),
(461, 11, 434, 0, 0, '0.00', '2013-12-30', '10:19:01', '2014-01-28 10:29:43'),
(462, 11, 435, 0, 0, '0.00', '2013-12-30', '10:19:01', '2014-01-28 10:29:43'),
(463, 11, 436, 0, 0, '0.00', '2013-12-30', '10:19:01', '2014-01-28 10:29:43'),
(464, 11, 437, 0, 0, '0.00', '2013-12-30', '10:19:01', '2014-01-28 10:29:43'),
(465, 11, 438, 0, 0, '0.00', '2013-12-30', '10:19:01', '2014-01-28 10:29:43'),
(466, 11, 439, 0, 0, '0.00', '2013-12-30', '10:19:01', '2014-01-28 10:29:43'),
(467, 11, 440, 0, 0, '0.00', '2013-12-30', '10:19:01', '2014-01-28 10:29:43'),
(468, 11, 441, 0, 0, '0.00', '2013-12-30', '10:19:01', '2014-01-28 10:29:43'),
(469, 11, 442, 0, 0, '0.00', '2013-12-30', '10:19:01', '2014-01-28 10:29:43'),
(470, 11, 443, 0, 0, '0.00', '2013-12-30', '10:19:01', '2014-01-28 10:29:43'),
(471, 11, 444, 0, 0, '0.00', '2013-12-30', '10:19:01', '2014-01-28 10:29:43'),
(472, 11, 445, 0, 0, '0.00', '2013-12-30', '10:19:01', '2014-01-28 10:29:43'),
(473, 11, 446, 0, 0, '0.00', '2013-12-30', '10:19:01', '2014-01-28 10:29:43'),
(474, 11, 447, 0, 0, '0.00', '2013-12-30', '10:19:01', '2014-01-28 10:29:43'),
(475, 11, 448, 0, 0, '0.00', '2013-12-30', '10:19:01', '2014-01-28 10:29:43'),
(476, 11, 449, 0, 0, '0.00', '2013-12-30', '10:19:01', '2014-01-28 10:29:43'),
(477, 11, 450, 0, 0, '0.00', '2013-12-30', '10:19:01', '2014-01-28 10:29:43'),
(478, 11, 451, 0, 0, '0.00', '2013-12-30', '10:19:01', '2014-01-28 10:29:43'),
(479, 11, 452, 0, 0, '0.00', '2013-12-30', '10:19:01', '2014-01-28 10:29:43'),
(480, 11, 453, 0, 0, '0.00', '2013-12-30', '10:19:01', '2014-01-28 10:29:43'),
(481, 11, 454, 0, 0, '0.00', '2013-12-30', '10:19:01', '2014-01-28 10:29:43'),
(482, 11, 455, 0, 0, '0.00', '2013-12-30', '10:19:01', '2014-01-28 10:29:43'),
(483, 11, 456, 0, 0, '0.00', '2013-12-30', '10:19:01', '2014-01-28 10:29:43'),
(484, 11, 457, 0, 0, '0.00', '2013-12-30', '10:19:01', '2014-01-28 10:29:43'),
(485, 11, 458, 0, 0, '0.00', '2013-12-30', '10:19:01', '2014-01-28 10:29:43'),
(486, 11, 459, 0, 0, '0.00', '2013-12-30', '10:19:01', '2014-01-28 10:29:43'),
(487, 11, 460, 0, 0, '0.00', '2013-12-30', '10:19:01', '2014-01-28 10:29:43'),
(488, 11, 461, 0, 0, '0.00', '2013-12-30', '10:19:01', '2014-01-28 10:29:43'),
(489, 11, 462, 0, 0, '0.00', '2013-12-30', '10:19:01', '2014-01-28 10:29:43'),
(490, 11, 463, 0, 0, '0.00', '2013-12-30', '10:19:01', '2014-01-28 10:29:43'),
(491, 11, 464, 0, 0, '0.00', '2013-12-30', '10:19:01', '2014-01-28 10:29:43'),
(492, 11, 465, 0, 0, '0.00', '2013-12-30', '10:19:01', '2014-01-28 10:29:43'),
(493, 11, 466, 0, 0, '0.00', '2013-12-30', '10:19:01', '2014-01-28 10:29:43'),
(494, 11, 467, 0, 0, '0.00', '2013-12-30', '10:19:01', '2014-01-28 10:29:43'),
(495, 11, 468, 0, 0, '0.00', '2013-12-30', '10:19:01', '2014-01-28 10:29:43'),
(496, 11, 469, 0, 0, '0.00', '2013-12-30', '10:19:01', '2014-01-28 10:29:43'),
(497, 11, 470, 0, 0, '0.00', '2013-12-30', '10:19:01', '2014-01-28 10:29:43'),
(498, 11, 471, 0, 0, '0.00', '2013-12-30', '10:19:01', '2014-01-28 10:29:43'),
(499, 11, 472, 0, 0, '0.00', '2013-12-30', '10:19:01', '2014-01-28 10:29:43'),
(500, 11, 473, 0, 0, '0.00', '2013-12-30', '10:19:01', '2014-01-28 10:29:43'),
(501, 11, 474, 0, 0, '0.00', '2013-12-30', '10:19:01', '2014-01-28 10:29:43'),
(502, 11, 475, 0, 0, '0.00', '2013-12-30', '10:19:01', '2014-01-28 10:29:43'),
(503, 11, 476, 0, 0, '0.00', '2013-12-30', '10:19:01', '2014-01-28 10:29:43'),
(504, 11, 477, 0, 0, '0.00', '2013-12-30', '10:19:01', '2014-01-28 10:29:43'),
(505, 11, 478, 0, 0, '0.00', '2013-12-30', '10:19:01', '2014-01-28 10:29:43'),
(506, 11, 479, 0, 0, '0.00', '2013-12-30', '10:19:01', '2014-01-28 10:29:43'),
(507, 11, 480, 0, 0, '0.00', '2013-12-30', '10:19:01', '2014-01-28 10:29:43'),
(508, 11, 481, 0, 0, '0.00', '2013-12-30', '10:19:01', '2014-01-28 10:29:43'),
(509, 11, 482, 0, 0, '0.00', '2013-12-30', '10:19:01', '2014-01-28 10:29:43'),
(510, 11, 483, 0, 0, '0.00', '2013-12-30', '10:19:02', '2014-01-28 10:29:43'),
(511, 11, 484, 0, 0, '0.00', '2013-12-30', '10:19:02', '2014-01-28 10:29:43'),
(512, 11, 485, 0, 0, '0.00', '2013-12-30', '10:19:02', '2014-01-28 10:29:43'),
(513, 11, 486, 0, 0, '0.00', '2013-12-30', '10:19:02', '2014-01-28 10:29:43'),
(514, 11, 487, 0, 0, '0.00', '2013-12-30', '10:19:02', '2014-01-28 10:29:43'),
(515, 11, 488, 0, 0, '0.00', '2013-12-30', '10:19:02', '2014-01-28 10:29:43'),
(516, 11, 489, 0, 0, '0.00', '2013-12-30', '10:19:02', '2014-01-28 10:29:43'),
(517, 11, 490, 0, 0, '0.00', '2013-12-30', '10:19:02', '2014-01-28 10:29:43'),
(518, 11, 491, 0, 0, '0.00', '2013-12-30', '10:19:02', '2014-01-28 10:29:43'),
(519, 11, 492, 0, 0, '0.00', '2013-12-30', '10:19:02', '2014-01-28 10:29:43'),
(520, 11, 493, 0, 0, '0.00', '2013-12-30', '10:19:02', '2014-01-28 10:29:43'),
(521, 11, 494, 0, 0, '0.00', '2013-12-30', '10:19:02', '2014-01-28 10:29:43'),
(522, 11, 495, 0, 0, '0.00', '2013-12-30', '10:19:02', '2014-01-28 10:29:43'),
(523, 11, 496, 0, 0, '0.00', '2013-12-30', '10:19:02', '2014-01-28 10:29:43'),
(524, 11, 497, 0, 0, '0.00', '2013-12-30', '10:19:02', '2014-01-28 10:29:43'),
(525, 11, 498, 0, 0, '0.00', '2013-12-30', '10:19:02', '2014-01-28 10:29:43'),
(526, 11, 499, 0, 0, '0.00', '2013-12-30', '10:19:02', '2014-01-28 10:29:43'),
(527, 11, 500, 0, 0, '0.00', '2013-12-30', '10:19:02', '2014-01-28 10:29:43'),
(528, 11, 501, 0, 0, '0.00', '2013-12-30', '10:19:02', '2014-01-28 10:29:43'),
(529, 11, 502, 0, 0, '0.00', '2013-12-30', '10:19:02', '2014-01-28 10:29:43'),
(530, 11, 503, 0, 0, '0.00', '2013-12-30', '10:19:02', '2014-01-28 10:29:43'),
(531, 11, 504, 0, 0, '0.00', '2013-12-30', '10:19:02', '2014-01-28 10:29:43'),
(532, 11, 505, 0, 0, '0.00', '2013-12-30', '10:19:02', '2014-01-28 10:29:43'),
(533, 11, 506, 0, 0, '0.00', '2013-12-30', '10:19:02', '2014-01-28 10:29:43'),
(534, 11, 507, 0, 0, '0.00', '2013-12-30', '10:19:02', '2014-01-28 10:29:43'),
(535, 11, 508, 0, 0, '0.00', '2013-12-30', '10:19:02', '2014-01-28 10:29:43'),
(536, 11, 509, 0, 0, '0.00', '2013-12-30', '10:19:02', '2014-01-28 10:29:43'),
(537, 11, 510, 0, 0, '0.00', '2013-12-30', '10:19:02', '2014-01-28 10:29:43'),
(538, 11, 511, 0, 0, '0.00', '2013-12-30', '10:19:02', '2014-01-28 10:29:43'),
(539, 11, 512, 0, 0, '0.00', '2013-12-30', '10:19:02', '2014-01-28 10:29:43'),
(540, 11, 513, 0, 0, '0.00', '2013-12-30', '10:19:02', '2014-01-28 10:29:43'),
(541, 11, 514, 0, 0, '0.00', '2013-12-30', '10:19:02', '2014-01-28 10:29:43'),
(542, 11, 515, 0, 0, '0.00', '2013-12-30', '10:19:02', '2014-01-28 10:29:43'),
(543, 11, 516, 0, 0, '0.00', '2013-12-30', '10:19:02', '2014-01-28 10:29:43'),
(544, 11, 517, 0, 0, '0.00', '2013-12-30', '10:19:02', '2014-01-28 10:29:43'),
(545, 11, 518, 0, 0, '0.00', '2013-12-30', '10:19:02', '2014-01-28 10:29:43'),
(546, 11, 519, 0, 0, '0.00', '2013-12-30', '10:19:02', '2014-01-28 10:29:43'),
(547, 11, 520, 0, 0, '0.00', '2013-12-30', '10:19:02', '2014-01-28 10:29:43'),
(548, 11, 521, 0, 0, '0.00', '2013-12-30', '10:19:02', '2014-01-28 10:29:43'),
(549, 11, 522, 0, 0, '0.00', '2013-12-30', '10:19:02', '2014-01-28 10:29:43'),
(550, 11, 523, 0, 0, '0.00', '2013-12-30', '10:19:02', '2014-01-28 10:29:43'),
(551, 11, 524, 0, 0, '0.00', '2013-12-30', '10:19:02', '2014-01-28 10:29:43'),
(552, 11, 525, 0, 0, '0.00', '2013-12-30', '10:19:02', '2014-01-28 10:29:43'),
(553, 11, 526, 0, 0, '0.00', '2013-12-30', '10:19:02', '2014-01-28 10:29:43'),
(554, 11, 527, 0, 0, '0.00', '2013-12-30', '10:19:02', '2014-01-28 10:29:43'),
(555, 11, 528, 0, 0, '0.00', '2013-12-30', '10:19:02', '2014-01-28 10:29:43'),
(556, 11, 529, 0, 0, '0.00', '2013-12-30', '10:19:02', '2014-01-28 10:29:43'),
(557, 11, 530, 0, 0, '0.00', '2013-12-30', '10:19:02', '2014-01-28 10:29:43'),
(558, 11, 531, 0, 0, '0.00', '2013-12-30', '10:19:02', '2014-01-28 10:29:43'),
(559, 11, 532, 0, 0, '0.00', '2013-12-30', '10:19:02', '2014-01-28 10:29:43'),
(560, 11, 533, 0, 0, '0.00', '2013-12-30', '10:19:02', '2014-01-28 10:29:43'),
(561, 11, 534, 0, 0, '0.00', '2013-12-30', '10:19:02', '2014-01-28 10:29:43'),
(562, 11, 535, 0, 0, '0.00', '2013-12-30', '10:19:02', '2014-01-28 10:29:43'),
(563, 11, 536, 0, 0, '0.00', '2013-12-30', '10:19:02', '2014-01-28 10:29:43'),
(564, 11, 537, 0, 0, '0.00', '2013-12-30', '10:19:02', '2014-01-28 10:29:43'),
(565, 11, 538, 0, 0, '0.00', '2013-12-30', '10:19:02', '2014-01-28 10:29:43'),
(566, 11, 539, 0, 0, '0.00', '2013-12-30', '10:19:02', '2014-01-28 10:29:43'),
(567, 11, 540, 0, 0, '0.00', '2013-12-30', '10:19:02', '2014-01-28 10:29:43'),
(568, 11, 541, 0, 0, '0.00', '2013-12-30', '10:19:02', '2014-01-28 10:29:43'),
(569, 11, 542, 0, 0, '0.00', '2013-12-30', '10:19:02', '2014-01-28 10:29:43'),
(570, 11, 543, 0, 0, '0.00', '2013-12-30', '10:19:02', '2014-01-28 10:29:43'),
(571, 11, 544, 0, 0, '0.00', '2013-12-30', '10:19:02', '2014-01-28 10:29:43'),
(572, 11, 545, 0, 0, '0.00', '2013-12-30', '10:19:02', '2014-01-28 10:29:43'),
(573, 11, 546, 0, 0, '0.00', '2013-12-30', '10:19:02', '2014-01-28 10:29:43'),
(574, 11, 547, 0, 0, '0.00', '2013-12-30', '10:19:02', '2014-01-28 10:29:43'),
(575, 11, 548, 0, 0, '0.00', '2013-12-30', '10:19:02', '2014-01-28 10:29:43'),
(576, 11, 549, 0, 0, '0.00', '2013-12-30', '10:19:02', '2014-01-28 10:29:43'),
(577, 11, 550, 0, 0, '0.00', '2013-12-30', '10:19:02', '2014-01-28 10:29:43'),
(578, 11, 551, 0, 0, '0.00', '2013-12-30', '10:19:02', '2014-01-28 10:29:43'),
(579, 11, 552, 0, 0, '0.00', '2013-12-30', '10:19:02', '2014-01-28 10:29:43'),
(580, 11, 553, 0, 0, '0.00', '2013-12-30', '10:19:02', '2014-01-28 10:29:43'),
(581, 11, 554, 0, 0, '0.00', '2013-12-30', '10:19:02', '2014-01-28 10:29:43'),
(582, 11, 555, 0, 0, '0.00', '2013-12-30', '10:19:02', '2014-01-28 10:29:43'),
(583, 11, 556, 0, 0, '0.00', '2013-12-30', '10:19:02', '2014-01-28 10:29:43'),
(584, 11, 557, 0, 0, '0.00', '2013-12-30', '10:19:02', '2014-01-28 10:29:43'),
(585, 11, 558, 0, 0, '0.00', '2013-12-30', '10:19:02', '2014-01-28 10:29:43'),
(586, 11, 559, 0, 0, '0.00', '2013-12-30', '10:19:02', '2014-01-28 10:29:43'),
(587, 11, 560, 0, 0, '0.00', '2013-12-30', '10:19:02', '2014-01-28 10:29:43'),
(588, 11, 561, 0, 0, '0.00', '2013-12-30', '10:19:02', '2014-01-28 10:29:43'),
(589, 11, 562, 0, 0, '0.00', '2013-12-30', '10:19:02', '2014-01-28 10:29:43'),
(590, 11, 563, 0, 0, '0.00', '2013-12-30', '10:19:02', '2014-01-28 10:29:43'),
(591, 11, 564, 0, 0, '0.00', '2013-12-30', '10:19:02', '2014-01-28 10:29:43'),
(592, 11, 565, 0, 0, '0.00', '2013-12-30', '10:19:02', '2014-01-28 10:29:43'),
(593, 11, 566, 0, 0, '0.00', '2013-12-30', '10:19:02', '2014-01-28 10:29:43'),
(594, 11, 567, 0, 0, '0.00', '2013-12-30', '10:19:02', '2014-01-28 10:29:43'),
(595, 11, 568, 0, 0, '0.00', '2013-12-30', '10:19:02', '2014-01-28 10:29:43'),
(596, 11, 569, 0, 0, '0.00', '2013-12-30', '10:19:02', '2014-01-28 10:29:43'),
(597, 11, 570, 0, 0, '0.00', '2013-12-30', '10:19:02', '2014-01-28 10:29:43'),
(598, 11, 571, 0, 0, '0.00', '2013-12-30', '10:19:02', '2014-01-28 10:29:43'),
(599, 11, 572, 0, 0, '0.00', '2013-12-30', '10:19:02', '2014-01-28 10:29:43'),
(600, 11, 573, 0, 0, '0.00', '2013-12-30', '10:19:02', '2014-01-28 10:29:43'),
(601, 11, 574, 0, 0, '0.00', '2013-12-30', '10:19:02', '2014-01-28 10:29:43'),
(602, 11, 575, 0, 0, '0.00', '2013-12-30', '10:19:02', '2014-01-28 10:29:43'),
(603, 11, 576, 0, 0, '0.00', '2013-12-30', '10:19:02', '2014-01-28 10:29:43'),
(604, 11, 577, 0, 0, '0.00', '2013-12-30', '10:19:02', '2014-01-28 10:29:43'),
(605, 11, 578, 0, 0, '0.00', '2013-12-30', '10:19:02', '2014-01-28 10:29:43'),
(606, 11, 579, 0, 0, '0.00', '2013-12-30', '10:19:02', '2014-01-28 10:29:43'),
(607, 11, 580, 0, 0, '0.00', '2013-12-30', '10:19:02', '2014-01-28 10:29:43'),
(608, 11, 581, 0, 0, '0.00', '2013-12-30', '10:19:02', '2014-01-28 10:29:43'),
(609, 11, 582, 0, 0, '0.00', '2013-12-30', '10:19:02', '2014-01-28 10:29:43'),
(610, 11, 583, 0, 0, '0.00', '2013-12-30', '10:19:02', '2014-01-28 10:29:43'),
(611, 11, 584, 0, 0, '0.00', '2013-12-30', '10:19:02', '2014-01-28 10:29:43'),
(612, 11, 585, 0, 0, '0.00', '2013-12-30', '10:19:02', '2014-01-28 10:29:43'),
(613, 11, 586, 0, 0, '0.00', '2013-12-30', '10:19:02', '2014-01-28 10:29:43'),
(614, 11, 587, 0, 0, '0.00', '2013-12-30', '10:19:02', '2014-01-28 10:29:43'),
(615, 11, 588, 0, 0, '0.00', '2013-12-30', '10:19:02', '2014-01-28 10:29:43'),
(616, 11, 589, 0, 0, '0.00', '2013-12-30', '10:19:02', '2014-01-28 10:29:43'),
(617, 11, 590, 0, 0, '0.00', '2013-12-30', '10:19:02', '2014-01-28 10:29:43'),
(618, 11, 591, 0, 0, '0.00', '2013-12-30', '10:19:02', '2014-01-28 10:29:43'),
(619, 11, 592, 0, 0, '0.00', '2013-12-30', '10:19:02', '2014-01-28 10:29:43'),
(620, 11, 593, 0, 0, '0.00', '2013-12-30', '10:19:02', '2014-01-28 10:29:43'),
(621, 11, 594, 0, 0, '0.00', '2013-12-30', '10:19:02', '2014-01-28 10:29:43'),
(622, 11, 595, 0, 0, '0.00', '2013-12-30', '10:19:02', '2014-01-28 10:29:43'),
(623, 11, 596, 0, 0, '0.00', '2013-12-30', '10:19:02', '2014-01-28 10:29:43'),
(624, 11, 597, 0, 0, '0.00', '2013-12-30', '10:19:02', '2014-01-28 10:29:43'),
(625, 11, 598, 0, 0, '0.00', '2013-12-30', '10:19:02', '2014-01-28 10:29:43'),
(626, 11, 599, 0, 0, '0.00', '2013-12-30', '10:19:02', '2014-01-28 10:29:43'),
(627, 11, 600, 0, 0, '0.00', '2013-12-30', '10:19:02', '2014-01-28 10:29:43'),
(628, 11, 601, 0, 0, '0.00', '2013-12-30', '10:19:02', '2014-01-28 10:29:43'),
(629, 11, 602, 0, 0, '0.00', '2013-12-30', '10:19:02', '2014-01-28 10:29:43'),
(630, 11, 603, 0, 0, '0.00', '2013-12-30', '10:19:02', '2014-01-28 10:29:43'),
(631, 11, 604, 0, 0, '0.00', '2013-12-30', '10:19:02', '2014-01-28 10:29:43'),
(632, 11, 605, 0, 0, '0.00', '2013-12-30', '10:19:02', '2014-01-28 10:29:43'),
(633, 11, 606, 0, 0, '0.00', '2013-12-30', '10:19:02', '2014-01-28 10:29:43'),
(634, 11, 607, 0, 0, '0.00', '2013-12-30', '10:19:02', '2014-01-28 10:29:43'),
(635, 11, 608, 0, 0, '0.00', '2013-12-30', '10:19:02', '2014-01-28 10:29:43'),
(636, 11, 609, 0, 0, '0.00', '2013-12-30', '10:19:02', '2014-01-28 10:29:43'),
(637, 11, 610, 0, 0, '0.00', '2013-12-30', '10:19:02', '2014-01-28 10:29:43'),
(638, 11, 611, 0, 0, '0.00', '2013-12-30', '10:19:02', '2014-01-28 10:29:43'),
(639, 11, 612, 0, 0, '0.00', '2013-12-30', '10:19:02', '2014-01-28 10:29:43'),
(640, 11, 613, 0, 0, '0.00', '2013-12-30', '10:19:02', '2014-01-28 10:29:43'),
(641, 11, 614, 0, 0, '0.00', '2013-12-30', '10:19:02', '2014-01-28 10:29:43'),
(642, 11, 615, 0, 0, '0.00', '2013-12-30', '10:19:02', '2014-01-28 10:29:43'),
(643, 11, 616, 0, 0, '0.00', '2013-12-30', '10:19:02', '2014-01-28 10:29:43'),
(644, 11, 617, 0, 0, '0.00', '2013-12-30', '10:19:02', '2014-01-28 10:29:43'),
(645, 11, 618, 0, 0, '0.00', '2013-12-30', '10:19:02', '2014-01-28 10:29:43'),
(646, 11, 619, 0, 0, '0.00', '2013-12-30', '10:19:02', '2014-01-28 10:29:43'),
(647, 11, 620, 0, 0, '0.00', '2013-12-30', '10:19:02', '2014-01-28 10:29:43'),
(648, 11, 621, 0, 0, '0.00', '2013-12-30', '10:19:02', '2014-01-28 10:29:43'),
(649, 11, 622, 0, 0, '0.00', '2013-12-30', '10:19:02', '2014-01-28 10:29:43'),
(650, 11, 623, 0, 0, '0.00', '2013-12-30', '10:19:02', '2014-01-28 10:29:43'),
(651, 11, 624, 0, 0, '0.00', '2013-12-30', '10:19:02', '2014-01-28 10:29:43'),
(652, 11, 625, 0, 0, '0.00', '2013-12-30', '10:19:02', '2014-01-28 10:29:43'),
(653, 11, 626, 0, 0, '0.00', '2013-12-30', '10:19:02', '2014-01-28 10:29:43'),
(654, 11, 627, 0, 0, '0.00', '2013-12-30', '10:19:02', '2014-01-28 10:29:43'),
(655, 11, 628, 0, 0, '0.00', '2013-12-30', '10:19:02', '2014-01-28 10:29:43'),
(656, 11, 629, 0, 0, '0.00', '2013-12-30', '10:19:02', '2014-01-28 10:29:43'),
(657, 11, 630, 0, 0, '0.00', '2013-12-30', '10:19:02', '2014-01-28 10:29:43'),
(658, 11, 631, 0, 0, '0.00', '2013-12-30', '10:19:02', '2014-01-28 10:29:43'),
(659, 11, 632, 0, 0, '0.00', '2013-12-30', '10:19:02', '2014-01-28 10:29:43'),
(660, 11, 633, 0, 0, '0.00', '2013-12-30', '10:19:02', '2014-01-28 10:29:43'),
(661, 11, 634, 0, 0, '0.00', '2013-12-30', '10:19:02', '2014-01-28 10:29:43'),
(662, 11, 635, 0, 0, '0.00', '2013-12-30', '10:19:02', '2014-01-28 10:29:43'),
(663, 11, 636, 0, 0, '0.00', '2013-12-30', '10:19:02', '2014-01-28 10:29:43'),
(664, 11, 637, 0, 0, '0.00', '2013-12-30', '10:19:02', '2014-01-28 10:29:43'),
(665, 11, 638, 0, 0, '0.00', '2013-12-30', '10:19:02', '2014-01-28 10:29:43'),
(666, 11, 639, 0, 0, '0.00', '2013-12-30', '10:19:02', '2014-01-28 10:29:43'),
(667, 11, 640, 0, 0, '0.00', '2013-12-30', '10:19:02', '2014-01-28 10:29:43'),
(668, 11, 641, 0, 0, '0.00', '2013-12-30', '10:19:02', '2014-01-28 10:29:43'),
(669, 11, 642, 0, 0, '0.00', '2013-12-30', '10:19:02', '2014-01-28 10:29:43'),
(670, 11, 643, 0, 0, '0.00', '2013-12-30', '10:19:02', '2014-01-28 10:29:43'),
(671, 11, 644, 0, 0, '0.00', '2013-12-30', '10:19:02', '2014-01-28 10:29:43'),
(672, 11, 645, 0, 0, '0.00', '2013-12-30', '10:19:02', '2014-01-28 10:29:43'),
(673, 11, 646, 0, 0, '0.00', '2013-12-30', '10:19:02', '2014-01-28 10:29:43'),
(674, 11, 647, 0, 0, '0.00', '2013-12-30', '10:19:02', '2014-01-28 10:29:43'),
(675, 11, 648, 0, 0, '0.00', '2013-12-30', '10:19:02', '2014-01-28 10:29:43');
INSERT INTO `tbl_good_received_products` (`id_good_received_products`, `id_good_received`, `id_products`, `received_qty`, `act_rec_qty`, `product_discount`, `added_date`, `added_time`, `added_timestamp`) VALUES
(676, 11, 649, 0, 0, '0.00', '2013-12-30', '10:19:02', '2014-01-28 10:29:43'),
(677, 11, 650, 0, 0, '0.00', '2013-12-30', '10:19:02', '2014-01-28 10:29:43'),
(678, 11, 651, 0, 0, '0.00', '2013-12-30', '10:19:02', '2014-01-28 10:29:43'),
(679, 11, 652, 0, 0, '0.00', '2013-12-30', '10:19:02', '2014-01-28 10:29:43'),
(680, 11, 653, 0, 0, '0.00', '2013-12-30', '10:19:02', '2014-01-28 10:29:43'),
(681, 11, 654, 0, 0, '0.00', '2013-12-30', '10:19:02', '2014-01-28 10:29:43'),
(682, 11, 655, 0, 0, '0.00', '2013-12-30', '10:19:02', '2014-01-28 10:29:43'),
(683, 11, 656, 0, 0, '0.00', '2013-12-30', '10:19:02', '2014-01-28 10:29:43'),
(684, 11, 657, 0, 0, '0.00', '2013-12-30', '10:19:02', '2014-01-28 10:29:43'),
(685, 11, 658, 0, 0, '0.00', '2013-12-30', '10:19:02', '2014-01-28 10:29:43'),
(686, 11, 659, 0, 0, '0.00', '2013-12-30', '10:19:02', '2014-01-28 10:29:43'),
(687, 11, 660, 0, 0, '0.00', '2013-12-30', '10:19:02', '2014-01-28 10:29:43'),
(688, 11, 661, 0, 0, '0.00', '2013-12-30', '10:19:02', '2014-01-28 10:29:43'),
(689, 11, 662, 0, 0, '0.00', '2013-12-30', '10:19:02', '2014-01-28 10:29:43'),
(690, 11, 663, 0, 0, '0.00', '2013-12-30', '10:19:02', '2014-01-28 10:29:43'),
(691, 11, 664, 0, 0, '0.00', '2013-12-30', '10:19:02', '2014-01-28 10:29:43'),
(692, 11, 665, 0, 0, '0.00', '2013-12-30', '10:19:02', '2014-01-28 10:29:43'),
(693, 11, 666, 0, 0, '0.00', '2013-12-30', '10:19:02', '2014-01-28 10:29:43'),
(694, 11, 667, 0, 0, '0.00', '2013-12-30', '10:19:02', '2014-01-28 10:29:43'),
(695, 11, 668, 0, 0, '0.00', '2013-12-30', '10:19:02', '2014-01-28 10:29:43'),
(696, 11, 669, 0, 0, '0.00', '2013-12-30', '10:19:02', '2014-01-28 10:29:43'),
(697, 11, 670, 0, 0, '0.00', '2013-12-30', '10:19:02', '2014-01-28 10:29:43'),
(698, 11, 671, 0, 0, '0.00', '2013-12-30', '10:19:02', '2014-01-28 10:29:43'),
(699, 11, 672, 0, 0, '0.00', '2013-12-30', '10:19:02', '2014-01-28 10:29:43'),
(700, 11, 673, 0, 0, '0.00', '2013-12-30', '10:19:02', '2014-01-28 10:29:43'),
(701, 11, 674, 0, 0, '0.00', '2013-12-30', '10:19:02', '2014-01-28 10:29:43'),
(702, 11, 675, 0, 0, '0.00', '2013-12-30', '10:19:02', '2014-01-28 10:29:43'),
(703, 11, 676, 0, 0, '0.00', '2013-12-30', '10:19:02', '2014-01-28 10:29:43'),
(704, 11, 677, 0, 0, '0.00', '2013-12-30', '10:19:02', '2014-01-28 10:29:43'),
(705, 11, 678, 0, 0, '0.00', '2013-12-30', '10:19:02', '2014-01-28 10:29:43'),
(706, 11, 679, 0, 0, '0.00', '2013-12-30', '10:19:02', '2014-01-28 10:29:43'),
(707, 11, 680, 0, 0, '0.00', '2013-12-30', '10:19:02', '2014-01-28 10:29:43'),
(708, 11, 681, 0, 0, '0.00', '2013-12-30', '10:19:02', '2014-01-28 10:29:43'),
(709, 11, 682, 0, 0, '0.00', '2013-12-30', '10:19:02', '2014-01-28 10:29:43'),
(710, 11, 683, 0, 0, '0.00', '2013-12-30', '10:19:02', '2014-01-28 10:29:43'),
(711, 11, 684, 0, 0, '0.00', '2013-12-30', '10:19:02', '2014-01-28 10:29:43'),
(712, 11, 685, 0, 0, '0.00', '2013-12-30', '10:19:02', '2014-01-28 10:29:43'),
(713, 11, 686, 0, 0, '0.00', '2013-12-30', '10:19:02', '2014-01-28 10:29:43'),
(714, 11, 687, 0, 0, '0.00', '2013-12-30', '10:19:02', '2014-01-28 10:29:43'),
(715, 11, 688, 0, 0, '0.00', '2013-12-30', '10:19:02', '2014-01-28 10:29:43'),
(716, 11, 689, 0, 0, '0.00', '2013-12-30', '10:19:02', '2014-01-28 10:29:43'),
(717, 11, 690, 0, 0, '0.00', '2013-12-30', '10:19:02', '2014-01-28 10:29:43'),
(718, 11, 691, 0, 0, '0.00', '2013-12-30', '10:19:02', '2014-01-28 10:29:43'),
(719, 11, 692, 0, 0, '0.00', '2013-12-30', '10:19:02', '2014-01-28 10:29:43'),
(720, 11, 693, 0, 0, '0.00', '2013-12-30', '10:19:02', '2014-01-28 10:29:43'),
(721, 11, 694, 0, 0, '0.00', '2013-12-30', '10:19:02', '2014-01-28 10:29:43'),
(722, 11, 695, 0, 0, '0.00', '2013-12-30', '10:19:02', '2014-01-28 10:29:43'),
(723, 11, 696, 0, 0, '0.00', '2013-12-30', '10:19:02', '2014-01-28 10:29:43'),
(724, 11, 697, 0, 0, '0.00', '2013-12-30', '10:19:02', '2014-01-28 10:29:43'),
(725, 11, 698, 0, 0, '0.00', '2013-12-30', '10:19:02', '2014-01-28 10:29:43'),
(726, 11, 699, 0, 0, '0.00', '2013-12-30', '10:19:02', '2014-01-28 10:29:43'),
(727, 11, 700, 0, 0, '0.00', '2013-12-30', '10:19:02', '2014-01-28 10:29:43'),
(728, 12, 710, 180, 180, '0.00', '2014-01-10', '09:49:31', '2014-04-08 11:25:11'),
(729, 12, 711, 119, 119, '0.00', '2014-01-10', '09:49:31', '2014-04-08 11:25:11'),
(730, 13, 486, 205, 205, '0.00', '2014-01-20', '14:16:23', '2014-04-08 11:25:11'),
(731, 14, 1, 9, 9, '0.00', '2014-01-20', '15:30:28', '2014-04-08 11:25:11'),
(732, 15, 496, 50, 50, '0.00', '2014-01-21', '12:54:34', '2014-04-08 11:25:11'),
(733, 16, 720, 8, 8, '0.00', '2014-02-03', '16:13:55', '2014-04-08 11:25:11'),
(734, 17, 497, 110, 110, '0.00', '2014-02-19', '13:51:31', '2014-04-08 11:25:11'),
(735, 17, 687, 136, 136, '0.00', '2014-02-19', '13:51:31', '2014-04-08 11:25:11'),
(736, 17, 668, 21, 21, '0.00', '2014-02-19', '13:51:31', '2014-04-08 11:25:11'),
(737, 17, 463, 18, 18, '0.00', '2014-02-19', '13:51:31', '2014-04-08 11:25:11'),
(738, 17, 509, 156, 156, '0.00', '2014-02-19', '13:51:31', '2014-04-08 11:25:11'),
(739, 17, 634, 15, 15, '0.00', '2014-02-19', '13:51:31', '2014-04-08 11:25:11'),
(740, 17, 635, 13, 13, '0.00', '2014-02-19', '13:51:31', '2014-04-08 11:25:11'),
(741, 17, 641, 57, 57, '0.00', '2014-02-19', '13:51:31', '2014-04-08 11:25:11'),
(742, 17, 688, 113, 113, '0.00', '2014-02-19', '13:51:31', '2014-04-08 11:25:11'),
(743, 17, 661, 15, 15, '0.00', '2014-02-19', '13:51:31', '2014-04-08 11:25:11'),
(744, 17, 637, 54, 54, '0.00', '2014-02-19', '13:51:31', '2014-04-08 11:25:11'),
(745, 17, 478, 21, 21, '0.00', '2014-02-19', '13:51:31', '2014-04-08 11:25:11'),
(746, 17, 720, 41, 41, '0.00', '2014-02-19', '13:51:31', '2014-04-08 11:25:11'),
(747, 17, 485, 86, 86, '0.00', '2014-02-19', '13:51:31', '2014-04-08 11:25:11'),
(748, 17, 611, 7, 7, '0.00', '2014-02-19', '13:51:31', '2014-04-08 11:25:11'),
(749, 17, 474, 180, 180, '0.00', '2014-02-19', '13:51:31', '2014-04-08 11:25:11'),
(750, 17, 182, 585, 585, '0.00', '2014-02-19', '13:51:31', '2014-04-08 11:25:11'),
(751, 18, 473, 73, 73, '0.00', '2014-02-19', '13:51:40', '2014-04-08 11:25:11'),
(752, 18, 590, 43, 43, '0.00', '2014-02-19', '13:51:40', '2014-04-08 11:25:11'),
(753, 18, 486, 95, 95, '0.00', '2014-02-19', '13:51:40', '2014-04-08 11:25:11'),
(754, 18, 614, 34, 34, '0.00', '2014-02-19', '13:51:40', '2014-04-08 11:25:11'),
(755, 18, 676, 160, 160, '0.00', '2014-02-19', '13:51:40', '2014-04-08 11:25:11'),
(756, 18, 673, 28, 28, '0.00', '2014-02-19', '13:51:40', '2014-04-08 11:25:11'),
(757, 18, 674, 70, 70, '0.00', '2014-02-19', '13:51:40', '2014-04-08 11:25:11'),
(758, 18, 671, 135, 135, '0.00', '2014-02-19', '13:51:40', '2014-04-08 11:25:11'),
(759, 18, 618, 88, 88, '0.00', '2014-02-19', '13:51:40', '2014-04-08 11:25:11'),
(760, 18, 701, 205, 205, '0.00', '2014-02-19', '13:51:40', '2014-04-08 11:25:11'),
(761, 18, 710, 103, 103, '0.00', '2014-02-19', '13:51:40', '2014-04-08 11:25:11'),
(762, 18, 711, 41, 41, '0.00', '2014-02-19', '13:51:40', '2014-04-08 11:25:11'),
(763, 19, 694, 110, 110, '0.00', '2014-02-19', '15:19:11', '2014-04-08 11:25:11'),
(764, 19, 692, 16, 16, '0.00', '2014-02-19', '15:19:11', '2014-04-08 11:25:11'),
(765, 19, 682, 53, 53, '0.00', '2014-02-19', '15:19:11', '2014-04-08 11:25:11'),
(766, 19, 493, 38, 38, '0.00', '2014-02-19', '15:19:11', '2014-04-08 11:25:11'),
(767, 19, 689, 86, 86, '0.00', '2014-02-19', '15:19:11', '2014-04-08 11:25:11'),
(768, 19, 465, 86, 86, '0.00', '2014-02-19', '15:19:11', '2014-04-08 11:25:11'),
(769, 19, 480, 564, 564, '0.00', '2014-02-19', '15:19:11', '2014-04-08 11:25:11'),
(770, 19, 630, 80, 80, '0.00', '2014-02-19', '15:19:11', '2014-04-08 11:25:11'),
(771, 19, 730, 169, 169, '0.00', '2014-02-19', '15:19:11', '2014-04-08 11:25:11'),
(772, 19, 481, 125, 125, '0.00', '2014-02-19', '15:19:11', '2014-04-08 11:25:11'),
(773, 19, 483, 280, 280, '0.00', '2014-02-19', '15:19:11', '2014-04-08 11:25:11'),
(774, 19, 470, 27, 27, '0.00', '2014-02-19', '15:19:11', '2014-04-08 11:25:11'),
(775, 19, 457, 10, 10, '0.00', '2014-02-19', '15:19:11', '2014-04-08 11:25:11'),
(776, 19, 472, 40, 40, '0.00', '2014-02-19', '15:19:11', '2014-04-08 11:25:11'),
(777, 19, 631, 127, 127, '0.00', '2014-02-19', '15:19:11', '2014-04-08 11:25:11'),
(778, 19, 686, 101, 101, '0.00', '2014-02-19', '15:19:11', '2014-04-08 11:25:11'),
(779, 19, 599, 155, 155, '0.00', '2014-02-19', '15:19:11', '2014-04-08 11:25:11'),
(780, 19, 690, 96, 96, '0.00', '2014-02-19', '15:19:11', '2014-04-08 11:25:11'),
(781, 19, 703, 113, 113, '0.00', '2014-02-19', '15:19:11', '2014-04-08 11:25:11'),
(782, 20, 8, 78, 78, '0.00', '2014-02-25', '12:48:10', '2014-04-08 11:25:11'),
(783, 20, 7, 27, 27, '0.00', '2014-02-25', '12:48:10', '2014-04-08 11:25:11'),
(784, 20, 6, 18, 18, '0.00', '2014-02-25', '12:48:10', '2014-04-08 11:25:11'),
(785, 20, 4, 28, 28, '0.00', '2014-02-25', '12:48:10', '2014-04-08 11:25:11'),
(786, 20, 5, 1, 1, '0.00', '2014-02-25', '12:48:10', '2014-04-08 11:25:11'),
(787, 20, 13, 2, 2, '0.00', '2014-02-25', '12:48:10', '2014-04-08 11:25:11'),
(788, 20, 11, 1, 1, '0.00', '2014-02-25', '12:48:10', '2014-04-08 11:25:11'),
(789, 20, 2, 2, 2, '0.00', '2014-02-25', '12:48:10', '2014-04-08 11:25:11'),
(790, 20, 14, 262, 262, '0.00', '2014-02-25', '12:48:10', '2014-04-08 11:25:11'),
(791, 20, 15, 2, 2, '0.00', '2014-02-25', '12:48:10', '2014-04-08 11:25:11'),
(792, 20, 1, 1, 1, '0.00', '2014-02-25', '12:48:10', '2014-04-08 11:25:11'),
(793, 21, 476, 180, 180, '0.00', '2014-02-26', '13:58:36', '2014-04-08 11:25:11'),
(794, 22, 487, 585, 585, '0.00', '2014-02-26', '14:14:14', '2014-04-08 11:25:11'),
(795, 22, 613, 43, 43, '0.00', '2014-02-26', '14:14:14', '2014-04-08 11:25:11'),
(796, 23, 682, 56, 56, '0.00', '2014-03-10', '10:42:07', '2014-04-08 11:25:11'),
(797, 23, 614, 138, 138, '0.00', '2014-03-10', '10:42:07', '2014-04-08 11:25:11'),
(798, 23, 469, 160, 160, '0.00', '2014-03-10', '10:42:07', '2014-04-08 11:25:11'),
(799, 23, 671, 127, 127, '0.00', '2014-03-10', '10:42:07', '2014-04-08 11:25:11'),
(800, 23, 481, 12, 12, '0.00', '2014-03-10', '10:42:07', '2014-04-08 11:25:11'),
(801, 23, 687, 150, 150, '0.00', '2014-03-10', '10:42:07', '2014-04-08 11:25:11'),
(802, 23, 612, 5, 5, '0.00', '2014-03-10', '10:42:07', '2014-04-08 11:25:11'),
(803, 23, 493, 19, 19, '0.00', '2014-03-10', '10:42:07', '2014-04-08 11:25:11'),
(804, 23, 703, 199, 199, '0.00', '2014-03-10', '10:42:07', '2014-04-08 11:25:11'),
(805, 23, 478, 16, 16, '0.00', '2014-03-10', '10:42:07', '2014-04-08 11:25:11'),
(806, 24, 686, 100, 100, '0.00', '2014-03-10', '10:42:17', '2014-04-08 11:25:11'),
(807, 24, 711, 51, 51, '0.00', '2014-03-10', '10:42:17', '2014-04-08 11:25:11'),
(808, 24, 701, 50, 50, '0.00', '2014-03-10', '10:42:17', '2014-04-08 11:25:11'),
(809, 24, 690, 265, 265, '0.00', '2014-03-10', '10:42:17', '2014-04-08 11:25:11'),
(810, 24, 688, 227, 227, '0.00', '2014-03-10', '10:42:17', '2014-04-08 11:25:11'),
(811, 24, 635, 16, 16, '0.00', '2014-03-10', '10:42:17', '2014-04-08 11:25:11'),
(812, 24, 509, 15, 15, '0.00', '2014-03-10', '10:42:17', '2014-04-08 11:25:11'),
(813, 24, 674, 10, 10, '0.00', '2014-03-10', '10:42:17', '2014-04-08 11:25:11'),
(814, 24, 634, 2, 2, '0.00', '2014-03-10', '10:42:17', '2014-04-08 11:25:11'),
(815, 24, 673, 38, 38, '0.00', '2014-03-10', '10:42:17', '2014-04-08 11:25:11'),
(816, 24, 613, 17, 17, '0.00', '2014-03-10', '10:42:17', '2014-04-08 11:25:11'),
(817, 24, 676, 16, 16, '0.00', '2014-03-10', '10:42:17', '2014-04-08 11:25:11'),
(818, 24, 631, 21, 21, '0.00', '2014-03-10', '10:42:17', '2014-04-08 11:25:11'),
(819, 24, 485, 24, 24, '0.00', '2014-03-10', '10:42:17', '2014-04-08 11:25:11'),
(820, 25, 668, 27, 27, '0.00', '2014-03-10', '14:44:45', '2014-04-08 11:25:11'),
(821, 25, 463, 6, 6, '0.00', '2014-03-10', '14:44:45', '2014-04-08 11:25:11'),
(822, 25, 599, 30, 30, '0.00', '2014-03-10', '14:44:45', '2014-04-08 11:25:11'),
(823, 25, 496, 32, 32, '0.00', '2014-03-10', '14:44:45', '2014-04-08 11:25:11'),
(824, 25, 477, 16, 16, '0.00', '2014-03-10', '14:44:45', '2014-04-08 11:25:11'),
(825, 25, 694, 51, 51, '0.00', '2014-03-10', '14:44:45', '2014-04-08 11:25:11'),
(826, 25, 678, 12, 12, '0.00', '2014-03-10', '14:44:45', '2014-04-08 11:25:11'),
(827, 26, 480, 330, 330, '0.00', '2014-03-10', '16:00:17', '2014-04-08 11:25:11'),
(828, 26, 630, 75, 75, '0.00', '2014-03-10', '16:00:17', '2014-04-08 11:25:11'),
(829, 26, 689, 80, 80, '0.00', '2014-03-10', '16:00:17', '2014-04-08 11:25:11'),
(830, 26, 486, 300, 300, '0.00', '2014-03-10', '16:00:17', '2014-04-08 11:25:11'),
(831, 26, 8, 30, 30, '0.00', '2014-03-10', '16:00:17', '2014-04-08 11:25:11'),
(832, 26, 467, 16, 16, '0.00', '2014-03-10', '16:00:17', '2014-04-08 11:25:11'),
(833, 26, 44, 20, 20, '0.00', '2014-03-10', '16:00:17', '2014-04-08 11:25:11'),
(834, 26, 487, 39, 39, '0.00', '2014-03-10', '16:00:17', '2014-04-08 11:25:11'),
(835, 27, 14, 126, 126, '0.00', '2014-03-11', '15:50:39', '2014-04-08 11:25:11'),
(836, 28, 2, 1, 1, '0.00', '2014-03-11', '15:56:56', '2014-04-08 11:25:11'),
(837, 28, 1, 1, 1, '0.00', '2014-03-11', '15:56:56', '2014-04-08 11:25:11'),
(838, 28, 6, 8, 8, '0.00', '2014-03-11', '15:56:56', '2014-04-08 11:25:11'),
(839, 28, 7, 22, 22, '0.00', '2014-03-11', '15:56:56', '2014-04-08 11:25:11'),
(840, 28, 4, 49, 49, '0.00', '2014-03-11', '15:56:56', '2014-04-08 11:25:11'),
(841, 28, 5, 4, 4, '0.00', '2014-03-11', '15:56:56', '2014-04-08 11:25:11'),
(842, 29, 2, 15, 15, '0.00', '2014-03-12', '10:16:16', '2014-04-08 11:25:11'),
(843, 29, 457, 4, 4, '0.00', '2014-03-12', '10:16:16', '2014-04-08 11:25:11'),
(844, 29, 469, 30, 30, '0.00', '2014-03-12', '10:16:16', '2014-04-08 11:25:11'),
(845, 29, 826, 1, 1, '0.00', '2014-03-12', '10:16:16', '2014-04-08 11:25:11'),
(846, 30, 8, 60, 60, '0.00', '2014-03-25', '13:48:23', '2014-04-08 11:25:11'),
(847, 30, 14, 480, 480, '0.00', '2014-03-25', '13:48:23', '2014-04-08 11:25:11'),
(848, 30, 15, 12, 12, '0.00', '2014-03-25', '13:48:23', '2014-04-08 11:25:11'),
(849, 31, 694, 70, 70, '0.00', '2014-03-26', '19:26:37', '2014-04-08 11:25:11'),
(850, 31, 614, 220, 220, '0.00', '2014-03-26', '19:26:37', '2014-04-08 11:25:11'),
(851, 31, 676, 19, 19, '0.00', '2014-03-26', '19:26:37', '2014-04-08 11:25:11'),
(852, 31, 457, 10, 10, '0.00', '2014-03-26', '19:26:37', '2014-04-08 11:25:11'),
(853, 31, 674, 10, 10, '0.00', '2014-03-26', '19:26:37', '2014-04-08 11:25:11'),
(854, 31, 673, 59, 59, '0.00', '2014-03-26', '19:26:37', '2014-04-08 11:25:11'),
(855, 31, 493, 67, 67, '0.00', '2014-03-26', '19:26:37', '2014-04-08 11:25:11'),
(856, 31, 634, 21, 21, '0.00', '2014-03-26', '19:26:37', '2014-04-08 11:25:11'),
(857, 31, 690, 190, 190, '0.00', '2014-03-26', '19:26:37', '2014-04-08 11:25:11'),
(858, 31, 703, 544, 544, '0.00', '2014-03-26', '19:26:37', '2014-04-08 11:25:11'),
(859, 31, 476, 90, 90, '0.00', '2014-03-26', '19:26:37', '2014-04-08 11:25:11'),
(860, 31, 498, 61, 61, '0.00', '2014-03-26', '19:26:37', '2014-04-08 11:25:11'),
(861, 31, 613, 39, 39, '0.00', '2014-03-26', '19:26:37', '2014-04-08 11:25:11'),
(862, 31, 701, 90, 90, '0.00', '2014-03-26', '19:26:37', '2014-04-08 11:25:11'),
(863, 31, 480, 420, 420, '0.00', '2014-03-26', '19:26:37', '2014-04-08 11:25:11'),
(864, 31, 599, 210, 210, '0.00', '2014-03-26', '19:26:37', '2014-04-08 11:25:11'),
(865, 31, 711, 198, 198, '0.00', '2014-03-26', '19:26:37', '2014-04-08 11:25:11'),
(866, 31, 472, 103, 103, '0.00', '2014-03-26', '19:26:37', '2014-04-08 11:25:11'),
(867, 31, 676, 40, 40, '0.00', '2014-03-26', '19:26:37', '2014-04-08 11:25:11'),
(868, 32, 668, 24, 24, '0.00', '2014-03-26', '19:26:42', '2014-04-08 11:25:11'),
(869, 32, 478, 9, 9, '0.00', '2014-03-26', '19:26:42', '2014-04-08 11:25:11'),
(870, 32, 509, 90, 90, '0.00', '2014-03-26', '19:26:42', '2014-04-08 11:25:11'),
(871, 32, 686, 120, 120, '0.00', '2014-03-26', '19:26:42', '2014-04-08 11:25:11'),
(872, 32, 692, 10, 10, '0.00', '2014-03-26', '19:26:42', '2014-04-08 11:25:11'),
(873, 32, 496, 50, 50, '0.00', '2014-03-26', '19:26:42', '2014-04-08 11:25:11'),
(874, 32, 687, 210, 210, '0.00', '2014-03-26', '19:26:42', '2014-04-08 11:25:11'),
(875, 32, 688, 433, 433, '0.00', '2014-03-26', '19:26:42', '2014-04-08 11:25:11'),
(876, 32, 473, 120, 120, '0.00', '2014-03-26', '19:26:42', '2014-04-08 11:25:11'),
(877, 32, 485, 210, 210, '0.00', '2014-03-26', '19:26:42', '2014-04-08 11:25:11'),
(878, 32, 469, 73, 73, '0.00', '2014-03-26', '19:26:42', '2014-04-08 11:25:11'),
(879, 32, 707, 27, 27, '0.00', '2014-03-26', '19:26:42', '2014-04-08 11:25:11'),
(880, 32, 477, 21, 21, '0.00', '2014-03-26', '19:26:42', '2014-04-08 11:25:11'),
(881, 32, 481, 10, 10, '0.00', '2014-03-26', '19:26:42', '2014-04-08 11:25:11'),
(882, 32, 671, 49, 49, '0.00', '2014-03-26', '19:26:42', '2014-04-08 11:25:11'),
(883, 33, 8, 107, 107, '0.00', '2014-03-26', '19:27:00', '2014-04-08 11:25:11'),
(884, 33, 6, 41, 41, '0.00', '2014-03-26', '19:27:00', '2014-04-08 11:25:11'),
(885, 33, 7, 32, 32, '0.00', '2014-03-26', '19:27:00', '2014-04-08 11:25:11'),
(886, 33, 5, 61, 61, '0.00', '2014-03-26', '19:27:00', '2014-04-08 11:25:11'),
(887, 33, 4, 62, 62, '0.00', '2014-03-26', '19:27:00', '2014-04-08 11:25:11'),
(888, 33, 14, 504, 504, '0.00', '2014-03-26', '19:27:00', '2014-04-08 11:25:11'),
(889, 33, 15, 139, 139, '0.00', '2014-03-26', '19:27:00', '2014-04-08 11:25:11'),
(890, 34, 8, 80, 80, '0.00', '2014-03-31', '14:21:28', '2014-04-08 11:25:11'),
(891, 34, 14, 480, 480, '0.00', '2014-03-31', '14:21:28', '2014-04-08 11:25:11'),
(892, 34, 862, 1, 1, '0.00', '2014-03-31', '14:21:28', '2014-04-08 11:25:11'),
(893, 35, 1, 23, 23, '0.00', '2014-04-01', '09:57:22', '2014-04-08 11:25:11'),
(894, 35, 2, 20, 20, '0.00', '2014-04-01', '09:57:22', '2014-04-08 11:25:11'),
(895, 35, 8, 100, 100, '0.00', '2014-04-01', '09:57:22', '2014-04-08 11:25:11'),
(896, 35, 682, 100, 100, '0.00', '2014-04-01', '09:57:22', '2014-04-08 11:25:11'),
(897, 35, 674, 100, 100, '0.00', '2014-04-01', '09:57:22', '2014-04-08 11:25:11'),
(898, 35, 613, 50, 50, '0.00', '2014-04-01', '09:57:22', '2014-04-08 11:25:11'),
(899, 35, 481, 150, 150, '0.00', '2014-04-01', '09:57:22', '2014-04-08 11:25:11'),
(900, 35, 470, 30, 30, '0.00', '2014-04-01', '09:57:22', '2014-04-08 11:25:11'),
(901, 35, 363, 50, 50, '0.00', '2014-04-01', '09:57:22', '2014-04-08 11:25:11'),
(902, 35, 376, 50, 50, '0.00', '2014-04-01', '09:57:22', '2014-04-08 11:25:11'),
(903, 35, 386, 5, 5, '0.00', '2014-04-01', '09:57:22', '2014-04-08 11:25:11'),
(904, 35, 403, 50, 50, '0.00', '2014-04-01', '09:57:22', '2014-04-08 11:25:11'),
(905, 36, 483, 60, 60, '0.00', '2014-04-01', '09:57:27', '2014-04-08 11:25:11'),
(906, 36, 470, 22, 22, '0.00', '2014-04-01', '09:57:27', '2014-04-08 11:25:11'),
(907, 36, 465, 60, 60, '0.00', '2014-04-01', '09:57:27', '2014-04-08 11:25:11'),
(908, 36, 689, 310, 310, '0.00', '2014-04-01', '09:57:27', '2014-04-08 11:25:11'),
(909, 36, 484, 280, 280, '0.00', '2014-04-01', '09:57:27', '2014-04-08 11:25:11'),
(910, 36, 1, 5, 5, '0.00', '2014-04-01', '09:57:27', '2014-04-08 11:25:11'),
(911, 36, 749, 250, 250, '0.00', '2014-04-01', '09:57:27', '2014-04-08 11:25:11'),
(912, 36, 750, 190, 190, '0.00', '2014-04-01', '09:57:27', '2014-04-08 11:25:11'),
(913, 36, 11, 2, 2, '0.00', '2014-04-01', '09:57:27', '2014-04-08 11:25:11'),
(914, 37, 14, 480, 480, '0.00', '2014-04-01', '12:25:51', '2014-04-08 11:25:11'),
(915, 38, 635, 53, 53, '0.00', '2014-04-03', '09:05:23', '2014-04-08 11:25:11'),
(916, 39, 8, 1, 0, '0.00', '2014-04-08', '12:16:15', '2014-04-08 11:26:10'),
(917, 40, 916, 4, 4, '0.00', '2014-04-24', '14:41:14', '2014-04-24 09:11:14'),
(918, 41, 707, 26, 26, '0.00', '2014-05-23', '10:03:33', '2014-05-23 04:33:33'),
(919, 42, 469, 13, 13, '0.00', '2014-05-23', '10:07:59', '2014-05-23 04:37:59'),
(920, 42, 468, 40, 40, '0.00', '2014-05-23', '10:07:59', '2014-05-23 04:37:59'),
(921, 42, 498, 23, 23, '0.00', '2014-05-23', '10:07:59', '2014-05-23 04:37:59'),
(922, 42, 667, 3, 3, '0.00', '2014-05-23', '10:07:59', '2014-05-23 04:37:59'),
(923, 42, 620, 38, 38, '0.00', '2014-05-23', '10:07:59', '2014-05-23 04:37:59'),
(924, 42, 700, 100, 100, '0.00', '2014-05-23', '10:07:59', '2014-05-23 04:37:59'),
(925, 42, 709, 190, 190, '0.00', '2014-05-23', '10:07:59', '2014-05-23 04:37:59'),
(926, 43, 890, 9, 9, '0.00', '2014-05-23', '10:57:50', '2014-05-23 05:27:50'),
(927, 44, 489, 600, 600, '0.00', '2014-05-23', '11:33:40', '2014-05-23 06:03:40'),
(928, 45, 486, 300, 300, '0.00', '2014-05-23', '11:52:21', '2014-05-23 06:22:21');

-- --------------------------------------------------------

--
-- Table structure for table `tbl_gps_info`
--

CREATE TABLE IF NOT EXISTS `tbl_gps_info` (
  `id_gps_info` int(11) NOT NULL AUTO_INCREMENT,
  `gps_latitude` varchar(100) DEFAULT NULL,
  `gps_longitude` varchar(100) DEFAULT NULL,
  `battry_level` varchar(100) DEFAULT NULL,
  `id_sales_order` int(11) NOT NULL,
  PRIMARY KEY (`id_gps_info`),
  KEY `fk_tbl_gps_info_tbl_sales_order1` (`id_sales_order`)
) ENGINE=InnoDB  DEFAULT CHARSET=latin1 AUTO_INCREMENT=99 ;

--
-- Dumping data for table `tbl_gps_info`
--

INSERT INTO `tbl_gps_info` (`id_gps_info`, `gps_latitude`, `gps_longitude`, `battry_level`, `id_sales_order`) VALUES
(1, '8.1618956895545', '80.29903370887', '0', 1),
(2, '8.1620337394997', '80.298932371661', '75', 2),
(3, '8.15342141781', '80.295844143257', '0', 3),
(4, '8.333957134746', '80.410943767056', '0', 4),
(5, '8.3336185896769', '80.409817155451', '0', 5),
(6, '8.333760118112', '80.409763259813', '0', 6),
(7, '8.3366957958788', '80.406145043671', '0', 7),
(8, '8.3409579098225', '80.411252975464', '0', 8),
(11, '8.2026584353298', '80.18951760605', '0', 11),
(12, '8.4919805265963', '80.201280349866', '0', 12),
(13, '8.3339613256976', '80.410610251129', '0', 13),
(14, '8.1932945502922', '80.093755200505', '0', 14),
(15, '8.1534826476127', '80.295874569565', '0', 15),
(16, '8.1970453681424', '80.150591712445', '0', 16),
(17, '8.334184284322', '80.410464322194', '0', 24),
(18, '8.4994853055105', '80.172168994322', '0', 26),
(19, '8.1920305592939', '80.131219290197', '0', 36),
(20, '8.3563402527943', '80.416362667456', '0', 37),
(21, '8.2398944115266', '80.479727424681', '0', 38),
(23, '8.1532907439396', '80.295982528478', '0', 40),
(24, '7.4179084924981', '80.32773502171', '0', 42),
(25, '7.4179138150066', '80.328012295067', '0', 47),
(26, '8.1512270774692', '80.293834330514', '0', 48),
(27, '7.417990216054', '80.327818421647', '0', 55),
(28, '8.1442751269788', '80.412042969838', '0', 56),
(29, '8.1443926831707', '80.412311358377', '0', 57),
(30, '8.0578978545964', '80.445309570059', '0', 58),
(31, '8.034976827912', '80.479071456939', '0', 59),
(32, '8.0345348920673', '80.480479113758', '0', 60),
(33, '8.2619992084801', '80.206678714603', '0', 61),
(35, '6.918346057646', '79.863371886313', '36', 65),
(36, '6.9182806788012', '79.863635916263', '57', 69),
(37, '6.9183814711869', '79.8627618514', '56', 70),
(38, '6.9188412604854', '79.863432068378', '63', 71),
(39, '6.1680130055174', '80.899293562397', '77', 82),
(40, '6.1676678387448', '80.89937126264', '76', 83),
(41, '6.1679060943425', '80.899274200201', '71', 84),
(42, '6.1659743171185', '80.89797927998', '85', 87),
(43, '6.1234607594088', '81.025344226509', '63', 89),
(44, '6.1677475925535', '80.899224244058', '18', 92),
(45, '6.2137912306935', '80.944128278643', '41', 93),
(46, '6.2844137521461', '80.897684739903', '39', 94),
(47, '6.3068601535633', '81.002516364679', '27', 95),
(48, '6.8286366015673', '80.996049307287', '18', 97),
(49, '6.0489471908659', '80.732676079497', '34', 98),
(50, '6.3344105472788', '80.854846592993', '64', 101),
(51, '6.322174645029', '80.842284802347', '60', 102),
(52, '6.2125041056424', '80.93956919387', '48', 103),
(53, '6.2124415766448', '80.939536672086', '48', 104),
(54, '6.1636730236933', '80.897583989426', '47', 105),
(55, '6.1554064555094', '80.891472157091', '43', 106),
(56, '6.155457124114', '80.891482131556', '42', 107),
(57, '6.1556476866826', '80.891349026933', '41', 108),
(58, '6.9726127618924', '80.766185587272', '79', 109),
(59, '6.8308790540323', '80.990109723061', '31', 110),
(60, '6.8308237753808', '80.990098910406', '29', 111),
(61, '7.1000013034791', '79.899748172611', '24', 114),
(62, '6.9359434442595', '80.988770043477', '97', 119),
(63, '6.9054261920974', '80.911992732435', '90', 120),
(64, '6.9184049824253', '79.863343471661', '64', 122),
(65, '6.9764233008027', '80.764819839969', '94', 133),
(66, '6.9762450596318', '80.765008097515', '92', 134),
(67, '6.9724854407832', '80.765972016379', '89', 135),
(68, '8.3350807707757', '80.410161400214', '73', 136),
(69, '6.8308028206229', '80.990046858788', '37', 157),
(70, '6.9054368371144', '80.912124579772', '21', 158),
(71, '6.9162880908698', '80.831180876121', '30', 159),
(72, '6.9188485946506', '79.864070937037', '34', 161),
(73, '6.9182019308209', '79.863339532167', '32', 162),
(74, '6.9184075808153', '79.863485209644', '29', 163),
(75, '6.9184366241097', '79.863490909338', '24', 164),
(76, '6.9185571977869', '79.863294605166', '53', 165),
(77, '6.9183932058513', '79.863427625969', '52', 166),
(78, '6.9182626577094', '79.862910714', '51', 167),
(79, '6.9188172882423', '79.86357120797', '50', 168),
(80, '6.8710879655555', '80.928762238473', '3', 171),
(81, '6.9187561422586', '79.863783018664', '96', 172),
(82, '8.3342717913911', '80.410118568689', '60', 180),
(83, '6.9356606388465', '80.988668622449', '69', 182),
(84, '8.4919525310397', '80.201147748157', '48', 183),
(85, '8.4920519404113', '80.201252102852', '44', 184),
(86, '8.3339721383527', '80.410248404369', '52', 185),
(87, '6.3017004635185', '80.873376969248', '48', 189),
(88, '6.3017259864137', '80.873315865174', '47', 190),
(89, '6.3017429597676', '80.873400522396', '47', 191),
(90, '7.4177201092243', '80.327750360593', '36', 193),
(91, '7.4179352726787', '80.327956890687', '30', 194),
(92, '7.4176933290437', '80.327706607059', '26', 195),
(93, '7.4181311996654', '80.327960830182', '14', 196),
(94, '7.4176408583298', '80.327997542918', '13', 197),
(95, '7.418332323432', '80.328122097999', '11', 200),
(96, '6.0481438147015', '80.210326932452', '81', 201),
(97, '6.0485956401491', '80.210556234918', '81', 202),
(98, '6.0486904962647', '80.210471989783', '74', 203);

-- --------------------------------------------------------

--
-- Table structure for table `tbl_invoice`
--

CREATE TABLE IF NOT EXISTS `tbl_invoice` (
  `id_invoice` int(11) NOT NULL AUTO_INCREMENT,
  `invoice_no` varchar(100) DEFAULT NULL,
  `id_sales_order` int(11) NOT NULL,
  `invoice_status` tinyint(4) NOT NULL DEFAULT '1',
  `added_date` date DEFAULT NULL,
  `added_time` time DEFAULT NULL,
  `added_timestamp` timestamp NOT NULL DEFAULT CURRENT_TIMESTAMP ON UPDATE CURRENT_TIMESTAMP,
  PRIMARY KEY (`id_invoice`),
  KEY `fk_tbl_invoice_tbl_sales_order1` (`id_sales_order`)
) ENGINE=InnoDB  DEFAULT CHARSET=latin1 AUTO_INCREMENT=149 ;

--
-- Dumping data for table `tbl_invoice`
--

INSERT INTO `tbl_invoice` (`id_invoice`, `invoice_no`, `id_sales_order`, `invoice_status`, `added_date`, `added_time`, `added_timestamp`) VALUES
(1, 'IN0001', 1, 1, '2014-01-10', '14:16:13', '2014-01-10 08:46:13'),
(2, 'IN0001', 3, 1, '2014-01-17', '13:36:09', '2014-01-17 08:06:09'),
(3, 'IN0002', 5, 1, '2014-01-21', '12:56:52', '2014-01-21 07:26:52'),
(4, 'IN0003', 6, 1, '2014-01-21', '13:23:08', '2014-01-21 07:53:08'),
(5, 'IN0004', 7, 1, '2014-01-22', '15:26:56', '2014-01-22 09:56:56'),
(6, 'IN0005', 8, 1, '2014-01-23', '11:55:31', '2014-01-23 06:25:31'),
(8, 'IN0007', 4, 1, '2014-01-27', '14:53:25', '2014-01-27 09:23:25'),
(9, 'IN0008', 2, 1, '2014-01-27', '14:53:36', '2014-01-27 09:23:36'),
(10, 'IN0009', 12, 1, '2014-01-28', '12:57:14', '2014-01-28 07:27:14'),
(11, 'IN0010', 15, 1, '2014-01-31', '16:23:26', '2014-01-31 10:53:26'),
(12, 'IN0011', 14, 1, '2014-01-31', '16:23:39', '2014-01-31 10:53:39'),
(13, 'IN0012', 21, 1, '2014-02-03', '11:26:30', '2014-02-03 05:56:30'),
(14, 'IN0013', 19, 1, '2014-02-03', '11:26:35', '2014-02-03 05:56:35'),
(15, 'IN0014', 16, 1, '2014-02-03', '11:26:39', '2014-02-03 05:56:39'),
(16, 'IN0015', 23, 1, '2014-02-06', '15:06:43', '2014-02-06 09:36:43'),
(17, 'IN0016', 25, 1, '2014-02-10', '09:43:34', '2014-02-10 04:13:34'),
(19, 'IN0017', 27, 1, '2014-02-21', '15:03:35', '2014-02-21 09:33:35'),
(20, 'IN0019', 26, 1, '2014-02-21', '15:07:53', '2014-02-21 09:37:53'),
(21, 'IN0020', 33, 1, '2014-02-21', '15:12:32', '2014-02-21 09:42:32'),
(22, 'IN0021', 32, 1, '2014-02-21', '15:12:33', '2014-02-21 09:42:33'),
(24, 'IN0023', 29, 1, '2014-02-21', '15:12:54', '2014-02-21 09:42:54'),
(25, 'IN0024', 28, 1, '2014-02-21', '15:12:58', '2014-02-21 09:42:59'),
(26, 'IN0025', 35, 1, '2014-02-21', '15:39:36', '2014-02-21 10:09:36'),
(27, 'IN0026', 36, 1, '2014-02-24', '15:08:29', '2014-02-24 09:38:29'),
(28, 'IN0027', 38, 1, '2014-02-25', '11:48:49', '2014-02-25 06:18:49'),
(30, 'IN0029', 40, 1, '2014-02-26', '09:40:10', '2014-02-26 04:10:10'),
(32, 'IN0031', 46, 1, '2014-02-26', '12:31:50', '2014-02-26 07:01:50'),
(33, 'IN0032', 42, 1, '2014-02-26', '12:42:01', '2014-02-26 07:12:01'),
(34, 'IN0033', 48, 1, '2014-02-27', '10:05:42', '2014-02-27 04:35:42'),
(35, 'IN0034', 54, 1, '2014-02-27', '12:35:06', '2014-02-27 07:05:06'),
(36, 'IN0035', 55, 1, '2014-02-28', '11:55:53', '2014-02-28 06:25:53'),
(37, 'IN0036', 62, 1, '2014-03-05', '09:44:45', '2014-03-05 04:14:45'),
(38, 'IN0037', 61, 1, '2014-03-05', '12:48:56', '2014-03-05 07:18:56'),
(39, 'IN0038', 60, 1, '2014-03-05', '12:49:33', '2014-03-05 07:19:33'),
(40, 'IN0039', 59, 1, '2014-03-05', '12:49:46', '2014-03-05 07:19:46'),
(41, 'IN0040', 58, 1, '2014-03-05', '12:50:02', '2014-03-05 07:20:02'),
(42, 'IN0041', 57, 1, '2014-03-05', '12:50:08', '2014-03-05 07:20:08'),
(43, 'IN0042', 56, 1, '2014-03-05', '12:50:12', '2014-03-05 07:20:12'),
(44, 'IN0043', 66, 1, '2014-03-05', '13:36:20', '2014-03-05 08:06:20'),
(45, 'IN0044', 67, 1, '2014-03-05', '13:49:26', '2014-03-05 08:19:26'),
(46, 'IN0045', 68, 1, '2014-03-05', '13:54:31', '2014-03-05 08:24:31'),
(48, 'IN0047', 72, 1, '2014-03-07', '14:27:37', '2014-03-07 08:57:37'),
(49, 'IN0048', 73, 1, '2014-03-10', '15:58:53', '2014-03-10 10:28:53'),
(50, 'IN0049', 74, 1, '2014-03-10', '16:07:22', '2014-03-10 10:37:22'),
(51, 'IN0050', 75, 1, '2014-03-11', '08:37:44', '2014-03-11 03:07:44'),
(53, 'IN0052', 76, 1, '2014-03-11', '08:37:44', '2014-03-11 03:07:44'),
(54, 'IN0053', 78, 1, '2014-03-11', '09:44:21', '2014-03-11 04:14:21'),
(55, 'IN0054', 79, 1, '2014-03-11', '09:44:50', '2014-03-11 04:14:50'),
(56, 'IN0055', 81, 1, '2014-03-11', '10:46:39', '2014-03-11 05:16:39'),
(57, 'IN0056', 82, 1, '2014-03-11', '12:43:53', '2014-03-11 07:13:53'),
(58, 'IN0057', 84, 1, '2014-03-11', '13:46:11', '2014-03-11 08:16:11'),
(59, 'IN0058', 86, 1, '2014-03-11', '15:10:08', '2014-03-11 09:40:08'),
(61, 'IN0060', 88, 1, '2014-03-14', '11:11:25', '2014-03-14 05:41:25'),
(62, 'IN0061', 91, 1, '2014-03-19', '11:07:41', '2014-03-19 05:37:41'),
(63, 'IN0062', 92, 1, '2014-03-20', '14:27:23', '2014-03-20 08:57:23'),
(64, 'IN0063', 87, 1, '2014-03-20', '14:27:44', '2014-03-20 08:57:44'),
(65, 'IN0064', 89, 1, '2014-03-20', '14:27:55', '2014-03-20 08:57:55'),
(66, 'IN0065', 96, 1, '2014-03-27', '10:04:47', '2014-03-27 04:34:47'),
(67, 'IN0066', 97, 1, '2014-03-27', '11:47:16', '2014-03-27 06:17:16'),
(68, 'IN0067', 99, 1, '2014-03-28', '10:13:07', '2014-03-28 04:43:07'),
(69, 'IN0068', 100, 1, '2014-03-28', '10:20:09', '2014-03-28 04:50:09'),
(70, 'IN0069', 112, 1, '2014-04-02', '13:45:02', '2014-04-02 08:15:02'),
(71, 'IN0070', 113, 1, '2014-04-02', '14:00:57', '2014-04-02 08:30:57'),
(72, 'IN0071', 93, 1, '2014-04-06', '15:30:33', '2014-04-06 10:00:33'),
(73, 'IN0072', 95, 1, '2014-04-06', '15:30:45', '2014-04-06 10:00:45'),
(74, 'IN0073', 98, 1, '2014-04-06', '15:30:53', '2014-04-06 10:00:53'),
(75, 'IN0074', 103, 1, '2014-04-06', '15:31:00', '2014-04-06 10:01:00'),
(76, 'IN0075', 116, 1, '2014-04-09', '12:02:25', '2014-04-09 06:32:25'),
(77, 'IN0076', 109, 1, '2014-04-11', '08:04:15', '2014-04-11 02:34:15'),
(78, 'IN0077', 111, 1, '2014-04-11', '08:16:50', '2014-04-11 02:46:50'),
(79, 'IN0078', 117, 1, '2014-04-11', '08:33:49', '2014-04-11 03:03:49'),
(80, 'IN0079', 114, 1, '2014-04-11', '08:34:31', '2014-04-11 03:04:31'),
(81, 'IN0080', 118, 1, '2014-04-11', '14:24:02', '2014-04-11 08:54:02'),
(82, 'IN0081', 107, 1, '2014-04-21', '09:51:52', '2014-04-21 04:21:52'),
(83, 'IN0082', 106, 1, '2014-04-21', '09:52:01', '2014-04-21 04:22:01'),
(84, 'IN0083', 101, 1, '2014-04-21', '09:52:16', '2014-04-21 04:22:16'),
(85, 'IN0084', 94, 1, '2014-04-21', '09:52:24', '2014-04-21 04:22:24'),
(86, 'IN0085', 104, 1, '2014-04-21', '09:52:39', '2014-04-21 04:22:39'),
(87, 'IN0086', 102, 1, '2014-04-21', '09:52:47', '2014-04-21 04:22:47'),
(88, 'IN0087', 105, 1, '2014-04-21', '09:52:53', '2014-04-21 04:22:53'),
(89, 'IN0088', 121, 1, '2014-04-23', '15:26:51', '2014-04-23 09:56:51'),
(90, 'IN0089', 123, 1, '2014-04-24', '10:52:20', '2014-04-24 05:22:20'),
(91, 'IN0090', 124, 1, '2014-04-24', '15:46:17', '2014-04-24 10:16:17'),
(92, 'IN0091', 126, 1, '2014-04-24', '22:11:46', '2014-04-24 16:41:46'),
(93, 'IN0092', 128, 1, '2014-04-24', '22:43:55', '2014-04-24 17:13:55'),
(94, 'IN0093', 129, 1, '2014-04-25', '10:23:02', '2014-04-25 04:53:02'),
(95, 'IN0094', 130, 1, '2014-04-25', '10:37:57', '2014-04-25 05:07:57'),
(96, 'IN0095', 132, 1, '2014-04-25', '11:07:59', '2014-04-25 05:37:59'),
(97, 'IN0096', 135, 1, '2014-04-25', '16:28:07', '2014-04-25 10:58:07'),
(98, 'IN0097', 136, 1, '2014-04-28', '11:31:20', '2014-04-28 06:01:20'),
(100, 'IN0098', 154, 1, '2014-04-29', '13:33:49', '2014-04-29 08:03:49'),
(102, 'IN0101', 155, 1, '2014-04-29', '13:34:27', '2014-04-29 08:04:27'),
(103, 'IN0102', 159, 1, '2014-05-02', '22:19:25', '2014-05-02 16:49:25'),
(104, 'IN0103', 158, 1, '2014-05-02', '22:28:41', '2014-05-02 16:58:41'),
(105, 'IN0104', 157, 1, '2014-05-02', '22:28:59', '2014-05-02 16:58:59'),
(106, 'IN0105', 133, 1, '2014-05-02', '22:29:08', '2014-05-02 16:59:08'),
(107, 'IN0106', 134, 1, '2014-05-02', '22:44:01', '2014-05-02 17:14:01'),
(108, 'IN0107', 120, 1, '2014-05-02', '22:44:11', '2014-05-02 17:14:11'),
(109, 'IN0108', 160, 1, '2014-05-03', '09:26:11', '2014-05-03 03:56:11'),
(110, 'IN0109', 161, 1, '2014-05-06', '14:31:01', '2014-05-06 09:01:01'),
(111, 'IN0110', 162, 1, '2014-05-06', '14:42:04', '2014-05-06 09:12:04'),
(112, 'IN0111', 163, 1, '2014-05-06', '14:54:56', '2014-05-06 09:24:56'),
(113, 'IN0112', 164, 1, '2014-05-06', '15:13:08', '2014-05-06 09:43:08'),
(114, 'IN0113', 165, 1, '2014-05-07', '08:52:33', '2014-05-07 03:22:33'),
(115, 'IN0114', 166, 1, '2014-05-07', '09:59:52', '2014-05-07 04:29:52'),
(116, 'IN0115', 167, 1, '2014-05-07', '10:53:23', '2014-05-07 05:23:23'),
(117, 'IN0116', 168, 1, '2014-05-07', '11:28:46', '2014-05-07 05:58:46'),
(118, 'IN0117', 169, 1, '2014-05-07', '14:17:10', '2014-05-07 08:47:10'),
(119, 'IN0118', 170, 1, '2014-05-07', '14:28:39', '2014-05-07 08:58:39'),
(120, 'IN0119', 171, 1, '2014-05-08', '13:21:39', '2014-05-08 07:51:39'),
(121, 'IN0120', 172, 1, '2014-05-08', '14:57:39', '2014-05-08 09:27:39'),
(122, 'IN0121', 177, 1, '2014-05-13', '12:49:16', '2014-05-13 07:19:16'),
(123, 'IN0122', 176, 1, '2014-05-13', '14:38:48', '2014-05-13 09:08:48'),
(124, 'IN0123', 174, 1, '2014-05-13', '14:39:00', '2014-05-13 09:09:00'),
(125, 'IN0124', 178, 1, '2014-05-13', '14:56:52', '2014-05-13 09:26:52'),
(126, 'IN0125', 179, 1, '2014-05-13', '14:57:21', '2014-05-13 09:27:21'),
(127, 'IN0126', 180, 1, '2014-05-13', '15:05:43', '2014-05-13 09:35:43'),
(128, 'IN0127', 181, 1, '2014-05-13', '15:12:43', '2014-05-13 09:42:43'),
(129, 'IN0128', 183, 1, '2014-05-16', '16:00:57', '2014-05-16 10:30:57'),
(130, 'IN0129', 185, 1, '2014-05-16', '16:39:28', '2014-05-16 11:09:28'),
(131, 'IN0130', 186, 1, '2014-05-19', '09:53:33', '2014-05-19 04:23:33'),
(132, 'IN0131', 187, 1, '2014-05-19', '10:00:24', '2014-05-19 04:30:24'),
(133, 'IN0132', 188, 1, '2014-05-19', '10:31:02', '2014-05-19 05:01:02'),
(134, 'IN0133', 192, 1, '2014-05-21', '10:17:55', '2014-05-21 04:47:55'),
(135, 'IN0134', 193, 1, '2014-05-21', '11:38:26', '2014-05-21 06:08:26'),
(136, 'IN0135', 194, 1, '2014-05-21', '12:08:38', '2014-05-21 06:38:38'),
(137, 'IN0136', 195, 1, '2014-05-21', '12:24:27', '2014-05-21 06:54:27'),
(138, 'IN0137', 196, 1, '2014-05-21', '14:50:43', '2014-05-21 09:20:43'),
(139, 'IN0138', 197, 1, '2014-05-21', '14:55:27', '2014-05-21 09:25:27'),
(140, 'IN0139', 198, 1, '2014-05-22', '11:58:43', '2014-05-22 06:28:43'),
(141, 'IN0140', 47, 1, '2014-05-22', '12:01:18', '2014-05-22 06:31:18'),
(142, 'IN0141', 182, 1, '2014-05-22', '14:21:13', '2014-05-22 08:51:13'),
(143, 'IN0142', 200, 1, '2014-05-22', '16:23:26', '2014-05-22 10:53:26'),
(144, 'IN0143', 199, 1, '2014-05-26', '10:04:31', '2014-05-26 04:34:31'),
(145, 'IN0144', 173, 1, '2014-05-29', '12:07:42', '2014-05-29 06:37:42'),
(146, 'IN0145', 201, 1, '2014-06-03', '09:36:26', '2014-06-03 04:06:26'),
(147, 'IN0146', 202, 1, '2014-06-03', '16:04:52', '2014-06-03 10:34:52'),
(148, 'IN0147', 203, 1, '2014-06-03', '16:05:39', '2014-06-03 10:35:39');

-- --------------------------------------------------------

--
-- Table structure for table `tbl_inv_summery`
--

CREATE TABLE IF NOT EXISTS `tbl_inv_summery` (
  `id` int(5) NOT NULL AUTO_INCREMENT,
  `branch_id` int(10) NOT NULL,
  `type` varchar(4) NOT NULL,
  `date` date DEFAULT NULL,
  `status` tinyint(4) DEFAULT '1',
  PRIMARY KEY (`id`)
) ENGINE=InnoDB  DEFAULT CHARSET=latin1 AUTO_INCREMENT=186 ;

--
-- Dumping data for table `tbl_inv_summery`
--

INSERT INTO `tbl_inv_summery` (`id`, `branch_id`, `type`, `date`, `status`) VALUES
(1, 53, 'p', '2014-01-10', 1),
(2, 56, 'p', '2014-01-17', 1),
(3, 125, 'p', '2014-01-21', 1),
(4, 34, 'p', '2014-01-21', 1),
(5, 66, 'p', '2014-01-22', 1),
(6, 49, 'p', '2014-01-23', 1),
(7, 36, 'p', '2014-01-27', 1),
(8, 53, 'p', '2014-01-27', 1),
(9, 94, 'p', '2014-01-28', 1),
(10, 56, 'p', '2014-01-31', 1),
(11, 49, 'p', '2014-01-31', 1),
(12, 130, 'p', '2014-02-03', 1),
(13, 70, 'p', '2014-02-03', 1),
(14, 60, 'p', '2014-02-03', 1),
(15, 51, 'p', '2014-02-06', 1),
(16, 234, 'p', '2014-02-10', 1),
(17, 60, 'p', '2014-02-21', 1),
(18, 253, 'p', '2014-02-21', 1),
(19, 41, 'p', '2014-02-21', 1),
(20, 84, 'p', '2014-02-21', 1),
(21, 125, 'p', '2014-02-21', 1),
(22, 60, 'p', '2014-02-21', 1),
(23, 234, 'p', '2014-02-21', 1),
(24, 33, 'p', '2014-02-24', 1),
(25, 236, 'p', '2014-02-25', 1),
(26, 56, 'p', '2014-02-26', 1),
(27, 58, 'p', '2014-02-26', 1),
(28, 168, 'p', '2014-02-26', 1),
(29, 54, 'p', '2014-02-27', 1),
(30, 72, 'p', '2014-02-27', 1),
(31, 194, 'p', '2014-02-28', 1),
(32, 187, 'p', '2014-03-05', 1),
(33, 47, 'p', '2014-03-05', 1),
(34, 26, 'p', '2014-03-05', 1),
(35, 30, 'p', '2014-03-05', 1),
(36, 36, 'p', '2014-03-05', 1),
(37, 70, 'p', '2014-03-05', 1),
(38, 70, 'p', '2014-03-05', 1),
(39, 129, 'p', '2014-03-05', 1),
(40, 89, 'p', '2014-03-05', 1),
(41, 129, 'p', '2014-03-05', 1),
(42, 129, 'p', '2014-03-07', 1),
(43, 71, 'p', '2014-03-10', 1),
(44, 129, 'p', '2014-03-10', 1),
(45, 56, 'p', '2014-03-11', 1),
(46, 56, 'p', '2014-03-11', 1),
(47, 47, 'p', '2014-03-11', 1),
(48, 56, 'p', '2014-03-11', 1),
(49, 129, 'p', '2014-03-11', 1),
(50, 272, 'p', '2014-03-11', 1),
(51, 291, 'p', '2014-03-11', 1),
(52, 129, 'p', '2014-03-11', 1),
(53, 129, 'p', '2014-03-14', 1),
(54, 96, 'p', '2014-03-19', 1),
(55, 293, 'p', '2014-03-20', 1),
(56, 248, 'p', '2014-03-20', 1),
(57, 267, 'p', '2014-03-20', 1),
(58, 294, 'p', '2014-03-27', 1),
(59, 300, 'p', '2014-03-27', 1),
(60, 41, 'p', '2014-03-28', 1),
(61, 41, 'p', '2014-03-28', 1),
(62, 295, 'p', '2014-04-02', 1),
(63, 295, 'p', '2014-04-02', 1),
(64, 248, 'p', '2014-04-06', 1),
(65, 293, 'p', '2014-04-06', 1),
(66, 240, 'p', '2014-04-06', 1),
(67, 254, 'p', '2014-04-06', 1),
(68, 74, 'p', '2014-04-09', 1),
(69, 328, 'p', '2014-04-11', 1),
(70, 333, 'p', '2014-04-11', 1),
(71, 339, 'p', '2014-04-11', 1),
(72, 339, 'p', '2014-04-11', 1),
(73, 129, 'p', '2014-04-11', 1),
(74, 293, 'p', '2014-04-21', 1),
(75, 259, 'p', '2014-04-21', 1),
(76, 345, 'p', '2014-04-21', 1),
(77, 345, 'p', '2014-04-21', 1),
(78, 334, 'p', '2014-04-21', 1),
(79, 254, 'p', '2014-04-21', 1),
(80, 286, 'p', '2014-04-21', 1),
(81, 248, 'p', '2014-04-21', 1),
(82, 129, 'p', '2014-04-23', 1),
(83, 74, 'p', '2014-04-24', 1),
(84, 33, 'p', '2014-04-24', 1),
(85, 296, 'p', '2014-04-24', 1),
(86, 295, 'p', '2014-04-24', 1),
(87, 33, 'p', '2014-04-25', 1),
(88, 33, 'p', '2014-04-25', 1),
(89, 129, 'p', '2014-04-25', 1),
(90, 328, 'p', '2014-04-25', 1),
(91, 58, 'p', '2014-04-28', 1),
(92, 129, 'p', '2014-04-29', 1),
(93, 71, 'p', '2014-04-29', 1),
(94, 327, 'p', '2014-05-02', 1),
(95, 315, 'p', '2014-05-02', 1),
(96, 294, 'p', '2014-05-02', 1),
(97, 331, 'p', '2014-05-02', 1),
(98, 334, 'p', '2014-05-02', 1),
(99, 312, 'p', '2014-05-02', 1),
(100, 79, 'p', '2014-05-03', 1),
(101, 62, 'u', '2014-01-10', 1),
(102, 124, 'u', '2014-01-10', 1),
(103, 95, 'u', '2014-01-28', 1),
(104, 96, 'u', '2014-01-28', 1),
(105, 92, 'u', '2014-01-28', 1),
(106, 66, 'u', '2014-01-29', 1),
(107, 66, 'u', '2014-01-29', 1),
(108, 65, 'u', '2014-01-29', 1),
(109, 125, 'u', '2014-01-31', 1),
(110, 45, 'u', '2014-01-31', 1),
(111, 62, 'u', '2014-01-31', 1),
(112, 57, 'u', '2014-01-31', 1),
(113, 95, 'u', '2014-02-20', 1),
(114, 96, 'u', '2014-02-20', 1),
(115, 94, 'u', '2014-02-20', 1),
(116, 55, 'u', '2014-02-20', 1),
(117, 54, 'u', '2014-02-20', 1),
(118, 25, 'u', '2014-02-21', 1),
(119, 25, 'u', '2014-02-21', 1),
(120, 39, 'u', '2014-02-24', 1),
(121, 29, 'u', '2014-02-24', 1),
(122, 38, 'u', '2014-02-24', 1),
(123, 27, 'u', '2014-02-24', 1),
(124, 27, 'u', '2014-02-24', 1),
(125, 35, 'u', '2014-02-24', 1),
(126, 40, 'u', '2014-02-25', 1),
(127, 43, 'u', '2014-02-25', 1),
(128, 66, 'u', '2014-02-25', 1),
(129, 48, 'u', '2014-02-25', 1),
(130, 65, 'u', '2014-02-25', 1),
(131, 29, 'u', '2014-02-26', 1),
(132, 39, 'u', '2014-02-26', 1),
(133, 236, 'u', '2014-02-26', 1),
(134, 38, 'u', '2014-02-26', 1),
(135, 66, 'u', '2014-02-27', 1),
(136, 45, 'u', '2014-03-03', 1),
(137, 46, 'u', '2014-03-03', 1),
(138, 47, 'u', '2014-03-03', 1),
(139, 236, 'u', '2014-03-04', 1),
(140, 45, 'u', '2014-03-05', 1),
(141, 256, 'u', '2014-03-11', 1),
(142, 251, 'u', '2014-03-14', 1),
(143, 264, 'u', '2014-03-14', 1),
(144, 268, 'u', '2014-03-14', 1),
(145, 248, 'u', '2014-03-17', 1),
(146, 313, 'u', '2014-03-27', 1),
(147, 58, 'u', '2014-03-24', 1),
(148, 66, 'u', '2014-03-24', 1),
(149, 332, 'u', '2014-03-25', 1),
(150, 334, 'u', '2014-03-24', 1),
(151, 337, 'u', '2014-03-25', 1),
(152, 335, 'u', '2014-03-25', 1),
(153, 302, 'u', '2014-04-30', 1),
(154, 191, 'p', '2014-05-06', 1),
(155, 194, 'p', '2014-05-06', 1),
(156, 195, 'p', '2014-05-06', 1),
(157, 221, 'p', '2014-05-06', 1),
(158, 135, 'p', '2014-05-07', 1),
(159, 195, 'p', '2014-05-07', 1),
(160, 189, 'p', '2014-05-07', 1),
(161, 189, 'p', '2014-05-07', 1),
(162, 33, 'p', '2014-05-07', 1),
(163, 33, 'p', '2014-05-07', 1),
(164, 298, 'p', '2014-05-08', 1),
(165, 195, 'p', '2014-05-08', 1),
(166, 0, 'p', '2014-05-13', 1),
(167, 0, 'p', '2014-05-13', 1),
(168, 0, 'p', '2014-05-13', 1),
(169, 0, 'p', '2014-05-13', 1),
(170, 0, 'p', '2014-05-13', 1),
(171, 0, 'p', '2014-05-13', 1),
(172, 0, 'p', '2014-05-13', 1),
(173, 0, 'p', '2014-05-16', 1),
(174, 0, 'p', '2014-05-16', 1),
(175, 0, 'p', '2014-05-19', 1),
(176, 0, 'p', '2014-05-19', 1),
(177, 0, 'p', '2014-05-19', 1),
(178, 254, 'u', '2014-04-01', 1),
(179, 0, 'p', '2014-05-21', 1),
(180, 193, 'u', '2014-05-22', 1),
(181, 0, 'p', '2014-05-22', 1),
(182, 0, 'p', '2014-05-22', 1),
(183, 0, 'p', '2014-05-22', 1),
(184, 59, 'p', '2014-05-26', 1),
(185, 0, 'p', '2014-05-29', 1);

-- --------------------------------------------------------

--
-- Table structure for table `tbl_item`
--

CREATE TABLE IF NOT EXISTS `tbl_item` (
  `id_item` int(11) NOT NULL AUTO_INCREMENT,
  `id_item_category` int(11) DEFAULT '0',
  `id_division` int(11) NOT NULL,
  `item_no` varchar(45) NOT NULL,
  `item_account_code` varchar(45) DEFAULT NULL,
  `item_name` varchar(500) NOT NULL,
  `item_alias` varchar(100) NOT NULL,
  `item_status` tinyint(4) NOT NULL DEFAULT '1',
  `added_date` date DEFAULT NULL,
  `added_time` time DEFAULT NULL,
  `added_timestamp` timestamp NULL DEFAULT CURRENT_TIMESTAMP,
  PRIMARY KEY (`id_item`),
  KEY `fk_item_item_category1` (`id_item_category`)
) ENGINE=InnoDB  DEFAULT CHARSET=latin1 AUTO_INCREMENT=921 ;

--
-- Dumping data for table `tbl_item`
--

INSERT INTO `tbl_item` (`id_item`, `id_item_category`, `id_division`, `item_no`, `item_account_code`, `item_name`, `item_alias`, `item_status`, `added_date`, `added_time`, `added_timestamp`) VALUES
(1, 1, 1, 'AS/14', 'AS/14', 'AGROTECH  mistblower - Vietnamese Engine', 'AGROTECH  mistblower - Vietnamese Engine', 1, '2013-12-26', '10:59:00', '2013-12-26 05:29:32'),
(2, 1, 1, 'AS/15', 'AS/15', 'AGROTECH  CY 708 Power Sprayer with  Brass Pump - 20 L', 'AGROTECH  CY 708 Power Sprayer with  Brass Pump - 20 L', 1, '2013-12-26', '10:59:00', '2013-12-26 05:29:32'),
(3, 1, 1, 'AS/15/16L', 'AS/15/16L', 'AGROTECH  Cy 708 Power Sprayer with  Brass Pump - 16 L', 'AGROTECH  Cy 708 Power Sprayer with  Brass Pump - 16 L', 1, '2013-12-26', '10:59:00', '2013-12-26 05:29:32'),
(4, 1, 1, 'SC/03', 'SC/03', 'AGROSPRAY  1LTR. Plastic Sprayer', 'AGROSPRAY  1LTR. Plastic Sprayer', 1, '2013-12-26', '10:59:00', '2013-12-26 05:29:33'),
(5, 1, 1, 'SC/04', 'SC/04', 'AGROSPRAY  1.5LTR. Plastic Sprayer', 'AGROSPRAY  1.5LTR. Plastic Sprayer', 1, '2013-12-26', '10:59:00', '2013-12-26 05:29:33'),
(6, 1, 1, 'SC/11', 'SC/11', 'AGROSPRAY  3LTR Pressure Sprayer', 'AGROSPRAY  3LTR Pressure Sprayer', 1, '2013-12-26', '10:59:00', '2013-12-26 05:29:33'),
(7, 1, 1, 'SC/12', 'SC/12', 'AGROSPRAY  5LTR Pressure Sprayer', 'AGROSPRAY  5LTR Pressure Sprayer', 1, '2013-12-26', '10:59:00', '2013-12-26 05:29:33'),
(8, 1, 1, 'SC/16N', 'SC/16N', 'HAYSPRAY  16LTR (PT 600) Semi Auto Sprayer', 'HAYSPRAY  16LTR (PT 600) Semi Auto Sprayer', 1, '2013-12-26', '10:59:00', '2013-12-26 05:29:33'),
(9, 1, 1, 'SC/09', 'SC/09', 'AGROTECH  Rocker Sprayer', 'AGROTECH  Rocker Sprayer', 1, '2013-12-26', '10:59:00', '2013-12-26 05:29:33'),
(10, 1, 1, 'FG/02', 'FG/02', 'AGROTECH  Fogging Machine', 'AGROTECH  Fogging Machine', 1, '2013-12-26', '10:59:00', '2013-12-26 05:29:33'),
(11, 1, 1, 'A/M/41', 'A/M/41', 'AGROTECH  Brush Cutter/ Reaper', 'AGROTECH  Brush Cutter/ Reaper', 1, '2013-12-26', '10:59:00', '2013-12-26 05:29:34'),
(12, 1, 1, 'MK/01/SS', 'MK/01/SS', 'FARMPRO  Milking Machine with Stainless Steel Bucket', 'FARMPRO  Milking Machine with Stainless Steel Bucket', 1, '2013-12-26', '10:59:00', '2013-12-26 05:29:34'),
(13, 1, 1, 'MK/01/', 'MK/01/', 'FARMPRO  Milking Machine with Transparent Bucket', 'FARMPRO  Milking Machine with Transparent Bucket', 1, '2013-12-26', '10:59:00', '2013-12-26 05:29:34'),
(14, 8, 1, 'JM/01', 'JM/01', 'JUMBO  Mammoty 9X9', 'JUMBO  Mammoty 9X9', 1, '2013-12-26', '10:59:00', '2013-12-26 05:29:34'),
(15, 8, 1, 'JM/02', 'JM/02', 'JUMBO  Mammoty  10X8', 'JUMBO  Mammoty  10X8', 1, '2013-12-26', '10:59:00', '2013-12-26 05:29:34'),
(16, 2, 1, 'HS/M/10', 'HS/M/10', 'HAYSP PRINT POLYTHENE ASSORTED', 'HAYSP PRINT POLYTHENE ASSORTED', 1, '2013-12-26', '10:59:00', '2013-12-26 05:29:34'),
(17, 2, 1, 'HS/M/39/3/SAMPL', 'HS/M/39/3/SAMPL', 'SEAFLOW WATER PUMP', 'SEAFLOW WATER PUMP', 1, '2013-12-26', '10:59:00', '2013-12-26 05:29:35'),
(18, 2, 1, 'HS/M/50', 'HS/M/50', 'RUBBER BEND', 'RUBBER BEND', 1, '2013-12-26', '10:59:00', '2013-12-26 05:29:35'),
(19, 2, 1, 'HS/M/51', 'HS/M/51', 'BOLT OF OUTLET/HF WITH NUT', 'BOLT OF OUTLET/HF WITH NUT', 1, '2013-12-26', '10:59:00', '2013-12-26 05:29:35'),
(20, 2, 1, 'HS/M/52', 'HS/M/52', 'HOSE CONNECTION', 'HOSE CONNECTION', 1, '2013-12-26', '10:59:00', '2013-12-26 05:29:35'),
(21, 2, 1, 'HS/M/53', 'HS/M/53', 'PRESSURE SWITCH B/O', 'PRESSURE SWITCH B/O', 1, '2013-12-26', '10:59:00', '2013-12-26 05:29:35'),
(22, 2, 1, 'HS/M/54', 'HS/M/54', 'POWER INDICATOR RELAY/SOCKET', 'POWER INDICATOR RELAY/SOCKET', 1, '2013-12-26', '10:59:00', '2013-12-26 05:29:35'),
(23, 2, 1, 'HS/M/55', 'HS/M/55', 'PUSH BUTTON SWITCH B/O', 'PUSH BUTTON SWITCH B/O', 1, '2013-12-26', '10:59:00', '2013-12-26 05:29:36'),
(24, 2, 1, 'SS/C/67', 'SS/C/67', 'IMPACT NOZZLE', 'IMPACT NOZZLE', 1, '2013-12-26', '10:59:00', '2013-12-26 05:29:36'),
(25, 2, 1, 'SS/C/68', 'SS/C/68', 'PLAS SPRAY NOZZLE SET', 'PLAS SPRAY NOZZLE SET', 1, '2013-12-26', '10:59:00', '2013-12-26 05:29:36'),
(26, 2, 1, 'SS/C/70', 'SS/C/70', 'PLASTIC NOZZLE SET 6PCS', 'PLASTIC NOZZLE SET 6PCS', 1, '2013-12-26', '10:59:00', '2013-12-26 05:29:36'),
(27, 4, 1, 'AK/02', 'AK/02', 'BALL BEARING', 'BALL BEARING', 1, '2013-12-26', '10:59:00', '2013-12-26 05:29:36'),
(28, 4, 1, 'AK/03', 'AK/03', 'NEEDLE BEARING', 'NEEDLE BEARING', 1, '2013-12-26', '10:59:00', '2013-12-26 05:29:36'),
(29, 4, 1, 'AK/04', 'AK/04', 'OIL SEAL - AK/04', 'OIL SEAL - AK/04', 1, '2013-12-26', '10:59:00', '2013-12-26 05:29:36'),
(30, 4, 1, 'AK/05', 'AK/05', 'CRANKSHAFT-AK/05', 'CRANKSHAFT-AK/05', 1, '2013-12-26', '10:59:00', '2013-12-26 05:29:37'),
(31, 4, 1, 'AK/05A', 'AK/05A', 'CRANKSHAFT KEY', 'CRANKSHAFT KEY', 1, '2013-12-26', '10:59:00', '2013-12-26 05:29:37'),
(32, 4, 1, 'AK/06', 'AK/06', 'CRANKCASE STAR SIDE', 'CRANKCASE STAR SIDE', 1, '2013-12-26', '10:59:00', '2013-12-26 05:29:37'),
(33, 4, 1, 'AK/06/07', 'AK/06/07', 'CRANK CASS ASSY', 'CRANK CASS ASSY', 1, '2013-12-26', '10:59:00', '2013-12-26 05:29:37'),
(34, 4, 1, 'AK/07', 'AK/07', 'CRANKCASE PTO SIDE', 'CRANKCASE PTO SIDE', 1, '2013-12-26', '10:59:00', '2013-12-26 05:29:37'),
(35, 4, 1, 'AK/08', 'AK/08', 'SPARK PLUG', 'SPARK PLUG', 1, '2013-12-26', '10:59:00', '2013-12-26 05:29:37'),
(36, 4, 1, 'AK/08A', 'AK/08A', 'SPARK PLUG CONNECTOR', 'SPARK PLUG CONNECTOR', 1, '2013-12-26', '10:59:00', '2013-12-26 05:29:38'),
(37, 4, 1, 'AK/09', 'AK/09', 'STARTER HOUSING COMP.', 'STARTER HOUSING COMP.', 1, '2013-12-26', '10:59:00', '2013-12-26 05:29:38'),
(38, 4, 1, 'AK/09A', 'AK/09A', 'NUT-AK/09A', 'NUT-AK/09A', 1, '2013-12-26', '10:59:00', '2013-12-26 05:29:38'),
(39, 4, 1, 'AK/09B', 'AK/09B', 'SPRING-AK/09B', 'SPRING-AK/09B', 1, '2013-12-26', '10:59:00', '2013-12-26 05:29:38'),
(40, 4, 1, 'AK/09C', 'AK/09C', 'RECOIL STARTER COMPL', 'RECOIL STARTER COMPL', 1, '2013-12-26', '10:59:00', '2013-12-26 05:29:38'),
(41, 4, 1, 'AK/09D', 'AK/09D', 'ROPE DRUM', 'ROPE DRUM', 1, '2013-12-26', '10:59:00', '2013-12-26 05:29:38'),
(42, 4, 1, 'AK/10', 'AK/10', 'STARTER ROPE', 'STARTER ROPE', 1, '2013-12-26', '10:59:00', '2013-12-26 05:29:38'),
(43, 4, 1, 'AK/10A', 'AK/10A', 'HANDLE', 'HANDLE', 1, '2013-12-26', '10:59:00', '2013-12-26 05:29:39'),
(44, 4, 1, 'AK/10B', 'AK/10B', 'WASHER-AK/10B', 'WASHER-AK/10B', 1, '2013-12-26', '10:59:00', '2013-12-26 05:29:39'),
(45, 4, 1, 'AK/11', 'AK/11', 'STARTER PAWL', 'STARTER PAWL', 1, '2013-12-26', '10:59:00', '2013-12-26 05:29:39'),
(46, 4, 1, 'AK/11A', 'AK/11A', 'SPRING-AK/11A', 'SPRING-AK/11A', 1, '2013-12-26', '10:59:00', '2013-12-26 05:29:39'),
(47, 4, 1, 'AK/12', 'AK/12', 'SPRING CAP', 'SPRING CAP', 1, '2013-12-26', '10:59:00', '2013-12-26 05:29:39'),
(48, 4, 1, 'AK/12A', 'AK/12A', 'WASHER-AK/12A', 'WASHER-AK/12A', 1, '2013-12-26', '10:59:00', '2013-12-26 05:29:40'),
(49, 4, 1, 'AK/12B', 'AK/12B', 'SPRING-AK/12B', 'SPRING-AK/12B', 1, '2013-12-26', '10:59:00', '2013-12-26 05:29:40'),
(50, 4, 1, 'AK/13', 'AK/13', 'FLYWHEEL', 'FLYWHEEL', 1, '2013-12-26', '10:59:00', '2013-12-26 05:29:40'),
(51, 4, 1, 'AK/13A', 'AK/13A', 'PAWL CASE', 'PAWL CASE', 1, '2013-12-26', '10:59:00', '2013-12-26 05:29:40'),
(52, 4, 1, 'AK/13B', 'AK/13B', 'WASHER-AK/13B', 'WASHER-AK/13B', 1, '2013-12-26', '10:59:00', '2013-12-26 05:29:40'),
(53, 4, 1, 'AK/14', 'AK/14', 'C.D.I. UNIT (RED)', 'C.D.I. UNIT (RED)', 1, '2013-12-26', '10:59:00', '2013-12-26 05:29:40'),
(54, 4, 1, 'AK/14A', 'AK/14A', 'WASHER-AK/14A', 'WASHER-AK/14A', 1, '2013-12-26', '10:59:00', '2013-12-26 05:29:40'),
(55, 4, 1, 'AK/14B', 'AK/14B', 'SCREW-AK/14B', 'SCREW-AK/14B', 1, '2013-12-26', '10:59:00', '2013-12-26 05:29:41'),
(56, 4, 1, 'AK/14C', 'AK/14C', 'WASHER-AK/14C', 'WASHER-AK/14C', 1, '2013-12-26', '10:59:00', '2013-12-26 05:29:41'),
(57, 4, 1, 'AK/14D', 'AK/14D', 'C D I UNIT (BLUE)', 'C D I UNIT (BLUE)', 1, '2013-12-26', '10:59:00', '2013-12-26 05:29:41'),
(58, 4, 1, 'AK/14E', 'AK/14E', 'FLYWHEEL WITH C.D.I.', 'FLYWHEEL WITH C.D.I.', 1, '2013-12-26', '10:59:00', '2013-12-26 05:29:41'),
(59, 4, 1, 'AK/14F', 'AK/14F', 'C.D.I. UNIT WITH FLY WEEL', 'C.D.I. UNIT WITH FLY WEEL', 1, '2013-12-26', '10:59:00', '2013-12-26 05:29:41'),
(60, 4, 1, 'AK/14FOC', 'AK/14FOC', 'C.D.I. UNIT WITH FLY WEEL FOC', 'C.D.I. UNIT WITH FLY WEEL FOC', 1, '2013-12-26', '10:59:00', '2013-12-26 05:29:41'),
(61, 4, 1, 'AK/15', 'AK/15', 'PISTON RING', 'PISTON RING', 1, '2013-12-26', '10:59:00', '2013-12-26 05:29:42'),
(62, 4, 1, 'AK/15A', 'AK/15A', 'PISTON BARE', 'PISTON BARE', 1, '2013-12-26', '10:59:00', '2013-12-26 05:29:42'),
(63, 4, 1, 'AK/15B', 'AK/15B', 'WRIST PIN', 'WRIST PIN', 1, '2013-12-26', '10:59:00', '2013-12-26 05:29:42'),
(64, 4, 1, 'AK/15C', 'AK/15C', 'CIRCLIP', 'CIRCLIP', 1, '2013-12-26', '10:59:00', '2013-12-26 05:29:43'),
(65, 4, 1, 'AK/16', 'AK/16', 'CARBURETTOR', 'CARBURETTOR', 1, '2013-12-26', '10:59:00', '2013-12-26 05:29:43'),
(66, 4, 1, 'AK/16A', 'AK/16A', 'CARBURETTOR SCREW', 'CARBURETTOR SCREW', 1, '2013-12-26', '10:59:00', '2013-12-26 05:29:43'),
(67, 4, 1, 'AK/16B', 'AK/16B', 'P/WASHER FOR INLET D', 'P/WASHER FOR INLET D', 1, '2013-12-26', '10:59:00', '2013-12-26 05:29:43'),
(68, 4, 1, 'AK/16C', 'AK/16C', 'CARBUETTOR COMPLETE', 'CARBUETTOR COMPLETE', 1, '2013-12-26', '10:59:00', '2013-12-26 05:29:44'),
(69, 4, 1, 'AK/16D', 'AK/16D', 'SCREW-AK/16D', 'SCREW-AK/16D', 1, '2013-12-26', '10:59:00', '2013-12-26 05:29:44'),
(70, 4, 1, 'AK/16E', 'AK/16E', 'SPRING-AK/16E', 'SPRING-AK/16E', 1, '2013-12-26', '10:59:00', '2013-12-26 05:29:44'),
(71, 4, 1, 'AK/16F', 'AK/16F', 'SCREW-AK/16F', 'SCREW-AK/16F', 1, '2013-12-26', '10:59:00', '2013-12-26 05:29:44'),
(72, 4, 1, 'AK/16G', 'AK/16G', 'CARBARETOR PACKING SET', 'CARBARETOR PACKING SET', 1, '2013-12-26', '10:59:00', '2013-12-26 05:29:44'),
(73, 4, 1, 'AK/17', 'AK/17', 'SCREW-AK/17', 'SCREW-AK/17', 1, '2013-12-26', '10:59:00', '2013-12-26 05:29:44'),
(74, 4, 1, 'AK/18', 'AK/18', 'INLET DUCT', 'INLET DUCT', 1, '2013-12-26', '10:59:00', '2013-12-26 05:29:45'),
(75, 4, 1, 'AK/19', 'AK/19', 'CYLINDER-AK/19', 'CYLINDER-AK/19', 1, '2013-12-26', '10:59:00', '2013-12-26 05:29:45'),
(76, 4, 1, 'AK/19A', 'AK/19A', 'WASHER-AK/19A', 'WASHER-AK/19A', 1, '2013-12-26', '10:59:00', '2013-12-26 05:29:45'),
(77, 4, 1, 'AK/19B', 'AK/19B', 'SCREW-AK/19B', 'SCREW-AK/19B', 1, '2013-12-26', '10:59:00', '2013-12-26 05:29:45'),
(78, 4, 1, 'AK/19C', 'AK/19C', 'GASKET-AK/19C', 'GASKET-AK/19C', 1, '2013-12-26', '10:59:00', '2013-12-26 05:29:45'),
(79, 4, 1, 'AK/20', 'AK/20', 'SILENCER', 'SILENCER', 1, '2013-12-26', '10:59:00', '2013-12-26 05:29:46'),
(80, 4, 1, 'AK/20A', 'AK/20A', 'SILENCER GUARD', 'SILENCER GUARD', 1, '2013-12-26', '10:59:00', '2013-12-26 05:29:46'),
(81, 4, 1, 'AK/20B', 'AK/20B', 'SILENCER SCREW', 'SILENCER SCREW', 1, '2013-12-26', '10:59:00', '2013-12-26 05:29:46'),
(82, 4, 1, 'AK/21', 'AK/21', 'AIR CLEANER COVER', 'AIR CLEANER COVER', 1, '2013-12-26', '10:59:00', '2013-12-26 05:29:46'),
(83, 4, 1, 'AK/21A', 'AK/21A', 'FILTER - AK/21A', 'FILTER - AK/21A', 1, '2013-12-26', '10:59:00', '2013-12-26 05:29:46'),
(84, 4, 1, 'AK/22', 'AK/22', 'FILTER SET-AK/22', 'FILTER SET-AK/22', 1, '2013-12-26', '10:59:00', '2013-12-26 05:29:46'),
(85, 4, 1, 'AK/22A', 'AK/22A', 'FLOATER CHAMBER SET', 'FLOATER CHAMBER SET', 1, '2013-12-26', '10:59:00', '2013-12-26 05:29:46'),
(86, 4, 1, 'AK/22B', 'AK/22B', 'CLAMP AK/22B', 'CLAMP AK/22B', 1, '2013-12-26', '10:59:00', '2013-12-26 05:29:47'),
(87, 4, 1, 'AK/22C', 'AK/22C', 'FILTER - 	AK/22C', 'FILTER - 	AK/22C', 1, '2013-12-26', '10:59:00', '2013-12-26 05:29:47'),
(88, 4, 1, 'AK/22D', 'AK/22D', 'VALVE SET', 'VALVE SET', 1, '2013-12-26', '10:59:00', '2013-12-26 05:29:47'),
(89, 4, 1, 'AK/22E', 'AK/22E', 'SPRING-AK/22E', 'SPRING-AK/22E', 1, '2013-12-26', '10:59:00', '2013-12-26 05:29:48'),
(90, 4, 1, 'AK/22F', 'AK/22F', 'SCREW-AK/22F', 'SCREW-AK/22F', 1, '2013-12-26', '10:59:00', '2013-12-26 05:29:48'),
(91, 4, 1, 'AK/23', 'AK/23', 'REMOTE CONTROL UNIT', 'REMOTE CONTROL UNIT', 1, '2013-12-26', '10:59:00', '2013-12-26 05:29:48'),
(92, 4, 1, 'AK/23A', 'AK/23A', 'VALVE COVER', 'VALVE COVER', 1, '2013-12-26', '10:59:00', '2013-12-26 05:29:48'),
(93, 4, 1, 'AK/23B', 'AK/23B', 'VALVE - AK/23B', 'VALVE - AK/23B', 1, '2013-12-26', '10:59:00', '2013-12-26 05:29:48'),
(94, 4, 1, 'AK/24', 'AK/24', 'FILTER SET-AK/24', 'FILTER SET-AK/24', 1, '2013-12-26', '10:59:00', '2013-12-26 05:29:48'),
(95, 4, 1, 'AK/24A', 'AK/24A', 'FUEL FILTER', 'FUEL FILTER', 1, '2013-12-26', '10:59:00', '2013-12-26 05:29:49'),
(96, 4, 1, 'AK/24B', 'AK/24B', 'FILTER PLUG', 'FILTER PLUG', 1, '2013-12-26', '10:59:00', '2013-12-26 05:29:49'),
(97, 4, 1, 'AK/25', 'AK/25', 'NUT-AK/25', 'NUT-AK/25', 1, '2013-12-26', '10:59:00', '2013-12-26 05:29:49'),
(98, 4, 1, 'AK/25A', 'AK/25A', 'WASHER-AK/25A', 'WASHER-AK/25A', 1, '2013-12-26', '10:59:00', '2013-12-26 05:29:49'),
(99, 4, 1, 'AK/25B', 'AK/25B', 'SPRING-AK/25B', 'SPRING-AK/25B', 1, '2013-12-26', '10:59:00', '2013-12-26 05:29:49'),
(100, 4, 1, 'AK/25C', 'AK/25C', 'SCREW-AK/25C', 'SCREW-AK/25C', 1, '2013-12-26', '10:59:00', '2013-12-26 05:29:49'),
(101, 4, 1, 'AK/26', 'AK/26', 'WASHER-AK/26', 'WASHER-AK/26', 1, '2013-12-26', '10:59:00', '2013-12-26 05:29:50'),
(102, 4, 1, 'AK/27', 'AK/27', 'SCREW-AK/27', 'SCREW-AK/27', 1, '2013-12-26', '10:59:00', '2013-12-26 05:29:50'),
(103, 4, 1, 'AK/28', 'AK/28', 'PACKING SET', 'PACKING SET', 1, '2013-12-26', '10:59:00', '2013-12-26 05:29:50'),
(104, 4, 1, 'AK/28A', 'AK/28A', 'CYLINDER HEAD GASKET', 'CYLINDER HEAD GASKET', 1, '2013-12-26', '10:59:00', '2013-12-26 05:29:50'),
(105, 4, 1, 'AK/28B', 'AK/28B', 'SILENCER GASKET', 'SILENCER GASKET', 1, '2013-12-26', '10:59:00', '2013-12-26 05:29:50'),
(106, 4, 1, 'AK/28C', 'AK/28C', 'CARBURATTOR GASKET', 'CARBURATTOR GASKET', 1, '2013-12-26', '10:59:00', '2013-12-26 05:29:50'),
(107, 4, 1, 'AK/29', 'AK/29', 'PISTON ASSEMBLY', 'PISTON ASSEMBLY', 1, '2013-12-26', '10:59:00', '2013-12-26 05:29:51'),
(108, 4, 1, 'AK/30', 'AK/30', 'BRASS BOLT', 'BRASS BOLT', 1, '2013-12-26', '10:59:00', '2013-12-26 05:29:51'),
(109, 4, 1, 'AK/31', 'AK/31', 'FLOAT NEEDLE', 'FLOAT NEEDLE', 1, '2013-12-26', '10:59:00', '2013-12-26 05:29:51'),
(110, 4, 1, 'AK/31A', 'AK/31A', 'PIN-AK/31A', 'PIN-AK/31A', 1, '2013-12-26', '10:59:00', '2013-12-26 05:29:51'),
(111, 4, 1, 'AK/31B', 'AK/31B', 'JET', 'JET', 1, '2013-12-26', '10:59:00', '2013-12-26 05:29:51'),
(112, 4, 1, 'AK/31C', 'AK/31C', 'FLOAT', 'FLOAT', 1, '2013-12-26', '10:59:00', '2013-12-26 05:29:51'),
(113, 4, 1, 'AK/32', 'AK/32', 'NUT FOR FAN', 'NUT FOR FAN', 1, '2013-12-26', '10:59:00', '2013-12-26 05:29:52'),
(114, 4, 1, 'AKN/03', 'AKN/03', 'NEEDLE BEARING', 'NEEDLE BEARING', 1, '2013-12-26', '10:59:00', '2013-12-26 05:29:52'),
(115, 4, 1, 'AKN/05', 'AKN/05', 'CRANKSHAFT-AKN/05', 'CRANKSHAFT-AKN/05', 1, '2013-12-26', '10:59:00', '2013-12-26 05:29:52'),
(116, 4, 1, 'AKN/05B', 'AKN/05B', 'PIN-AKN/05B', 'PIN-AKN/05B', 1, '2013-12-26', '10:59:00', '2013-12-26 05:29:52'),
(117, 4, 1, 'AKN/06', 'AKN/06', 'CRAKCASE STARTER SIDE', 'CRAKCASE STARTER SIDE', 1, '2013-12-26', '10:59:00', '2013-12-26 05:29:52'),
(118, 4, 1, 'AKN/07', 'AKN/07', 'CRANK CASE(PTO SIDE)', 'CRANK CASE(PTO SIDE)', 1, '2013-12-26', '10:59:00', '2013-12-26 05:29:52'),
(119, 4, 1, 'AKN/07A', 'AKN/07A', 'WASHER-AKN/07A', 'WASHER-AKN/07A', 1, '2013-12-26', '10:59:00', '2013-12-26 05:29:53'),
(120, 4, 1, 'AKN/07B', 'AKN/07B', 'NUT-AKN/07B', 'NUT-AKN/07B', 1, '2013-12-26', '10:59:00', '2013-12-26 05:29:53'),
(121, 4, 1, 'AKN/15', 'AKN/15', 'PISTON RING', 'PISTON RING', 1, '2013-12-26', '10:59:00', '2013-12-26 05:29:53'),
(122, 4, 1, 'AKN/15B', 'AKN/15B', 'PISTON PIN', 'PISTON PIN', 1, '2013-12-26', '10:59:00', '2013-12-26 05:29:54'),
(123, 4, 1, 'AKN/15C', 'AKN/15C', 'RING', 'RING', 1, '2013-12-26', '10:59:00', '2013-12-26 05:29:54'),
(124, 4, 1, 'AKN/17', 'AKN/17', 'SCREW-AKN/17', 'SCREW-AKN/17', 1, '2013-12-26', '10:59:00', '2013-12-26 05:29:54'),
(125, 4, 1, 'AKN/18', 'AKN/18', 'DUCT', 'DUCT', 1, '2013-12-26', '10:59:00', '2013-12-26 05:29:54'),
(126, 4, 1, 'AKN/18A', 'AKN/18A', 'SPACER', 'SPACER', 1, '2013-12-26', '10:59:00', '2013-12-26 05:29:54'),
(127, 4, 1, 'AKN/19', 'AKN/19', 'CYLINDER-AKN/19', 'CYLINDER-AKN/19', 1, '2013-12-26', '10:59:00', '2013-12-26 05:29:55'),
(128, 4, 1, 'AKN/20', 'AKN/20', 'MUFFLERAKN/20', 'MUFFLERAKN/20', 1, '2013-12-26', '10:59:00', '2013-12-26 05:29:55'),
(129, 4, 1, 'AKN/20A', 'AKN/20A', 'MUFFLER GUAED', 'MUFFLER GUAED', 1, '2013-12-26', '10:59:00', '2013-12-26 05:29:55'),
(130, 4, 1, 'AKN/20B', 'AKN/20B', 'SILENCER SCREW', 'SILENCER SCREW', 1, '2013-12-26', '10:59:00', '2013-12-26 05:29:55'),
(131, 4, 1, 'AKN/20C', 'AKN/20C', 'NUT-AKN/20C', 'NUT-AKN/20C', 1, '2013-12-26', '10:59:00', '2013-12-26 05:29:55'),
(132, 4, 1, 'AKN/20D', 'AKN/20D', 'WASHER-AKN/20D', 'WASHER-AKN/20D', 1, '2013-12-26', '10:59:00', '2013-12-26 05:29:56'),
(133, 4, 1, 'AKN/20E', 'AKN/20E', 'NUT-AKN/20E', 'NUT-AKN/20E', 1, '2013-12-26', '10:59:00', '2013-12-26 05:29:56'),
(134, 4, 1, 'AKN/28', 'AKN/28', 'GASKET SET', 'GASKET SET', 1, '2013-12-26', '10:59:00', '2013-12-26 05:29:56'),
(135, 4, 1, 'AKN/28A', 'AKN/28A', 'GASKET-AKN/28A', 'GASKET-AKN/28A', 1, '2013-12-26', '10:59:00', '2013-12-26 05:29:56'),
(136, 4, 1, 'AKN/28B', 'AKN/28B', 'GASKET-AKN/28B', 'GASKET-AKN/28B', 1, '2013-12-26', '10:59:00', '2013-12-26 05:29:56'),
(137, 4, 1, 'AKN/28C', 'AKN/28C', 'GASKET-AKN/28C', 'GASKET-AKN/28C', 1, '2013-12-26', '10:59:00', '2013-12-26 05:29:56'),
(138, 4, 1, 'AKN/28D', 'AKN/28D', 'NUT-AKN/28D', 'NUT-AKN/28D', 1, '2013-12-26', '10:59:00', '2013-12-26 05:29:57'),
(139, 4, 1, 'AKN/29', 'AKN/29', 'PISTON ASSY.048', 'PISTON ASSY.048', 1, '2013-12-26', '10:59:00', '2013-12-26 05:29:57'),
(140, 4, 1, 'AKN/33', 'AKN/33', 'THROTLE CABLE', 'THROTLE CABLE', 1, '2013-12-26', '10:59:00', '2013-12-26 05:29:57'),
(141, 4, 1, 'AM/01', 'AM/01', 'SET COMP FOR MISTBL', 'SET COMP FOR MISTBL', 1, '2013-12-26', '10:59:00', '2013-12-26 05:29:57'),
(142, 4, 1, 'AM/02', 'AM/02', '2 STROKE ENGINE 48CC', '2 STROKE ENGINE 48CC', 1, '2013-12-26', '10:59:00', '2013-12-26 05:29:57'),
(143, 4, 1, 'AM/03', 'AM/03', 'SPIRAL HOSE - AM/03', 'SPIRAL HOSE - AM/03', 1, '2013-12-26', '10:59:00', '2013-12-26 05:29:57'),
(144, 4, 1, 'AM/03A', 'AM/03A', 'SPIRAL HOSE - AM/03A', 'SPIRAL HOSE - AM/03A', 1, '2013-12-26', '10:59:00', '2013-12-26 05:29:57'),
(145, 4, 1, 'AM/04', 'AM/04', 'ELBOW', 'ELBOW', 1, '2013-12-26', '10:59:00', '2013-12-26 05:29:58'),
(146, 4, 1, 'AM/04A', 'AM/04A', 'CAP', 'CAP', 1, '2013-12-26', '10:59:00', '2013-12-26 05:29:58'),
(147, 4, 1, 'AM/05', 'AM/05', 'CONNECTOR-AM/05', 'CONNECTOR-AM/05', 1, '2013-12-26', '10:59:00', '2013-12-26 05:29:58'),
(148, 4, 1, 'AM/06', 'AM/06', 'HANDLE C/W COCK', 'HANDLE C/W COCK', 1, '2013-12-26', '10:59:00', '2013-12-26 05:29:58'),
(149, 4, 1, 'AM/06A', 'AM/06A', 'HANDLE COMPLET', 'HANDLE COMPLET', 1, '2013-12-26', '10:59:00', '2013-12-26 05:29:58'),
(150, 4, 1, 'AM/07', 'AM/07', 'VENTURY C/W COCK', 'VENTURY C/W COCK', 1, '2013-12-26', '10:59:00', '2013-12-26 05:29:58'),
(151, 4, 1, 'AM/08', 'AM/08', 'PLASTIC COCK', 'PLASTIC COCK', 1, '2013-12-26', '10:59:00', '2013-12-26 05:29:59'),
(152, 4, 1, 'AM/08A', 'AM/08A', 'O RING FOR PLAS.COCK', 'O RING FOR PLAS.COCK', 1, '2013-12-26', '10:59:00', '2013-12-26 05:29:59'),
(153, 4, 1, 'AM/09', 'AM/09', 'PLASTIC WASHER', 'PLASTIC WASHER', 1, '2013-12-26', '10:59:00', '2013-12-26 05:29:59'),
(154, 4, 1, 'AM/10', 'AM/10', 'RUBBER WASHER', 'RUBBER WASHER', 1, '2013-12-26', '10:59:00', '2013-12-26 05:29:59'),
(155, 4, 1, 'AM/11', 'AM/11', 'HOSE CLIP', 'HOSE CLIP', 1, '2013-12-26', '10:59:00', '2013-12-26 05:29:59'),
(156, 4, 1, 'AM/16', 'AM/16', 'CABLE', 'CABLE', 1, '2013-12-26', '10:59:00', '2013-12-26 05:29:59'),
(157, 4, 1, 'AM/17', 'AM/17', 'CONNECTOR-AM/17', 'CONNECTOR-AM/17', 1, '2013-12-26', '10:59:00', '2013-12-26 05:30:00'),
(158, 4, 1, 'AM/18', 'AM/18', 'ELBOW FOR BLOWER', 'ELBOW FOR BLOWER', 1, '2013-12-26', '10:59:00', '2013-12-26 05:30:00'),
(159, 4, 1, 'AM/18/VB62', 'AM/18/VB62', 'VEE BELT B 62', 'VEE BELT B 62', 1, '2013-12-26', '10:59:00', '2013-12-26 05:30:00'),
(160, 4, 1, 'AM/18/VB83', 'AM/18/VB83', 'VEE BELT B 83', 'VEE BELT B 83', 1, '2013-12-26', '10:59:00', '2013-12-26 05:30:00'),
(161, 4, 1, 'AM/18/VB96', 'AM/18/VB96', 'VEE BELT B 96', 'VEE BELT B 96', 1, '2013-12-26', '10:59:00', '2013-12-26 05:30:00'),
(162, 4, 1, 'AM/19', 'AM/19', 'GAS HANDLE', 'GAS HANDLE', 1, '2013-12-26', '10:59:00', '2013-12-26 05:30:00'),
(163, 4, 1, 'AM/20', 'AM/20', 'NUT FOR GAS HANDLE', 'NUT FOR GAS HANDLE', 1, '2013-12-26', '10:59:00', '2013-12-26 05:30:01'),
(164, 4, 1, 'AM/21', 'AM/21', 'CONN.FOR R/MOUNT', 'CONN.FOR R/MOUNT', 1, '2013-12-26', '10:59:00', '2013-12-26 05:30:01'),
(165, 4, 1, 'AM/22', 'AM/22', 'BACK CUSHION', 'BACK CUSHION', 1, '2013-12-26', '10:59:00', '2013-12-26 05:30:01'),
(166, 4, 1, 'AM/23', 'AM/23', 'FUEL TANK CUP', 'FUEL TANK CUP', 1, '2013-12-26', '10:59:00', '2013-12-26 05:30:01'),
(167, 4, 1, 'AM/24', 'AM/24', 'FUEL TANK CUP PACKING', 'FUEL TANK CUP PACKING', 1, '2013-12-26', '10:59:00', '2013-12-26 05:30:01'),
(168, 4, 1, 'AM/25', 'AM/25', 'FUEL COCK', 'FUEL COCK', 1, '2013-12-26', '10:59:00', '2013-12-26 05:30:01'),
(169, 4, 1, 'AM/26', 'AM/26', 'WASHER FOR FUEL COCK', 'WASHER FOR FUEL COCK', 1, '2013-12-26', '10:59:00', '2013-12-26 05:30:01'),
(170, 4, 1, 'AM/27', 'AM/27', 'O RING FOR P/COCK', 'O RING FOR P/COCK', 1, '2013-12-26', '10:59:00', '2013-12-26 05:30:01'),
(171, 4, 1, 'AM/28', 'AM/28', 'STOP SWITCH', 'STOP SWITCH', 1, '2013-12-26', '10:59:00', '2013-12-26 05:30:02'),
(172, 4, 1, 'AM/28A', 'AM/28A', 'SWITCH - AM/28A', 'SWITCH - AM/28A', 1, '2013-12-26', '10:59:00', '2013-12-26 05:30:02'),
(173, 4, 1, 'AM/29', 'AM/29', 'SCREW FOR FAN CASING', 'SCREW FOR FAN CASING', 1, '2013-12-26', '10:59:00', '2013-12-26 05:30:02'),
(174, 4, 1, 'AM/30', 'AM/30', 'NUT FOR FAN CASING', 'NUT FOR FAN CASING', 1, '2013-12-26', '10:59:00', '2013-12-26 05:30:02'),
(175, 4, 1, 'AM/31', 'AM/31', 'BOLT', 'BOLT', 1, '2013-12-26', '10:59:00', '2013-12-26 05:30:02'),
(176, 4, 1, 'AM/32', 'AM/32', 'NUT-AM/32', 'NUT-AM/32', 1, '2013-12-26', '10:59:00', '2013-12-26 05:30:02'),
(177, 4, 1, 'AM/33', 'AM/33', 'RUBBER MOUNT', 'RUBBER MOUNT', 1, '2013-12-26', '10:59:00', '2013-12-26 05:30:03'),
(178, 4, 1, 'AM/33A', 'AM/33A', 'SHOCK ABSORBER SET', 'SHOCK ABSORBER SET', 1, '2013-12-26', '10:59:00', '2013-12-26 05:30:03'),
(179, 4, 1, 'AM/34', 'AM/34', 'SCREW FOR NOZZLE', 'SCREW FOR NOZZLE', 1, '2013-12-26', '10:59:00', '2013-12-26 05:30:03'),
(180, 4, 1, 'AM/35', 'AM/35', 'SCREW-AM/35', 'SCREW-AM/35', 1, '2013-12-26', '10:59:00', '2013-12-26 05:30:03'),
(181, 4, 1, 'AM/36', 'AM/36', 'LIQUID TANK CUP', 'LIQUID TANK CUP', 1, '2013-12-26', '10:59:00', '2013-12-26 05:30:03'),
(182, 4, 1, 'AM/37', 'AM/37', 'RUBBER PACKING', 'RUBBER PACKING', 1, '2013-12-26', '10:59:00', '2013-12-26 05:30:03'),
(183, 4, 1, 'AM/38', 'AM/38', 'SLIEVE', 'SLIEVE', 1, '2013-12-26', '10:59:00', '2013-12-26 05:30:03'),
(184, 4, 1, 'AM/39', 'AM/39', 'UNION', 'UNION', 1, '2013-12-26', '10:59:00', '2013-12-26 05:30:04'),
(185, 4, 1, 'AM/39A', 'AM/39A', 'GASKET FOR UNION', 'GASKET FOR UNION', 1, '2013-12-26', '10:59:00', '2013-12-26 05:30:04'),
(186, 4, 1, 'AM/40', 'AM/40', 'LIQUID HOSE (L)', 'LIQUID HOSE (L)', 1, '2013-12-26', '10:59:00', '2013-12-26 05:30:04'),
(187, 4, 1, 'AM/41', 'AM/41', 'LIQUID HOSE (S)', 'LIQUID HOSE (S)', 1, '2013-12-26', '10:59:00', '2013-12-26 05:30:04'),
(188, 4, 1, 'AM/42', 'AM/42', 'WASHER FOR GAS HANDLE', 'WASHER FOR GAS HANDLE', 1, '2013-12-26', '10:59:00', '2013-12-26 05:30:05'),
(189, 4, 1, 'AM/43', 'AM/43', 'FAN CASING (FRONT)', 'FAN CASING (FRONT)', 1, '2013-12-26', '10:59:00', '2013-12-26 05:30:05'),
(190, 4, 1, 'AM/44', 'AM/44', 'FAN CASING (BACK)', 'FAN CASING (BACK)', 1, '2013-12-26', '10:59:00', '2013-12-26 05:30:05'),
(191, 4, 1, 'AM/45', 'AM/45', 'TANK AND FRAME', 'TANK AND FRAME', 1, '2013-12-26', '10:59:00', '2013-12-26 05:30:05'),
(192, 4, 1, 'AM/46', 'AM/46', 'FAN', 'FAN', 1, '2013-12-26', '10:59:00', '2013-12-26 05:30:05'),
(193, 4, 1, 'AM/47', 'AM/47', 'NOZZLE - AM/47', 'NOZZLE - AM/47', 1, '2013-12-26', '10:59:00', '2013-12-26 05:30:05'),
(194, 4, 1, 'AM/47A', 'AM/47A', 'STRAINER FOR NOZZLE', 'STRAINER FOR NOZZLE', 1, '2013-12-26', '10:59:00', '2013-12-26 05:30:06'),
(195, 4, 1, 'AM/48', 'AM/48', 'DUSTING ATTACHMENT', 'DUSTING ATTACHMENT', 1, '2013-12-26', '10:59:00', '2013-12-26 05:30:06'),
(196, 4, 1, 'AM/49', 'AM/49', 'FUEL HOSE', 'FUEL HOSE', 1, '2013-12-26', '10:59:00', '2013-12-26 05:30:06'),
(197, 4, 1, 'AM/50', 'AM/50', 'FUEL TANK COMPLETE', 'FUEL TANK COMPLETE', 1, '2013-12-26', '10:59:00', '2013-12-26 05:30:06'),
(198, 4, 1, 'AM/51', 'AM/51', 'BACK CUSHION STUDE', 'BACK CUSHION STUDE', 1, '2013-12-26', '10:59:00', '2013-12-26 05:30:06'),
(199, 4, 1, 'AM/52', 'AM/52', 'SHOULDER STRAP', 'SHOULDER STRAP', 1, '2013-12-26', '10:59:00', '2013-12-26 05:30:06'),
(200, 4, 1, 'AM/53', 'AM/53', 'RIVET', 'RIVET', 1, '2013-12-26', '10:59:00', '2013-12-26 05:30:06'),
(201, 4, 1, 'AM/54', 'AM/54', 'PLASTIC COCK FOR HANDLE', 'PLASTIC COCK FOR HANDLE', 1, '2013-12-26', '10:59:00', '2013-12-26 05:30:07'),
(202, 6, 1, 'AS11/BG3051002', 'AS11/BG3051002', 'FUEL TANK LID', 'FUEL TANK LID', 1, '2013-12-26', '10:59:00', '2013-12-26 05:30:07'),
(203, 6, 1, 'AS11/BG305101', 'AS11/BG305101', 'FILTER NET ASSEMBLY', 'FILTER NET ASSEMBLY', 1, '2013-12-26', '10:59:00', '2013-12-26 05:30:07'),
(204, 6, 1, 'AS11/BG305102', 'AS11/BG305102', 'FUEL T/CAP SEAL WASHER', 'FUEL T/CAP SEAL WASHER', 1, '2013-12-26', '10:59:00', '2013-12-26 05:30:07'),
(205, 6, 1, 'AS11/GB12351624', 'AS11/GB12351624', 'SEALING WASHER-AS11/GB12351624', 'SEALING WASHER-AS11/GB12351624', 1, '2013-12-26', '10:59:00', '2013-12-26 05:30:07'),
(206, 6, 1, 'AS11/ZB40502', 'AS11/ZB40502', 'HOSE', 'HOSE', 1, '2013-12-26', '10:59:00', '2013-12-26 05:30:07'),
(207, 6, 1, 'AS11/ZB45401', 'AS11/ZB45401', 'CLAMP AS11/ZB45401', 'CLAMP AS11/ZB45401', 1, '2013-12-26', '10:59:00', '2013-12-26 05:30:07'),
(208, 6, 1, 'AS11/0157', 'AS11/0157', 'PLASTIC CLIP', 'PLASTIC CLIP', 1, '2013-12-26', '10:59:00', '2013-12-26 05:30:07'),
(209, 6, 1, 'AS11/0239', 'AS11/0239', 'CLIP-AS11/0239', 'CLIP-AS11/0239', 1, '2013-12-26', '10:59:00', '2013-12-26 05:30:08'),
(210, 6, 1, 'AS11/0239C', 'AS11/0239C', 'CLIP ASSY.', 'CLIP ASSY.', 1, '2013-12-26', '10:59:00', '2013-12-26 05:30:08'),
(211, 6, 1, 'AS11/0242', 'AS11/0242', 'PLASTC LID', 'PLASTC LID', 1, '2013-12-26', '10:59:00', '2013-12-26 05:30:08'),
(212, 6, 1, 'AS11/0243', 'AS11/0243', 'RUBBER LID', 'RUBBER LID', 1, '2013-12-26', '10:59:00', '2013-12-26 05:30:08'),
(213, 6, 1, 'AS11/0285', 'AS11/0285', 'SCREW-AS11/0285', 'SCREW-AS11/0285', 1, '2013-12-26', '10:59:00', '2013-12-26 05:30:08'),
(214, 6, 1, 'AS11/0289', 'AS11/0289', 'RED HANDLE', 'RED HANDLE', 1, '2013-12-26', '10:59:00', '2013-12-26 05:30:08'),
(215, 6, 1, 'AS11/0290', 'AS11/0290', 'BLACK HANDLE', 'BLACK HANDLE', 1, '2013-12-26', '10:59:00', '2013-12-26 05:30:09'),
(216, 6, 1, 'AS11/0298', 'AS11/0298', 'CLIP-AS11/0239', 'CLIP-AS11/0239', 1, '2013-12-26', '10:59:00', '2013-12-26 05:30:09'),
(217, 6, 1, 'AS11/0298C', 'AS11/0298C', 'CLIP ASSY.', 'CLIP ASSY.', 1, '2013-12-26', '10:59:00', '2013-12-26 05:30:09'),
(218, 6, 1, 'AS11/0312', 'AS11/0312', 'BELT COMPONENT', 'BELT COMPONENT', 1, '2013-12-26', '10:59:00', '2013-12-26 05:30:09'),
(219, 6, 1, 'AS11/0323', 'AS11/0323', 'CLIP 0.8*12.5', 'CLIP 0.8*12.5', 1, '2013-12-26', '10:59:00', '2013-12-26 05:30:09'),
(220, 6, 1, 'AS11/0336', 'AS11/0336', 'LID-AS11/0336', 'LID-AS11/0336', 1, '2013-12-26', '10:59:00', '2013-12-26 05:30:09'),
(221, 6, 1, 'AS11/0337', 'AS11/0337', 'FILTER NET(F/TANK LID)', 'FILTER NET(F/TANK LID)', 1, '2013-12-26', '10:59:00', '2013-12-26 05:30:09'),
(222, 6, 1, 'AS11/0344', 'AS11/0344', 'STOPPER', 'STOPPER', 1, '2013-12-26', '10:59:00', '2013-12-26 05:30:10'),
(223, 6, 1, 'AS11/07', 'AS11/07', 'SEALING WASHER-AS11/07', 'SEALING WASHER-AS11/07', 1, '2013-12-26', '10:59:00', '2013-12-26 05:30:10'),
(224, 6, 1, 'AS11/102', 'AS11/102', 'SWITCH', 'SWITCH', 1, '2013-12-26', '10:59:00', '2013-12-26 05:30:10'),
(225, 6, 1, 'AS11/102A', 'AS11/102A', 'PACKING-SWITCH', 'PACKING-SWITCH', 1, '2013-12-26', '10:59:00', '2013-12-26 05:30:10'),
(226, 6, 1, 'AS11/102B', 'AS11/102B', 'BOLT-SWITCH', 'BOLT-SWITCH', 1, '2013-12-26', '10:59:00', '2013-12-26 05:30:10'),
(227, 6, 1, 'AS11/103', 'AS11/103', 'BOLT-THROTLE', 'BOLT-THROTLE', 1, '2013-12-26', '10:59:00', '2013-12-26 05:30:10'),
(228, 6, 1, 'AS11/103A', 'AS11/103A', 'NUT-THROTLE', 'NUT-THROTLE', 1, '2013-12-26', '10:59:00', '2013-12-26 05:30:10'),
(229, 6, 1, 'AS11/104', 'AS11/104', 'AIR CLEANER', 'AIR CLEANER', 1, '2013-12-26', '10:59:00', '2013-12-26 05:30:11'),
(230, 6, 1, 'AS11/130', 'AS11/130', 'MUFFLER-AS11/130', 'MUFFLER-AS11/130', 1, '2013-12-26', '10:59:00', '2013-12-26 05:30:11'),
(231, 6, 1, 'AS11/1348', 'AS11/1348', 'VULUTE CASE.', 'VULUTE CASE.', 1, '2013-12-26', '10:59:00', '2013-12-26 05:30:11'),
(232, 6, 1, 'AS11/1349', 'AS11/1349', 'VULUTE CASE', 'VULUTE CASE', 1, '2013-12-26', '10:59:00', '2013-12-26 05:30:11'),
(233, 6, 1, 'AS11/14A', 'AS11/14A', 'SHUTTER', 'SHUTTER', 1, '2013-12-26', '10:59:00', '2013-12-26 05:30:11'),
(234, 6, 1, 'AS11/2262', 'AS11/2262', 'FUEL TUBE', 'FUEL TUBE', 1, '2013-12-26', '10:59:00', '2013-12-26 05:30:11'),
(235, 6, 1, 'AS11/2316', 'AS11/2316', 'CLIP 0.8*14.5', 'CLIP 0.8*14.5', 1, '2013-12-26', '10:59:00', '2013-12-26 05:30:11'),
(236, 6, 1, 'AS11/3A32', 'AS11/3A32', 'AIR CLEANER NET', 'AIR CLEANER NET', 1, '2013-12-26', '10:59:00', '2013-12-26 05:30:12'),
(237, 6, 1, 'AS11/3A33', 'AS11/3A33', 'FILTER CORE', 'FILTER CORE', 1, '2013-12-26', '10:59:00', '2013-12-26 05:30:12'),
(238, 6, 1, 'AS11/3A34', 'AS11/3A34', 'OUT SIDE COVER', 'OUT SIDE COVER', 1, '2013-12-26', '10:59:00', '2013-12-26 05:30:12'),
(239, 6, 1, 'AS11/3WF26A1', 'AS11/3WF26A1', 'CLAMP AS11/3WF26A1', 'CLAMP AS11/3WF26A1', 1, '2013-12-26', '10:59:00', '2013-12-26 05:30:12'),
(240, 6, 1, 'AS11/3WF26A112', 'AS11/3WF26A112', 'LINK FRAME', 'LINK FRAME', 1, '2013-12-26', '10:59:00', '2013-12-26 05:30:12'),
(241, 6, 1, 'AS11/3WF26A6', 'AS11/3WF26A6', 'RUBBER PILLAR', 'RUBBER PILLAR', 1, '2013-12-26', '10:59:00', '2013-12-26 05:30:12'),
(242, 6, 1, 'AS11/3WF26A7', 'AS11/3WF26A7', 'SUPPORT COMPONENT', 'SUPPORT COMPONENT', 1, '2013-12-26', '10:59:00', '2013-12-26 05:30:12'),
(243, 6, 1, 'AS11/3WF262', 'AS11/3WF262', 'FUEL TANK', 'FUEL TANK', 1, '2013-12-26', '10:59:00', '2013-12-26 05:30:12'),
(244, 6, 1, 'AS11/3WF263', 'AS11/3WF263', 'THROTTLE CABLE', 'THROTTLE CABLE', 1, '2013-12-26', '10:59:00', '2013-12-26 05:30:13'),
(245, 6, 1, 'AS11/3WF264.1', 'AS11/3WF264.1', 'CONNECTOR COMP.', 'CONNECTOR COMP.', 1, '2013-12-26', '10:59:00', '2013-12-26 05:30:13'),
(246, 6, 1, 'AS11/3WF2641', 'AS11/3WF2641', 'FAN JOINT', 'FAN JOINT', 1, '2013-12-26', '10:59:00', '2013-12-26 05:30:13'),
(247, 6, 1, 'AS11/3WF2642', 'AS11/3WF2642', 'PIPE (HOSE)', 'PIPE (HOSE)', 1, '2013-12-26', '10:59:00', '2013-12-26 05:30:13'),
(248, 6, 1, 'AS11/3WF2691', 'AS11/3WF2691', 'NET COVER', 'NET COVER', 1, '2013-12-26', '10:59:00', '2013-12-26 05:30:13'),
(249, 6, 1, 'AS11/3WF2692', 'AS11/3WF2692', 'IMPELLER ASSEMBLY', 'IMPELLER ASSEMBLY', 1, '2013-12-26', '10:59:00', '2013-12-26 05:30:14'),
(250, 6, 1, 'AS11/3WF27.3', 'AS11/3WF27.3', 'NOZZLE ASSEMBLY', 'NOZZLE ASSEMBLY', 1, '2013-12-26', '10:59:00', '2013-12-26 05:30:14'),
(251, 6, 1, 'AS11/3WF273', 'AS11/3WF273', 'HANDLE', 'HANDLE', 1, '2013-12-26', '10:59:00', '2013-12-26 05:30:14'),
(252, 6, 1, 'AS11/3WF2732', 'AS11/3WF2732', 'NOZZLE', 'NOZZLE', 1, '2013-12-26', '10:59:00', '2013-12-26 05:30:14'),
(253, 6, 1, 'AS11/3WF2733', 'AS11/3WF2733', 'WASHER-AS11/3WF2733', 'WASHER-AS11/3WF2733', 1, '2013-12-26', '10:59:00', '2013-12-26 05:30:14'),
(254, 6, 1, 'AS11/3WF2734', 'AS11/3WF2734', 'ROTATION IMPELLER', 'ROTATION IMPELLER', 1, '2013-12-26', '10:59:00', '2013-12-26 05:30:14'),
(255, 6, 1, 'AS11/3WF2734C', 'AS11/3WF2734C', 'ROTATION NOZZLE COMP.', 'ROTATION NOZZLE COMP.', 1, '2013-12-26', '10:59:00', '2013-12-26 05:30:14'),
(256, 6, 1, 'AS11/3WF2735', 'AS11/3WF2735', 'SEAL-AS11/3WF2735', 'SEAL-AS11/3WF2735', 1, '2013-12-26', '10:59:00', '2013-12-26 05:30:14'),
(257, 6, 1, 'AS11/3WF3171', 'AS11/3WF3171', 'CHEMICAL TANK (14L)', 'CHEMICAL TANK (14L)', 1, '2013-12-26', '10:59:00', '2013-12-26 05:30:15'),
(258, 6, 1, 'AS11/3WF31711', 'AS11/3WF31711', 'AIR VALVE', 'AIR VALVE', 1, '2013-12-26', '10:59:00', '2013-12-26 05:30:15'),
(259, 6, 1, 'AS11/3WF31712', 'AS11/3WF31712', 'LID-AS11/3WF31712', 'LID-AS11/3WF31712', 1, '2013-12-26', '10:59:00', '2013-12-26 05:30:15'),
(260, 6, 1, 'AS11/3WF31713', 'AS11/3WF31713', 'SEALING WASHER-AS11/3WF31713', 'SEALING WASHER-AS11/3WF31713', 1, '2013-12-26', '10:59:00', '2013-12-26 05:30:15'),
(261, 6, 1, 'AS11/3WF319', 'AS11/3WF319', 'PROTECTION', 'PROTECTION', 1, '2013-12-26', '10:59:00', '2013-12-26 05:30:16'),
(262, 6, 1, 'AS11/3WF3191', 'AS11/3WF3191', 'COCK ASSEMBLY', 'COCK ASSEMBLY', 1, '2013-12-26', '10:59:00', '2013-12-26 05:30:16'),
(263, 6, 1, 'AS11/3WF31933', 'AS11/3WF31933', 'VALVE', 'VALVE', 1, '2013-12-26', '10:59:00', '2013-12-26 05:30:16'),
(264, 6, 1, 'AS11/3WF32001', 'AS11/3WF32001', 'FILTER NET', 'FILTER NET', 1, '2013-12-26', '10:59:00', '2013-12-26 05:30:16'),
(265, 6, 1, 'AS11/3WF3201', 'AS11/3WF3201', 'TUBE-AS11/3WF3201', 'TUBE-AS11/3WF3201', 1, '2013-12-26', '10:59:00', '2013-12-26 05:30:16'),
(266, 6, 1, 'AS11/3WF32021', 'AS11/3WF32021', 'CONNECTOR LID', 'CONNECTOR LID', 1, '2013-12-26', '10:59:00', '2013-12-26 05:30:16'),
(267, 6, 1, 'AS11/3WF32022', 'AS11/3WF32022', 'LINK PIPE-AS11/3WF32022', 'LINK PIPE-AS11/3WF32022', 1, '2013-12-26', '10:59:00', '2013-12-26 05:30:16'),
(268, 6, 1, 'AS11/3Z11', 'AS11/3Z11', 'SEAL-AS11/3Z11', 'SEAL-AS11/3Z11', 1, '2013-12-26', '10:59:00', '2013-12-26 05:30:16'),
(269, 6, 1, 'AS11/3Z12', 'AS11/3Z12', 'BACK CRANK CASE', 'BACK CRANK CASE', 1, '2013-12-26', '10:59:00', '2013-12-26 05:30:17'),
(270, 6, 1, 'AS11/3Z13', 'AS11/3Z13', 'GASKET-AS11/3Z13', 'GASKET-AS11/3Z13', 1, '2013-12-26', '10:59:00', '2013-12-26 05:30:17'),
(271, 6, 1, 'AS11/3Z14', 'AS11/3Z14', 'FRONT CRANK CASE', 'FRONT CRANK CASE', 1, '2013-12-26', '10:59:00', '2013-12-26 05:30:17'),
(272, 6, 1, 'AS11/3Z18', 'AS11/3Z18', 'GASKET-AS11/3Z18', 'GASKET-AS11/3Z18', 1, '2013-12-26', '10:59:00', '2013-12-26 05:30:17'),
(273, 6, 1, 'AS11/3Z19', 'AS11/3Z19', 'RATCHET', 'RATCHET', 1, '2013-12-26', '10:59:00', '2013-12-26 05:30:17'),
(274, 6, 1, 'AS11/3Z2', 'AS11/3Z2', 'MUFFLER-AS11/3Z2', 'MUFFLER-AS11/3Z2', 1, '2013-12-26', '10:59:00', '2013-12-26 05:30:17'),
(275, 6, 1, 'AS11/3Z2A', 'AS11/3Z2A', 'PIPE', 'PIPE', 1, '2013-12-26', '10:59:00', '2013-12-26 05:30:17'),
(276, 6, 1, 'AS11/3Z23', 'AS11/3Z23', 'COIL AS11/3Z23', 'COIL AS11/3Z23', 1, '2013-12-26', '10:59:00', '2013-12-26 05:30:18'),
(277, 6, 1, 'AS11/3Z24', 'AS11/3Z24', 'COIL -  AS11/3Z24', 'COIL -  AS11/3Z24', 1, '2013-12-26', '10:59:00', '2013-12-26 05:30:18'),
(278, 6, 1, 'AS11/3Z25', 'AS11/3Z25', 'ROTOR', 'ROTOR', 1, '2013-12-26', '10:59:00', '2013-12-26 05:30:18'),
(279, 6, 1, 'AS11/3Z3.1', 'AS11/3Z3.1', 'CRANK SHAFT', 'CRANK SHAFT', 1, '2013-12-26', '10:59:00', '2013-12-26 05:30:18'),
(280, 6, 1, 'AS11/3Z3.2', 'AS11/3Z3.2', 'BEARING', 'BEARING', 1, '2013-12-26', '10:59:00', '2013-12-26 05:30:18'),
(281, 6, 1, 'AS11/3Z32', 'AS11/3Z32', 'PISTON-AS11/3Z32', 'PISTON-AS11/3Z32', 1, '2013-12-26', '10:59:00', '2013-12-26 05:30:18'),
(282, 6, 1, 'AS11/3Z33', 'AS11/3Z33', 'PISTON PIN', 'PISTON PIN', 1, '2013-12-26', '10:59:00', '2013-12-26 05:30:18'),
(283, 6, 1, 'AS11/3Z35', 'AS11/3Z35', 'PISTON RING', 'PISTON RING', 1, '2013-12-26', '10:59:00', '2013-12-26 05:30:19'),
(284, 6, 1, 'AS11/3Z36', 'AS11/3Z36', 'WASHER-AS11/3Z36', 'WASHER-AS11/3Z36', 1, '2013-12-26', '10:59:00', '2013-12-26 05:30:19'),
(285, 6, 1, 'AS11/3Z4', 'AS11/3Z4', 'GASKET-AS11/3Z4', 'GASKET-AS11/3Z4', 1, '2013-12-26', '10:59:00', '2013-12-26 05:30:19'),
(286, 6, 1, 'AS11/3Z4C', 'AS11/3Z4C', 'RECOIL STARTER COMPLT', 'RECOIL STARTER COMPLT', 1, '2013-12-26', '10:59:00', '2013-12-26 05:30:19'),
(287, 6, 1, 'AS11/3Z44', 'AS11/3Z44', 'WASHER-AS11/3Z44', 'WASHER-AS11/3Z44', 1, '2013-12-26', '10:59:00', '2013-12-26 05:30:19'),
(288, 6, 1, 'AS11/3Z45', 'AS11/3Z45', 'GIDE SLICE', 'GIDE SLICE', 1, '2013-12-26', '10:59:00', '2013-12-26 05:30:19'),
(289, 6, 1, 'AS11/3Z46', 'AS11/3Z46', 'PULLEY', 'PULLEY', 1, '2013-12-26', '10:59:00', '2013-12-26 05:30:20'),
(290, 6, 1, 'AS11/3Z47', 'AS11/3Z47', 'SPRING-AS11/3Z47', 'SPRING-AS11/3Z47', 1, '2013-12-26', '10:59:00', '2013-12-26 05:30:20'),
(291, 6, 1, 'AS11/3Z48', 'AS11/3Z48', 'START WHEEL', 'START WHEEL', 1, '2013-12-26', '10:59:00', '2013-12-26 05:30:20'),
(292, 6, 1, 'AS11/3Z49', 'AS11/3Z49', 'ROPE', 'ROPE', 1, '2013-12-26', '10:59:00', '2013-12-26 05:30:20'),
(293, 6, 1, 'AS11/3Z5', 'AS11/3Z5', 'GASKET-AS11/3Z5', 'GASKET-AS11/3Z5', 1, '2013-12-26', '10:59:00', '2013-12-26 05:30:20'),
(294, 6, 1, 'AS11/3Z6', 'AS11/3Z6', 'GASKET-AS11/3Z6', 'GASKET-AS11/3Z6', 1, '2013-12-26', '10:59:00', '2013-12-26 05:30:20'),
(295, 6, 1, 'AS11/3Z7', 'AS11/3Z7', 'CYLINDER-AS11/3Z7', 'CYLINDER-AS11/3Z7', 1, '2013-12-26', '10:59:00', '2013-12-26 05:30:20'),
(296, 6, 1, 'AS11/3Z7195', 'AS11/3Z7195', 'CARBURATOR ASSEMBLY', 'CARBURATOR ASSEMBLY', 1, '2013-12-26', '10:59:00', '2013-12-26 05:30:20'),
(297, 6, 1, 'AS11/3Z9', 'AS11/3Z9', 'SPARK PLUG CAP', 'SPARK PLUG CAP', 1, '2013-12-26', '10:59:00', '2013-12-26 05:30:21'),
(298, 6, 1, 'AS11/34', 'AS11/34', 'SEALING WASHER-AS11/34', 'SEALING WASHER-AS11/34', 1, '2013-12-26', '10:59:00', '2013-12-26 05:30:21'),
(299, 6, 1, 'AS11/36', 'AS11/36', 'MISTING PLATE', 'MISTING PLATE', 1, '2013-12-26', '10:59:00', '2013-12-26 05:30:21'),
(300, 6, 1, 'AS11/38', 'AS11/38', 'CLAMP - AS11/38', 'CLAMP - AS11/38', 1, '2013-12-26', '10:59:00', '2013-12-26 05:30:21'),
(301, 6, 1, 'AS11/4106J', 'AS11/4106J', 'SPARK PLUG', 'SPARK PLUG', 1, '2013-12-26', '10:59:00', '2013-12-26 05:30:21'),
(302, 6, 1, 'AS11/57A', 'AS11/57A', 'SCREW-AS11/57A', 'SCREW-AS11/57A', 1, '2013-12-26', '10:59:00', '2013-12-26 05:30:21'),
(303, 6, 1, 'AS11/8370', 'AS11/8370', 'CHAIN - AS11/8370', 'CHAIN - AS11/8370', 1, '2013-12-26', '10:59:00', '2013-12-26 05:30:22'),
(304, 6, 1, 'AS11/8770', 'AS11/8770', 'CHAIN - AS11/8770', 'CHAIN - AS11/8770', 1, '2013-12-26', '10:59:00', '2013-12-26 05:30:22'),
(305, 5, 1, 'AS14/ST29*16', 'AS14/ST29*16', 'SCREW-AS14/ST29*16', 'SCREW-AS14/ST29*16', 1, '2013-12-26', '10:59:00', '2013-12-26 05:30:22'),
(306, 5, 1, 'AS14/T13527.18', 'AS14/T13527.18', 'TUBE-AS14/T13527.18', 'TUBE-AS14/T13527.18', 1, '2013-12-26', '10:59:00', '2013-12-26 05:30:22'),
(307, 5, 1, 'AS14/3WF.3A', 'AS14/3WF.3A', 'SEAL WASHER-AS14/3WF.3A', 'SEAL WASHER-AS14/3WF.3A', 1, '2013-12-26', '10:59:00', '2013-12-26 05:30:22'),
(308, 5, 1, 'AS14/3WF.372', 'AS14/3WF.372', 'DUSTING PLATE', 'DUSTING PLATE', 1, '2013-12-26', '10:59:00', '2013-12-26 05:30:22'),
(309, 5, 1, 'AS14/3WF3.1', 'AS14/3WF3.1', 'CLAMP-AS14/3WF3.1', 'CLAMP-AS14/3WF3.1', 1, '2013-12-26', '10:59:00', '2013-12-26 05:30:22'),
(310, 5, 1, 'AS14/3WF3-13', 'AS14/3WF3-13', 'IMPELLER', 'IMPELLER', 1, '2013-12-26', '10:59:00', '2013-12-26 05:30:23'),
(311, 5, 1, 'AS14/3WF3A.11', 'AS14/3WF3A.11', 'LINK PIPE-AS14/3WF3A.11', 'LINK PIPE-AS14/3WF3A.11', 1, '2013-12-26', '10:59:00', '2013-12-26 05:30:23'),
(312, 5, 1, 'AS14/3WF3A.13', 'AS14/3WF3A.13', 'CONNECTOR LID', 'CONNECTOR LID', 1, '2013-12-26', '10:59:00', '2013-12-26 05:30:23'),
(313, 5, 1, 'AS14/3WF31', 'AS14/3WF31', 'SHUTTER', 'SHUTTER', 1, '2013-12-26', '10:59:00', '2013-12-26 05:30:23'),
(314, 5, 1, 'AS14/3WF313', 'AS14/3WF313', 'VOLUTE CASE BACK', 'VOLUTE CASE BACK', 1, '2013-12-26', '10:59:00', '2013-12-26 05:30:23'),
(315, 5, 1, 'AS14/3WF314', 'AS14/3WF314', 'VOLUTE CASE FRONT', 'VOLUTE CASE FRONT', 1, '2013-12-26', '10:59:00', '2013-12-26 05:30:23'),
(316, 5, 1, 'AS14/3WF316.1', 'AS14/3WF316.1', 'FILTER NET ASSY.', 'FILTER NET ASSY.', 1, '2013-12-26', '10:59:00', '2013-12-26 05:30:23'),
(317, 5, 1, 'AS14/3WF3161', 'AS14/3WF3161', 'FUEL TANK', 'FUEL TANK', 1, '2013-12-26', '10:59:00', '2013-12-26 05:30:23'),
(318, 5, 1, 'AS14/3WF3162', 'AS14/3WF3162', 'FUEL TANK LID ASSY.', 'FUEL TANK LID ASSY.', 1, '2013-12-26', '10:59:00', '2013-12-26 05:30:24'),
(319, 5, 1, 'AS14/3WF317.22', 'AS14/3WF317.22', 'SEAL WASHER-AS14/3WF317.22', 'SEAL WASHER-AS14/3WF317.22', 1, '2013-12-26', '10:59:00', '2013-12-26 05:30:24'),
(320, 5, 1, 'AS14/3WF319.2', 'AS14/3WF319.2', 'CLAMP - AS14/3WF319.2', 'CLAMP - AS14/3WF319.2', 1, '2013-12-26', '10:59:00', '2013-12-26 05:30:24'),
(321, 5, 1, 'AS14/3WF319.3', 'AS14/3WF319.3', 'NOZZLE ASSY.', 'NOZZLE ASSY.', 1, '2013-12-26', '10:59:00', '2013-12-26 05:30:24'),
(322, 5, 1, 'AS14/3WF3192', 'AS14/3WF3192', 'CONNECTOR ASSY.', 'CONNECTOR ASSY.', 1, '2013-12-26', '10:59:00', '2013-12-26 05:30:24'),
(323, 5, 1, 'AS14/3WF3193', 'AS14/3WF3193', 'LONG BEND PIPE', 'LONG BEND PIPE', 1, '2013-12-26', '10:59:00', '2013-12-26 05:30:24'),
(324, 5, 1, 'AS14/3WF319311', 'AS14/3WF319311', 'NOZZLE PIECE-AS14/3WF319311', 'NOZZLE PIECE-AS14/3WF319311', 1, '2013-12-26', '10:59:00', '2013-12-26 05:30:24'),
(325, 5, 1, 'AS14/3WF319312', 'AS14/3WF319312', 'NOZZLE PIECE-AS14/3WF319312', 'NOZZLE PIECE-AS14/3WF319312', 1, '2013-12-26', '10:59:00', '2013-12-26 05:30:25'),
(326, 5, 1, 'AS14/3WF3194', 'AS14/3WF3194', 'HOSE AS14', 'HOSE AS14', 1, '2013-12-26', '10:59:00', '2013-12-26 05:30:25'),
(327, 5, 1, 'AS14/3WF3196', 'AS14/3WF3196', 'HANDLE ASSY.', 'HANDLE ASSY.', 1, '2013-12-26', '10:59:00', '2013-12-26 05:30:25'),
(328, 5, 1, 'AS14/3WF320.1', 'AS14/3WF320.1', 'TUBE-AS14/3WF320.1', 'TUBE-AS14/3WF320.1', 1, '2013-12-26', '10:59:00', '2013-12-26 05:30:25'),
(329, 5, 1, 'AS14/3WF320.2', 'AS14/3WF320.2', 'MISTING PLATE', 'MISTING PLATE', 1, '2013-12-26', '10:59:00', '2013-12-26 05:30:25'),
(330, 5, 1, 'AS14/3WF320.21', 'AS14/3WF320.21', 'CONNECTOR LID', 'CONNECTOR LID', 1, '2013-12-26', '10:59:00', '2013-12-26 05:30:26'),
(331, 5, 1, 'AS14/3WF320.22', 'AS14/3WF320.22', 'LINK PIPE-AS14/3WF320.22', 'LINK PIPE-AS14/3WF320.22', 1, '2013-12-26', '10:59:00', '2013-12-26 05:30:26'),
(332, 5, 1, 'AS14/3WF3251', 'AS14/3WF3251', 'THROTTLE CABLE', 'THROTTLE CABLE', 1, '2013-12-26', '10:59:00', '2013-12-26 05:30:26'),
(333, 5, 1, 'AS14/3WF36', 'AS14/3WF36', 'BEND PIPE', 'BEND PIPE', 1, '2013-12-26', '10:59:00', '2013-12-26 05:30:26'),
(334, 5, 1, 'AS14/3WF371', 'AS14/3WF371', 'SEAL WASHER -AS14/3WF371', 'SEAL WASHER -AS14/3WF371', 1, '2013-12-26', '10:59:00', '2013-12-26 05:30:26'),
(335, 5, 1, 'AS14/3Z.5', 'AS14/3Z.5', 'WINDING - AS14/3Z.5', 'WINDING - AS14/3Z.5', 1, '2013-12-26', '10:59:00', '2013-12-26 05:30:26'),
(336, 5, 1, 'AS14/3Z.6', 'AS14/3Z.6', 'WINDING', 'WINDING', 1, '2013-12-26', '10:59:00', '2013-12-26 05:30:26'),
(337, 5, 1, 'AS14/3Z61', 'AS14/3Z61', 'OUT SIDE COVER', 'OUT SIDE COVER', 1, '2013-12-26', '10:59:00', '2013-12-26 05:30:27'),
(338, 5, 1, 'AS14/3Z61C', 'AS14/3Z61C', 'AIR CLEANER COMPLETE.', 'AIR CLEANER COMPLETE.', 1, '2013-12-26', '10:59:00', '2013-12-26 05:30:27'),
(339, 5, 1, 'AS14/3Z62', 'AS14/3Z62', 'FILTER', 'FILTER', 1, '2013-12-26', '10:59:00', '2013-12-26 05:30:27'),
(340, 3, 1, 'AS15/ACC01', 'AS15/ACC01', 'SPARES PACKET', 'SPARES PACKET', 1, '2013-12-26', '10:59:00', '2013-12-26 05:30:27'),
(341, 3, 1, 'AS15/ACC02', 'AS15/ACC02', 'TOOL KIT', 'TOOL KIT', 1, '2013-12-26', '10:59:00', '2013-12-26 05:30:27'),
(342, 3, 1, 'AS15/ACC03', 'AS15/ACC03', 'CARTON', 'CARTON', 1, '2013-12-26', '10:59:00', '2013-12-26 05:30:27'),
(343, 3, 1, 'AS15/ACC04', 'AS15/ACC04', 'MANUAL', 'MANUAL', 1, '2013-12-26', '10:59:00', '2013-12-26 05:30:28'),
(344, 3, 1, 'AS15/ACC05', 'AS15/ACC05', 'OIL/PETROL MIX CAN', 'OIL/PETROL MIX CAN', 1, '2013-12-26', '10:59:00', '2013-12-26 05:30:28'),
(345, 3, 1, 'AS15/ACC06', 'AS15/ACC06', 'FUNNEL', 'FUNNEL', 1, '2013-12-26', '10:59:00', '2013-12-26 05:30:28'),
(346, 3, 1, 'AS15/B02', 'AS15/B02', 'TANK CAP', 'TANK CAP', 1, '2013-12-26', '10:59:00', '2013-12-26 05:30:28'),
(347, 3, 1, 'AS15/B03', 'AS15/B03', 'TANK CAP O RING', 'TANK CAP O RING', 1, '2013-12-26', '10:59:00', '2013-12-26 05:30:28'),
(348, 3, 1, 'AS15/B04', 'AS15/B04', 'TANK STRAINER', 'TANK STRAINER', 1, '2013-12-26', '10:59:00', '2013-12-26 05:30:28'),
(349, 3, 1, 'AS15/B07', 'AS15/B07', 'CHEMICAL TANK', 'CHEMICAL TANK', 1, '2013-12-26', '10:59:00', '2013-12-26 05:30:29'),
(350, 3, 1, 'AS15/B08', 'AS15/B08', 'SHOULDER STRAP', 'SHOULDER STRAP', 1, '2013-12-26', '10:59:00', '2013-12-26 05:30:29'),
(351, 3, 1, 'AS15/B09', 'AS15/B09', 'DRAINING NUT', 'DRAINING NUT', 1, '2013-12-26', '10:59:00', '2013-12-26 05:30:29'),
(352, 3, 1, 'AS15/B10', 'AS15/B10', 'DRAINING OIL SEAT', 'DRAINING OIL SEAT', 1, '2013-12-26', '10:59:00', '2013-12-26 05:30:29'),
(353, 3, 1, 'AS15/B11A', 'AS15/B11A', 'OIL PIPE AS15/B11A', 'OIL PIPE AS15/B11A', 1, '2013-12-26', '10:59:00', '2013-12-26 05:30:29'),
(354, 3, 1, 'AS15/B11B', 'AS15/B11B', 'OIL PIPE AS15/B11B', 'OIL PIPE AS15/B11B', 1, '2013-12-26', '10:59:00', '2013-12-26 05:30:29'),
(355, 3, 1, 'AS15/B14', 'AS15/B14', 'OIL TANK', 'OIL TANK', 1, '2013-12-26', '10:59:00', '2013-12-26 05:30:29'),
(356, 3, 1, 'AS15/B21', 'AS15/B21', 'FRAME', 'FRAME', 1, '2013-12-26', '10:59:00', '2013-12-26 05:30:30'),
(357, 3, 1, 'AS15/B29', 'AS15/B29', 'ABSORBER', 'ABSORBER', 1, '2013-12-26', '10:59:00', '2013-12-26 05:30:30'),
(358, 3, 1, 'AS15/B36', 'AS15/B36', 'THROTTLE CABLE', 'THROTTLE CABLE', 1, '2013-12-26', '10:59:00', '2013-12-26 05:30:30'),
(359, 3, 1, 'AS15/B38', 'AS15/B38', 'TANK BOTTOM FILTER', 'TANK BOTTOM FILTER', 1, '2013-12-26', '10:59:00', '2013-12-26 05:30:30'),
(360, 3, 1, 'AS15/B39', 'AS15/B39', 'LANCE 2NOS./3 NOZZLES', 'LANCE 2NOS./3 NOZZLES', 1, '2013-12-26', '10:59:00', '2013-12-26 05:30:30'),
(361, 3, 1, 'AS15/B40', 'AS15/B40', 'LONG GUN', 'LONG GUN', 1, '2013-12-26', '10:59:00', '2013-12-26 05:30:30'),
(362, 3, 1, 'AS15/B40A', 'AS15/B40A', 'PRESSURE GUN HANDLE', 'PRESSURE GUN HANDLE', 1, '2013-12-26', '10:59:00', '2013-12-26 05:30:30'),
(363, 3, 1, 'AS15/B41', 'AS15/B41', 'HIGH PRESSURE HOSE', 'HIGH PRESSURE HOSE', 1, '2013-12-26', '10:59:00', '2013-12-26 05:30:31'),
(364, 3, 1, 'AS15/B42', 'AS15/B42', 'GUN HIGH PRESSURE', 'GUN HIGH PRESSURE', 1, '2013-12-26', '10:59:00', '2013-12-26 05:30:31'),
(365, 3, 1, 'AS15/B43', 'AS15/B43', 'STOP SWITCH', 'STOP SWITCH', 1, '2013-12-26', '10:59:00', '2013-12-26 05:30:31'),
(366, 3, 1, 'AS15/C01', 'AS15/C01', 'CIR-CLIP', 'CIR-CLIP', 1, '2013-12-26', '10:59:00', '2013-12-26 05:30:31'),
(367, 3, 1, 'AS15/E01', 'AS15/E01', 'AIR CLEANER FIX BOLT', 'AIR CLEANER FIX BOLT', 1, '2013-12-26', '10:59:00', '2013-12-26 05:30:31'),
(368, 3, 1, 'AS15/E05C', 'AS15/E05C', 'AIR CLEANER COMPLETE', 'AIR CLEANER COMPLETE', 1, '2013-12-26', '10:59:00', '2013-12-26 05:30:31'),
(369, 3, 1, 'AS15/E09', 'AS15/E09', 'CARBURETOR', 'CARBURETOR', 1, '2013-12-26', '10:59:00', '2013-12-26 05:30:32'),
(370, 3, 1, 'AS15/E10', 'AS15/E10', 'GASKET - AS15/E10', 'GASKET - AS15/E10', 1, '2013-12-26', '10:59:00', '2013-12-26 05:30:32'),
(371, 3, 1, 'AS15/E12', 'AS15/E12', 'INSULATOR', 'INSULATOR', 1, '2013-12-26', '10:59:00', '2013-12-26 05:30:32'),
(372, 3, 1, 'AS15/E13', 'AS15/E13', '"GASKET', '"GASKET', 1, '2013-12-26', '10:59:00', '2013-12-26 05:30:32'),
(373, 3, 1, 'AS15/E16', 'AS15/E16', '"COVER', '"COVER', 1, '2013-12-26', '10:59:00', '2013-12-26 05:30:32'),
(374, 3, 1, 'AS15/E17', 'AS15/E17', 'BOLT - AS15/E17', 'BOLT - AS15/E17', 1, '2013-12-26', '10:59:00', '2013-12-26 05:30:32'),
(375, 3, 1, 'AS15/E18', 'AS15/E18', 'WASHER-AS15/E18', 'WASHER-AS15/E18', 1, '2013-12-26', '10:59:00', '2013-12-26 05:30:33'),
(376, 3, 1, 'AS15/E19C', 'AS15/E19C', 'CLUTCH SET', 'CLUTCH SET', 1, '2013-12-26', '10:59:00', '2013-12-26 05:30:33'),
(377, 3, 1, 'AS15/E20', 'AS15/E20', 'SPRING WASHER', 'SPRING WASHER', 1, '2013-12-26', '10:59:00', '2013-12-26 05:30:33'),
(378, 3, 1, 'AS15/E21', 'AS15/E21', 'SPRING-AS15/E21', 'SPRING-AS15/E21', 1, '2013-12-26', '10:59:00', '2013-12-26 05:30:33'),
(379, 3, 1, 'AS15/E22', 'AS15/E22', '"NUT', '"NUT', 1, '2013-12-26', '10:59:00', '2013-12-26 05:30:33'),
(380, 3, 1, 'AS15/E26', 'AS15/E26', 'COIL IGNITION', 'COIL IGNITION', 1, '2013-12-26', '10:59:00', '2013-12-26 05:30:33'),
(381, 3, 1, 'AS15/E26A', 'AS15/E26A', 'ROTOR', 'ROTOR', 1, '2013-12-26', '10:59:00', '2013-12-26 05:30:34'),
(382, 3, 1, 'AS15/E28', 'AS15/E28', 'FRONT HALF CRANK CASE', 'FRONT HALF CRANK CASE', 1, '2013-12-26', '10:59:00', '2013-12-26 05:30:34'),
(383, 3, 1, 'AS15/E30', 'AS15/E30', '"GASKET', '"GASKET', 1, '2013-12-26', '10:59:00', '2013-12-26 05:30:34'),
(384, 3, 1, 'AS15/E31A', 'AS15/E31A', 'OIL SEAL AS15/E31A', 'OIL SEAL AS15/E31A', 1, '2013-12-26', '10:59:00', '2013-12-26 05:30:34'),
(385, 3, 1, 'AS15/E31B', 'AS15/E31B', 'OIL SEAL AS15/E31B', 'OIL SEAL AS15/E31B', 1, '2013-12-26', '10:59:00', '2013-12-26 05:30:34'),
(386, 3, 1, 'AS15/E34', 'AS15/E34', 'CRANK SHAFT', 'CRANK SHAFT', 1, '2013-12-26', '10:59:00', '2013-12-26 05:30:34'),
(387, 3, 1, 'AS15/E35', 'AS15/E35', 'REAR  HALF CRANK CASE', 'REAR  HALF CRANK CASE', 1, '2013-12-26', '10:59:00', '2013-12-26 05:30:35'),
(388, 3, 1, 'AS15/E53', 'AS15/E53', '"CAP', '"CAP', 1, '2013-12-26', '10:59:00', '2013-12-26 05:30:35'),
(389, 3, 1, 'AS15/E54', 'AS15/E54', '"SPARK', '"SPARK', 1, '2013-12-26', '10:59:00', '2013-12-26 05:30:35'),
(390, 3, 1, 'AS15/E55', 'AS15/E55', 'BOLT', 'BOLT', 1, '2013-12-26', '10:59:00', '2013-12-26 05:30:35'),
(391, 3, 1, 'AS15/E58', 'AS15/E58', '"GASKET', '"GASKET', 1, '2013-12-26', '10:59:00', '2013-12-26 05:30:36'),
(392, 3, 1, 'AS15/E59', 'AS15/E59', 'MUFFLER-AS15/E59', 'MUFFLER-AS15/E59', 1, '2013-12-26', '10:59:00', '2013-12-26 05:30:36'),
(393, 3, 1, 'AS15/E60', 'AS15/E60', '"BOLT', '"BOLT', 1, '2013-12-26', '10:59:00', '2013-12-26 05:30:36'),
(394, 3, 1, 'AS15/E61', 'AS15/E61', 'NUT-AS15/E61', 'NUT-AS15/E61', 1, '2013-12-26', '10:59:00', '2013-12-26 05:30:36'),
(395, 3, 1, 'AS15/E63', 'AS15/E63', 'CYLINDER-AS15/E63', 'CYLINDER-AS15/E63', 1, '2013-12-26', '10:59:00', '2013-12-26 05:30:37'),
(396, 3, 1, 'AS15/E64', 'AS15/E64', '"GASKET', '"GASKET', 1, '2013-12-26', '10:59:00', '2013-12-26 05:30:37'),
(397, 3, 1, 'AS15/E65', 'AS15/E65', '"RING', '"RING', 1, '2013-12-26', '10:59:00', '2013-12-26 05:30:37'),
(398, 3, 1, 'AS15/E66', 'AS15/E66', 'PISTON-AS15/E66', 'PISTON-AS15/E66', 1, '2013-12-26', '10:59:00', '2013-12-26 05:30:37'),
(399, 3, 1, 'AS15/E68', 'AS15/E68', '"PIN', '"PIN', 1, '2013-12-26', '10:59:00', '2013-12-26 05:30:37'),
(400, 3, 1, 'AS15/E69', 'AS15/E69', '"BEARING', '"BEARING', 1, '2013-12-26', '10:59:00', '2013-12-26 05:30:37'),
(401, 3, 1, 'AS15/E70', 'AS15/E70', '"CLIP', '"CLIP', 1, '2013-12-26', '10:59:00', '2013-12-26 05:30:38'),
(402, 3, 1, 'AS15/E71', 'AS15/E71', '"PULLEY', '"PULLEY', 1, '2013-12-26', '10:59:00', '2013-12-26 05:30:38'),
(403, 3, 1, 'AS15/E72', 'AS15/E72', 'STARTER ASSEMBLY', 'STARTER ASSEMBLY', 1, '2013-12-26', '10:59:00', '2013-12-26 05:30:38');
INSERT INTO `tbl_item` (`id_item`, `id_item_category`, `id_division`, `item_no`, `item_account_code`, `item_name`, `item_alias`, `item_status`, `added_date`, `added_time`, `added_timestamp`) VALUES
(404, 3, 1, 'AS15/P01', 'AS15/P01', 'PUMP UNIT ASSY', 'PUMP UNIT ASSY', 1, '2013-12-26', '10:59:00', '2013-12-26 05:30:38'),
(405, 3, 1, 'AS15/P02', 'AS15/P02', 'LEFT WATER INLET PIPE', 'LEFT WATER INLET PIPE', 1, '2013-12-26', '10:59:00', '2013-12-26 05:30:38'),
(406, 3, 1, 'AS15/P02A', 'AS15/P02A', 'LEFT SUCTION MET.ELBOW', 'LEFT SUCTION MET.ELBOW', 1, '2013-12-26', '10:59:00', '2013-12-26 05:30:38'),
(407, 3, 1, 'AS15/P02B', 'AS15/P02B', 'END CAP', 'END CAP', 1, '2013-12-26', '10:59:00', '2013-12-26 05:30:38'),
(408, 3, 1, 'AS15/P04', 'AS15/P04', 'SUCTION HOSE', 'SUCTION HOSE', 1, '2013-12-26', '10:59:00', '2013-12-26 05:30:39'),
(409, 3, 1, 'AS15/P11C', 'AS15/P11C', 'VALVE ASSEMBLY', 'VALVE ASSEMBLY', 1, '2013-12-26', '10:59:00', '2013-12-26 05:30:39'),
(410, 3, 1, 'AS15/P12L', 'AS15/P12L', 'LEFT PRESSURE CHAMBER', 'LEFT PRESSURE CHAMBER', 1, '2013-12-26', '10:59:00', '2013-12-26 05:30:39'),
(411, 3, 1, 'AS15/P12R', 'AS15/P12R', 'RIGHT PRESSURE CHAMBER', 'RIGHT PRESSURE CHAMBER', 1, '2013-12-26', '10:59:00', '2013-12-26 05:30:39'),
(412, 3, 1, 'AS15/P13', 'AS15/P13', 'PAD', 'PAD', 1, '2013-12-26', '10:59:00', '2013-12-26 05:30:39'),
(413, 3, 1, 'AS15/P14', 'AS15/P14', 'GREASE RING', 'GREASE RING', 1, '2013-12-26', '10:59:00', '2013-12-26 05:30:39'),
(414, 3, 1, 'AS15/P15', 'AS15/P15', 'V PACKING', 'V PACKING', 1, '2013-12-26', '10:59:00', '2013-12-26 05:30:40'),
(415, 3, 1, 'AS15/P16', 'AS15/P16', 'O RING-AS15/P16', 'O RING-AS15/P16', 1, '2013-12-26', '10:59:00', '2013-12-26 05:30:40'),
(416, 3, 1, 'AS15/P16B', 'AS15/P16B', 'PLUNGER PRESS PLATE', 'PLUNGER PRESS PLATE', 1, '2013-12-26', '10:59:00', '2013-12-26 05:30:40'),
(417, 3, 1, 'AS15/P17', 'AS15/P17', 'PRESSURE RING', 'PRESSURE RING', 1, '2013-12-26', '10:59:00', '2013-12-26 05:30:40'),
(418, 3, 1, 'AS15/P18', 'AS15/P18', 'OIL SEAL - AS15/P18', 'OIL SEAL - AS15/P18', 1, '2013-12-26', '10:59:00', '2013-12-26 05:30:40'),
(419, 3, 1, 'AS15/P19', 'AS15/P19', 'PISTON-AS15/P19', 'PISTON-AS15/P19', 1, '2013-12-26', '10:59:00', '2013-12-26 05:30:41'),
(420, 3, 1, 'AS15/P20', 'AS15/P20', 'O RING-AS15/P20', 'O RING-AS15/P20', 1, '2013-12-26', '10:59:00', '2013-12-26 05:30:41'),
(421, 3, 1, 'AS15/P21', 'AS15/P21', 'DRAINING OIL SCREW', 'DRAINING OIL SCREW', 1, '2013-12-26', '10:59:00', '2013-12-26 05:30:41'),
(422, 3, 1, 'AS15/P23', 'AS15/P23', 'OIL LEVER MIRROR', 'OIL LEVER MIRROR', 1, '2013-12-26', '10:59:00', '2013-12-26 05:30:41'),
(423, 3, 1, 'AS15/P25', 'AS15/P25', 'PUMP BODY', 'PUMP BODY', 1, '2013-12-26', '10:59:00', '2013-12-26 05:30:41'),
(424, 3, 1, 'AS15/P26', 'AS15/P26', 'O RING AS15/P26', 'O RING AS15/P26', 1, '2013-12-26', '10:59:00', '2013-12-26 05:30:41'),
(425, 3, 1, 'AS15/P27', 'AS15/P27', 'FILLING OIL SCREW', 'FILLING OIL SCREW', 1, '2013-12-26', '10:59:00', '2013-12-26 05:30:42'),
(426, 3, 1, 'AS15/P28', 'AS15/P28', 'RIGHTWATER INLET PIPE', 'RIGHTWATER INLET PIPE', 1, '2013-12-26', '10:59:00', '2013-12-26 05:30:42'),
(427, 3, 1, 'AS15/P31', 'AS15/P31', 'BIG GEAR', 'BIG GEAR', 1, '2013-12-26', '10:59:00', '2013-12-26 05:30:42'),
(428, 3, 1, 'AS15/P33', 'AS15/P33', 'GEAR CASE B-AS15/P33', 'GEAR CASE B-AS15/P33', 1, '2013-12-26', '10:59:00', '2013-12-26 05:30:42'),
(429, 3, 1, 'AS15/P34', 'AS15/P34', 'DRIVING SET', 'DRIVING SET', 1, '2013-12-26', '10:59:00', '2013-12-26 05:30:42'),
(430, 3, 1, 'AS15/P35', 'AS15/P35', 'SMALL GEAR', 'SMALL GEAR', 1, '2013-12-26', '10:59:00', '2013-12-26 05:30:42'),
(431, 3, 1, 'AS15/P35A', 'AS15/P35A', 'NEEDLE BEARING', 'NEEDLE BEARING', 1, '2013-12-26', '10:59:00', '2013-12-26 05:30:43'),
(432, 3, 1, 'AS15/P36A', 'AS15/P36A', 'O RING-AS15/P36A', 'O RING-AS15/P36A', 1, '2013-12-26', '10:59:00', '2013-12-26 05:30:43'),
(433, 3, 1, 'AS15/P36B', 'AS15/P36B', 'SHAFT SLEEVE', 'SHAFT SLEEVE', 1, '2013-12-26', '10:59:00', '2013-12-26 05:30:43'),
(434, 3, 1, 'AS15/P37', 'AS15/P37', 'ASBESTOS PAD', 'ASBESTOS PAD', 1, '2013-12-26', '10:59:00', '2013-12-26 05:30:43'),
(435, 3, 1, 'AS15/P38', 'AS15/P38', 'GEAR CASE B-AS15/P38', 'GEAR CASE B-AS15/P38', 1, '2013-12-26', '10:59:00', '2013-12-26 05:30:43'),
(436, 3, 1, 'AS15/P39', 'AS15/P39', 'ASBESTOS PAD B', 'ASBESTOS PAD B', 1, '2013-12-26', '10:59:00', '2013-12-26 05:30:44'),
(437, 3, 1, 'AS15/P45', 'AS15/P45', 'RIGHT DISCHARGE METAL', 'RIGHT DISCHARGE METAL', 1, '2013-12-26', '10:59:00', '2013-12-26 05:30:44'),
(438, 3, 1, 'AS15/P45A', 'AS15/P45A', 'GREASE CUP', 'GREASE CUP', 1, '2013-12-26', '10:59:00', '2013-12-26 05:30:44'),
(439, 3, 1, 'AS15/P45B', 'AS15/P45B', 'GRESE CUP COVER', 'GRESE CUP COVER', 1, '2013-12-26', '10:59:00', '2013-12-26 05:30:44'),
(440, 3, 1, 'AS15/P47', 'AS15/P47', 'CONECTING HOSE', 'CONECTING HOSE', 1, '2013-12-26', '10:59:00', '2013-12-26 05:30:44'),
(441, 3, 1, 'AS15/P48', 'AS15/P48', 'LEFT DISCHARGE METAL', 'LEFT DISCHARGE METAL', 1, '2013-12-26', '10:59:00', '2013-12-26 05:30:44'),
(442, 3, 1, 'AS15/P51', 'AS15/P51', 'PRESSURE ADJUST.SEAT', 'PRESSURE ADJUST.SEAT', 1, '2013-12-26', '10:59:00', '2013-12-26 05:30:44'),
(443, 3, 1, 'AS15/P52', 'AS15/P52', 'PRESSURE ADJUST BODY', 'PRESSURE ADJUST BODY', 1, '2013-12-26', '10:59:00', '2013-12-26 05:30:45'),
(444, 3, 1, 'AS15/P53', 'AS15/P53', 'STEEL BALL', 'STEEL BALL', 1, '2013-12-26', '10:59:00', '2013-12-26 05:30:45'),
(445, 3, 1, 'AS15/P54', 'AS15/P54', 'RETURNING SPINDLE', 'RETURNING SPINDLE', 1, '2013-12-26', '10:59:00', '2013-12-26 05:30:45'),
(446, 3, 1, 'AS15/P55', 'AS15/P55', 'SPRING-AS15/P55', 'SPRING-AS15/P55', 1, '2013-12-26', '10:59:00', '2013-12-26 05:30:45'),
(447, 3, 1, 'AS15/P56', 'AS15/P56', 'O RING AS15/P56', 'O RING AS15/P56', 1, '2013-12-26', '10:59:00', '2013-12-26 05:30:45'),
(448, 3, 1, 'AS15/P57', 'AS15/P57', 'WATER RETURN ELBOW', 'WATER RETURN ELBOW', 1, '2013-12-26', '10:59:00', '2013-12-26 05:30:46'),
(449, 3, 1, 'AS15/P58', 'AS15/P58', 'PRESSURE ADJUST SPINDLE', 'PRESSURE ADJUST SPINDLE', 1, '2013-12-26', '10:59:00', '2013-12-26 05:30:46'),
(450, 3, 1, 'AS15/P59', 'AS15/P59', 'NUT AS15/P59', 'NUT AS15/P59', 1, '2013-12-26', '10:59:00', '2013-12-26 05:30:46'),
(451, 3, 1, 'AS15/P60', 'AS15/P60', 'START HANDLE', 'START HANDLE', 1, '2013-12-26', '10:59:00', '2013-12-26 05:30:47'),
(452, 3, 1, 'AS15/P64', 'AS15/P64', 'PRESSURE HOSE', 'PRESSURE HOSE', 1, '2013-12-26', '10:59:00', '2013-12-26 05:30:47'),
(453, 2, 1, 'B/18', 'B/18', 'BRASS CUP', 'BRASS CUP', 1, '2013-12-26', '10:59:00', '2013-12-26 05:30:47'),
(454, 2, 1, 'B/49', 'B/49', 'SPRING WASHER', 'SPRING WASHER', 1, '2013-12-26', '10:59:00', '2013-12-26 05:30:47'),
(455, 2, 1, 'BB/10', 'BB/10', 'PLUMMER BLOCK BALL', 'PLUMMER BLOCK BALL', 1, '2013-12-26', '10:59:00', '2013-12-26 05:30:48'),
(456, 2, 1, 'DB/C/01', 'DB/C/01', 'LIQUID TANK D/B 16L', 'LIQUID TANK D/B 16L', 1, '2013-12-26', '10:59:00', '2013-12-26 05:30:48'),
(457, 2, 1, 'DB/C/02', 'DB/C/02', '16L PUMP UNIT COMPLETE', '16L PUMP UNIT COMPLETE', 1, '2013-12-26', '10:59:00', '2013-12-26 05:30:48'),
(458, 2, 1, 'DB/C/03', 'DB/C/03', 'LIQUID TANK D/B-13L', 'LIQUID TANK D/B-13L', 1, '2013-12-26', '10:59:00', '2013-12-26 05:30:48'),
(459, 2, 1, 'DB/C/04', 'DB/C/04', 'PUMP UNIT COMPL D/B', 'PUMP UNIT COMPL D/B', 1, '2013-12-26', '10:59:00', '2013-12-26 05:30:48'),
(460, 2, 1, 'DB/C/05', 'DB/C/05', 'AGROTECH  TANK BARE', 'AGROTECH  TANK BARE', 1, '2013-12-26', '10:59:00', '2013-12-26 05:30:48'),
(461, 2, 1, 'DB/C/06', 'DB/C/06', '2  PLASTIC PUMP UNIT', '2  PLASTIC PUMP UNIT', 1, '2013-12-26', '10:59:00', '2013-12-26 05:30:49'),
(462, 2, 1, 'DB/01', 'DB/01', 'TOP COVER (D/B)', 'TOP COVER (D/B)', 1, '2013-12-26', '10:59:00', '2013-12-26 05:30:49'),
(463, 2, 1, 'DB/02', 'DB/02', 'TANK HANGER SET 10PCS', 'TANK HANGER SET 10PCS', 1, '2013-12-26', '10:59:00', '2013-12-26 05:30:49'),
(464, 2, 1, 'DB/03', 'DB/03', 'COPPER RIVET', 'COPPER RIVET', 1, '2013-12-26', '10:59:00', '2013-12-26 05:30:49'),
(465, 2, 1, 'DB/04', 'DB/04', 'CYLINDER CAP-DB/04', 'CYLINDER CAP-DB/04', 1, '2013-12-26', '10:59:00', '2013-12-26 05:30:49'),
(466, 2, 1, 'DB/04B', 'DB/04B', 'CYLINDER CAP (PLASTIC)', 'CYLINDER CAP (PLASTIC)', 1, '2013-12-26', '10:59:00', '2013-12-26 05:30:49'),
(467, 2, 1, 'DB/05', 'DB/05', 'PLUNGER LEATHER/H', 'PLUNGER LEATHER/H', 1, '2013-12-26', '10:59:00', '2013-12-26 05:30:50'),
(468, 2, 1, 'DB/06', 'DB/06', 'PLASTIC SWIVELLED RING', 'PLASTIC SWIVELLED RING', 1, '2013-12-26', '10:59:00', '2013-12-26 05:30:50'),
(469, 2, 1, 'DB/06B', 'DB/06B', 'SWIVELLED RING BRASS', 'SWIVELLED RING BRASS', 1, '2013-12-26', '10:59:00', '2013-12-26 05:30:50'),
(470, 2, 1, 'DB/07', 'DB/07', 'CONNECTING RING', 'CONNECTING RING', 1, '2013-12-26', '10:59:00', '2013-12-26 05:30:50'),
(471, 2, 1, 'DB/08', 'DB/08', 'DELIVERY PIPE HEAD', 'DELIVERY PIPE HEAD', 1, '2013-12-26', '10:59:00', '2013-12-26 05:30:50'),
(472, 2, 1, 'DB/09', 'DB/09', 'BENT ADAPTOR OF PUMP', 'BENT ADAPTOR OF PUMP', 1, '2013-12-26', '10:59:00', '2013-12-26 05:30:51'),
(473, 2, 1, 'DB/09A', 'DB/09A', 'BOLT OF OUTLET', 'BOLT OF OUTLET', 1, '2013-12-26', '10:59:00', '2013-12-26 05:30:51'),
(474, 2, 1, 'DB/10', 'DB/10', 'STRAINER ASSY. PLASTIC', 'STRAINER ASSY. PLASTIC', 1, '2013-12-26', '10:59:00', '2013-12-26 05:30:51'),
(475, 2, 1, 'DB/10A', 'DB/10A', 'NET FOR STRAINER ASSY', 'NET FOR STRAINER ASSY', 1, '2013-12-26', '10:59:00', '2013-12-26 05:30:51'),
(476, 2, 1, 'DB/10B', 'DB/10B', 'STRAINER ASSY.COMPL', 'STRAINER ASSY.COMPL', 1, '2013-12-26', '10:59:00', '2013-12-26 05:30:51'),
(477, 2, 1, 'DB/11', 'DB/11', 'STRAINER ADAPTOR', 'STRAINER ADAPTOR', 1, '2013-12-26', '10:59:00', '2013-12-26 05:30:51'),
(478, 2, 1, 'DB/12', 'DB/12', 'CYLINDER TOP COVER', 'CYLINDER TOP COVER', 1, '2013-12-26', '10:59:00', '2013-12-26 05:30:51'),
(479, 2, 1, 'DB/13', 'DB/13', 'CYLINDER BOTTOM COVER', 'CYLINDER BOTTOM COVER', 1, '2013-12-26', '10:59:00', '2013-12-26 05:30:52'),
(480, 2, 1, 'DB/14', 'DB/14', 'CUP LEATHER IMP', 'CUP LEATHER IMP', 1, '2013-12-26', '10:59:00', '2013-12-26 05:30:52'),
(481, 2, 1, 'DB/15', 'DB/15', 'S/STEEL COPPER CUP', 'S/STEEL COPPER CUP', 1, '2013-12-26', '10:59:00', '2013-12-26 05:30:52'),
(482, 2, 1, 'DB/15A', 'DB/15A', 'PLASTIC CUP FOR PLUNGER', 'PLASTIC CUP FOR PLUNGER', 1, '2013-12-26', '10:59:00', '2013-12-26 05:30:52'),
(483, 2, 1, 'DB/16', 'DB/16', 'FIX NUT-DB/16', 'FIX NUT-DB/16', 1, '2013-12-26', '10:59:00', '2013-12-26 05:30:53'),
(484, 2, 1, 'DB/16A', 'DB/16A', 'WASHER-DB/16A', 'WASHER-DB/16A', 1, '2013-12-26', '10:59:00', '2013-12-26 05:30:53'),
(485, 2, 1, 'DB/17', 'DB/17', 'BALL CAGE', 'BALL CAGE', 1, '2013-12-26', '10:59:00', '2013-12-26 05:30:53'),
(486, 2, 1, 'DB/19', 'DB/19', 'PACKING', 'PACKING', 1, '2013-12-26', '10:59:00', '2013-12-26 05:30:53'),
(487, 2, 1, 'DB/20', 'DB/20', 'PACKING (PN-24-2)', 'PACKING (PN-24-2)', 1, '2013-12-26', '10:59:00', '2013-12-26 05:30:53'),
(488, 2, 1, 'DB/22', 'DB/22', 'HOSE CRIMP', 'HOSE CRIMP', 1, '2013-12-26', '10:59:00', '2013-12-26 05:30:54'),
(489, 2, 1, 'DB/23', 'DB/23', 'PACKING (PN-32-1)', 'PACKING (PN-32-1)', 1, '2013-12-26', '10:59:00', '2013-12-26 05:30:54'),
(490, 2, 1, 'DB/24', 'DB/24', '13L PUMP BARE', '13L PUMP BARE', 1, '2013-12-26', '10:59:00', '2013-12-26 05:30:54'),
(491, 2, 1, 'DB/25', 'DB/25', '13L PLUNGER ROD BARE', '13L PLUNGER ROD BARE', 1, '2013-12-26', '10:59:00', '2013-12-26 05:30:54'),
(492, 2, 1, 'DB/26', 'DB/26', '16L PUMP BARE', '16L PUMP BARE', 1, '2013-12-26', '10:59:00', '2013-12-26 05:30:54'),
(493, 2, 1, 'DB/27', 'DB/27', '16L PLUNGER ROD BARE', '16L PLUNGER ROD BARE', 1, '2013-12-26', '10:59:00', '2013-12-26 05:30:54'),
(494, 2, 1, 'DB/28', 'DB/28', 'ADAPTOR FOR LANCE SET', 'ADAPTOR FOR LANCE SET', 1, '2013-12-26', '10:59:00', '2013-12-26 05:30:54'),
(495, 2, 1, 'DB/29', 'DB/29', 'O RING FOR SINGLE NOZZLE', 'O RING FOR SINGLE NOZZLE', 1, '2013-12-26', '10:59:00', '2013-12-26 05:30:55'),
(496, 2, 1, 'DB/30', 'DB/30', 'TANK CAP (METAL)', 'TANK CAP (METAL)', 1, '2013-12-26', '10:59:00', '2013-12-26 05:30:55'),
(497, 2, 1, 'DB/31A', 'DB/31A', 'TANK CAP RING.', 'TANK CAP RING.', 1, '2013-12-26', '10:59:00', '2013-12-26 05:30:55'),
(498, 2, 1, 'DB/32', 'DB/32', '11/2  S/S TUBES 390MM', '11/2  S/S TUBES 390MM', 1, '2013-12-26', '10:59:00', '2013-12-26 05:30:55'),
(499, 2, 1, 'DB/33', 'DB/33', '1 X.7MM S/S TUBES 390MM', '1 X.7MM S/S TUBES 390MM', 1, '2013-12-26', '10:59:00', '2013-12-26 05:30:56'),
(500, 2, 1, 'DB/34', 'DB/34', '3/8  X 22 S/S TUBE', '3/8  X 22 S/S TUBE', 1, '2013-12-26', '10:59:00', '2013-12-26 05:30:56'),
(501, 2, 1, 'DB/35', 'DB/35', '3/8  X 1.5FT S.S.TUBE', '3/8  X 1.5FT S.S.TUBE', 1, '2013-12-26', '10:59:00', '2013-12-26 05:30:56'),
(502, 2, 1, 'DB/37', 'DB/37', 'PLASTIC GUIDE RING', 'PLASTIC GUIDE RING', 1, '2013-12-26', '10:59:00', '2013-12-26 05:30:56'),
(503, 2, 1, 'DB/38', 'DB/38', 'ALUMINIUM TANK CAP', 'ALUMINIUM TANK CAP', 1, '2013-12-26', '10:59:00', '2013-12-26 05:30:56'),
(504, 2, 1, 'DB/40', 'DB/40', 'SS TOP COVER FOR 2  PUMP', 'SS TOP COVER FOR 2  PUMP', 1, '2013-12-26', '10:59:00', '2013-12-26 05:30:56'),
(505, 2, 1, 'DB/41', 'DB/41', 'SS BOTTOM COVER 2  PUMP', 'SS BOTTOM COVER 2  PUMP', 1, '2013-12-26', '10:59:00', '2013-12-26 05:30:56'),
(506, 2, 1, 'HS/M/02', 'HS/M/02', 'GREAVES ENGINE FOR MISTBLOWER', 'GREAVES ENGINE FOR MISTBLOWER', 1, '2013-12-26', '10:59:00', '2013-12-26 05:30:57'),
(507, 2, 1, 'HS/M/05', 'HS/M/05', '10 X 7 POLYTHENE BAG.', '10 X 7 POLYTHENE BAG.', 1, '2013-12-26', '10:59:00', '2013-12-26 05:30:57'),
(508, 2, 1, 'HS/M/09', 'HS/M/09', 'POLYTHENE BAG 18 X 36', 'POLYTHENE BAG 18 X 36', 1, '2013-12-26', '10:59:00', '2013-12-26 05:30:57'),
(509, 2, 1, 'HS/M/12', 'HS/M/12', 'OPERA LEVER HAN/GRIP', 'OPERA LEVER HAN/GRIP', 1, '2013-12-26', '10:59:00', '2013-12-26 05:30:58'),
(510, 2, 1, 'HS/M/13', 'HS/M/13', 'GUMMED TAPE', 'GUMMED TAPE', 1, '2013-12-26', '10:59:00', '2013-12-26 05:30:58'),
(511, 2, 1, 'HS/M/14', 'HS/M/14', 'HANDLE GRIP BROWN', 'HANDLE GRIP BROWN', 1, '2013-12-26', '10:59:00', '2013-12-26 05:30:58'),
(512, 2, 1, 'HS/M/17', 'HS/M/17', 'O  RING FOR PLA SPRA', 'O  RING FOR PLA SPRA', 1, '2013-12-26', '10:59:00', '2013-12-26 05:30:58'),
(513, 2, 1, 'HS/M/19', 'HS/M/19', 'PLAS WINNOWING FAN', 'PLAS WINNOWING FAN', 1, '2013-12-26', '10:59:00', '2013-12-26 05:30:58'),
(514, 2, 1, 'HS/M/20', 'HS/M/20', '4HP HONDA ENGINE', '4HP HONDA ENGINE', 1, '2013-12-26', '10:59:00', '2013-12-26 05:30:59'),
(515, 2, 1, 'HS/M/21', 'HS/M/21', 'WHITE PVC BOTTLE WITH CAP', 'WHITE PVC BOTTLE WITH CAP', 1, '2013-12-26', '10:59:00', '2013-12-26 05:30:59'),
(516, 2, 1, 'HS/M/22', 'HS/M/22', 'CASTOR OIL 450ML', 'CASTOR OIL 450ML', 1, '2013-12-26', '10:59:00', '2013-12-26 05:30:59'),
(517, 2, 1, 'HS/M/23', 'HS/M/23', 'KUBOTA KS200 ENGINE', 'KUBOTA KS200 ENGINE', 1, '2013-12-26', '10:59:00', '2013-12-26 05:30:59'),
(518, 2, 1, 'HS/M/24', 'HS/M/24', 'A-220P  4HP P/K ENGINE', 'A-220P  4HP P/K ENGINE', 1, '2013-12-26', '10:59:00', '2013-12-26 05:30:59'),
(519, 2, 1, 'HS/M/26', 'HS/M/26', 'PLUG COCK FOR WATER FILTER', 'PLUG COCK FOR WATER FILTER', 1, '2013-12-26', '10:59:00', '2013-12-26 05:31:00'),
(520, 2, 1, 'HS/M/28', 'HS/M/28', 'NEOPRENE BRUSH', 'NEOPRENE BRUSH', 1, '2013-12-26', '10:59:00', '2013-12-26 05:31:00'),
(521, 2, 1, 'HS/M/29', 'HS/M/29', 'FILTER CANDLE', 'FILTER CANDLE', 1, '2013-12-26', '10:59:00', '2013-12-26 05:31:00'),
(522, 2, 1, 'HS/M/30', 'HS/M/30', '18MM STAPLE PIN.', '18MM STAPLE PIN.', 1, '2013-12-26', '10:59:00', '2013-12-26 05:31:00'),
(523, 2, 1, 'HS/M/31', 'HS/M/31', 'GREAVES MK 12 ENGINE', 'GREAVES MK 12 ENGINE', 1, '2013-12-26', '10:59:00', '2013-12-26 05:31:00'),
(524, 2, 1, 'HS/M/32', 'HS/M/32', 'COMPONENTS FOR .05HP MOTOR', 'COMPONENTS FOR .05HP MOTOR', 1, '2013-12-26', '10:59:00', '2013-12-26 05:31:00'),
(525, 2, 1, 'HS/M/33', 'HS/M/33', 'COMPONENTS FOR 0.75HP MOTOR', 'COMPONENTS FOR 0.75HP MOTOR', 1, '2013-12-26', '10:59:00', '2013-12-26 05:31:00'),
(526, 2, 1, 'HS/M/34', 'HS/M/34', 'KS-130 KUBOTA ENGINE OIL', 'KS-130 KUBOTA ENGINE OIL', 1, '2013-12-26', '10:59:00', '2013-12-26 05:31:01'),
(527, 2, 1, 'HS/M/35', 'HS/M/35', 'COMPONENTS FOR 1HP MOTOR', 'COMPONENTS FOR 1HP MOTOR', 1, '2013-12-26', '10:59:00', '2013-12-26 05:31:01'),
(528, 2, 1, 'HS/M/36', 'HS/M/36', 'COMPONENTS FOR 1.5HP MOTOR', 'COMPONENTS FOR 1.5HP MOTOR', 1, '2013-12-26', '10:59:00', '2013-12-26 05:31:01'),
(529, 2, 1, 'HS/M/37', 'HS/M/37', 'GS-130 KUBOTA ENGINE', 'GS-130 KUBOTA ENGINE', 1, '2013-12-26', '10:59:00', '2013-12-26 05:31:01'),
(530, 2, 1, 'HS/M/38', 'HS/M/38', '3.5HP VILLIERS ENGIN', '3.5HP VILLIERS ENGIN', 1, '2013-12-26', '10:59:00', '2013-12-26 05:31:01'),
(531, 2, 1, 'HS/M/39', 'HS/M/39', 'ELECTRIC PUMP B/OP', 'ELECTRIC PUMP B/OP', 1, '2013-12-26', '10:59:00', '2013-12-26 05:31:01'),
(532, 2, 1, 'HS/M/39/1/SAMPA', 'HS/M/39/1/SAMPA', 'SEAFLOW WATER PUMP', 'SEAFLOW WATER PUMP', 1, '2013-12-26', '10:59:00', '2013-12-26 05:31:02'),
(533, 2, 1, 'HS/M/39/2/SAMPL', 'HS/M/39/2/SAMPL', 'SEAFLOW WATER PUMP', 'SEAFLOW WATER PUMP', 1, '2013-12-26', '10:59:00', '2013-12-26 05:31:02'),
(534, 2, 1, 'HS/M/40', 'HS/M/40', 'RECHARG.BATTERY 12V 7A', 'RECHARG.BATTERY 12V 7A', 1, '2013-12-26', '10:59:00', '2013-12-26 05:31:02'),
(535, 2, 1, 'HS/M/41', 'HS/M/41', 'LIQUID STRAINER B/OP', 'LIQUID STRAINER B/OP', 1, '2013-12-26', '10:59:00', '2013-12-26 05:31:02'),
(536, 2, 1, 'HS/M/42', 'HS/M/42', 'HEX BOLT/NUT ETC B/O', 'HEX BOLT/NUT ETC B/O', 1, '2013-12-26', '10:59:00', '2013-12-26 05:31:02'),
(537, 2, 1, 'HS/M/43', 'HS/M/43', 'AC/DC CONVERTOR B/OP', 'AC/DC CONVERTOR B/OP', 1, '2013-12-26', '10:59:00', '2013-12-26 05:31:02'),
(538, 2, 1, 'HS/M/44', 'HS/M/44', 'ON/OFF SWITCH WITH', 'ON/OFF SWITCH WITH', 1, '2013-12-26', '10:59:00', '2013-12-26 05:31:02'),
(539, 2, 1, 'HS/M/45', 'HS/M/45', 'RUBBER MOUNTING BOOT', 'RUBBER MOUNTING BOOT', 1, '2013-12-26', '10:59:00', '2013-12-26 05:31:03'),
(540, 2, 1, 'HS/M/46', 'HS/M/46', 'PLASTIC BATTERY CASING', 'PLASTIC BATTERY CASING', 1, '2013-12-26', '10:59:00', '2013-12-26 05:31:03'),
(541, 2, 1, 'HS/M/47', 'HS/M/47', 'BRASS VALVE & NUT', 'BRASS VALVE & NUT', 1, '2013-12-26', '10:59:00', '2013-12-26 05:31:03'),
(542, 2, 1, 'HS/M/48', 'HS/M/48', 'SS SWITCH BRACKET', 'SS SWITCH BRACKET', 1, '2013-12-26', '10:59:00', '2013-12-26 05:31:03'),
(543, 2, 1, 'HS/M/49', 'HS/M/49', '2 COLOUR STICKER B/OP', '2 COLOUR STICKER B/OP', 1, '2013-12-26', '10:59:00', '2013-12-26 05:31:03'),
(544, 2, 1, 'HS/M/56', 'HS/M/56', 'TANK STRAINER B/OP', 'TANK STRAINER B/OP', 1, '2013-12-26', '10:59:00', '2013-12-26 05:31:04'),
(545, 2, 1, 'HSS/M/02', 'HSS/M/02', 'GREEVES ENGINE FOR M/BLOWER', 'GREEVES ENGINE FOR M/BLOWER', 1, '2013-12-26', '10:59:00', '2013-12-26 05:31:04'),
(546, 8, 1, 'KU/01', 'KU/01', 'FIX NUT FOR CYL/PUMP', 'FIX NUT FOR CYL/PUMP', 1, '2013-12-26', '10:59:00', '2013-12-26 05:31:04'),
(547, 8, 1, 'KU/02', 'KU/02', 'CYLINDER CAP-KU/02', 'CYLINDER CAP-KU/02', 1, '2013-12-26', '10:59:00', '2013-12-26 05:31:04'),
(548, 8, 1, 'KU/02B', 'KU/02B', 'HOOKS FOR CYLINDER CAP', 'HOOKS FOR CYLINDER CAP', 1, '2013-12-26', '10:59:00', '2013-12-26 05:31:04'),
(549, 8, 1, 'KU/03', 'KU/03', 'RUBBER SEAL PACKING', 'RUBBER SEAL PACKING', 1, '2013-12-26', '10:59:00', '2013-12-26 05:31:04'),
(550, 8, 1, 'KU/04', 'KU/04', 'PRESURE GUAGE', 'PRESURE GUAGE', 1, '2013-12-26', '10:59:00', '2013-12-26 05:31:04'),
(551, 8, 1, 'KU/05', 'KU/05', 'DELIVERY ADAPTOR/NUT', 'DELIVERY ADAPTOR/NUT', 1, '2013-12-26', '10:59:00', '2013-12-26 05:31:05'),
(552, 8, 1, 'KU/05A', 'KU/05A', 'NUT FOR DELIVERY ADOPTER', 'NUT FOR DELIVERY ADOPTER', 1, '2013-12-26', '10:59:00', '2013-12-26 05:31:05'),
(553, 8, 1, 'KU/06', 'KU/06', 'FILLER CAP/HANDLE', 'FILLER CAP/HANDLE', 1, '2013-12-26', '10:59:00', '2013-12-26 05:31:05'),
(554, 8, 1, 'KU/06A', 'KU/06A', 'FILLER CAP WASHER', 'FILLER CAP WASHER', 1, '2013-12-26', '10:59:00', '2013-12-26 05:31:05'),
(555, 8, 1, 'KU/06C', 'KU/06C', 'RIVERT FOR FILLER CAP', 'RIVERT FOR FILLER CAP', 1, '2013-12-26', '10:59:00', '2013-12-26 05:31:05'),
(556, 8, 1, 'KU/07', 'KU/07', 'PLASTIC TUBE', 'PLASTIC TUBE', 1, '2013-12-26', '10:59:00', '2013-12-26 05:31:05'),
(557, 8, 1, 'KU/07A', 'KU/07A', 'WASHER FOR PLASTIC TUBE', 'WASHER FOR PLASTIC TUBE', 1, '2013-12-26', '10:59:00', '2013-12-26 05:31:06'),
(558, 8, 1, 'KU/08', 'KU/08', 'STRAINER ASSEMBLY', 'STRAINER ASSEMBLY', 1, '2013-12-26', '10:59:00', '2013-12-26 05:31:06'),
(559, 8, 1, 'KU/08A', 'KU/08A', 'NUT FOR END COVER', 'NUT FOR END COVER', 1, '2013-12-26', '10:59:00', '2013-12-26 05:31:06'),
(560, 8, 1, 'KU/08B', 'KU/08B', 'VALVE BOX', 'VALVE BOX', 1, '2013-12-26', '10:59:00', '2013-12-26 05:31:06'),
(561, 8, 1, 'KU/08C', 'KU/08C', 'BALL 8.9 MM', 'BALL 8.9 MM', 1, '2013-12-26', '10:59:00', '2013-12-26 05:31:06'),
(562, 8, 1, 'KU/09', 'KU/09', 'PLASTIC HANDLE', 'PLASTIC HANDLE', 1, '2013-12-26', '10:59:00', '2013-12-26 05:31:06'),
(563, 8, 1, 'KU/10', 'KU/10', 'HEAD FOR HANDLE', 'HEAD FOR HANDLE', 1, '2013-12-26', '10:59:00', '2013-12-26 05:31:07'),
(564, 8, 1, 'KU/11', 'KU/11', '3/4 CYLINDER SPRING', '3/4 CYLINDER SPRING', 1, '2013-12-26', '10:59:00', '2013-12-26 05:31:07'),
(565, 8, 1, 'KU/12', 'KU/12', 'PISTON BARREL COMPL', 'PISTON BARREL COMPL', 1, '2013-12-26', '10:59:00', '2013-12-26 05:31:07'),
(566, 8, 1, 'KU/13', 'KU/13', 'PLUNGER LEATHER (CUP)', 'PLUNGER LEATHER (CUP)', 1, '2013-12-26', '10:59:00', '2013-12-26 05:31:07'),
(567, 8, 1, 'KU/13A', 'KU/13A', 'RUBBER DISC', 'RUBBER DISC', 1, '2013-12-26', '10:59:00', '2013-12-26 05:31:07'),
(568, 8, 1, 'KU/14', 'KU/14', 'STEEL CUP', 'STEEL CUP', 1, '2013-12-26', '10:59:00', '2013-12-26 05:31:07'),
(569, 8, 1, 'KU/15', 'KU/15', 'FIX NUT-KU/15', 'FIX NUT-KU/15', 1, '2013-12-26', '10:59:00', '2013-12-26 05:31:08'),
(570, 8, 1, 'KU/15A', 'KU/15A', 'WASHER FOR FIX NUT', 'WASHER FOR FIX NUT', 1, '2013-12-26', '10:59:00', '2013-12-26 05:31:08'),
(571, 8, 1, 'KU/16', 'KU/16', 'FUNNEL WITH NET', 'FUNNEL WITH NET', 1, '2013-12-26', '10:59:00', '2013-12-26 05:31:08'),
(572, 8, 1, 'KU/17A', 'KU/17A', 'PLUNGER ROD WITH HAN', 'PLUNGER ROD WITH HAN', 1, '2013-12-26', '10:59:00', '2013-12-26 05:31:09'),
(573, 8, 1, 'KU/17B', 'KU/17B', 'PLUNGER ROD W/O HAN', 'PLUNGER ROD W/O HAN', 1, '2013-12-26', '10:59:00', '2013-12-26 05:31:09'),
(574, 8, 1, 'KU/18', 'KU/18', 'CUP LEATHER LOCAL', 'CUP LEATHER LOCAL', 1, '2013-12-26', '10:59:00', '2013-12-26 05:31:09'),
(575, 8, 1, 'KU/19', 'KU/19', 'PISTON BARREL COMPLETE N/T', 'PISTON BARREL COMPLETE N/T', 1, '2013-12-26', '10:59:00', '2013-12-26 05:31:09'),
(576, 8, 1, 'KU/19A', 'KU/19A', 'PISTON BARREL N/T', 'PISTON BARREL N/T', 1, '2013-12-26', '10:59:00', '2013-12-26 05:31:09'),
(577, 8, 1, 'KU/19B', 'KU/19B', 'AUTO PUMP UNIT COMPT', 'AUTO PUMP UNIT COMPT', 1, '2013-12-26', '10:59:00', '2013-12-26 05:31:09'),
(578, 8, 1, 'KU/20', 'KU/20', 'PLUG COCK', 'PLUG COCK', 1, '2013-12-26', '10:59:00', '2013-12-26 05:31:10'),
(579, 8, 1, 'KU/21', 'KU/21', 'TANK BARE 16L', 'TANK BARE 16L', 1, '2013-12-26', '10:59:00', '2013-12-26 05:31:10'),
(580, 8, 1, 'KU/21A', 'KU/21A', '9L TANK BARE', '9L TANK BARE', 1, '2013-12-26', '10:59:00', '2013-12-26 05:31:10'),
(581, 8, 1, 'KU/22', 'KU/22', 'CARTON FOR 16L AUTO', 'CARTON FOR 16L AUTO', 1, '2013-12-26', '10:59:00', '2013-12-26 05:31:10'),
(582, 8, 1, 'KU/23', 'KU/23', 'PLUNG LEATHER HOLDER', 'PLUNG LEATHER HOLDER', 1, '2013-12-26', '10:59:00', '2013-12-26 05:31:10'),
(583, 8, 1, 'KU/24', 'KU/24', 'PLUNGER ROD COMPLETE', 'PLUNGER ROD COMPLETE', 1, '2013-12-26', '10:59:00', '2013-12-26 05:31:11'),
(584, 8, 1, 'KU/25', 'KU/25', 'TOP COVER', 'TOP COVER', 1, '2013-12-26', '10:59:00', '2013-12-26 05:31:11'),
(585, 8, 1, 'KU/25A', 'KU/25A', 'BRASS RING FOR TOP COVER', 'BRASS RING FOR TOP COVER', 1, '2013-12-26', '10:59:00', '2013-12-26 05:31:11'),
(586, 8, 1, 'KU/26', 'KU/26', 'GAUGE STAND', 'GAUGE STAND', 1, '2013-12-26', '10:59:00', '2013-12-26 05:31:11'),
(587, 8, 1, 'KU/27', 'KU/27', 'BOTTOM COVER', 'BOTTOM COVER', 1, '2013-12-26', '10:59:00', '2013-12-26 05:31:11'),
(588, 8, 1, 'KU/28', 'KU/28', 'KNAPSACK PLATE', 'KNAPSACK PLATE', 1, '2013-12-26', '10:59:00', '2013-12-26 05:31:11'),
(589, 8, 1, 'KU/29', 'KU/29', 'CARRIER HOOKS/W HOLDER (SET)', 'CARRIER HOOKS/W HOLDER (SET)', 1, '2013-12-26', '10:59:00', '2013-12-26 05:31:11'),
(590, 8, 1, 'KU/30', 'KU/30', 'DELIVERY PIPE', 'DELIVERY PIPE', 1, '2013-12-26', '10:59:00', '2013-12-26 05:31:12'),
(591, 8, 1, 'KU/30A', 'KU/30A', 'STRAINER FOR FUNNEL', 'STRAINER FOR FUNNEL', 1, '2013-12-26', '10:59:00', '2013-12-26 05:31:12'),
(592, 8, 1, 'KU/31', 'KU/31', 'FILLER CAP STAND', 'FILLER CAP STAND', 1, '2013-12-26', '10:59:00', '2013-12-26 05:31:12'),
(593, 8, 1, 'KU/32', 'KU/32', 'NEW TYPE VALVE BOX', 'NEW TYPE VALVE BOX', 1, '2013-12-26', '10:59:00', '2013-12-26 05:31:12'),
(594, 8, 1, 'KU/33', 'KU/33', 'STICKER FOR AUTO METER', 'STICKER FOR AUTO METER', 1, '2013-12-26', '10:59:00', '2013-12-26 05:31:12'),
(595, 8, 1, 'KU/35', 'KU/35', 'AUTO VALVE VITON PACKING', 'AUTO VALVE VITON PACKING', 1, '2013-12-26', '10:59:00', '2013-12-26 05:31:12'),
(596, 2, 1, 'L-36A', 'L-36A', 'O   RING FOR SINGLE NOZZLE', 'O   RING FOR SINGLE NOZZLE', 1, '2013-12-26', '10:59:00', '2013-12-26 05:31:12'),
(597, 2, 1, 'L/M/01', 'L/M/01', 'THINNER', 'THINNER', 1, '2013-12-26', '10:59:00', '2013-12-26 05:31:13'),
(598, 2, 1, 'L/M/04', 'L/M/04', 'SOLDERING FLUID', 'SOLDERING FLUID', 1, '2013-12-26', '10:59:00', '2013-12-26 05:31:13'),
(599, 2, 1, 'L/M/06', 'L/M/06', 'BRASS STOP COCK', 'BRASS STOP COCK', 1, '2013-12-26', '10:59:00', '2013-12-26 05:31:13'),
(600, 2, 1, 'L/M/06A', 'L/M/06A', 'OIL PRIMMER', 'OIL PRIMMER', 1, '2013-12-26', '10:59:00', '2013-12-26 05:31:13'),
(601, 2, 1, 'L/M/07', 'L/M/07', 'BRASS CAST PLUG COCK', 'BRASS CAST PLUG COCK', 1, '2013-12-26', '10:59:00', '2013-12-26 05:31:13'),
(602, 2, 1, 'L/M/6', 'L/M/6', 'BRASS STOP COCK', 'BRASS STOP COCK', 1, '2013-12-26', '10:59:00', '2013-12-26 05:31:13'),
(603, 2, 1, 'L/P/02', 'L/P/02', 'DUCO PAINTS ASSORTED COLOUR', 'DUCO PAINTS ASSORTED COLOUR', 1, '2013-12-26', '10:59:00', '2013-12-26 05:31:14'),
(604, 2, 1, 'L/P/04', 'L/P/04', 'YELLOW PAINT DUCO', 'YELLOW PAINT DUCO', 1, '2013-12-26', '10:59:00', '2013-12-26 05:31:14'),
(605, 2, 1, 'L/P/05', 'L/P/05', 'GREEN PAINT DULUX', 'GREEN PAINT DULUX', 1, '2013-12-26', '10:59:00', '2013-12-26 05:31:14'),
(606, 2, 1, 'L/P/06', 'L/P/06', 'SILVER PAINT DUCO', 'SILVER PAINT DUCO', 1, '2013-12-26', '10:59:00', '2013-12-26 05:31:14'),
(607, 2, 1, 'L/P/12', 'L/P/12', 'DULUX PAINT BLUE', 'DULUX PAINT BLUE', 1, '2013-12-26', '10:59:00', '2013-12-26 05:31:14'),
(608, 2, 1, 'L/04/01', 'L/04/01', 'CAP PACKING', 'CAP PACKING', 1, '2013-12-26', '10:59:00', '2013-12-26 05:31:15'),
(609, 2, 1, 'L/14', 'L/14', 'IMP TRIGGER HEAD N/T', 'IMP TRIGGER HEAD N/T', 1, '2013-12-26', '10:59:00', '2013-12-26 05:31:15'),
(610, 2, 1, 'L/16', 'L/16', 'CUP LEATHER (LOCAL)', 'CUP LEATHER (LOCAL)', 1, '2013-12-26', '10:59:00', '2013-12-26 05:31:15'),
(611, 2, 1, 'L/21/1A', 'L/21/1A', 'PRESSURE CHAMBER', 'PRESSURE CHAMBER', 1, '2013-12-26', '10:59:00', '2013-12-26 05:31:15'),
(612, 2, 1, 'L/21/2', 'L/21/2', '1 1/2 BRASS TUBE 16L', '1 1/2 BRASS TUBE 16L', 1, '2013-12-26', '10:59:00', '2013-12-26 05:31:15'),
(613, 2, 1, 'L/28', 'L/28', 'DELIVERY PIPE/ADOPTER', 'DELIVERY PIPE/ADOPTER', 1, '2013-12-26', '10:59:00', '2013-12-26 05:31:15'),
(614, 2, 1, 'L/33A', 'L/33A', 'HOSE COMPLETE', 'HOSE COMPLETE', 1, '2013-12-26', '10:59:00', '2013-12-26 05:31:16'),
(615, 2, 1, 'L/34', 'L/34', 'LONG HOSE COMP.(6YRD)', 'LONG HOSE COMP.(6YRD)', 1, '2013-12-26', '10:59:00', '2013-12-26 05:31:16'),
(616, 2, 1, 'L/36A', 'L/36A', 'O   RING FOR S/NOZZLE', 'O   RING FOR S/NOZZLE', 1, '2013-12-26', '10:59:00', '2013-12-26 05:31:16'),
(617, 2, 1, 'L/37A', 'L/37A', 'WASHER FOR WING NUT', 'WASHER FOR WING NUT', 1, '2013-12-26', '10:59:00', '2013-12-26 05:31:16'),
(618, 2, 1, 'L/38A', 'L/38A', 'NOZZLE CAP', 'NOZZLE CAP', 1, '2013-12-26', '10:59:00', '2013-12-26 05:31:16'),
(619, 2, 1, 'L/38B', 'L/38B', 'WASHER FOR NOZZLE CAP', 'WASHER FOR NOZZLE CAP', 1, '2013-12-26', '10:59:00', '2013-12-26 05:31:16'),
(620, 2, 1, 'L/38C', 'L/38C', 'N/CAP WITH WASHER', 'N/CAP WITH WASHER', 1, '2013-12-26', '10:59:00', '2013-12-26 05:31:16'),
(621, 2, 1, 'L/46A', 'L/46A', 'BRASS CAP', 'BRASS CAP', 1, '2013-12-26', '10:59:00', '2013-12-26 05:31:17'),
(622, 2, 1, 'L/46B', 'L/46B', 'WASHER FOR PLUG COCK CAP', 'WASHER FOR PLUG COCK CAP', 1, '2013-12-26', '10:59:00', '2013-12-26 05:31:17'),
(623, 2, 1, 'L/47', 'L/47', 'RUBBER WASHER', 'RUBBER WASHER', 1, '2013-12-26', '10:59:00', '2013-12-26 05:31:17'),
(624, 7, 1, 'M/01', 'M/01', 'MAMMOTY A  TECH 9 X9', 'MAMMOTY A  TECH 9 X9', 1, '2013-12-26', '10:59:00', '2013-12-26 05:31:17'),
(625, 7, 1, 'M/11', 'M/11', 'S/RUBBER FLAP T/C', 'S/RUBBER FLAP T/C', 1, '2013-12-26', '10:59:00', '2013-12-26 05:31:17'),
(626, 7, 1, 'M/13', 'M/13', 'L/RUBBER FLAP T/C', 'L/RUBBER FLAP T/C', 1, '2013-12-26', '10:59:00', '2013-12-26 05:31:18'),
(627, 7, 1, 'M/17', 'M/17', 'RUBBER FLAP (L) E/C', 'RUBBER FLAP (L) E/C', 1, '2013-12-26', '10:59:00', '2013-12-26 05:31:18'),
(628, 7, 1, 'M/18', 'M/18', 'RUBBER FLAP (S) E/C', 'RUBBER FLAP (S) E/C', 1, '2013-12-26', '10:59:00', '2013-12-26 05:31:18'),
(629, 7, 1, 'M/88', 'M/88', 'LUBRICANT OIL 50 ML', 'LUBRICANT OIL 50 ML', 1, '2013-12-26', '10:59:00', '2013-12-26 05:31:18'),
(630, 2, 1, 'PT/P/PL/03', 'PT/P/PL/03', 'CUPLEATHER IMP 1 1/4', 'CUPLEATHER IMP 1 1/4', 1, '2013-12-26', '10:59:00', '2013-12-26 05:31:18'),
(631, 2, 1, 'PT/P/PR/03', 'PT/P/PR/03', 'BALL VALVE 1/2 S.S', 'BALL VALVE 1/2 S.S', 1, '2013-12-26', '10:59:00', '2013-12-26 05:31:18'),
(632, 2, 1, 'PT/P/PR/3', 'PT/P/PR/3', 'BALL VALVE', 'BALL VALVE', 1, '2013-12-26', '10:59:00', '2013-12-26 05:31:19'),
(633, 2, 1, 'PT/T/05', 'PT/T/05', 'FOAMED IRON FOR LEVER', 'FOAMED IRON FOR LEVER', 1, '2013-12-26', '10:59:00', '2013-12-26 05:31:19'),
(634, 2, 1, 'PT/T/06', 'PT/T/06', 'OPERATING LEVER', 'OPERATING LEVER', 1, '2013-12-26', '10:59:00', '2013-12-26 05:31:20'),
(635, 2, 1, 'S/01', 'S/01', 'PLUNGER HEAD', 'PLUNGER HEAD', 1, '2013-12-26', '10:59:00', '2013-12-26 05:31:20'),
(636, 2, 1, 'S/02', 'S/02', 'CYLINDER CAP-S/02', 'CYLINDER CAP-S/02', 1, '2013-12-26', '10:59:00', '2013-12-26 05:31:20'),
(637, 2, 1, 'S/05', 'S/05', 'SWIVELLED RING', 'SWIVELLED RING', 1, '2013-12-26', '10:59:00', '2013-12-26 05:31:20'),
(638, 2, 1, 'S/06', 'S/06', 'CONNECTING RING', 'CONNECTING RING', 1, '2013-12-26', '10:59:00', '2013-12-26 05:31:20'),
(639, 2, 1, 'S/07', 'S/07', '11/4 VALVE BOX', '11/4 VALVE BOX', 1, '2013-12-26', '10:59:00', '2013-12-26 05:31:20'),
(640, 2, 1, 'S/08', 'S/08', '11/4 INTAKE VALVE SEAT', '11/4 INTAKE VALVE SEAT', 1, '2013-12-26', '10:59:00', '2013-12-26 05:31:21'),
(641, 2, 1, 'S/10', 'S/10', 'PLUNGER END', 'PLUNGER END', 1, '2013-12-26', '10:59:00', '2013-12-26 05:31:21'),
(642, 2, 1, 'S/11', 'S/11', 'PUMP BOTTOM COVER', 'PUMP BOTTOM COVER', 1, '2013-12-26', '10:59:00', '2013-12-26 05:31:21'),
(643, 2, 1, 'S/12', 'S/12', 'PUMP TOP COVER', 'PUMP TOP COVER', 1, '2013-12-26', '10:59:00', '2013-12-26 05:31:21'),
(644, 2, 1, 'S/13', 'S/13', 'STRAINER ASSEMBLE', 'STRAINER ASSEMBLE', 1, '2013-12-26', '10:59:00', '2013-12-26 05:31:21'),
(645, 2, 1, 'SS/C/02', 'SS/C/02', '8L TOP COVER', '8L TOP COVER', 1, '2013-12-26', '10:59:00', '2013-12-26 05:31:21'),
(646, 2, 1, 'SS/C/03', 'SS/C/03', '8L BOTTOM COVER', '8L BOTTOM COVER', 1, '2013-12-26', '10:59:00', '2013-12-26 05:31:22'),
(647, 2, 1, 'SS/C/04', 'SS/C/04', '8L COPPER RIVET', '8L COPPER RIVET', 1, '2013-12-26', '10:59:00', '2013-12-26 05:31:22'),
(648, 2, 1, 'SS/C/05', 'SS/C/05', '8L EXTRA PACKING SET', '8L EXTRA PACKING SET', 1, '2013-12-26', '10:59:00', '2013-12-26 05:31:22'),
(649, 2, 1, 'SS/C/06', 'SS/C/06', 'PVC HOSE GREEN', 'PVC HOSE GREEN', 1, '2013-12-26', '10:59:00', '2013-12-26 05:31:22'),
(650, 2, 1, 'SS/C/07', 'SS/C/07', 'PVC HOSE (TUBE)', 'PVC HOSE (TUBE)', 1, '2013-12-26', '10:59:00', '2013-12-26 05:31:22'),
(651, 2, 1, 'SS/C/08', 'SS/C/08', 'LIQUID TANK FOR 8L', 'LIQUID TANK FOR 8L', 1, '2013-12-26', '10:59:00', '2013-12-26 05:31:22'),
(652, 2, 1, 'SS/C/09', 'SS/C/09', '1 1/8 SHOULDER STRAPS', '1 1/8 SHOULDER STRAPS', 1, '2013-12-26', '10:59:00', '2013-12-26 05:31:23'),
(653, 2, 1, 'SS/C/10', 'SS/C/10', '11/4  SHOULDER STRAPS', '11/4  SHOULDER STRAPS', 1, '2013-12-26', '10:59:00', '2013-12-26 05:31:23'),
(654, 2, 1, 'SS/C/11', 'SS/C/11', 'SHOULDER CUSHION', 'SHOULDER CUSHION', 1, '2013-12-26', '10:59:00', '2013-12-26 05:31:23'),
(655, 2, 1, 'SS/C/12', 'SS/C/12', 'CARTON FOR 16L/13L', 'CARTON FOR 16L/13L', 1, '2013-12-26', '10:59:00', '2013-12-26 05:31:24'),
(656, 2, 1, 'SS/C/13', 'SS/C/13', 'AGRO TECH CARTON', 'AGRO TECH CARTON', 1, '2013-12-26', '10:59:00', '2013-12-26 05:31:24'),
(657, 2, 1, 'SS/C/14', 'SS/C/14', 'HOOKS LARGE', 'HOOKS LARGE', 1, '2013-12-26', '10:59:00', '2013-12-26 05:31:24'),
(658, 2, 1, 'SS/C/15', 'SS/C/15', 'HOOKS SMALL', 'HOOKS SMALL', 1, '2013-12-26', '10:59:00', '2013-12-26 05:31:24'),
(659, 2, 1, 'SS/C/16', 'SS/C/16', 'S.S.SPRING FOR HOSE', 'S.S.SPRING FOR HOSE', 1, '2013-12-26', '10:59:00', '2013-12-26 05:31:24'),
(660, 2, 1, 'SS/C/17', 'SS/C/17', 'BUCKLE', 'BUCKLE', 1, '2013-12-26', '10:59:00', '2013-12-26 05:31:25'),
(661, 2, 1, 'SS/C/18', 'SS/C/18', 'CYLINDER SPRING', 'CYLINDER SPRING', 1, '2013-12-26', '10:59:00', '2013-12-26 05:31:25'),
(662, 2, 1, 'SS/C/19', 'SS/C/19', 'CARTON FOR 8L', 'CARTON FOR 8L', 1, '2013-12-26', '10:59:00', '2013-12-26 05:31:25'),
(663, 2, 1, 'SS/C/20', 'SS/C/20', 'POLYTHENE FILM 18', 'POLYTHENE FILM 18', 1, '2013-12-26', '10:59:00', '2013-12-26 05:31:25'),
(664, 2, 1, 'SS/C/21', 'SS/C/21', '13L S/S PUMP COMPLETE', '13L S/S PUMP COMPLETE', 1, '2013-12-26', '10:59:00', '2013-12-26 05:31:26'),
(665, 2, 1, 'SS/C/22', 'SS/C/22', '16L S/S PUMP UNIT S/B', '16L S/S PUMP UNIT S/B', 1, '2013-12-26', '10:59:00', '2013-12-26 05:31:26'),
(666, 2, 1, 'SS/C/23', 'SS/C/23', 'PUMP UNIT COMPL 8L', 'PUMP UNIT COMPL 8L', 1, '2013-12-26', '10:59:00', '2013-12-26 05:31:26'),
(667, 2, 1, 'SS/C/23A', 'SS/C/23A', '8L PLASTIC PUMP UNIT', '8L PLASTIC PUMP UNIT', 1, '2013-12-26', '10:59:00', '2013-12-26 05:31:26'),
(668, 2, 1, 'SS/C/24', 'SS/C/24', 'PUMP STAND FOR 16L', 'PUMP STAND FOR 16L', 1, '2013-12-26', '10:59:00', '2013-12-26 05:31:26'),
(669, 2, 1, 'SS/C/26', 'SS/C/26', 'PUMP STAND FOR 8L', 'PUMP STAND FOR 8L', 1, '2013-12-26', '10:59:00', '2013-12-26 05:31:26'),
(670, 2, 1, 'SS/C/27', 'SS/C/27', 'POP RIVET', 'POP RIVET', 1, '2013-12-26', '10:59:00', '2013-12-26 05:31:26'),
(671, 2, 1, 'SS/C/28', 'SS/C/28', 'TWO ORIFICES NOZZLE', 'TWO ORIFICES NOZZLE', 1, '2013-12-26', '10:59:00', '2013-12-26 05:31:27'),
(672, 2, 1, 'SS/C/29', 'SS/C/29', 'LANCE TUBE', 'LANCE TUBE', 1, '2013-12-26', '10:59:00', '2013-12-26 05:31:27'),
(673, 2, 1, 'SS/C/29A', 'SS/C/29A', 'LANCE TUBE SHORT', 'LANCE TUBE SHORT', 1, '2013-12-26', '10:59:00', '2013-12-26 05:31:27'),
(674, 2, 1, 'SS/C/29B', 'SS/C/29B', 'LANCE TUBE LONG', 'LANCE TUBE LONG', 1, '2013-12-26', '10:59:00', '2013-12-26 05:31:27'),
(675, 2, 1, 'SS/C/30', 'SS/C/30', 'PLASTIC HANDLE RED', 'PLASTIC HANDLE RED', 1, '2013-12-26', '10:59:00', '2013-12-26 05:31:27'),
(676, 2, 1, 'SS/C/31', 'SS/C/31', 'HANDLE OF LANCE W/LO', 'HANDLE OF LANCE W/LO', 1, '2013-12-26', '10:59:00', '2013-12-26 05:31:28'),
(677, 2, 1, 'SS/C/31A', 'SS/C/31A', 'LA HANDLE LANCE W/L', 'LA HANDLE LANCE W/L', 1, '2013-12-26', '10:59:00', '2013-12-26 05:31:28'),
(678, 2, 1, 'SS/C/32', 'SS/C/32', 'HOSE COUPLE', 'HOSE COUPLE', 1, '2013-12-26', '10:59:00', '2013-12-26 05:31:28'),
(679, 2, 1, 'SS/C/33', 'SS/C/33', 'WING NUT FOR HOSE', 'WING NUT FOR HOSE', 1, '2013-12-26', '10:59:00', '2013-12-26 05:31:28'),
(680, 2, 1, 'SS/C/34', 'SS/C/34', 'BOLT FOR HOSE', 'BOLT FOR HOSE', 1, '2013-12-26', '10:59:00', '2013-12-26 05:31:28'),
(681, 2, 1, 'SS/C/35', 'SS/C/35', 'LANCE COMPLETE', 'LANCE COMPLETE', 1, '2013-12-26', '10:59:00', '2013-12-26 05:31:28'),
(682, 2, 1, 'SS/C/36', 'SS/C/36', 'SHOULDER STRAP PAIR', 'SHOULDER STRAP PAIR', 1, '2013-12-26', '10:59:00', '2013-12-26 05:31:29'),
(683, 2, 1, 'SS/C/36A', 'SS/C/36A', 'SHOULDER STRAP (LOCAL)', 'SHOULDER STRAP (LOCAL)', 1, '2013-12-26', '10:59:00', '2013-12-26 05:31:29'),
(684, 2, 1, 'SS/C/37', 'SS/C/37', 'SHOULDER STRAP 8L', 'SHOULDER STRAP 8L', 1, '2013-12-26', '10:59:00', '2013-12-26 05:31:29'),
(685, 2, 1, 'SS/C/38', 'SS/C/38', 'CYL/PACKING FOR S/B', 'CYL/PACKING FOR S/B', 1, '2013-12-26', '10:59:00', '2013-12-26 05:31:29'),
(686, 2, 1, 'SS/C/38A', 'SS/C/38A', 'CYL/PACKING FOR D/B', 'CYL/PACKING FOR D/B', 1, '2013-12-26', '10:59:00', '2013-12-26 05:31:29'),
(687, 2, 1, 'SS/C/39', 'SS/C/39', 'FIX WING BOLT', 'FIX WING BOLT', 1, '2013-12-26', '10:59:00', '2013-12-26 05:31:29'),
(688, 2, 1, 'SS/C/40', 'SS/C/40', 'PLUNGER BOLT', 'PLUNGER BOLT', 1, '2013-12-26', '10:59:00', '2013-12-26 05:31:30'),
(689, 2, 1, 'SS/C/41', 'SS/C/41', 'PIN SS/C/41', 'PIN SS/C/41', 1, '2013-12-26', '10:59:00', '2013-12-26 05:31:30'),
(690, 2, 1, 'SS/C/42', 'SS/C/42', 'S/ORIFICE NOZZLE', 'S/ORIFICE NOZZLE', 1, '2013-12-26', '10:59:00', '2013-12-26 05:31:31'),
(691, 2, 1, 'SS/C/42A', 'SS/C/42A', 'BRASS S/NOZZLE CAP', 'BRASS S/NOZZLE CAP', 1, '2013-12-26', '10:59:00', '2013-12-26 05:31:31'),
(692, 2, 1, 'SS/C/43', 'SS/C/43', 'TANK CAP PLASTIC', 'TANK CAP PLASTIC', 1, '2013-12-26', '10:59:00', '2013-12-26 05:31:31'),
(693, 2, 1, 'SS/C/43A', 'SS/C/43A', 'FILTER CAP', 'FILTER CAP', 1, '2013-12-26', '10:59:00', '2013-12-26 05:31:31'),
(694, 2, 1, 'SS/C/44', 'SS/C/44', 'STRAINER 16L', 'STRAINER 16L', 1, '2013-12-26', '10:59:00', '2013-12-26 05:31:31'),
(695, 2, 1, 'SS/C/45', 'SS/C/45', 'WING NUT FOR 8L', 'WING NUT FOR 8L', 1, '2013-12-26', '10:59:00', '2013-12-26 05:31:31'),
(696, 2, 1, 'SS/C/46', 'SS/C/46', 'FILLER CAP 8L', 'FILLER CAP 8L', 1, '2013-12-26', '10:59:00', '2013-12-26 05:31:32'),
(697, 2, 1, 'SS/C/47', 'SS/C/47', 'STRAINER 8L', 'STRAINER 8L', 1, '2013-12-26', '10:59:00', '2013-12-26 05:31:32'),
(698, 2, 1, 'SS/C/48', 'SS/C/48', 'PACKING RING 8L', 'PACKING RING 8L', 1, '2013-12-26', '10:59:00', '2013-12-26 05:31:32'),
(699, 2, 1, 'SS/C/50', 'SS/C/50', 'LINEN POLISHIN WHEEL', 'LINEN POLISHIN WHEEL', 1, '2013-12-26', '10:59:00', '2013-12-26 05:31:32'),
(700, 2, 1, 'SS/C/53', 'SS/C/53', 'RUBBER GLOVE', 'RUBBER GLOVE', 1, '2013-12-26', '10:59:00', '2013-12-26 05:31:32'),
(701, 2, 1, 'SS/C/54', 'SS/C/54', 'FACE MASK', 'FACE MASK', 1, '2013-12-26', '10:59:00', '2013-12-26 05:31:32'),
(702, 2, 1, 'SS/C/54A', 'SS/C/54A', 'INDUSTRIAL FACE MASK', 'INDUSTRIAL FACE MASK', 1, '2013-12-26', '10:59:00', '2013-12-26 05:31:32'),
(703, 2, 1, 'SS/C/55', 'SS/C/55', 'BENT ADAPT FOR LANCE', 'BENT ADAPT FOR LANCE', 1, '2013-12-26', '10:59:00', '2013-12-26 05:31:33'),
(704, 2, 1, 'SS/C/56', 'SS/C/56', 'DOSAGE COCK', 'DOSAGE COCK', 1, '2013-12-26', '10:59:00', '2013-12-26 05:31:33'),
(705, 2, 1, 'SS/C/57', 'SS/C/57', 'BOTTOM COVER', 'BOTTOM COVER', 1, '2013-12-26', '10:59:00', '2013-12-26 05:31:33'),
(706, 2, 1, 'SS/C/58', 'SS/C/58', 'NOZZLE', 'NOZZLE', 1, '2013-12-26', '10:59:00', '2013-12-26 05:31:33'),
(707, 2, 1, 'SS/C/59', 'SS/C/59', 'P/FILLER CAP STAND', 'P/FILLER CAP STAND', 1, '2013-12-26', '10:59:00', '2013-12-26 05:31:33'),
(708, 2, 1, 'SS/C/60', 'SS/C/60', 'ADJUSTABLE D/NOZZLE', 'ADJUSTABLE D/NOZZLE', 1, '2013-12-26', '10:59:00', '2013-12-26 05:31:33'),
(709, 2, 1, 'SS/C/61', 'SS/C/61', 'WEEDICIDE NOZZLE', 'WEEDICIDE NOZZLE', 1, '2013-12-26', '10:59:00', '2013-12-26 05:31:34'),
(710, 2, 1, 'SS/C/62', 'SS/C/62', 'NOZZLE GUARD (PLASTIC)', 'NOZZLE GUARD (PLASTIC)', 1, '2013-12-26', '10:59:00', '2013-12-26 05:31:34'),
(711, 2, 1, 'SS/C/63', 'SS/C/63', '4 HOLE ADJ.NOZZLE', '4 HOLE ADJ.NOZZLE', 1, '2013-12-26', '10:59:00', '2013-12-26 05:31:34'),
(712, 2, 1, 'SS/C/66', 'SS/C/66', 'MULTI PURPOSE NOZZLE', 'MULTI PURPOSE NOZZLE', 1, '2013-12-26', '10:59:00', '2013-12-26 05:31:34'),
(713, 7, 1, 'V/B/22', 'V/B/22', 'B-65/84 VEE BELT', 'B-65/84 VEE BELT', 1, '2013-12-26', '10:59:00', '2013-12-26 05:31:34'),
(714, 7, 1, 'V/B/23', 'V/B/23', 'B-69 VEE BELT', 'B-69 VEE BELT', 1, '2013-12-26', '10:59:00', '2013-12-26 05:31:34'),
(715, 2, 1, '13L/06', '13L/06', 'DELIVERY TUBE WASHER', 'DELIVERY TUBE WASHER', 1, '2013-12-26', '10:59:00', '2013-12-26 05:31:35'),
(716, 2, 1, '13L/10', '13L/10', 'PLUNGER ROD COMPLETE', 'PLUNGER ROD COMPLETE', 1, '2013-12-26', '10:59:00', '2013-12-26 05:31:35'),
(717, 2, 1, '13L/16', '13L/16', 'CUP LEATHER (LOCAL)', 'CUP LEATHER (LOCAL)', 1, '2013-12-26', '10:59:00', '2013-12-26 05:31:35'),
(719, 2, 1, '13L/21/B', '13L/21/B', '13L SB PUMP UNIT COM', '13L SB PUMP UNIT COM', 1, '2013-12-26', '10:59:00', '2013-12-26 05:31:35'),
(720, 2, 1, '13L/21/2', '13L/21/2', 'BRASS TUBE 1 1/4', 'BRASS TUBE 1 1/4', 1, '2013-12-26', '10:59:00', '2013-12-26 05:31:35'),
(721, 2, 1, '13L/21B', '13L/21B', 'PUMP UNIT COMPL S/B', 'PUMP UNIT COMPL S/B', 1, '2013-12-26', '10:59:00', '2013-12-26 05:31:36'),
(722, 2, 1, '13L/30', '13L/30', 'TANK CAP', 'TANK CAP', 1, '2013-12-26', '10:59:00', '2013-12-26 05:31:36'),
(723, 2, 1, '41012', '41012', 'ASSY TANK FUEL.', 'ASSY TANK FUEL.', 1, '2013-12-26', '10:59:00', '2013-12-26 05:31:36'),
(724, 2, 1, '8L/10/2', '8L/10/2', 'PLUN LEATHER HOLDER', 'PLUN LEATHER HOLDER', 1, '2013-12-26', '10:59:00', '2013-12-26 05:31:36'),
(725, 2, 1, '8L/10A', '8L/10A', 'PLAS HANDLE WITH ROD', 'PLAS HANDLE WITH ROD', 1, '2013-12-26', '10:59:00', '2013-12-26 05:31:36'),
(726, 2, 1, '8L/11', '8L/11', 'LEATHER STRAP', 'LEATHER STRAP', 1, '2013-12-26', '10:59:00', '2013-12-26 05:31:36'),
(727, 2, 1, '8L/13', '8L/13', 'SPRING FOR PLUNGER', 'SPRING FOR PLUNGER', 1, '2013-12-26', '10:59:00', '2013-12-26 05:31:36'),
(728, 2, 1, '8L/14', '8L/14', 'CYLINDER CAP-8L/14', 'CYLINDER CAP-8L/14', 1, '2013-12-26', '10:59:00', '2013-12-26 05:31:37'),
(729, 2, 1, '8L/16', '8L/16', 'CUP LEATHER (LOCAL)', 'CUP LEATHER (LOCAL)', 1, '2013-12-26', '10:59:00', '2013-12-26 05:31:37'),
(730, 2, 1, '8L/16A', '8L/16A', 'CUP LEATHER (IMP)', 'CUP LEATHER (IMP)', 1, '2013-12-26', '10:59:00', '2013-12-26 05:31:37'),
(731, 2, 1, '8L/16C', '8L/16C', '8L CUP LEATHER COMPL', '8L CUP LEATHER COMPL', 1, '2013-12-26', '10:59:00', '2013-12-26 05:31:37'),
(732, 2, 1, '8L/17', '8L/17', 'INNER CUP', 'INNER CUP', 1, '2013-12-26', '10:59:00', '2013-12-26 05:31:37'),
(733, 2, 1, '8L/18', '8L/18', 'FIX NUT-8L/18', 'FIX NUT-8L/18', 1, '2013-12-26', '10:59:00', '2013-12-26 05:31:38'),
(734, 2, 1, '8L/19', '8L/19', '8L PUMP PE CUP', '8L PUMP PE CUP', 1, '2013-12-26', '10:59:00', '2013-12-26 05:31:38'),
(735, 2, 1, '8L/21/1', '8L/21/1', 'PUMP TOP COVER', 'PUMP TOP COVER', 1, '2013-12-26', '10:59:00', '2013-12-26 05:31:38'),
(736, 2, 1, '8L/21/2', '8L/21/2', 'PLUNGER BARREL', 'PLUNGER BARREL', 1, '2013-12-26', '10:59:00', '2013-12-26 05:31:38'),
(737, 2, 1, '8L/21/3', '8L/21/3', 'AIR CHAMBER B/COVER', 'AIR CHAMBER B/COVER', 1, '2013-12-26', '10:59:00', '2013-12-26 05:31:38'),
(738, 2, 1, '8L/22', '8L/22', 'BALL VALVE 3/8', 'BALL VALVE 3/8', 1, '2013-12-26', '10:59:00', '2013-12-26 05:31:38'),
(739, 2, 1, '8L/24', '8L/24', '8L STRAINER ASSY', '8L STRAINER ASSY', 1, '2013-12-26', '10:59:00', '2013-12-26 05:31:38'),
(740, 2, 1, '8L/25', '8L/25', '8L STRAINER ADAPTOR', '8L STRAINER ADAPTOR', 1, '2013-12-26', '10:59:00', '2013-12-26 05:31:39'),
(741, 2, 1, '8L/27', '8L/27', 'DELIVERY VALVE BOX', 'DELIVERY VALVE BOX', 1, '2013-12-26', '10:59:00', '2013-12-26 05:31:39'),
(742, 2, 1, '8L/28', '8L/28', 'DELIVERY TUBE', 'DELIVERY TUBE', 1, '2013-12-26', '10:59:00', '2013-12-26 05:31:39'),
(743, 2, 1, '8L/28A', '8L/28A', 'WINGNUT FOR DEL TUBE', 'WINGNUT FOR DEL TUBE', 1, '2013-12-26', '10:59:00', '2013-12-26 05:31:39'),
(744, 2, 1, '1210', '12120', 'hv hvhj', 'hv hvhj', 0, '2013-12-28', '13:06:40', '2013-12-28 07:36:40'),
(745, 1, 1, '84', '9', 'ohdi', 'ohdi', 1, '2013-12-28', '13:06:40', '2013-12-28 07:36:40'),
(746, 12, 2, 'ABNIN/3300', 'ABNIN/3300', 'ANTI BIRD NET-3M 300M. INDIAN', 'ANTI BIRD NET-3M 300M. INDIAN', 1, '2014-02-19', '10:52:00', '2014-02-19 05:22:39'),
(747, 12, 2, 'ABNIN/7150', 'ABNIN/7150', 'ANTI  BIRD NET-7M 150M. INDIAN', 'ANTI  BIRD NET-7M 150M. INDIAN', 1, '2014-02-19', '10:52:00', '2014-02-19 05:22:39'),
(748, 13, 2, 'ARV/01', 'ARV/01', 'KINETIC AIR V.AVV - 010 EMEK', 'KINETIC AIR V.AVV - 010 EMEK', 1, '2014-02-19', '10:52:00', '2014-02-19 05:22:39'),
(749, 12, 2, 'BISN/3100', 'BISN/3100', 'BLUE INSECT SCREEN NET', 'BLUE INSECT SCREEN NET', 1, '2014-02-19', '10:52:00', '2014-02-19 05:22:39'),
(750, 12, 2, 'BISN/4100', 'BISN/4100', 'NYLON BLUE NET 1.2 M', 'NYLON BLUE NET 1.2 M', 1, '2014-02-19', '10:52:00', '2014-02-19 05:22:39'),
(751, 12, 2, 'BISN/5100', 'BISN/5100', 'NYLON BLUE NET 1.5 X 30 M', 'NYLON BLUE NET 1.5 X 30 M', 1, '2014-02-19', '10:52:00', '2014-02-19 05:22:39'),
(752, 13, 2, 'BT-3/5', 'BT-3/5', 'BLACK TUBE 3/5 500 M', 'BLACK TUBE 3/5 500 M', 1, '2014-02-19', '10:52:00', '2014-02-19 05:22:39'),
(753, 13, 2, 'BV/25', 'BV/25', 'PVC BALL VALUE 3/4 WITH HEX', 'PVC BALL VALUE 3/4 WITH HEX', 1, '2014-02-19', '10:52:00', '2014-02-19 05:22:39'),
(754, 12, 2, 'CSYIN/1', 'CSYIN/1', 'CROP SUPPORT NET -1KG. INDIAN', 'CROP SUPPORT NET -1KG. INDIAN', 1, '2014-02-19', '10:52:00', '2014-02-19 05:22:40'),
(755, 13, 2, 'CU/04', 'CU/04', 'FILTRON PLAST 4-DC', 'FILTRON PLAST 4-DC', 1, '2014-02-19', '10:52:00', '2014-02-19 05:22:40'),
(756, 13, 2, 'DM-57', 'DM-57', 'BARB TEE CONNECTOR', 'BARB TEE CONNECTOR', 1, '2014-02-19', '10:52:00', '2014-02-19 05:22:40'),
(757, 13, 2, 'DM/DS', 'DM/DS', 'IP SPIKE LABYRINTH ANGLE', 'IP SPIKE LABYRINTH ANGLE', 1, '2014-02-19', '10:52:00', '2014-02-19 05:22:40'),
(758, 13, 2, 'DM/04', 'DM/04', '16 MM COUPLER', '16 MM COUPLER', 1, '2014-02-19', '10:52:00', '2014-02-19 05:22:40'),
(759, 13, 2, 'DM/04WOL', 'DM/04WOL', 'PVC PIPE 03 X 05', 'PVC PIPE 03 X 05', 1, '2014-02-19', '10:52:00', '2014-02-19 05:22:40'),
(760, 13, 2, 'DM/05', 'DM/05', '16 MM TEE', '16 MM TEE', 1, '2014-02-19', '10:52:00', '2014-02-19 05:22:40'),
(761, 13, 2, 'DM/09', 'DM/09', 'END LINE 16 MM', 'END LINE 16 MM', 1, '2014-02-19', '10:52:00', '2014-02-19 05:22:41'),
(762, 13, 2, 'DM/13', 'DM/13', '12 MM COUPLER', '12 MM COUPLER', 1, '2014-02-19', '10:52:00', '2014-02-19 05:22:41'),
(763, 13, 2, 'DM/16', 'DM/16', '12MM START CONECTOR + R/SEAL', '12MM START CONECTOR + R/SEAL', 1, '2014-02-19', '10:52:00', '2014-02-19 05:22:41'),
(764, 13, 2, 'DM/18', 'DM/18', 'ADO-02 DL SELP COM BUTTON DRIP', 'ADO-02 DL SELP COM BUTTON DRIP', 1, '2014-02-19', '10:52:00', '2014-02-19 05:22:41'),
(765, 13, 2, 'DM/19', 'DM/19', 'PC DRIPPERS 4 LPH', 'PC DRIPPERS 4 LPH', 1, '2014-02-19', '10:52:00', '2014-02-19 05:22:41'),
(766, 13, 2, 'DM/41', 'DM/41', 'BARB CONNECTOR 20-20 MTR', 'BARB CONNECTOR 20-20 MTR', 1, '2014-02-19', '10:52:00', '2014-02-19 05:22:41'),
(767, 13, 2, 'DM/43', 'DM/43', 'END LINE 20 MM', 'END LINE 20 MM', 1, '2014-02-19', '10:52:00', '2014-02-19 05:22:41'),
(768, 13, 2, 'DM/58', 'DM/58', 'BARB CONNECTOR 16-12 MTRS', 'BARB CONNECTOR 16-12 MTRS', 1, '2014-02-19', '10:52:00', '2014-02-19 05:22:42'),
(769, 13, 2, 'DN/19', 'DN/19', 'TIPAZ EMITTER 04', 'TIPAZ EMITTER 04', 1, '2014-02-19', '10:52:00', '2014-02-19 05:22:42'),
(770, 13, 2, 'DP/03', 'DP/03', '16MM START CONECTOR + R/SEAL', '16MM START CONECTOR + R/SEAL', 1, '2014-02-19', '10:52:00', '2014-02-19 05:22:42'),
(771, 13, 2, 'DP/04', 'DP/04', '16MM COUPLER', '16MM COUPLER', 1, '2014-02-19', '10:52:00', '2014-02-19 05:22:42'),
(772, 13, 2, 'DP/05', 'DP/05', '16MM TEE', '16MM TEE', 1, '2014-02-19', '10:52:00', '2014-02-19 05:22:42'),
(773, 13, 2, 'DP/06', 'DP/06', 'NIPPLE', 'NIPPLE', 1, '2014-02-19', '10:52:00', '2014-02-19 05:22:42'),
(774, 13, 2, 'DP/09', 'DP/09', '16MM END PLUE', '16MM END PLUE', 1, '2014-02-19', '10:52:00', '2014-02-19 05:22:42'),
(775, 13, 2, 'DP/15', 'DP/15', '12MM END PLAG', '12MM END PLAG', 1, '2014-02-19', '10:52:00', '2014-02-19 05:22:43'),
(776, 13, 2, 'DP/16', 'DP/16', '12MM START CONECTOR + R/SEAL', '12MM START CONECTOR + R/SEAL', 1, '2014-02-19', '10:52:00', '2014-02-19 05:22:43'),
(777, 13, 2, 'DP/1630', 'DP/1630', '16MM DRIP IN ROUND ROLLS', '16MM DRIP IN ROUND ROLLS', 1, '2014-02-19', '10:52:00', '2014-02-19 05:22:43'),
(778, 13, 2, 'DP/1640', 'DP/1640', 'DRIP IN 16-2-2-40 300 M', 'DRIP IN 16-2-2-40 300 M', 1, '2014-02-19', '10:52:00', '2014-02-19 05:22:43'),
(779, 13, 2, 'DP/1660', 'DP/1660', 'DRIP IN 16-2-2-60 300 M', 'DRIP IN 16-2-2-60 300 M', 1, '2014-02-19', '10:52:00', '2014-02-19 05:22:43'),
(780, 13, 2, 'DP/19', 'DP/19', 'P.C.EMMITER 4 LTR', 'P.C.EMMITER 4 LTR', 1, '2014-02-19', '10:52:00', '2014-02-19 05:22:43'),
(781, 13, 2, 'DPL/18', 'DPL/18', 'AXIOS LINE DRIP - 2 L/H', 'AXIOS LINE DRIP - 2 L/H', 1, '2014-02-19', '10:52:00', '2014-02-19 05:22:44'),
(782, 13, 2, 'DPL/19', 'DPL/19', 'AXIOS LINE DRIP - 4 L/H', 'AXIOS LINE DRIP - 4 L/H', 1, '2014-02-19', '10:52:00', '2014-02-19 05:22:44'),
(783, 13, 2, 'EC/25', 'EC/25', 'END WITH CAP 25 MM', 'END WITH CAP 25 MM', 1, '2014-02-19', '10:52:00', '2014-02-19 05:22:44'),
(784, 13, 2, 'EC/50', 'EC/50', 'TERMINAL END WITH CAP 50 MM', 'TERMINAL END WITH CAP 50 MM', 1, '2014-02-19', '10:52:00', '2014-02-19 05:22:44'),
(785, 13, 2, 'FJ/01', 'FJ/01', 'FRAMED JT WITH STAND', 'FRAMED JT WITH STAND', 1, '2014-02-19', '10:52:00', '2014-02-19 05:22:44'),
(786, 13, 2, 'FT/30', 'FT/30', 'FERTILIZER TANK 30 L COMPLETE', 'FERTILIZER TANK 30 L COMPLETE', 1, '2014-02-19', '10:52:00', '2014-02-19 05:22:44'),
(787, 14, 2, 'GDPF/6504', 'GDPF/6504', 'GEAR DRIVE POP UP 6504 FULL', 'GEAR DRIVE POP UP 6504 FULL', 1, '2014-02-19', '10:52:00', '2014-02-19 05:22:44'),
(788, 14, 2, 'GDPP/3504', 'GDPP/3504', 'GEAR DRIVE POP UP', 'GEAR DRIVE POP UP', 1, '2014-02-19', '10:52:00', '2014-02-19 05:22:45'),
(789, 14, 2, 'GDPP/6504', 'GDPP/6504', 'GEAR DRIP POP UP 6504 PORT CHE', 'GEAR DRIP POP UP 6504 PORT CHE', 1, '2014-02-19', '10:52:00', '2014-02-19 05:22:45'),
(790, 12, 2, 'GHC/01', 'GHC/01', 'GREENHOUSE CLIP 01', 'GREENHOUSE CLIP 01', 1, '2014-02-19', '10:52:00', '2014-02-19 05:22:45'),
(791, 12, 2, 'GHC/1/2', 'GHC/1/2', 'GREEN HOUSE CLIP 1/2', 'GREEN HOUSE CLIP 1/2', 1, '2014-02-19', '10:52:00', '2014-02-19 05:22:45'),
(792, 12, 2, 'GHC/3/4', 'GHC/3/4', 'GREEN HOUSE CLIP 3/4', 'GREEN HOUSE CLIP 3/4', 1, '2014-02-19', '10:52:00', '2014-02-19 05:22:45'),
(793, 17, 2, 'IPN/25250', 'IPN/25250', 'SQUARE METER MESH NET      25%', 'SQUARE METER MESH NET      25%', 1, '2014-02-19', '10:52:00', '2014-02-19 05:22:46'),
(794, 17, 2, 'IPN/25350', 'IPN/25350', 'SQUARE METER MESH NET 25%', 'SQUARE METER MESH NET 25%', 1, '2014-02-19', '10:52:00', '2014-02-19 05:22:46'),
(795, 17, 2, 'IPN/40250', 'IPN/40250', 'SQUARE METER MESH NET 40', 'SQUARE METER MESH NET 40', 1, '2014-02-19', '10:52:00', '2014-02-19 05:22:46'),
(796, 17, 2, 'IPN/40350', 'IPN/40350', 'SQUARE METER MESH NET 40', 'SQUARE METER MESH NET 40', 1, '2014-02-19', '10:52:00', '2014-02-19 05:22:46');
INSERT INTO `tbl_item` (`id_item`, `id_item_category`, `id_division`, `item_no`, `item_account_code`, `item_name`, `item_alias`, `item_status`, `added_date`, `added_time`, `added_timestamp`) VALUES
(797, 17, 2, 'IPN/50250', 'IPN/50250', 'SQUARE METER MESH NET 50%', 'SQUARE METER MESH NET 50%', 1, '2014-02-19', '10:52:00', '2014-02-19 05:22:46'),
(798, 17, 2, 'IPN/50350', 'IPN/50350', 'SQUARE METER MESH NET 50%', 'SQUARE METER MESH NET 50%', 1, '2014-02-19', '10:52:00', '2014-02-19 05:22:46'),
(799, 17, 2, 'IPNIN/3025100', 'IPNIN/3025100', '30 MESH INSECT PROOF NET 2.5M', '30 MESH INSECT PROOF NET 2.5M', 1, '2014-02-19', '10:52:00', '2014-02-19 05:22:46'),
(800, 17, 2, 'IPNIN/303100', 'IPNIN/303100', '30 MESH INSECT PROOF NET 03 M', '30 MESH INSECT PROOF NET 03 M', 1, '2014-02-19', '10:52:00', '2014-02-19 05:22:47'),
(801, 17, 2, 'IPNIN/4025100', 'IPNIN/4025100', '40 MESH INSECT PROOF NET 2.5M', '40 MESH INSECT PROOF NET 2.5M', 1, '2014-02-19', '10:52:00', '2014-02-19 05:22:47'),
(802, 17, 2, 'IPNIN/403100', 'IPNIN/403100', '40 MESH INSECT PROOF NET 03M', '40 MESH INSECT PROOF NET 03M', 1, '2014-02-19', '10:52:00', '2014-02-19 05:22:47'),
(803, 17, 2, 'IPNIN/503100', 'IPNIN/503100', '50 MESH INSECT PROOF NET 03M', '50 MESH INSECT PROOF NET 03M', 1, '2014-02-19', '10:52:00', '2014-02-19 05:22:47'),
(804, 12, 2, 'JP/3050/28', 'JP/3050/28', 'BLACK PREMINM TRAY', 'BLACK PREMINM TRAY', 1, '2014-02-19', '10:52:00', '2014-02-19 05:22:47'),
(805, 13, 2, 'LDPE/12', 'LDPE/12', 'LDPE IRRIGATION PIPE 12/2.5', 'LDPE IRRIGATION PIPE 12/2.5', 1, '2014-02-19', '10:52:00', '2014-02-19 05:22:47'),
(806, 13, 2, 'LDPE/16', 'LDPE/16', 'LDPE IRRIGATION PIPE 16/2.5', 'LDPE IRRIGATION PIPE 16/2.5', 1, '2014-02-19', '10:52:00', '2014-02-19 05:22:48'),
(807, 14, 2, 'LDPE/25', 'LDPE/25', 'LDPE LATERAL PIPE 25 MM', 'LDPE LATERAL PIPE 25 MM', 1, '2014-02-19', '10:52:00', '2014-02-19 05:22:48'),
(808, 14, 2, 'LDPE/25100', 'LDPE/25100', '25MM LLDPE PIPE 100 M', '25MM LLDPE PIPE 100 M', 1, '2014-02-19', '10:52:00', '2014-02-19 05:22:48'),
(809, 14, 2, 'LXMSM08', 'LXMSM08', 'EXTEMNSION', 'EXTEMNSION', 1, '2014-02-19', '10:52:00', '2014-02-19 05:22:48'),
(810, 13, 2, 'MF/50', 'MF/50', 'ON LINE FILTER 1 1/2', 'ON LINE FILTER 1 1/2', 1, '2014-02-19', '10:52:00', '2014-02-19 05:22:48'),
(811, 12, 2, 'MFIN/100', 'MFIN/100', 'MULCH FILM  100 MICRON', 'MULCH FILM  100 MICRON', 1, '2014-02-19', '10:52:00', '2014-02-19 05:22:48'),
(812, 14, 2, 'MS-01', 'MS-01', 'MAXI SPRINKLER', 'MAXI SPRINKLER', 1, '2014-02-19', '10:52:00', '2014-02-19 05:22:49'),
(813, 12, 2, 'MS/1.2', 'MS/1.2', 'MULCH SHEET SILVER BLACK', 'MULCH SHEET SILVER BLACK', 1, '2014-02-19', '10:52:00', '2014-02-19 05:22:49'),
(814, 14, 2, 'MT/01', 'MT/01', 'COOLING SET 0.3', 'COOLING SET 0.3', 1, '2014-02-19', '10:52:00', '2014-02-19 05:22:50'),
(815, 13, 2, 'MT/05', 'MT/05', 'MICRO TUBE FOR 4 LPH DRIPPEX', 'MICRO TUBE FOR 4 LPH DRIPPEX', 1, '2014-02-19', '10:52:00', '2014-02-19 05:22:50'),
(816, 12, 2, 'NT/01', 'NT/01', 'STRINGS ROLLS', 'STRINGS ROLLS', 1, '2014-02-19', '10:52:00', '2014-02-19 05:22:50'),
(817, 14, 2, 'PGG/01', 'PGG/01', 'PRESSURE GAUGE 2 1/2', 'PRESSURE GAUGE 2 1/2', 1, '2014-02-19', '10:52:00', '2014-02-19 05:22:50'),
(818, 12, 2, 'PLY-T', 'PLY-T', 'GUM TAPE             @ 4.300/=', 'GUM TAPE             @ 4.300/=', 1, '2014-02-19', '10:52:00', '2014-02-19 05:22:50'),
(819, 16, 2, 'PLY/10100', 'PLY/10100', 'UV POLYTHENE 10 X 100 MTS', 'UV POLYTHENE 10 X 100 MTS', 1, '2014-02-19', '10:52:00', '2014-02-19 05:22:51'),
(820, 16, 2, 'PLY/1050', 'PLY/1050', 'UV POLYTHENE 10 X 50 MTS', 'UV POLYTHENE 10 X 50 MTS', 1, '2014-02-19', '10:52:00', '2014-02-19 05:22:51'),
(821, 16, 2, 'PLY/12100', 'PLY/12100', 'EXP. SHEET UVA+AF DIFFUSED', 'EXP. SHEET UVA+AF DIFFUSED', 1, '2014-02-19', '10:52:00', '2014-02-19 05:22:51'),
(822, 16, 2, 'PLY/1250', 'PLY/1250', 'EXP. SHEET UVA+AF DIFFUSED', 'EXP. SHEET UVA+AF DIFFUSED', 1, '2014-02-19', '10:52:00', '2014-02-19 05:22:51'),
(823, 16, 2, 'PLY/6100', 'PLY/6100', '6100 ROLL', '6100 ROLL', 1, '2014-02-19', '10:52:00', '2014-02-19 05:22:51'),
(824, 16, 2, 'PLY/650', 'PLY/650', '650 ROLL', '650 ROLL', 1, '2014-02-19', '10:52:00', '2014-02-19 05:22:51'),
(825, 16, 2, 'PLY/8100', 'PLY/8100', 'UV POLYTHENE 8 X 100 MTS', 'UV POLYTHENE 8 X 100 MTS', 1, '2014-02-19', '10:52:00', '2014-02-19 05:22:51'),
(826, 16, 2, 'PLY/850', 'PLY/850', 'UV POLYTHENE 8 X 50 MTS', 'UV POLYTHENE 8 X 50 MTS', 1, '2014-02-19', '10:52:00', '2014-02-19 05:22:52'),
(827, 16, 2, 'PLYR/650', 'PLYR/650', 'SHEET FOR EXPORT UVA ROSES', 'SHEET FOR EXPORT UVA ROSES', 1, '2014-02-19', '10:52:00', '2014-02-19 05:22:52'),
(828, 16, 2, 'PLYR/850', 'PLYR/850', 'SHEET FOR EXPORT UVA ROSES', 'SHEET FOR EXPORT UVA ROSES', 1, '2014-02-19', '10:52:00', '2014-02-19 05:22:52'),
(829, 14, 2, 'POPF/08', 'POPF/08', 'GEAR DRIVE POP UP 5004', 'GEAR DRIVE POP UP 5004', 1, '2014-02-19', '10:52:00', '2014-02-19 05:22:52'),
(830, 14, 2, 'POPP/08', 'POPP/08', 'SPRINKLERS POP UP GRAR DRIVE', 'SPRINKLERS POP UP GRAR DRIVE', 1, '2014-02-19', '10:52:00', '2014-02-19 05:22:52'),
(831, 14, 2, 'PRP/01', 'PRP/01', 'PVC RISER PIPE 1/2 X 0.5 MTRS', 'PVC RISER PIPE 1/2 X 0.5 MTRS', 1, '2014-02-19', '10:52:00', '2014-02-19 05:22:52'),
(832, 14, 2, 'PSB/63', 'PSB/63', '63 MM ROTOLOC 90 DEG. BEND', '63 MM ROTOLOC 90 DEG. BEND', 1, '2014-02-19', '10:52:00', '2014-02-19 05:22:53'),
(833, 14, 2, 'PSEC/63', 'PSEC/63', '63 MM ROTOLOC END STOP', '63 MM ROTOLOC END STOP', 1, '2014-02-19', '10:52:00', '2014-02-19 05:22:53'),
(834, 14, 2, 'PSHDPE/633', 'PSHDPE/633', '63 MM ROTOLOC HDPE PIPE +3 M', '63 MM ROTOLOC HDPE PIPE +3 M', 1, '2014-02-19', '10:52:00', '2014-02-19 05:22:53'),
(835, 14, 2, 'PSHDPE/636', 'PSHDPE/636', '63 MM ROTOLOC HDPE + 5.8 M', '63 MM ROTOLOC HDPE + 5.8 M', 1, '2014-02-19', '10:52:00', '2014-02-19 05:22:53'),
(836, 14, 2, 'PSISC/63', 'PSISC/63', '63 MM ROTOLOC INSERT SPRINKLER', '63 MM ROTOLOC INSERT SPRINKLER', 1, '2014-02-19', '10:52:00', '2014-02-19 05:22:53'),
(837, 14, 2, 'PSPCN/63', 'PSPCN/63', '63 MM ROTOLOC PUM CON. NIPPLE', '63 MM ROTOLOC PUM CON. NIPPLE', 1, '2014-02-19', '10:52:00', '2014-02-19 05:22:53'),
(838, 14, 2, 'PSRP/90', 'PSRP/90', '90 CM RISER PIPE (60 TR 20)', '90 CM RISER PIPE (60 TR 20)', 1, '2014-02-19', '10:52:00', '2014-02-19 05:22:54'),
(839, 14, 2, 'PSS/24D', 'PSS/24D', 'SPRINKLER MODEL PR 240 D LOPS', 'SPRINKLER MODEL PR 240 D LOPS', 1, '2014-02-19', '10:52:00', '2014-02-19 05:22:54'),
(840, 14, 2, 'SABS/01', 'SABS/01', 'BUTTERFLY SPRINKLER', 'BUTTERFLY SPRINKLER', 1, '2014-02-19', '10:52:00', '2014-02-19 05:22:54'),
(841, 14, 2, 'SAD/5025', 'SAD/5025', 'SADDLE 50 X 25 MM WITH 25 MM', 'SADDLE 50 X 25 MM WITH 25 MM', 1, '2014-02-19', '10:52:00', '2014-02-19 05:22:54'),
(842, 14, 2, 'SADN/25', 'SADN/25', '25MM DOUBLE NIPPLE', '25MM DOUBLE NIPPLE', 1, '2014-02-19', '10:52:00', '2014-02-19 05:22:54'),
(843, 14, 2, 'SARP/01', 'SARP/01', '1/2 RISER PIPE 01M HEIGHT', '1/2 RISER PIPE 01M HEIGHT', 1, '2014-02-19', '10:52:00', '2014-02-19 05:22:54'),
(844, 14, 2, 'SART/2520', 'SART/2520', 'REDUCING TEE CONNECTOR 25 20MM', 'REDUCING TEE CONNECTOR 25 20MM', 1, '2014-02-19', '10:52:00', '2014-02-19 05:22:54'),
(845, 14, 2, 'SASC/25', 'SASC/25', '25MM STARTER CONNECTOR', '25MM STARTER CONNECTOR', 1, '2014-02-19', '10:52:00', '2014-02-19 05:22:55'),
(846, 14, 2, 'SASC/5025D', 'SASC/5025D', '50MM 25MM DOUBLE SIDE SADDLE', '50MM 25MM DOUBLE SIDE SADDLE', 1, '2014-02-19', '10:52:00', '2014-02-19 05:22:55'),
(847, 14, 2, 'SE/04', 'SE/04', 'SOVILAT SPRINKER ON CANTAL', 'SOVILAT SPRINKER ON CANTAL', 1, '2014-02-19', '10:52:00', '2014-02-19 05:22:55'),
(848, 15, 2, 'SNI/40', 'SNI/40', 'SHADE NETTING 40%', 'SHADE NETTING 40%', 1, '2014-02-19', '10:52:00', '2014-02-19 05:22:55'),
(849, 15, 2, 'SNI/404100', 'SNI/404100', 'SQUARE METER SHADE NET 40%', 'SQUARE METER SHADE NET 40%', 1, '2014-02-19', '10:52:00', '2014-02-19 05:22:55'),
(850, 15, 2, 'SNI/50350', 'SNI/50350', 'SQUARE METER SHADE NET 50%', 'SQUARE METER SHADE NET 50%', 1, '2014-02-19', '10:52:00', '2014-02-19 05:22:55'),
(851, 15, 2, 'SNI/504100', 'SNI/504100', 'SQUARE METER SHADE NET 50%', 'SQUARE METER SHADE NET 50%', 1, '2014-02-19', '10:52:00', '2014-02-19 05:22:56'),
(852, 15, 2, 'SNI/50450', 'SNI/50450', 'SQUARE METER SHADE NET 50%', 'SQUARE METER SHADE NET 50%', 1, '2014-02-19', '10:52:00', '2014-02-19 05:22:56'),
(853, 15, 2, 'SNI/506100', 'SNI/506100', 'SHADE NET BLACK 50%', 'SHADE NET BLACK 50%', 1, '2014-02-19', '10:52:00', '2014-02-19 05:22:56'),
(854, 15, 2, 'SNI/50625', 'SNI/50625', 'SQUARE METER SHADE NET 50% BLA', 'SQUARE METER SHADE NET 50% BLA', 1, '2014-02-19', '10:52:00', '2014-02-19 05:22:56'),
(855, 15, 2, 'SNI/603100', 'SNI/603100', 'SQUARE METER SHADE NET 60%', 'SQUARE METER SHADE NET 60%', 1, '2014-02-19', '10:52:00', '2014-02-19 05:22:56'),
(856, 15, 2, 'SNI/60350', 'SNI/60350', 'SQUARE METER SHADE MET 60%', 'SQUARE METER SHADE MET 60%', 1, '2014-02-19', '10:52:00', '2014-02-19 05:22:56'),
(857, 15, 2, 'SNI/604100', 'SNI/604100', 'SHADE NET 60% 04M X 100 M', 'SHADE NET 60% 04M X 100 M', 1, '2014-02-19', '10:52:00', '2014-02-19 05:22:57'),
(858, 15, 2, 'SNI/60450', 'SNI/60450', 'SQUARE METER SHADE NET 60%', 'SQUARE METER SHADE NET 60%', 1, '2014-02-19', '10:52:00', '2014-02-19 05:22:57'),
(859, 15, 2, 'SNI/606100', 'SNI/606100', 'SQUARE METER SHADE NET 60%', 'SQUARE METER SHADE NET 60%', 1, '2014-02-19', '10:52:00', '2014-02-19 05:22:57'),
(860, 15, 2, 'SNI/60625', 'SNI/60625', 'SQUARE METER SHADE NET 60%', 'SQUARE METER SHADE NET 60%', 1, '2014-02-19', '10:52:00', '2014-02-19 05:22:57'),
(861, 15, 2, 'SNI/70', 'SNI/70', 'SHADE NETTING 70%', 'SHADE NETTING 70%', 1, '2014-02-19', '10:52:00', '2014-02-19 05:22:57'),
(862, 15, 2, 'SNI/70350', 'SNI/70350', 'SQUARE METER SHADE NET 70%', 'SQUARE METER SHADE NET 70%', 1, '2014-02-19', '10:52:00', '2014-02-19 05:22:57'),
(863, 15, 2, 'SNI/706100', 'SNI/706100', 'SQUARE METER SHADE NET 70%', 'SQUARE METER SHADE NET 70%', 1, '2014-02-19', '10:52:00', '2014-02-19 05:22:57'),
(864, 15, 2, 'SNI/80350', 'SNI/80350', 'SQUARE METER SHADE NET 80%', 'SQUARE METER SHADE NET 80%', 1, '2014-02-19', '10:52:00', '2014-02-19 05:22:58'),
(865, 15, 2, 'SNI/804100', 'SNI/804100', 'S/M SHADE NET 80%', 'S/M SHADE NET 80%', 1, '2014-02-19', '10:52:00', '2014-02-19 05:22:58'),
(866, 15, 2, 'SNI/80625', 'SNI/80625', 'SQUARE METER SHAD NET 80%', 'SQUARE METER SHAD NET 80%', 1, '2014-02-19', '10:52:00', '2014-02-19 05:22:58'),
(867, 15, 2, 'SNI/80650', 'SNI/80650', 'SQUARE METER SHADE NET NET 80%', 'SQUARE METER SHADE NET NET 80%', 1, '2014-02-19', '10:52:00', '2014-02-19 05:22:58'),
(868, 15, 2, 'SNIN/353100', 'SNIN/353100', '35% SHADE NET 3M 100M . INDIAN', '35% SHADE NET 3M 100M . INDIAN', 1, '2014-02-19', '10:52:00', '2014-02-19 05:22:58'),
(869, 15, 2, 'SNIN/35350', 'SNIN/35350', '35% SHADE NET 3M 50M . INDIAN', '35% SHADE NET 3M 50M . INDIAN', 1, '2014-02-19', '10:52:00', '2014-02-19 05:22:58'),
(870, 15, 2, 'SNIN/35450', 'SNIN/35450', '35% SHADE NET 4M 50M . INDIAN', '35% SHADE NET 4M 50M . INDIAN', 1, '2014-02-19', '10:52:00', '2014-02-19 05:22:58'),
(871, 15, 2, 'SNIN/50215', 'SNIN/50215', '50 % SHADE NET 2M 15M . INDIAN', '50 % SHADE NET 2M 15M . INDIAN', 1, '2014-02-19', '10:52:00', '2014-02-19 05:22:58'),
(872, 15, 2, 'SNIN/50250', 'SNIN/50250', '50 % SHADE NET 2M 50M . INDIAN', '50 % SHADE NET 2M 50M . INDIAN', 1, '2014-02-19', '10:52:00', '2014-02-19 05:22:59'),
(873, 15, 2, 'SNIN/50310', 'SNIN/50310', '50 % SHADE NET 3M 10M . INDIAN', '50 % SHADE NET 3M 10M . INDIAN', 1, '2014-02-19', '10:52:00', '2014-02-19 05:22:59'),
(874, 15, 2, 'SNIN/503100', 'SNIN/503100', '50 % SHADE NET 3M 100M.INDIAN', '50 % SHADE NET 3M 100M.INDIAN', 1, '2014-02-19', '10:52:00', '2014-02-19 05:22:59'),
(875, 15, 2, 'SNIN/50350', 'SNIN/50350', '50 % SHADE NET 3M 50M . INDIAN', '50 % SHADE NET 3M 50M . INDIAN', 1, '2014-02-19', '10:52:00', '2014-02-19 05:22:59'),
(876, 15, 2, 'SNIN/50450', 'SNIN/50450', '50 % SHADE NET 4M 50M . INDIAN', '50 % SHADE NET 4M 50M . INDIAN', 1, '2014-02-19', '10:52:00', '2014-02-19 05:22:59'),
(877, 15, 2, 'SNIN/60210', 'SNIN/60210', '60 % SHADE NET 2M 15M . INDIAN', '60 % SHADE NET 2M 15M . INDIAN', 1, '2014-02-19', '10:52:00', '2014-02-19 05:22:59'),
(878, 15, 2, 'SNIN/60250', 'SNIN/60250', '60 % SHADE NET 2M 50M . INDIAN', '60 % SHADE NET 2M 50M . INDIAN', 1, '2014-02-19', '10:52:00', '2014-02-19 05:23:00'),
(879, 15, 2, 'SNIN/60310', 'SNIN/60310', '60 % SHADE NET 3M 10M . INDIAN', '60 % SHADE NET 3M 10M . INDIAN', 1, '2014-02-19', '10:52:00', '2014-02-19 05:23:00'),
(880, 15, 2, 'SNIN/60350', 'SNIN/60350', '60 % SHADE NET 3M 50M . INDIAN', '60 % SHADE NET 3M 50M . INDIAN', 1, '2014-02-19', '10:52:00', '2014-02-19 05:23:00'),
(881, 15, 2, 'SNIN/60450', 'SNIN/60450', '60 % SHADE NET 4M 50M . INDIAN', '60 % SHADE NET 4M 50M . INDIAN', 1, '2014-02-19', '10:52:00', '2014-02-19 05:23:01'),
(882, 15, 2, 'SNIN/70210', 'SNIN/70210', '70 % SHADE NET 2M 15M . INDIAN', '70 % SHADE NET 2M 15M . INDIAN', 1, '2014-02-19', '10:52:00', '2014-02-19 05:23:01'),
(883, 15, 2, 'SNIN/70250', 'SNIN/70250', '70 % SHADE NET 2M 50M . INDIAN', '70 % SHADE NET 2M 50M . INDIAN', 1, '2014-02-19', '10:52:00', '2014-02-19 05:23:01'),
(884, 15, 2, 'SNIN/70310', 'SNIN/70310', '70 % SHADE NET 3M 10M . INDIAN', '70 % SHADE NET 3M 10M . INDIAN', 1, '2014-02-19', '10:52:00', '2014-02-19 05:23:01'),
(885, 15, 2, 'SNIN/70350', 'SNIN/70350', '70 % SHADE NET 3M 50M . INDIAN', '70 % SHADE NET 3M 50M . INDIAN', 1, '2014-02-19', '10:52:00', '2014-02-19 05:23:01'),
(886, 15, 2, 'SNIN/70450', 'SNIN/70450', '70 % SHADE NET 4M 50M . INDIAN', '70 % SHADE NET 4M 50M . INDIAN', 1, '2014-02-19', '10:52:00', '2014-02-19 05:23:01'),
(887, 15, 2, 'SNIN/80215', 'SNIN/80215', '80 % SHADE NET 2M 15M . INDIAN', '80 % SHADE NET 2M 15M . INDIAN', 1, '2014-02-19', '10:52:00', '2014-02-19 05:23:01'),
(888, 15, 2, 'SNIN/80250', 'SNIN/80250', '80 % SHADE NET 2M 50M . INDIAN', '80 % SHADE NET 2M 50M . INDIAN', 1, '2014-02-19', '10:52:00', '2014-02-19 05:23:02'),
(889, 15, 2, 'SNIN/80310', 'SNIN/80310', '80 % SHADE NET 3M 10M . INDIAN', '80 % SHADE NET 3M 10M . INDIAN', 1, '2014-02-19', '10:52:00', '2014-02-19 05:23:02'),
(890, 15, 2, 'SNIN/80350', 'SNIN/80350', '70 % SHADE NET 3M 50M . INDIAN', '70 % SHADE NET 3M 50M . INDIAN', 1, '2014-02-19', '10:52:00', '2014-02-19 05:23:02'),
(891, 15, 2, 'SNIN/80450', 'SNIN/80450', '80 % SHADE NET 4M 50M . INDIAN', '80 % SHADE NET 4M 50M . INDIAN', 1, '2014-02-19', '10:52:00', '2014-02-19 05:23:02'),
(892, 15, 2, 'SNINPG/50350', 'SNINPG/50350', '50% SHADE NET GREEN 3M 50M IND', '50% SHADE NET GREEN 3M 50M IND', 1, '2014-02-19', '10:52:00', '2014-02-19 05:23:02'),
(893, 15, 2, 'SNT/502100', 'SNT/502100', 'SHADE NET BLACK 50%  2M X 100M', 'SHADE NET BLACK 50%  2M X 100M', 1, '2014-02-19', '10:52:00', '2014-02-19 05:23:02'),
(894, 15, 2, 'SNT/50250', 'SNT/50250', 'BLACK 2M X 50M             50%', 'BLACK 2M X 50M             50%', 1, '2014-02-19', '10:52:00', '2014-02-19 05:23:03'),
(895, 15, 2, 'SNT/602100', 'SNT/602100', 'SHADE NET BLACK 60%  2M X 100M', 'SHADE NET BLACK 60%  2M X 100M', 1, '2014-02-19', '10:52:00', '2014-02-19 05:23:03'),
(896, 15, 2, 'SNT/60250', 'SNT/60250', 'BLACK 2M X 50M             60%', 'BLACK 2M X 50M             60%', 1, '2014-02-19', '10:52:00', '2014-02-19 05:23:03'),
(897, 15, 2, 'SNT/702100', 'SNT/702100', 'SHADE NET BLACK 70%  2M X 100M', 'SHADE NET BLACK 70%  2M X 100M', 1, '2014-02-19', '10:52:00', '2014-02-19 05:23:03'),
(898, 15, 2, 'SNT/70250', 'SNT/70250', 'BLACK SHADE NET 70%', 'BLACK SHADE NET 70%', 1, '2014-02-19', '10:52:00', '2014-02-19 05:23:03'),
(899, 15, 2, 'SNT/802100', 'SNT/802100', 'SHADE NET BLACK 80%  2M X 100M', 'SHADE NET BLACK 80%  2M X 100M', 1, '2014-02-19', '10:52:00', '2014-02-19 05:23:03'),
(900, 15, 2, 'SNTG/502100', 'SNTG/502100', 'GREEN 2M X 100 M           50%', 'GREEN 2M X 100 M           50%', 1, '2014-02-19', '10:52:00', '2014-02-19 05:23:03'),
(901, 15, 2, 'SNTG/50250', 'SNTG/50250', 'GREEN SHADE NET 50%', 'GREEN SHADE NET 50%', 1, '2014-02-19', '10:52:00', '2014-02-19 05:23:04'),
(902, 15, 2, 'SNTG/60250', 'SNTG/60250', 'GREEN SHADE NTE 60%', 'GREEN SHADE NTE 60%', 1, '2014-02-19', '10:52:00', '2014-02-19 05:23:04'),
(903, 15, 2, 'SNTG/70250', 'SNTG/70250', 'GRAAN SHADE NET 70%', 'GRAAN SHADE NET 70%', 1, '2014-02-19', '10:52:00', '2014-02-19 05:23:04'),
(904, 12, 2, 'ST/07', 'ST/07', 'BLACK PREMIUM CULTIVATION TRAY', 'BLACK PREMIUM CULTIVATION TRAY', 1, '2014-02-19', '10:52:00', '2014-02-19 05:23:04'),
(905, 14, 2, 'ST/110', 'ST/110', 'TWIN NOZZLE 3/4 SPRINKER', 'TWIN NOZZLE 3/4 SPRINKER', 1, '2014-02-19', '10:52:00', '2014-02-19 05:23:04'),
(906, 12, 2, 'TO/06', 'TO/06', 'TRERACOTA CLASSIC ROUND 08TH', 'TRERACOTA CLASSIC ROUND 08TH', 1, '2014-02-19', '10:52:00', '2014-02-19 05:23:04'),
(907, 12, 2, 'TRP/06L', 'TRP/06L', '06L TERRACOTTA ROUND POT', '06L TERRACOTTA ROUND POT', 1, '2014-02-19', '10:52:00', '2014-02-19 05:23:04'),
(908, 12, 2, 'UVYARN/01', 'UVYARN/01', 'BLACK STITCHING YARN UV', 'BLACK STITCHING YARN UV', 1, '2014-02-19', '10:52:00', '2014-02-19 05:23:05'),
(909, 14, 2, 'VB/10', 'VB/10', 'VALVE BOXES 10  CYLINDRICAL', 'VALVE BOXES 10  CYLINDRICAL', 1, '2014-02-19', '10:52:00', '2014-02-19 05:23:05'),
(910, 14, 2, 'VB/12', 'VB/12', 'VALE BOXES 12 RECTANGULAR', 'VALE BOXES 12 RECTANGULAR', 1, '2014-02-19', '10:52:00', '2014-02-19 05:23:05'),
(911, 14, 2, 'ZM/22D', 'ZM/22D', 'TWIN NOZZLE SPRINKLER', 'TWIN NOZZLE SPRINKLER', 1, '2014-02-19', '10:52:00', '2014-02-19 05:23:05'),
(912, 14, 2, 'ZM/22W', 'ZM/22W', 'SPRINKLER MODEL ZM 22W (10 MM)', 'SPRINKLER MODEL ZM 22W (10 MM)', 1, '2014-02-19', '10:52:00', '2014-02-19 05:23:05'),
(913, 14, 2, 'ZNO23/LOPS', 'ZNO23/LOPS', 'SPRINKLER MODEL ZNO23 LOPS 19M', 'SPRINKLER MODEL ZNO23 LOPS 19M', 1, '2014-02-19', '10:52:00', '2014-02-19 05:23:05'),
(914, 14, 2, 'ZX/30D', 'ZX/30D', 'FULL CIRCLE SPRINKLER', 'FULL CIRCLE SPRINKLER', 1, '2014-02-19', '10:52:00', '2014-02-19 05:23:05'),
(915, 14, 2, 'ZX/30W', 'ZX/30W', '', '', 1, '2014-02-19', '10:52:00', '2014-02-19 05:23:05'),
(916, 1, 1, 'SC/05', 'SC/05', '', '', 1, '2014-04-24', '10:04:02', '2014-04-24 04:34:02'),
(917, 18, 1, 'AS/15A', 'AS/15A', 'C04 Power Sprayer 20 L', 'C04 Power Sprayer 20 L', 1, '2014-05-09', '09:07:26', '2014-05-09 03:37:26'),
(918, 19, 1, 'TF/HDCLF/12010', 'TF/HDCLF/12010', 'Heavy Duty Chain Link Fencing', 'Heavy Duty Chain Link Fencing', 1, '2014-05-09', '09:07:26', '2014-05-09 03:37:26'),
(919, 20, 1, 'TF/NIS/BIS/9025', 'TF/NIS/BIS/9025', 'Netlon Insect Screen Net - Biscuit', 'Netlon Insect Screen Net - Biscuit', 1, '2014-05-09', '09:07:26', '2014-05-09 03:37:26'),
(920, 20, 1, 'TF/NIS/BBLU/902', 'TF/NIS/BBLU/902', 'Netlon Insect Screen Net - Baby Blue', 'Netlon Insect Screen Net - Baby Blue', 1, '2014-05-09', '09:07:26', '2014-05-09 03:37:26');

-- --------------------------------------------------------

--
-- Table structure for table `tbl_item_category`
--

CREATE TABLE IF NOT EXISTS `tbl_item_category` (
  `id_item_category` int(11) NOT NULL AUTO_INCREMENT,
  `tbl_item_category_name` varchar(450) DEFAULT NULL,
  `tbl_item_category_status` tinyint(4) DEFAULT '1',
  `added_date` date DEFAULT NULL,
  `added_time` time DEFAULT NULL,
  `category_timestamp` timestamp NULL DEFAULT CURRENT_TIMESTAMP ON UPDATE CURRENT_TIMESTAMP,
  PRIMARY KEY (`id_item_category`)
) ENGINE=InnoDB  DEFAULT CHARSET=latin1 AUTO_INCREMENT=30 ;

--
-- Dumping data for table `tbl_item_category`
--

INSERT INTO `tbl_item_category` (`id_item_category`, `tbl_item_category_name`, `tbl_item_category_status`, `added_date`, `added_time`, `category_timestamp`) VALUES
(1, 'Machinery', 1, '2013-11-20', '14:14:36', '2013-11-28 03:58:39'),
(2, 'Hayspray Spare Parts', 1, '2013-11-21', '06:52:39', '2013-11-28 04:02:56'),
(3, 'CY Power Spray Spare Parts', 1, '2013-11-21', '06:53:53', '2013-11-28 04:33:26'),
(4, 'Italian Power Spray Spare Parts', 1, '2013-11-21', '06:52:06', '2013-11-28 04:04:22'),
(5, 'VT Super Spare Parts', 1, '2013-11-21', '06:49:00', '2013-11-28 04:06:08'),
(6, 'AS11 Spare Parts', 1, '2013-11-21', '06:41:47', '2013-11-28 04:06:30'),
(7, 'Thresuer', 1, '2013-11-21', '06:48:02', '2013-11-28 04:07:19'),
(8, 'Other', 1, '2013-11-21', '06:48:02', '2013-11-28 04:10:32'),
(9, 'Milking Machine Spaire Parts', 1, '2013-11-21', '06:48:02', '2013-11-28 04:10:43'),
(10, 'vsdsd', 0, '2013-12-28', '13:03:20', '2013-12-28 07:33:46'),
(11, 'test', 1, '2014-02-13', '16:32:15', '2014-02-13 11:02:15'),
(12, 'Accessories for Protected Agriculture', 1, '2014-02-13', '16:32:38', '2014-02-13 11:03:56'),
(13, 'Drip Irrigation', 1, '2014-02-13', '16:32:50', '2014-02-13 11:04:19'),
(14, 'Sprinkler Irrigation', 1, '2014-02-13', '16:34:53', '2014-02-13 11:04:53'),
(15, 'Shade Net', 1, '2014-02-13', '16:35:02', '2014-02-13 11:05:02'),
(16, 'UV Polythen', 1, '2014-02-13', '16:35:08', '2014-02-13 11:05:08'),
(17, 'Insect Proof Net', 1, '2014-02-13', '16:35:14', '2014-02-13 11:05:14'),
(18, 'Agrotech', 1, '2014-05-09', '09:02:50', '2014-05-09 03:32:50'),
(19, 'Fencing Net', 1, '2014-05-09', '09:03:06', '2014-05-09 03:33:06'),
(20, 'Plain Mosquito Net', 1, '2014-05-09', '09:03:21', '2014-05-09 03:33:21'),
(21, 'Shade Net (Israel Products)', 1, '2014-05-22', '15:42:18', '2014-05-22 10:12:18'),
(22, 'Ultra Violet Treated Diffused Clear Polythene 200 Micron- Israel', 1, '2014-05-22', '15:44:27', '2014-05-22 10:14:27'),
(23, 'Insect Proof Net-Israel', 1, '2014-05-22', '15:44:48', '2014-05-22 10:14:48'),
(24, 'Ultra Violet Treated Yarn', 1, '2014-05-22', '15:45:07', '2014-05-22 10:15:07'),
(25, 'Shade Net(Thailand Product)', 1, '2014-05-22', '15:45:29', '2014-05-22 10:15:29'),
(26, 'Nylon Blue Net ', 1, '2014-05-22', '15:45:48', '2014-05-22 10:15:48'),
(27, 'Fencing Nets ', 1, '2014-05-22', '15:46:15', '2014-05-22 10:16:15'),
(28, 'Printed Mosquito Net', 1, '2014-05-22', '15:46:54', '2014-05-22 10:16:54'),
(29, 'Other Mesh Nets ', 1, '2014-05-22', '15:47:15', '2014-05-22 10:17:15');

-- --------------------------------------------------------

--
-- Table structure for table `tbl_item_category_has_division`
--

CREATE TABLE IF NOT EXISTS `tbl_item_category_has_division` (
  `id_item_category_has_division` int(11) NOT NULL AUTO_INCREMENT,
  `id_item_category` int(11) NOT NULL,
  `id_division` int(11) NOT NULL,
  PRIMARY KEY (`id_item_category_has_division`),
  KEY `fk_tbl_item_category_has_tbl_division_tbl_item_category1` (`id_item_category`),
  KEY `fk_tbl_item_category_has_tbl_division_tbl_division1` (`id_division`)
) ENGINE=InnoDB DEFAULT CHARSET=latin1 AUTO_INCREMENT=1 ;

-- --------------------------------------------------------

--
-- Table structure for table `tbl_item_has_item_keyword`
--

CREATE TABLE IF NOT EXISTS `tbl_item_has_item_keyword` (
  `id_item_has_item_keyword` int(11) NOT NULL AUTO_INCREMENT,
  `id_item` int(11) NOT NULL,
  `id_item_keyword` int(11) NOT NULL,
  PRIMARY KEY (`id_item_has_item_keyword`),
  KEY `fk_tbl_item_has_tbl_item_keyword_tbl_item_keyword1` (`id_item_keyword`),
  KEY `fk_tbl_item_has_tbl_item_keyword_tbl_item1` (`id_item`)
) ENGINE=InnoDB DEFAULT CHARSET=latin1 AUTO_INCREMENT=1 ;

-- --------------------------------------------------------

--
-- Table structure for table `tbl_item_keyword`
--

CREATE TABLE IF NOT EXISTS `tbl_item_keyword` (
  `id_item_keyword` int(11) NOT NULL AUTO_INCREMENT,
  `item_keyword` varchar(45) NOT NULL,
  `item_keyword_status` tinyint(4) NOT NULL DEFAULT '1',
  PRIMARY KEY (`id_item_keyword`)
) ENGINE=InnoDB DEFAULT CHARSET=latin1 AUTO_INCREMENT=1 ;

-- --------------------------------------------------------

--
-- Table structure for table `tbl_item_map`
--

CREATE TABLE IF NOT EXISTS `tbl_item_map` (
  `id_item_map` int(11) NOT NULL AUTO_INCREMENT,
  `id_division` int(11) NOT NULL,
  `id_item_category` int(11) NOT NULL,
  `id_item` int(11) NOT NULL,
  `item_map_satatus` tinyint(4) NOT NULL DEFAULT '1',
  `added_date` date DEFAULT NULL,
  `added_time` time DEFAULT NULL,
  `added_timestamp` timestamp NOT NULL DEFAULT CURRENT_TIMESTAMP ON UPDATE CURRENT_TIMESTAMP,
  PRIMARY KEY (`id_item_map`),
  KEY `fk_tbl_item_map_tbl_division1` (`id_division`),
  KEY `fk_tbl_item_map_tbl_item_category1` (`id_item_category`),
  KEY `fk_tbl_item_map_tbl_item1` (`id_item`)
) ENGINE=InnoDB  DEFAULT CHARSET=latin1 AUTO_INCREMENT=921 ;

--
-- Dumping data for table `tbl_item_map`
--

INSERT INTO `tbl_item_map` (`id_item_map`, `id_division`, `id_item_category`, `id_item`, `item_map_satatus`, `added_date`, `added_time`, `added_timestamp`) VALUES
(1, 1, 1, 1, 1, '2013-12-26', '10:59:00', '2013-12-26 05:29:32'),
(2, 1, 1, 2, 1, '2013-12-26', '10:59:00', '2013-12-26 05:29:32'),
(3, 1, 1, 3, 1, '2013-12-26', '10:59:00', '2013-12-26 05:29:33'),
(4, 1, 1, 4, 1, '2013-12-26', '10:59:00', '2013-12-26 05:29:33'),
(5, 1, 1, 5, 1, '2013-12-26', '10:59:00', '2013-12-26 05:29:33'),
(6, 1, 1, 6, 1, '2013-12-26', '10:59:00', '2013-12-26 05:29:33'),
(7, 1, 1, 7, 1, '2013-12-26', '10:59:00', '2013-12-26 05:29:33'),
(8, 1, 1, 8, 1, '2013-12-26', '10:59:00', '2013-12-26 05:29:33'),
(9, 1, 1, 9, 1, '2013-12-26', '10:59:00', '2013-12-26 05:29:33'),
(10, 1, 1, 10, 1, '2013-12-26', '10:59:00', '2013-12-26 05:29:34'),
(11, 1, 1, 11, 1, '2013-12-26', '10:59:00', '2013-12-26 05:29:34'),
(12, 1, 1, 12, 1, '2013-12-26', '10:59:00', '2013-12-26 05:29:34'),
(13, 1, 1, 13, 1, '2013-12-26', '10:59:00', '2013-12-26 05:29:34'),
(14, 1, 8, 14, 1, '2013-12-26', '10:59:00', '2013-12-26 05:29:34'),
(15, 1, 8, 15, 1, '2013-12-26', '10:59:00', '2013-12-26 05:29:34'),
(16, 1, 2, 16, 1, '2013-12-26', '10:59:00', '2013-12-26 05:29:34'),
(17, 1, 2, 17, 1, '2013-12-26', '10:59:00', '2013-12-26 05:29:35'),
(18, 1, 2, 18, 1, '2013-12-26', '10:59:00', '2013-12-26 05:29:35'),
(19, 1, 2, 19, 1, '2013-12-26', '10:59:00', '2013-12-26 05:29:35'),
(20, 1, 2, 20, 1, '2013-12-26', '10:59:00', '2013-12-26 05:29:35'),
(21, 1, 2, 21, 1, '2013-12-26', '10:59:00', '2013-12-26 05:29:35'),
(22, 1, 2, 22, 1, '2013-12-26', '10:59:00', '2013-12-26 05:29:35'),
(23, 1, 2, 23, 1, '2013-12-26', '10:59:00', '2013-12-26 05:29:36'),
(24, 1, 2, 24, 1, '2013-12-26', '10:59:00', '2013-12-26 05:29:36'),
(25, 1, 2, 25, 1, '2013-12-26', '10:59:00', '2013-12-26 05:29:36'),
(26, 1, 2, 26, 1, '2013-12-26', '10:59:00', '2013-12-26 05:29:36'),
(27, 1, 4, 27, 1, '2013-12-26', '10:59:00', '2013-12-26 05:29:36'),
(28, 1, 4, 28, 1, '2013-12-26', '10:59:00', '2013-12-26 05:29:36'),
(29, 1, 4, 29, 1, '2013-12-26', '10:59:00', '2013-12-26 05:29:36'),
(30, 1, 4, 30, 1, '2013-12-26', '10:59:00', '2013-12-26 05:29:37'),
(31, 1, 4, 31, 1, '2013-12-26', '10:59:00', '2013-12-26 05:29:37'),
(32, 1, 4, 32, 1, '2013-12-26', '10:59:00', '2013-12-26 05:29:37'),
(33, 1, 4, 33, 1, '2013-12-26', '10:59:00', '2013-12-26 05:29:37'),
(34, 1, 4, 34, 1, '2013-12-26', '10:59:00', '2013-12-26 05:29:37'),
(35, 1, 4, 35, 1, '2013-12-26', '10:59:00', '2013-12-26 05:29:38'),
(36, 1, 4, 36, 1, '2013-12-26', '10:59:00', '2013-12-26 05:29:38'),
(37, 1, 4, 37, 1, '2013-12-26', '10:59:00', '2013-12-26 05:29:38'),
(38, 1, 4, 38, 1, '2013-12-26', '10:59:00', '2013-12-26 05:29:38'),
(39, 1, 4, 39, 1, '2013-12-26', '10:59:00', '2013-12-26 05:29:38'),
(40, 1, 4, 40, 1, '2013-12-26', '10:59:00', '2013-12-26 05:29:38'),
(41, 1, 4, 41, 1, '2013-12-26', '10:59:00', '2013-12-26 05:29:38'),
(42, 1, 4, 42, 1, '2013-12-26', '10:59:00', '2013-12-26 05:29:39'),
(43, 1, 4, 43, 1, '2013-12-26', '10:59:00', '2013-12-26 05:29:39'),
(44, 1, 4, 44, 1, '2013-12-26', '10:59:00', '2013-12-26 05:29:39'),
(45, 1, 4, 45, 1, '2013-12-26', '10:59:00', '2013-12-26 05:29:39'),
(46, 1, 4, 46, 1, '2013-12-26', '10:59:00', '2013-12-26 05:29:39'),
(47, 1, 4, 47, 1, '2013-12-26', '10:59:00', '2013-12-26 05:29:40'),
(48, 1, 4, 48, 1, '2013-12-26', '10:59:00', '2013-12-26 05:29:40'),
(49, 1, 4, 49, 1, '2013-12-26', '10:59:00', '2013-12-26 05:29:40'),
(50, 1, 4, 50, 1, '2013-12-26', '10:59:00', '2013-12-26 05:29:40'),
(51, 1, 4, 51, 1, '2013-12-26', '10:59:00', '2013-12-26 05:29:40'),
(52, 1, 4, 52, 1, '2013-12-26', '10:59:00', '2013-12-26 05:29:40'),
(53, 1, 4, 53, 1, '2013-12-26', '10:59:00', '2013-12-26 05:29:40'),
(54, 1, 4, 54, 1, '2013-12-26', '10:59:00', '2013-12-26 05:29:41'),
(55, 1, 4, 55, 1, '2013-12-26', '10:59:00', '2013-12-26 05:29:41'),
(56, 1, 4, 56, 1, '2013-12-26', '10:59:00', '2013-12-26 05:29:41'),
(57, 1, 4, 57, 1, '2013-12-26', '10:59:00', '2013-12-26 05:29:41'),
(58, 1, 4, 58, 1, '2013-12-26', '10:59:00', '2013-12-26 05:29:41'),
(59, 1, 4, 59, 1, '2013-12-26', '10:59:00', '2013-12-26 05:29:41'),
(60, 1, 4, 60, 1, '2013-12-26', '10:59:00', '2013-12-26 05:29:42'),
(61, 1, 4, 61, 1, '2013-12-26', '10:59:00', '2013-12-26 05:29:42'),
(62, 1, 4, 62, 1, '2013-12-26', '10:59:00', '2013-12-26 05:29:42'),
(63, 1, 4, 63, 1, '2013-12-26', '10:59:00', '2013-12-26 05:29:43'),
(64, 1, 4, 64, 1, '2013-12-26', '10:59:00', '2013-12-26 05:29:43'),
(65, 1, 4, 65, 1, '2013-12-26', '10:59:00', '2013-12-26 05:29:43'),
(66, 1, 4, 66, 1, '2013-12-26', '10:59:00', '2013-12-26 05:29:43'),
(67, 1, 4, 67, 1, '2013-12-26', '10:59:00', '2013-12-26 05:29:44'),
(68, 1, 4, 68, 1, '2013-12-26', '10:59:00', '2013-12-26 05:29:44'),
(69, 1, 4, 69, 1, '2013-12-26', '10:59:00', '2013-12-26 05:29:44'),
(70, 1, 4, 70, 1, '2013-12-26', '10:59:00', '2013-12-26 05:29:44'),
(71, 1, 4, 71, 1, '2013-12-26', '10:59:00', '2013-12-26 05:29:44'),
(72, 1, 4, 72, 1, '2013-12-26', '10:59:00', '2013-12-26 05:29:44'),
(73, 1, 4, 73, 1, '2013-12-26', '10:59:00', '2013-12-26 05:29:45'),
(74, 1, 4, 74, 1, '2013-12-26', '10:59:00', '2013-12-26 05:29:45'),
(75, 1, 4, 75, 1, '2013-12-26', '10:59:00', '2013-12-26 05:29:45'),
(76, 1, 4, 76, 1, '2013-12-26', '10:59:00', '2013-12-26 05:29:45'),
(77, 1, 4, 77, 1, '2013-12-26', '10:59:00', '2013-12-26 05:29:45'),
(78, 1, 4, 78, 1, '2013-12-26', '10:59:00', '2013-12-26 05:29:45'),
(79, 1, 4, 79, 1, '2013-12-26', '10:59:00', '2013-12-26 05:29:46'),
(80, 1, 4, 80, 1, '2013-12-26', '10:59:00', '2013-12-26 05:29:46'),
(81, 1, 4, 81, 1, '2013-12-26', '10:59:00', '2013-12-26 05:29:46'),
(82, 1, 4, 82, 1, '2013-12-26', '10:59:00', '2013-12-26 05:29:46'),
(83, 1, 4, 83, 1, '2013-12-26', '10:59:00', '2013-12-26 05:29:46'),
(84, 1, 4, 84, 1, '2013-12-26', '10:59:00', '2013-12-26 05:29:46'),
(85, 1, 4, 85, 1, '2013-12-26', '10:59:00', '2013-12-26 05:29:47'),
(86, 1, 4, 86, 1, '2013-12-26', '10:59:00', '2013-12-26 05:29:47'),
(87, 1, 4, 87, 1, '2013-12-26', '10:59:00', '2013-12-26 05:29:47'),
(88, 1, 4, 88, 1, '2013-12-26', '10:59:00', '2013-12-26 05:29:47'),
(89, 1, 4, 89, 1, '2013-12-26', '10:59:00', '2013-12-26 05:29:48'),
(90, 1, 4, 90, 1, '2013-12-26', '10:59:00', '2013-12-26 05:29:48'),
(91, 1, 4, 91, 1, '2013-12-26', '10:59:00', '2013-12-26 05:29:48'),
(92, 1, 4, 92, 1, '2013-12-26', '10:59:00', '2013-12-26 05:29:48'),
(93, 1, 4, 93, 1, '2013-12-26', '10:59:00', '2013-12-26 05:29:48'),
(94, 1, 4, 94, 1, '2013-12-26', '10:59:00', '2013-12-26 05:29:49'),
(95, 1, 4, 95, 1, '2013-12-26', '10:59:00', '2013-12-26 05:29:49'),
(96, 1, 4, 96, 1, '2013-12-26', '10:59:00', '2013-12-26 05:29:49'),
(97, 1, 4, 97, 1, '2013-12-26', '10:59:00', '2013-12-26 05:29:49'),
(98, 1, 4, 98, 1, '2013-12-26', '10:59:00', '2013-12-26 05:29:49'),
(99, 1, 4, 99, 1, '2013-12-26', '10:59:00', '2013-12-26 05:29:49'),
(100, 1, 4, 100, 1, '2013-12-26', '10:59:00', '2013-12-26 05:29:49'),
(101, 1, 4, 101, 1, '2013-12-26', '10:59:00', '2013-12-26 05:29:50'),
(102, 1, 4, 102, 1, '2013-12-26', '10:59:00', '2013-12-26 05:29:50'),
(103, 1, 4, 103, 1, '2013-12-26', '10:59:00', '2013-12-26 05:29:50'),
(104, 1, 4, 104, 1, '2013-12-26', '10:59:00', '2013-12-26 05:29:50'),
(105, 1, 4, 105, 1, '2013-12-26', '10:59:00', '2013-12-26 05:29:50'),
(106, 1, 4, 106, 1, '2013-12-26', '10:59:00', '2013-12-26 05:29:51'),
(107, 1, 4, 107, 1, '2013-12-26', '10:59:00', '2013-12-26 05:29:51'),
(108, 1, 4, 108, 1, '2013-12-26', '10:59:00', '2013-12-26 05:29:51'),
(109, 1, 4, 109, 1, '2013-12-26', '10:59:00', '2013-12-26 05:29:51'),
(110, 1, 4, 110, 1, '2013-12-26', '10:59:00', '2013-12-26 05:29:51'),
(111, 1, 4, 111, 1, '2013-12-26', '10:59:00', '2013-12-26 05:29:51'),
(112, 1, 4, 112, 1, '2013-12-26', '10:59:00', '2013-12-26 05:29:51'),
(113, 1, 4, 113, 1, '2013-12-26', '10:59:00', '2013-12-26 05:29:52'),
(114, 1, 4, 114, 1, '2013-12-26', '10:59:00', '2013-12-26 05:29:52'),
(115, 1, 4, 115, 1, '2013-12-26', '10:59:00', '2013-12-26 05:29:52'),
(116, 1, 4, 116, 1, '2013-12-26', '10:59:00', '2013-12-26 05:29:52'),
(117, 1, 4, 117, 1, '2013-12-26', '10:59:00', '2013-12-26 05:29:52'),
(118, 1, 4, 118, 1, '2013-12-26', '10:59:00', '2013-12-26 05:29:52'),
(119, 1, 4, 119, 1, '2013-12-26', '10:59:00', '2013-12-26 05:29:53'),
(120, 1, 4, 120, 1, '2013-12-26', '10:59:00', '2013-12-26 05:29:53'),
(121, 1, 4, 121, 1, '2013-12-26', '10:59:00', '2013-12-26 05:29:53'),
(122, 1, 4, 122, 1, '2013-12-26', '10:59:00', '2013-12-26 05:29:54'),
(123, 1, 4, 123, 1, '2013-12-26', '10:59:00', '2013-12-26 05:29:54'),
(124, 1, 4, 124, 1, '2013-12-26', '10:59:00', '2013-12-26 05:29:54'),
(125, 1, 4, 125, 1, '2013-12-26', '10:59:00', '2013-12-26 05:29:54'),
(126, 1, 4, 126, 1, '2013-12-26', '10:59:00', '2013-12-26 05:29:55'),
(127, 1, 4, 127, 1, '2013-12-26', '10:59:00', '2013-12-26 05:29:55'),
(128, 1, 4, 128, 1, '2013-12-26', '10:59:00', '2013-12-26 05:29:55'),
(129, 1, 4, 129, 1, '2013-12-26', '10:59:00', '2013-12-26 05:29:55'),
(130, 1, 4, 130, 1, '2013-12-26', '10:59:00', '2013-12-26 05:29:55'),
(131, 1, 4, 131, 1, '2013-12-26', '10:59:00', '2013-12-26 05:29:55'),
(132, 1, 4, 132, 1, '2013-12-26', '10:59:00', '2013-12-26 05:29:56'),
(133, 1, 4, 133, 1, '2013-12-26', '10:59:00', '2013-12-26 05:29:56'),
(134, 1, 4, 134, 1, '2013-12-26', '10:59:00', '2013-12-26 05:29:56'),
(135, 1, 4, 135, 1, '2013-12-26', '10:59:00', '2013-12-26 05:29:56'),
(136, 1, 4, 136, 1, '2013-12-26', '10:59:00', '2013-12-26 05:29:56'),
(137, 1, 4, 137, 1, '2013-12-26', '10:59:00', '2013-12-26 05:29:56'),
(138, 1, 4, 138, 1, '2013-12-26', '10:59:00', '2013-12-26 05:29:57'),
(139, 1, 4, 139, 1, '2013-12-26', '10:59:00', '2013-12-26 05:29:57'),
(140, 1, 4, 140, 1, '2013-12-26', '10:59:00', '2013-12-26 05:29:57'),
(141, 1, 4, 141, 1, '2013-12-26', '10:59:00', '2013-12-26 05:29:57'),
(142, 1, 4, 142, 1, '2013-12-26', '10:59:00', '2013-12-26 05:29:57'),
(143, 1, 4, 143, 1, '2013-12-26', '10:59:00', '2013-12-26 05:29:57'),
(144, 1, 4, 144, 1, '2013-12-26', '10:59:00', '2013-12-26 05:29:58'),
(145, 1, 4, 145, 1, '2013-12-26', '10:59:00', '2013-12-26 05:29:58'),
(146, 1, 4, 146, 1, '2013-12-26', '10:59:00', '2013-12-26 05:29:58'),
(147, 1, 4, 147, 1, '2013-12-26', '10:59:00', '2013-12-26 05:29:58'),
(148, 1, 4, 148, 1, '2013-12-26', '10:59:00', '2013-12-26 05:29:58'),
(149, 1, 4, 149, 1, '2013-12-26', '10:59:00', '2013-12-26 05:29:58'),
(150, 1, 4, 150, 1, '2013-12-26', '10:59:00', '2013-12-26 05:29:59'),
(151, 1, 4, 151, 1, '2013-12-26', '10:59:00', '2013-12-26 05:29:59'),
(152, 1, 4, 152, 1, '2013-12-26', '10:59:00', '2013-12-26 05:29:59'),
(153, 1, 4, 153, 1, '2013-12-26', '10:59:00', '2013-12-26 05:29:59'),
(154, 1, 4, 154, 1, '2013-12-26', '10:59:00', '2013-12-26 05:29:59'),
(155, 1, 4, 155, 1, '2013-12-26', '10:59:00', '2013-12-26 05:29:59'),
(156, 1, 4, 156, 1, '2013-12-26', '10:59:00', '2013-12-26 05:30:00'),
(157, 1, 4, 157, 1, '2013-12-26', '10:59:00', '2013-12-26 05:30:00'),
(158, 1, 4, 158, 1, '2013-12-26', '10:59:00', '2013-12-26 05:30:00'),
(159, 1, 4, 159, 1, '2013-12-26', '10:59:00', '2013-12-26 05:30:00'),
(160, 1, 4, 160, 1, '2013-12-26', '10:59:00', '2013-12-26 05:30:00'),
(161, 1, 4, 161, 1, '2013-12-26', '10:59:00', '2013-12-26 05:30:00'),
(162, 1, 4, 162, 1, '2013-12-26', '10:59:00', '2013-12-26 05:30:01'),
(163, 1, 4, 163, 1, '2013-12-26', '10:59:00', '2013-12-26 05:30:01'),
(164, 1, 4, 164, 1, '2013-12-26', '10:59:00', '2013-12-26 05:30:01'),
(165, 1, 4, 165, 1, '2013-12-26', '10:59:00', '2013-12-26 05:30:01'),
(166, 1, 4, 166, 1, '2013-12-26', '10:59:00', '2013-12-26 05:30:01'),
(167, 1, 4, 167, 1, '2013-12-26', '10:59:00', '2013-12-26 05:30:01'),
(168, 1, 4, 168, 1, '2013-12-26', '10:59:00', '2013-12-26 05:30:01'),
(169, 1, 4, 169, 1, '2013-12-26', '10:59:00', '2013-12-26 05:30:01'),
(170, 1, 4, 170, 1, '2013-12-26', '10:59:00', '2013-12-26 05:30:02'),
(171, 1, 4, 171, 1, '2013-12-26', '10:59:00', '2013-12-26 05:30:02'),
(172, 1, 4, 172, 1, '2013-12-26', '10:59:00', '2013-12-26 05:30:02'),
(173, 1, 4, 173, 1, '2013-12-26', '10:59:00', '2013-12-26 05:30:02'),
(174, 1, 4, 174, 1, '2013-12-26', '10:59:00', '2013-12-26 05:30:02'),
(175, 1, 4, 175, 1, '2013-12-26', '10:59:00', '2013-12-26 05:30:02'),
(176, 1, 4, 176, 1, '2013-12-26', '10:59:00', '2013-12-26 05:30:03'),
(177, 1, 4, 177, 1, '2013-12-26', '10:59:00', '2013-12-26 05:30:03'),
(178, 1, 4, 178, 1, '2013-12-26', '10:59:00', '2013-12-26 05:30:03'),
(179, 1, 4, 179, 1, '2013-12-26', '10:59:00', '2013-12-26 05:30:03'),
(180, 1, 4, 180, 1, '2013-12-26', '10:59:00', '2013-12-26 05:30:03'),
(181, 1, 4, 181, 1, '2013-12-26', '10:59:00', '2013-12-26 05:30:03'),
(182, 1, 4, 182, 1, '2013-12-26', '10:59:00', '2013-12-26 05:30:03'),
(183, 1, 4, 183, 1, '2013-12-26', '10:59:00', '2013-12-26 05:30:03'),
(184, 1, 4, 184, 1, '2013-12-26', '10:59:00', '2013-12-26 05:30:04'),
(185, 1, 4, 185, 1, '2013-12-26', '10:59:00', '2013-12-26 05:30:04'),
(186, 1, 4, 186, 1, '2013-12-26', '10:59:00', '2013-12-26 05:30:04'),
(187, 1, 4, 187, 1, '2013-12-26', '10:59:00', '2013-12-26 05:30:05'),
(188, 1, 4, 188, 1, '2013-12-26', '10:59:00', '2013-12-26 05:30:05'),
(189, 1, 4, 189, 1, '2013-12-26', '10:59:00', '2013-12-26 05:30:05'),
(190, 1, 4, 190, 1, '2013-12-26', '10:59:00', '2013-12-26 05:30:05'),
(191, 1, 4, 191, 1, '2013-12-26', '10:59:00', '2013-12-26 05:30:05'),
(192, 1, 4, 192, 1, '2013-12-26', '10:59:00', '2013-12-26 05:30:05'),
(193, 1, 4, 193, 1, '2013-12-26', '10:59:00', '2013-12-26 05:30:06'),
(194, 1, 4, 194, 1, '2013-12-26', '10:59:00', '2013-12-26 05:30:06'),
(195, 1, 4, 195, 1, '2013-12-26', '10:59:00', '2013-12-26 05:30:06'),
(196, 1, 4, 196, 1, '2013-12-26', '10:59:00', '2013-12-26 05:30:06'),
(197, 1, 4, 197, 1, '2013-12-26', '10:59:00', '2013-12-26 05:30:06'),
(198, 1, 4, 198, 1, '2013-12-26', '10:59:00', '2013-12-26 05:30:06'),
(199, 1, 4, 199, 1, '2013-12-26', '10:59:00', '2013-12-26 05:30:06'),
(200, 1, 4, 200, 1, '2013-12-26', '10:59:00', '2013-12-26 05:30:07'),
(201, 1, 4, 201, 1, '2013-12-26', '10:59:00', '2013-12-26 05:30:07'),
(202, 1, 6, 202, 1, '2013-12-26', '10:59:00', '2013-12-26 05:30:07'),
(203, 1, 6, 203, 1, '2013-12-26', '10:59:00', '2013-12-26 05:30:07'),
(204, 1, 6, 204, 1, '2013-12-26', '10:59:00', '2013-12-26 05:30:07'),
(205, 1, 6, 205, 1, '2013-12-26', '10:59:00', '2013-12-26 05:30:07'),
(206, 1, 6, 206, 1, '2013-12-26', '10:59:00', '2013-12-26 05:30:07'),
(207, 1, 6, 207, 1, '2013-12-26', '10:59:00', '2013-12-26 05:30:07'),
(208, 1, 6, 208, 1, '2013-12-26', '10:59:00', '2013-12-26 05:30:08'),
(209, 1, 6, 209, 1, '2013-12-26', '10:59:00', '2013-12-26 05:30:08'),
(210, 1, 6, 210, 1, '2013-12-26', '10:59:00', '2013-12-26 05:30:08'),
(211, 1, 6, 211, 1, '2013-12-26', '10:59:00', '2013-12-26 05:30:08'),
(212, 1, 6, 212, 1, '2013-12-26', '10:59:00', '2013-12-26 05:30:08'),
(213, 1, 6, 213, 1, '2013-12-26', '10:59:00', '2013-12-26 05:30:08'),
(214, 1, 6, 214, 1, '2013-12-26', '10:59:00', '2013-12-26 05:30:09'),
(215, 1, 6, 215, 1, '2013-12-26', '10:59:00', '2013-12-26 05:30:09'),
(216, 1, 6, 216, 1, '2013-12-26', '10:59:00', '2013-12-26 05:30:09'),
(217, 1, 6, 217, 1, '2013-12-26', '10:59:00', '2013-12-26 05:30:09'),
(218, 1, 6, 218, 1, '2013-12-26', '10:59:00', '2013-12-26 05:30:09'),
(219, 1, 6, 219, 1, '2013-12-26', '10:59:00', '2013-12-26 05:30:09'),
(220, 1, 6, 220, 1, '2013-12-26', '10:59:00', '2013-12-26 05:30:09'),
(221, 1, 6, 221, 1, '2013-12-26', '10:59:00', '2013-12-26 05:30:10'),
(222, 1, 6, 222, 1, '2013-12-26', '10:59:00', '2013-12-26 05:30:10'),
(223, 1, 6, 223, 1, '2013-12-26', '10:59:00', '2013-12-26 05:30:10'),
(224, 1, 6, 224, 1, '2013-12-26', '10:59:00', '2013-12-26 05:30:10'),
(225, 1, 6, 225, 1, '2013-12-26', '10:59:00', '2013-12-26 05:30:10'),
(226, 1, 6, 226, 1, '2013-12-26', '10:59:00', '2013-12-26 05:30:10'),
(227, 1, 6, 227, 1, '2013-12-26', '10:59:00', '2013-12-26 05:30:10'),
(228, 1, 6, 228, 1, '2013-12-26', '10:59:00', '2013-12-26 05:30:10'),
(229, 1, 6, 229, 1, '2013-12-26', '10:59:00', '2013-12-26 05:30:11'),
(230, 1, 6, 230, 1, '2013-12-26', '10:59:00', '2013-12-26 05:30:11'),
(231, 1, 6, 231, 1, '2013-12-26', '10:59:00', '2013-12-26 05:30:11'),
(232, 1, 6, 232, 1, '2013-12-26', '10:59:00', '2013-12-26 05:30:11'),
(233, 1, 6, 233, 1, '2013-12-26', '10:59:00', '2013-12-26 05:30:11'),
(234, 1, 6, 234, 1, '2013-12-26', '10:59:00', '2013-12-26 05:30:11'),
(235, 1, 6, 235, 1, '2013-12-26', '10:59:00', '2013-12-26 05:30:11'),
(236, 1, 6, 236, 1, '2013-12-26', '10:59:00', '2013-12-26 05:30:12'),
(237, 1, 6, 237, 1, '2013-12-26', '10:59:00', '2013-12-26 05:30:12'),
(238, 1, 6, 238, 1, '2013-12-26', '10:59:00', '2013-12-26 05:30:12'),
(239, 1, 6, 239, 1, '2013-12-26', '10:59:00', '2013-12-26 05:30:12'),
(240, 1, 6, 240, 1, '2013-12-26', '10:59:00', '2013-12-26 05:30:12'),
(241, 1, 6, 241, 1, '2013-12-26', '10:59:00', '2013-12-26 05:30:12'),
(242, 1, 6, 242, 1, '2013-12-26', '10:59:00', '2013-12-26 05:30:12'),
(243, 1, 6, 243, 1, '2013-12-26', '10:59:00', '2013-12-26 05:30:13'),
(244, 1, 6, 244, 1, '2013-12-26', '10:59:00', '2013-12-26 05:30:13'),
(245, 1, 6, 245, 1, '2013-12-26', '10:59:00', '2013-12-26 05:30:13'),
(246, 1, 6, 246, 1, '2013-12-26', '10:59:00', '2013-12-26 05:30:13'),
(247, 1, 6, 247, 1, '2013-12-26', '10:59:00', '2013-12-26 05:30:13'),
(248, 1, 6, 248, 1, '2013-12-26', '10:59:00', '2013-12-26 05:30:14'),
(249, 1, 6, 249, 1, '2013-12-26', '10:59:00', '2013-12-26 05:30:14'),
(250, 1, 6, 250, 1, '2013-12-26', '10:59:00', '2013-12-26 05:30:14'),
(251, 1, 6, 251, 1, '2013-12-26', '10:59:00', '2013-12-26 05:30:14'),
(252, 1, 6, 252, 1, '2013-12-26', '10:59:00', '2013-12-26 05:30:14'),
(253, 1, 6, 253, 1, '2013-12-26', '10:59:00', '2013-12-26 05:30:14'),
(254, 1, 6, 254, 1, '2013-12-26', '10:59:00', '2013-12-26 05:30:14'),
(255, 1, 6, 255, 1, '2013-12-26', '10:59:00', '2013-12-26 05:30:14'),
(256, 1, 6, 256, 1, '2013-12-26', '10:59:00', '2013-12-26 05:30:15'),
(257, 1, 6, 257, 1, '2013-12-26', '10:59:00', '2013-12-26 05:30:15'),
(258, 1, 6, 258, 1, '2013-12-26', '10:59:00', '2013-12-26 05:30:15'),
(259, 1, 6, 259, 1, '2013-12-26', '10:59:00', '2013-12-26 05:30:15'),
(260, 1, 6, 260, 1, '2013-12-26', '10:59:00', '2013-12-26 05:30:15'),
(261, 1, 6, 261, 1, '2013-12-26', '10:59:00', '2013-12-26 05:30:16'),
(262, 1, 6, 262, 1, '2013-12-26', '10:59:00', '2013-12-26 05:30:16'),
(263, 1, 6, 263, 1, '2013-12-26', '10:59:00', '2013-12-26 05:30:16'),
(264, 1, 6, 264, 1, '2013-12-26', '10:59:00', '2013-12-26 05:30:16'),
(265, 1, 6, 265, 1, '2013-12-26', '10:59:00', '2013-12-26 05:30:16'),
(266, 1, 6, 266, 1, '2013-12-26', '10:59:00', '2013-12-26 05:30:16'),
(267, 1, 6, 267, 1, '2013-12-26', '10:59:00', '2013-12-26 05:30:16'),
(268, 1, 6, 268, 1, '2013-12-26', '10:59:00', '2013-12-26 05:30:17'),
(269, 1, 6, 269, 1, '2013-12-26', '10:59:00', '2013-12-26 05:30:17'),
(270, 1, 6, 270, 1, '2013-12-26', '10:59:00', '2013-12-26 05:30:17'),
(271, 1, 6, 271, 1, '2013-12-26', '10:59:00', '2013-12-26 05:30:17'),
(272, 1, 6, 272, 1, '2013-12-26', '10:59:00', '2013-12-26 05:30:17'),
(273, 1, 6, 273, 1, '2013-12-26', '10:59:00', '2013-12-26 05:30:17'),
(274, 1, 6, 274, 1, '2013-12-26', '10:59:00', '2013-12-26 05:30:17'),
(275, 1, 6, 275, 1, '2013-12-26', '10:59:00', '2013-12-26 05:30:18'),
(276, 1, 6, 276, 1, '2013-12-26', '10:59:00', '2013-12-26 05:30:18'),
(277, 1, 6, 277, 1, '2013-12-26', '10:59:00', '2013-12-26 05:30:18'),
(278, 1, 6, 278, 1, '2013-12-26', '10:59:00', '2013-12-26 05:30:18'),
(279, 1, 6, 279, 1, '2013-12-26', '10:59:00', '2013-12-26 05:30:18'),
(280, 1, 6, 280, 1, '2013-12-26', '10:59:00', '2013-12-26 05:30:18'),
(281, 1, 6, 281, 1, '2013-12-26', '10:59:00', '2013-12-26 05:30:18'),
(282, 1, 6, 282, 1, '2013-12-26', '10:59:00', '2013-12-26 05:30:18'),
(283, 1, 6, 283, 1, '2013-12-26', '10:59:00', '2013-12-26 05:30:19'),
(284, 1, 6, 284, 1, '2013-12-26', '10:59:00', '2013-12-26 05:30:19'),
(285, 1, 6, 285, 1, '2013-12-26', '10:59:00', '2013-12-26 05:30:19'),
(286, 1, 6, 286, 1, '2013-12-26', '10:59:00', '2013-12-26 05:30:19'),
(287, 1, 6, 287, 1, '2013-12-26', '10:59:00', '2013-12-26 05:30:19'),
(288, 1, 6, 288, 1, '2013-12-26', '10:59:00', '2013-12-26 05:30:19'),
(289, 1, 6, 289, 1, '2013-12-26', '10:59:00', '2013-12-26 05:30:20'),
(290, 1, 6, 290, 1, '2013-12-26', '10:59:00', '2013-12-26 05:30:20'),
(291, 1, 6, 291, 1, '2013-12-26', '10:59:00', '2013-12-26 05:30:20'),
(292, 1, 6, 292, 1, '2013-12-26', '10:59:00', '2013-12-26 05:30:20'),
(293, 1, 6, 293, 1, '2013-12-26', '10:59:00', '2013-12-26 05:30:20'),
(294, 1, 6, 294, 1, '2013-12-26', '10:59:00', '2013-12-26 05:30:20'),
(295, 1, 6, 295, 1, '2013-12-26', '10:59:00', '2013-12-26 05:30:20'),
(296, 1, 6, 296, 1, '2013-12-26', '10:59:00', '2013-12-26 05:30:21'),
(297, 1, 6, 297, 1, '2013-12-26', '10:59:00', '2013-12-26 05:30:21'),
(298, 1, 6, 298, 1, '2013-12-26', '10:59:00', '2013-12-26 05:30:21'),
(299, 1, 6, 299, 1, '2013-12-26', '10:59:00', '2013-12-26 05:30:21'),
(300, 1, 6, 300, 1, '2013-12-26', '10:59:00', '2013-12-26 05:30:21'),
(301, 1, 6, 301, 1, '2013-12-26', '10:59:00', '2013-12-26 05:30:21'),
(302, 1, 6, 302, 1, '2013-12-26', '10:59:00', '2013-12-26 05:30:22'),
(303, 1, 6, 303, 1, '2013-12-26', '10:59:00', '2013-12-26 05:30:22'),
(304, 1, 6, 304, 1, '2013-12-26', '10:59:00', '2013-12-26 05:30:22'),
(305, 1, 5, 305, 1, '2013-12-26', '10:59:00', '2013-12-26 05:30:22'),
(306, 1, 5, 306, 1, '2013-12-26', '10:59:00', '2013-12-26 05:30:22'),
(307, 1, 5, 307, 1, '2013-12-26', '10:59:00', '2013-12-26 05:30:22'),
(308, 1, 5, 308, 1, '2013-12-26', '10:59:00', '2013-12-26 05:30:22'),
(309, 1, 5, 309, 1, '2013-12-26', '10:59:00', '2013-12-26 05:30:22'),
(310, 1, 5, 310, 1, '2013-12-26', '10:59:00', '2013-12-26 05:30:23'),
(311, 1, 5, 311, 1, '2013-12-26', '10:59:00', '2013-12-26 05:30:23'),
(312, 1, 5, 312, 1, '2013-12-26', '10:59:00', '2013-12-26 05:30:23'),
(313, 1, 5, 313, 1, '2013-12-26', '10:59:00', '2013-12-26 05:30:23'),
(314, 1, 5, 314, 1, '2013-12-26', '10:59:00', '2013-12-26 05:30:23'),
(315, 1, 5, 315, 1, '2013-12-26', '10:59:00', '2013-12-26 05:30:23'),
(316, 1, 5, 316, 1, '2013-12-26', '10:59:00', '2013-12-26 05:30:23'),
(317, 1, 5, 317, 1, '2013-12-26', '10:59:00', '2013-12-26 05:30:24'),
(318, 1, 5, 318, 1, '2013-12-26', '10:59:00', '2013-12-26 05:30:24'),
(319, 1, 5, 319, 1, '2013-12-26', '10:59:00', '2013-12-26 05:30:24'),
(320, 1, 5, 320, 1, '2013-12-26', '10:59:00', '2013-12-26 05:30:24'),
(321, 1, 5, 321, 1, '2013-12-26', '10:59:00', '2013-12-26 05:30:24'),
(322, 1, 5, 322, 1, '2013-12-26', '10:59:00', '2013-12-26 05:30:24'),
(323, 1, 5, 323, 1, '2013-12-26', '10:59:00', '2013-12-26 05:30:24'),
(324, 1, 5, 324, 1, '2013-12-26', '10:59:00', '2013-12-26 05:30:25'),
(325, 1, 5, 325, 1, '2013-12-26', '10:59:00', '2013-12-26 05:30:25'),
(326, 1, 5, 326, 1, '2013-12-26', '10:59:00', '2013-12-26 05:30:25'),
(327, 1, 5, 327, 1, '2013-12-26', '10:59:00', '2013-12-26 05:30:25'),
(328, 1, 5, 328, 1, '2013-12-26', '10:59:00', '2013-12-26 05:30:25'),
(329, 1, 5, 329, 1, '2013-12-26', '10:59:00', '2013-12-26 05:30:26'),
(330, 1, 5, 330, 1, '2013-12-26', '10:59:00', '2013-12-26 05:30:26'),
(331, 1, 5, 331, 1, '2013-12-26', '10:59:00', '2013-12-26 05:30:26'),
(332, 1, 5, 332, 1, '2013-12-26', '10:59:00', '2013-12-26 05:30:26'),
(333, 1, 5, 333, 1, '2013-12-26', '10:59:00', '2013-12-26 05:30:26'),
(334, 1, 5, 334, 1, '2013-12-26', '10:59:00', '2013-12-26 05:30:26'),
(335, 1, 5, 335, 1, '2013-12-26', '10:59:00', '2013-12-26 05:30:26'),
(336, 1, 5, 336, 1, '2013-12-26', '10:59:00', '2013-12-26 05:30:27'),
(337, 1, 5, 337, 1, '2013-12-26', '10:59:00', '2013-12-26 05:30:27'),
(338, 1, 5, 338, 1, '2013-12-26', '10:59:00', '2013-12-26 05:30:27'),
(339, 1, 5, 339, 1, '2013-12-26', '10:59:00', '2013-12-26 05:30:27'),
(340, 1, 3, 340, 1, '2013-12-26', '10:59:00', '2013-12-26 05:30:27'),
(341, 1, 3, 341, 1, '2013-12-26', '10:59:00', '2013-12-26 05:30:27'),
(342, 1, 3, 342, 1, '2013-12-26', '10:59:00', '2013-12-26 05:30:28'),
(343, 1, 3, 343, 1, '2013-12-26', '10:59:00', '2013-12-26 05:30:28'),
(344, 1, 3, 344, 1, '2013-12-26', '10:59:00', '2013-12-26 05:30:28'),
(345, 1, 3, 345, 1, '2013-12-26', '10:59:00', '2013-12-26 05:30:28'),
(346, 1, 3, 346, 1, '2013-12-26', '10:59:00', '2013-12-26 05:30:28'),
(347, 1, 3, 347, 1, '2013-12-26', '10:59:00', '2013-12-26 05:30:28'),
(348, 1, 3, 348, 1, '2013-12-26', '10:59:00', '2013-12-26 05:30:28'),
(349, 1, 3, 349, 1, '2013-12-26', '10:59:00', '2013-12-26 05:30:29'),
(350, 1, 3, 350, 1, '2013-12-26', '10:59:00', '2013-12-26 05:30:29'),
(351, 1, 3, 351, 1, '2013-12-26', '10:59:00', '2013-12-26 05:30:29'),
(352, 1, 3, 352, 1, '2013-12-26', '10:59:00', '2013-12-26 05:30:29'),
(353, 1, 3, 353, 1, '2013-12-26', '10:59:00', '2013-12-26 05:30:29'),
(354, 1, 3, 354, 1, '2013-12-26', '10:59:00', '2013-12-26 05:30:29'),
(355, 1, 3, 355, 1, '2013-12-26', '10:59:00', '2013-12-26 05:30:29'),
(356, 1, 3, 356, 1, '2013-12-26', '10:59:00', '2013-12-26 05:30:30'),
(357, 1, 3, 357, 1, '2013-12-26', '10:59:00', '2013-12-26 05:30:30'),
(358, 1, 3, 358, 1, '2013-12-26', '10:59:00', '2013-12-26 05:30:30'),
(359, 1, 3, 359, 1, '2013-12-26', '10:59:00', '2013-12-26 05:30:30'),
(360, 1, 3, 360, 1, '2013-12-26', '10:59:00', '2013-12-26 05:30:30'),
(361, 1, 3, 361, 1, '2013-12-26', '10:59:00', '2013-12-26 05:30:30'),
(362, 1, 3, 362, 1, '2013-12-26', '10:59:00', '2013-12-26 05:30:31'),
(363, 1, 3, 363, 1, '2013-12-26', '10:59:00', '2013-12-26 05:30:31'),
(364, 1, 3, 364, 1, '2013-12-26', '10:59:00', '2013-12-26 05:30:31'),
(365, 1, 3, 365, 1, '2013-12-26', '10:59:00', '2013-12-26 05:30:31'),
(366, 1, 3, 366, 1, '2013-12-26', '10:59:00', '2013-12-26 05:30:31'),
(367, 1, 3, 367, 1, '2013-12-26', '10:59:00', '2013-12-26 05:30:31'),
(368, 1, 3, 368, 1, '2013-12-26', '10:59:00', '2013-12-26 05:30:32'),
(369, 1, 3, 369, 1, '2013-12-26', '10:59:00', '2013-12-26 05:30:32'),
(370, 1, 3, 370, 1, '2013-12-26', '10:59:00', '2013-12-26 05:30:32'),
(371, 1, 3, 371, 1, '2013-12-26', '10:59:00', '2013-12-26 05:30:32'),
(372, 1, 3, 372, 1, '2013-12-26', '10:59:00', '2013-12-26 05:30:32'),
(373, 1, 3, 373, 1, '2013-12-26', '10:59:00', '2013-12-26 05:30:32'),
(374, 1, 3, 374, 1, '2013-12-26', '10:59:00', '2013-12-26 05:30:33'),
(375, 1, 3, 375, 1, '2013-12-26', '10:59:00', '2013-12-26 05:30:33'),
(376, 1, 3, 376, 1, '2013-12-26', '10:59:00', '2013-12-26 05:30:33'),
(377, 1, 3, 377, 1, '2013-12-26', '10:59:00', '2013-12-26 05:30:33'),
(378, 1, 3, 378, 1, '2013-12-26', '10:59:00', '2013-12-26 05:30:33'),
(379, 1, 3, 379, 1, '2013-12-26', '10:59:00', '2013-12-26 05:30:33'),
(380, 1, 3, 380, 1, '2013-12-26', '10:59:00', '2013-12-26 05:30:33'),
(381, 1, 3, 381, 1, '2013-12-26', '10:59:00', '2013-12-26 05:30:34'),
(382, 1, 3, 382, 1, '2013-12-26', '10:59:00', '2013-12-26 05:30:34'),
(383, 1, 3, 383, 1, '2013-12-26', '10:59:00', '2013-12-26 05:30:34'),
(384, 1, 3, 384, 1, '2013-12-26', '10:59:00', '2013-12-26 05:30:34'),
(385, 1, 3, 385, 1, '2013-12-26', '10:59:00', '2013-12-26 05:30:34'),
(386, 1, 3, 386, 1, '2013-12-26', '10:59:00', '2013-12-26 05:30:35'),
(387, 1, 3, 387, 1, '2013-12-26', '10:59:00', '2013-12-26 05:30:35'),
(388, 1, 3, 388, 1, '2013-12-26', '10:59:00', '2013-12-26 05:30:35'),
(389, 1, 3, 389, 1, '2013-12-26', '10:59:00', '2013-12-26 05:30:35'),
(390, 1, 3, 390, 1, '2013-12-26', '10:59:00', '2013-12-26 05:30:36'),
(391, 1, 3, 391, 1, '2013-12-26', '10:59:00', '2013-12-26 05:30:36'),
(392, 1, 3, 392, 1, '2013-12-26', '10:59:00', '2013-12-26 05:30:36'),
(393, 1, 3, 393, 1, '2013-12-26', '10:59:00', '2013-12-26 05:30:36'),
(394, 1, 3, 394, 1, '2013-12-26', '10:59:00', '2013-12-26 05:30:37'),
(395, 1, 3, 395, 1, '2013-12-26', '10:59:00', '2013-12-26 05:30:37'),
(396, 1, 3, 396, 1, '2013-12-26', '10:59:00', '2013-12-26 05:30:37'),
(397, 1, 3, 397, 1, '2013-12-26', '10:59:00', '2013-12-26 05:30:37'),
(398, 1, 3, 398, 1, '2013-12-26', '10:59:00', '2013-12-26 05:30:37'),
(399, 1, 3, 399, 1, '2013-12-26', '10:59:00', '2013-12-26 05:30:37'),
(400, 1, 3, 400, 1, '2013-12-26', '10:59:00', '2013-12-26 05:30:37'),
(401, 1, 3, 401, 1, '2013-12-26', '10:59:00', '2013-12-26 05:30:38'),
(402, 1, 3, 402, 1, '2013-12-26', '10:59:00', '2013-12-26 05:30:38'),
(403, 1, 3, 403, 1, '2013-12-26', '10:59:00', '2013-12-26 05:30:38'),
(404, 1, 3, 404, 1, '2013-12-26', '10:59:00', '2013-12-26 05:30:38'),
(405, 1, 3, 405, 1, '2013-12-26', '10:59:00', '2013-12-26 05:30:38'),
(406, 1, 3, 406, 1, '2013-12-26', '10:59:00', '2013-12-26 05:30:38'),
(407, 1, 3, 407, 1, '2013-12-26', '10:59:00', '2013-12-26 05:30:39'),
(408, 1, 3, 408, 1, '2013-12-26', '10:59:00', '2013-12-26 05:30:39'),
(409, 1, 3, 409, 1, '2013-12-26', '10:59:00', '2013-12-26 05:30:39'),
(410, 1, 3, 410, 1, '2013-12-26', '10:59:00', '2013-12-26 05:30:39'),
(411, 1, 3, 411, 1, '2013-12-26', '10:59:00', '2013-12-26 05:30:39'),
(412, 1, 3, 412, 1, '2013-12-26', '10:59:00', '2013-12-26 05:30:39'),
(413, 1, 3, 413, 1, '2013-12-26', '10:59:00', '2013-12-26 05:30:40'),
(414, 1, 3, 414, 1, '2013-12-26', '10:59:00', '2013-12-26 05:30:40'),
(415, 1, 3, 415, 1, '2013-12-26', '10:59:00', '2013-12-26 05:30:40'),
(416, 1, 3, 416, 1, '2013-12-26', '10:59:00', '2013-12-26 05:30:40'),
(417, 1, 3, 417, 1, '2013-12-26', '10:59:00', '2013-12-26 05:30:40'),
(418, 1, 3, 418, 1, '2013-12-26', '10:59:00', '2013-12-26 05:30:40'),
(419, 1, 3, 419, 1, '2013-12-26', '10:59:00', '2013-12-26 05:30:41'),
(420, 1, 3, 420, 1, '2013-12-26', '10:59:00', '2013-12-26 05:30:41'),
(421, 1, 3, 421, 1, '2013-12-26', '10:59:00', '2013-12-26 05:30:41'),
(422, 1, 3, 422, 1, '2013-12-26', '10:59:00', '2013-12-26 05:30:41'),
(423, 1, 3, 423, 1, '2013-12-26', '10:59:00', '2013-12-26 05:30:41'),
(424, 1, 3, 424, 1, '2013-12-26', '10:59:00', '2013-12-26 05:30:41'),
(425, 1, 3, 425, 1, '2013-12-26', '10:59:00', '2013-12-26 05:30:42'),
(426, 1, 3, 426, 1, '2013-12-26', '10:59:00', '2013-12-26 05:30:42'),
(427, 1, 3, 427, 1, '2013-12-26', '10:59:00', '2013-12-26 05:30:42'),
(428, 1, 3, 428, 1, '2013-12-26', '10:59:00', '2013-12-26 05:30:42'),
(429, 1, 3, 429, 1, '2013-12-26', '10:59:00', '2013-12-26 05:30:42'),
(430, 1, 3, 430, 1, '2013-12-26', '10:59:00', '2013-12-26 05:30:43'),
(431, 1, 3, 431, 1, '2013-12-26', '10:59:00', '2013-12-26 05:30:43'),
(432, 1, 3, 432, 1, '2013-12-26', '10:59:00', '2013-12-26 05:30:43'),
(433, 1, 3, 433, 1, '2013-12-26', '10:59:00', '2013-12-26 05:30:43'),
(434, 1, 3, 434, 1, '2013-12-26', '10:59:00', '2013-12-26 05:30:43'),
(435, 1, 3, 435, 1, '2013-12-26', '10:59:00', '2013-12-26 05:30:43'),
(436, 1, 3, 436, 1, '2013-12-26', '10:59:00', '2013-12-26 05:30:44'),
(437, 1, 3, 437, 1, '2013-12-26', '10:59:00', '2013-12-26 05:30:44'),
(438, 1, 3, 438, 1, '2013-12-26', '10:59:00', '2013-12-26 05:30:44'),
(439, 1, 3, 439, 1, '2013-12-26', '10:59:00', '2013-12-26 05:30:44'),
(440, 1, 3, 440, 1, '2013-12-26', '10:59:00', '2013-12-26 05:30:44'),
(441, 1, 3, 441, 1, '2013-12-26', '10:59:00', '2013-12-26 05:30:44'),
(442, 1, 3, 442, 1, '2013-12-26', '10:59:00', '2013-12-26 05:30:45'),
(443, 1, 3, 443, 1, '2013-12-26', '10:59:00', '2013-12-26 05:30:45'),
(444, 1, 3, 444, 1, '2013-12-26', '10:59:00', '2013-12-26 05:30:45'),
(445, 1, 3, 445, 1, '2013-12-26', '10:59:00', '2013-12-26 05:30:45'),
(446, 1, 3, 446, 1, '2013-12-26', '10:59:00', '2013-12-26 05:30:45'),
(447, 1, 3, 447, 1, '2013-12-26', '10:59:00', '2013-12-26 05:30:45'),
(448, 1, 3, 448, 1, '2013-12-26', '10:59:00', '2013-12-26 05:30:46'),
(449, 1, 3, 449, 1, '2013-12-26', '10:59:00', '2013-12-26 05:30:46'),
(450, 1, 3, 450, 1, '2013-12-26', '10:59:00', '2013-12-26 05:30:47'),
(451, 1, 3, 451, 1, '2013-12-26', '10:59:00', '2013-12-26 05:30:47'),
(452, 1, 3, 452, 1, '2013-12-26', '10:59:00', '2013-12-26 05:30:47'),
(453, 1, 2, 453, 1, '2013-12-26', '10:59:00', '2013-12-26 05:30:47'),
(454, 1, 2, 454, 1, '2013-12-26', '10:59:00', '2013-12-26 05:30:47'),
(455, 1, 2, 455, 1, '2013-12-26', '10:59:00', '2013-12-26 05:30:48'),
(456, 1, 2, 456, 1, '2013-12-26', '10:59:00', '2013-12-26 05:30:48'),
(457, 1, 2, 457, 1, '2013-12-26', '10:59:00', '2013-12-26 05:30:48'),
(458, 1, 2, 458, 1, '2013-12-26', '10:59:00', '2013-12-26 05:30:48'),
(459, 1, 2, 459, 1, '2013-12-26', '10:59:00', '2013-12-26 05:30:48'),
(460, 1, 2, 460, 1, '2013-12-26', '10:59:00', '2013-12-26 05:30:49'),
(461, 1, 2, 461, 1, '2013-12-26', '10:59:00', '2013-12-26 05:30:49'),
(462, 1, 2, 462, 1, '2013-12-26', '10:59:00', '2013-12-26 05:30:49'),
(463, 1, 2, 463, 1, '2013-12-26', '10:59:00', '2013-12-26 05:30:49'),
(464, 1, 2, 464, 1, '2013-12-26', '10:59:00', '2013-12-26 05:30:49'),
(465, 1, 2, 465, 1, '2013-12-26', '10:59:00', '2013-12-26 05:30:49'),
(466, 1, 2, 466, 1, '2013-12-26', '10:59:00', '2013-12-26 05:30:49'),
(467, 1, 2, 467, 1, '2013-12-26', '10:59:00', '2013-12-26 05:30:50'),
(468, 1, 2, 468, 1, '2013-12-26', '10:59:00', '2013-12-26 05:30:50'),
(469, 1, 2, 469, 1, '2013-12-26', '10:59:00', '2013-12-26 05:30:50'),
(470, 1, 2, 470, 1, '2013-12-26', '10:59:00', '2013-12-26 05:30:50'),
(471, 1, 2, 471, 1, '2013-12-26', '10:59:00', '2013-12-26 05:30:50'),
(472, 1, 2, 472, 1, '2013-12-26', '10:59:00', '2013-12-26 05:30:51'),
(473, 1, 2, 473, 1, '2013-12-26', '10:59:00', '2013-12-26 05:30:51'),
(474, 1, 2, 474, 1, '2013-12-26', '10:59:00', '2013-12-26 05:30:51'),
(475, 1, 2, 475, 1, '2013-12-26', '10:59:00', '2013-12-26 05:30:51'),
(476, 1, 2, 476, 1, '2013-12-26', '10:59:00', '2013-12-26 05:30:51'),
(477, 1, 2, 477, 1, '2013-12-26', '10:59:00', '2013-12-26 05:30:51'),
(478, 1, 2, 478, 1, '2013-12-26', '10:59:00', '2013-12-26 05:30:52'),
(479, 1, 2, 479, 1, '2013-12-26', '10:59:00', '2013-12-26 05:30:52'),
(480, 1, 2, 480, 1, '2013-12-26', '10:59:00', '2013-12-26 05:30:52'),
(481, 1, 2, 481, 1, '2013-12-26', '10:59:00', '2013-12-26 05:30:52'),
(482, 1, 2, 482, 1, '2013-12-26', '10:59:00', '2013-12-26 05:30:53'),
(483, 1, 2, 483, 1, '2013-12-26', '10:59:00', '2013-12-26 05:30:53'),
(484, 1, 2, 484, 1, '2013-12-26', '10:59:00', '2013-12-26 05:30:53'),
(485, 1, 2, 485, 1, '2013-12-26', '10:59:00', '2013-12-26 05:30:53'),
(486, 1, 2, 486, 1, '2013-12-26', '10:59:00', '2013-12-26 05:30:53'),
(487, 1, 2, 487, 1, '2013-12-26', '10:59:00', '2013-12-26 05:30:53'),
(488, 1, 2, 488, 1, '2013-12-26', '10:59:00', '2013-12-26 05:30:54'),
(489, 1, 2, 489, 1, '2013-12-26', '10:59:00', '2013-12-26 05:30:54'),
(490, 1, 2, 490, 1, '2013-12-26', '10:59:00', '2013-12-26 05:30:54'),
(491, 1, 2, 491, 1, '2013-12-26', '10:59:00', '2013-12-26 05:30:54'),
(492, 1, 2, 492, 1, '2013-12-26', '10:59:00', '2013-12-26 05:30:54'),
(493, 1, 2, 493, 1, '2013-12-26', '10:59:00', '2013-12-26 05:30:54'),
(494, 1, 2, 494, 1, '2013-12-26', '10:59:00', '2013-12-26 05:30:55'),
(495, 1, 2, 495, 1, '2013-12-26', '10:59:00', '2013-12-26 05:30:55'),
(496, 1, 2, 496, 1, '2013-12-26', '10:59:00', '2013-12-26 05:30:55'),
(497, 1, 2, 497, 1, '2013-12-26', '10:59:00', '2013-12-26 05:30:55'),
(498, 1, 2, 498, 1, '2013-12-26', '10:59:00', '2013-12-26 05:30:55'),
(499, 1, 2, 499, 1, '2013-12-26', '10:59:00', '2013-12-26 05:30:56'),
(500, 1, 2, 500, 1, '2013-12-26', '10:59:00', '2013-12-26 05:30:56'),
(501, 1, 2, 501, 1, '2013-12-26', '10:59:00', '2013-12-26 05:30:56'),
(502, 1, 2, 502, 1, '2013-12-26', '10:59:00', '2013-12-26 05:30:56'),
(503, 1, 2, 503, 1, '2013-12-26', '10:59:00', '2013-12-26 05:30:56'),
(504, 1, 2, 504, 1, '2013-12-26', '10:59:00', '2013-12-26 05:30:56'),
(505, 1, 2, 505, 1, '2013-12-26', '10:59:00', '2013-12-26 05:30:57'),
(506, 1, 2, 506, 1, '2013-12-26', '10:59:00', '2013-12-26 05:30:57'),
(507, 1, 2, 507, 1, '2013-12-26', '10:59:00', '2013-12-26 05:30:57'),
(508, 1, 2, 508, 1, '2013-12-26', '10:59:00', '2013-12-26 05:30:58'),
(509, 1, 2, 509, 1, '2013-12-26', '10:59:00', '2013-12-26 05:30:58'),
(510, 1, 2, 510, 1, '2013-12-26', '10:59:00', '2013-12-26 05:30:58'),
(511, 1, 2, 511, 1, '2013-12-26', '10:59:00', '2013-12-26 05:30:58'),
(512, 1, 2, 512, 1, '2013-12-26', '10:59:00', '2013-12-26 05:30:58'),
(513, 1, 2, 513, 1, '2013-12-26', '10:59:00', '2013-12-26 05:30:59'),
(514, 1, 2, 514, 1, '2013-12-26', '10:59:00', '2013-12-26 05:30:59'),
(515, 1, 2, 515, 1, '2013-12-26', '10:59:00', '2013-12-26 05:30:59'),
(516, 1, 2, 516, 1, '2013-12-26', '10:59:00', '2013-12-26 05:30:59'),
(517, 1, 2, 517, 1, '2013-12-26', '10:59:00', '2013-12-26 05:30:59'),
(518, 1, 2, 518, 1, '2013-12-26', '10:59:00', '2013-12-26 05:30:59'),
(519, 1, 2, 519, 1, '2013-12-26', '10:59:00', '2013-12-26 05:31:00'),
(520, 1, 2, 520, 1, '2013-12-26', '10:59:00', '2013-12-26 05:31:00'),
(521, 1, 2, 521, 1, '2013-12-26', '10:59:00', '2013-12-26 05:31:00'),
(522, 1, 2, 522, 1, '2013-12-26', '10:59:00', '2013-12-26 05:31:00'),
(523, 1, 2, 523, 1, '2013-12-26', '10:59:00', '2013-12-26 05:31:00'),
(524, 1, 2, 524, 1, '2013-12-26', '10:59:00', '2013-12-26 05:31:00'),
(525, 1, 2, 525, 1, '2013-12-26', '10:59:00', '2013-12-26 05:31:01'),
(526, 1, 2, 526, 1, '2013-12-26', '10:59:00', '2013-12-26 05:31:01'),
(527, 1, 2, 527, 1, '2013-12-26', '10:59:00', '2013-12-26 05:31:01'),
(528, 1, 2, 528, 1, '2013-12-26', '10:59:00', '2013-12-26 05:31:01'),
(529, 1, 2, 529, 1, '2013-12-26', '10:59:00', '2013-12-26 05:31:01'),
(530, 1, 2, 530, 1, '2013-12-26', '10:59:00', '2013-12-26 05:31:01'),
(531, 1, 2, 531, 1, '2013-12-26', '10:59:00', '2013-12-26 05:31:01'),
(532, 1, 2, 532, 1, '2013-12-26', '10:59:00', '2013-12-26 05:31:02'),
(533, 1, 2, 533, 1, '2013-12-26', '10:59:00', '2013-12-26 05:31:02'),
(534, 1, 2, 534, 1, '2013-12-26', '10:59:00', '2013-12-26 05:31:02'),
(535, 1, 2, 535, 1, '2013-12-26', '10:59:00', '2013-12-26 05:31:02'),
(536, 1, 2, 536, 1, '2013-12-26', '10:59:00', '2013-12-26 05:31:02'),
(537, 1, 2, 537, 1, '2013-12-26', '10:59:00', '2013-12-26 05:31:02'),
(538, 1, 2, 538, 1, '2013-12-26', '10:59:00', '2013-12-26 05:31:03'),
(539, 1, 2, 539, 1, '2013-12-26', '10:59:00', '2013-12-26 05:31:03'),
(540, 1, 2, 540, 1, '2013-12-26', '10:59:00', '2013-12-26 05:31:03'),
(541, 1, 2, 541, 1, '2013-12-26', '10:59:00', '2013-12-26 05:31:03'),
(542, 1, 2, 542, 1, '2013-12-26', '10:59:00', '2013-12-26 05:31:03'),
(543, 1, 2, 543, 1, '2013-12-26', '10:59:00', '2013-12-26 05:31:03'),
(544, 1, 2, 544, 1, '2013-12-26', '10:59:00', '2013-12-26 05:31:04'),
(545, 1, 2, 545, 1, '2013-12-26', '10:59:00', '2013-12-26 05:31:04'),
(546, 1, 8, 546, 1, '2013-12-26', '10:59:00', '2013-12-26 05:31:04'),
(547, 1, 8, 547, 1, '2013-12-26', '10:59:00', '2013-12-26 05:31:04'),
(548, 1, 8, 548, 1, '2013-12-26', '10:59:00', '2013-12-26 05:31:04'),
(549, 1, 8, 549, 1, '2013-12-26', '10:59:00', '2013-12-26 05:31:04'),
(550, 1, 8, 550, 1, '2013-12-26', '10:59:00', '2013-12-26 05:31:05'),
(551, 1, 8, 551, 1, '2013-12-26', '10:59:00', '2013-12-26 05:31:05'),
(552, 1, 8, 552, 1, '2013-12-26', '10:59:00', '2013-12-26 05:31:05'),
(553, 1, 8, 553, 1, '2013-12-26', '10:59:00', '2013-12-26 05:31:05'),
(554, 1, 8, 554, 1, '2013-12-26', '10:59:00', '2013-12-26 05:31:05'),
(555, 1, 8, 555, 1, '2013-12-26', '10:59:00', '2013-12-26 05:31:05'),
(556, 1, 8, 556, 1, '2013-12-26', '10:59:00', '2013-12-26 05:31:05'),
(557, 1, 8, 557, 1, '2013-12-26', '10:59:00', '2013-12-26 05:31:06'),
(558, 1, 8, 558, 1, '2013-12-26', '10:59:00', '2013-12-26 05:31:06'),
(559, 1, 8, 559, 1, '2013-12-26', '10:59:00', '2013-12-26 05:31:06'),
(560, 1, 8, 560, 1, '2013-12-26', '10:59:00', '2013-12-26 05:31:06'),
(561, 1, 8, 561, 1, '2013-12-26', '10:59:00', '2013-12-26 05:31:06'),
(562, 1, 8, 562, 1, '2013-12-26', '10:59:00', '2013-12-26 05:31:07'),
(563, 1, 8, 563, 1, '2013-12-26', '10:59:00', '2013-12-26 05:31:07'),
(564, 1, 8, 564, 1, '2013-12-26', '10:59:00', '2013-12-26 05:31:07'),
(565, 1, 8, 565, 1, '2013-12-26', '10:59:00', '2013-12-26 05:31:07'),
(566, 1, 8, 566, 1, '2013-12-26', '10:59:00', '2013-12-26 05:31:07'),
(567, 1, 8, 567, 1, '2013-12-26', '10:59:00', '2013-12-26 05:31:07'),
(568, 1, 8, 568, 1, '2013-12-26', '10:59:00', '2013-12-26 05:31:08'),
(569, 1, 8, 569, 1, '2013-12-26', '10:59:00', '2013-12-26 05:31:08'),
(570, 1, 8, 570, 1, '2013-12-26', '10:59:00', '2013-12-26 05:31:08'),
(571, 1, 8, 571, 1, '2013-12-26', '10:59:00', '2013-12-26 05:31:09'),
(572, 1, 8, 572, 1, '2013-12-26', '10:59:00', '2013-12-26 05:31:09'),
(573, 1, 8, 573, 1, '2013-12-26', '10:59:00', '2013-12-26 05:31:09'),
(574, 1, 8, 574, 1, '2013-12-26', '10:59:00', '2013-12-26 05:31:09'),
(575, 1, 8, 575, 1, '2013-12-26', '10:59:00', '2013-12-26 05:31:09'),
(576, 1, 8, 576, 1, '2013-12-26', '10:59:00', '2013-12-26 05:31:09'),
(577, 1, 8, 577, 1, '2013-12-26', '10:59:00', '2013-12-26 05:31:10'),
(578, 1, 8, 578, 1, '2013-12-26', '10:59:00', '2013-12-26 05:31:10'),
(579, 1, 8, 579, 1, '2013-12-26', '10:59:00', '2013-12-26 05:31:10'),
(580, 1, 8, 580, 1, '2013-12-26', '10:59:00', '2013-12-26 05:31:10'),
(581, 1, 8, 581, 1, '2013-12-26', '10:59:00', '2013-12-26 05:31:10'),
(582, 1, 8, 582, 1, '2013-12-26', '10:59:00', '2013-12-26 05:31:10'),
(583, 1, 8, 583, 1, '2013-12-26', '10:59:00', '2013-12-26 05:31:11'),
(584, 1, 8, 584, 1, '2013-12-26', '10:59:00', '2013-12-26 05:31:11'),
(585, 1, 8, 585, 1, '2013-12-26', '10:59:00', '2013-12-26 05:31:11'),
(586, 1, 8, 586, 1, '2013-12-26', '10:59:00', '2013-12-26 05:31:11'),
(587, 1, 8, 587, 1, '2013-12-26', '10:59:00', '2013-12-26 05:31:11'),
(588, 1, 8, 588, 1, '2013-12-26', '10:59:00', '2013-12-26 05:31:11'),
(589, 1, 8, 589, 1, '2013-12-26', '10:59:00', '2013-12-26 05:31:12'),
(590, 1, 8, 590, 1, '2013-12-26', '10:59:00', '2013-12-26 05:31:12'),
(591, 1, 8, 591, 1, '2013-12-26', '10:59:00', '2013-12-26 05:31:12'),
(592, 1, 8, 592, 1, '2013-12-26', '10:59:00', '2013-12-26 05:31:12'),
(593, 1, 8, 593, 1, '2013-12-26', '10:59:00', '2013-12-26 05:31:12'),
(594, 1, 8, 594, 1, '2013-12-26', '10:59:00', '2013-12-26 05:31:12'),
(595, 1, 8, 595, 1, '2013-12-26', '10:59:00', '2013-12-26 05:31:12'),
(596, 1, 2, 596, 1, '2013-12-26', '10:59:00', '2013-12-26 05:31:13'),
(597, 1, 2, 597, 1, '2013-12-26', '10:59:00', '2013-12-26 05:31:13'),
(598, 1, 2, 598, 1, '2013-12-26', '10:59:00', '2013-12-26 05:31:13'),
(599, 1, 2, 599, 1, '2013-12-26', '10:59:00', '2013-12-26 05:31:13'),
(600, 1, 2, 600, 1, '2013-12-26', '10:59:00', '2013-12-26 05:31:13'),
(601, 1, 2, 601, 1, '2013-12-26', '10:59:00', '2013-12-26 05:31:13'),
(602, 1, 2, 602, 1, '2013-12-26', '10:59:00', '2013-12-26 05:31:14'),
(603, 1, 2, 603, 1, '2013-12-26', '10:59:00', '2013-12-26 05:31:14'),
(604, 1, 2, 604, 1, '2013-12-26', '10:59:00', '2013-12-26 05:31:14'),
(605, 1, 2, 605, 1, '2013-12-26', '10:59:00', '2013-12-26 05:31:14'),
(606, 1, 2, 606, 1, '2013-12-26', '10:59:00', '2013-12-26 05:31:14'),
(607, 1, 2, 607, 1, '2013-12-26', '10:59:00', '2013-12-26 05:31:14'),
(608, 1, 2, 608, 1, '2013-12-26', '10:59:00', '2013-12-26 05:31:15'),
(609, 1, 2, 609, 1, '2013-12-26', '10:59:00', '2013-12-26 05:31:15'),
(610, 1, 2, 610, 1, '2013-12-26', '10:59:00', '2013-12-26 05:31:15'),
(611, 1, 2, 611, 1, '2013-12-26', '10:59:00', '2013-12-26 05:31:15'),
(612, 1, 2, 612, 1, '2013-12-26', '10:59:00', '2013-12-26 05:31:15'),
(613, 1, 2, 613, 1, '2013-12-26', '10:59:00', '2013-12-26 05:31:15'),
(614, 1, 2, 614, 1, '2013-12-26', '10:59:00', '2013-12-26 05:31:16'),
(615, 1, 2, 615, 1, '2013-12-26', '10:59:00', '2013-12-26 05:31:16'),
(616, 1, 2, 616, 1, '2013-12-26', '10:59:00', '2013-12-26 05:31:16'),
(617, 1, 2, 617, 1, '2013-12-26', '10:59:00', '2013-12-26 05:31:16'),
(618, 1, 2, 618, 1, '2013-12-26', '10:59:00', '2013-12-26 05:31:16'),
(619, 1, 2, 619, 1, '2013-12-26', '10:59:00', '2013-12-26 05:31:16'),
(620, 1, 2, 620, 1, '2013-12-26', '10:59:00', '2013-12-26 05:31:17'),
(621, 1, 2, 621, 1, '2013-12-26', '10:59:00', '2013-12-26 05:31:17'),
(622, 1, 2, 622, 1, '2013-12-26', '10:59:00', '2013-12-26 05:31:17'),
(623, 1, 2, 623, 1, '2013-12-26', '10:59:00', '2013-12-26 05:31:17'),
(624, 1, 7, 624, 1, '2013-12-26', '10:59:00', '2013-12-26 05:31:17'),
(625, 1, 7, 625, 1, '2013-12-26', '10:59:00', '2013-12-26 05:31:18'),
(626, 1, 7, 626, 1, '2013-12-26', '10:59:00', '2013-12-26 05:31:18'),
(627, 1, 7, 627, 1, '2013-12-26', '10:59:00', '2013-12-26 05:31:18'),
(628, 1, 7, 628, 1, '2013-12-26', '10:59:00', '2013-12-26 05:31:18'),
(629, 1, 7, 629, 1, '2013-12-26', '10:59:00', '2013-12-26 05:31:18'),
(630, 1, 2, 630, 1, '2013-12-26', '10:59:00', '2013-12-26 05:31:18'),
(631, 1, 2, 631, 1, '2013-12-26', '10:59:00', '2013-12-26 05:31:19'),
(632, 1, 2, 632, 1, '2013-12-26', '10:59:00', '2013-12-26 05:31:19'),
(633, 1, 2, 633, 1, '2013-12-26', '10:59:00', '2013-12-26 05:31:20'),
(634, 1, 2, 634, 1, '2013-12-26', '10:59:00', '2013-12-26 05:31:20'),
(635, 1, 2, 635, 1, '2013-12-26', '10:59:00', '2013-12-26 05:31:20'),
(636, 1, 2, 636, 1, '2013-12-26', '10:59:00', '2013-12-26 05:31:20'),
(637, 1, 2, 637, 1, '2013-12-26', '10:59:00', '2013-12-26 05:31:20'),
(638, 1, 2, 638, 1, '2013-12-26', '10:59:00', '2013-12-26 05:31:20'),
(639, 1, 2, 639, 1, '2013-12-26', '10:59:00', '2013-12-26 05:31:21'),
(640, 1, 2, 640, 1, '2013-12-26', '10:59:00', '2013-12-26 05:31:21'),
(641, 1, 2, 641, 1, '2013-12-26', '10:59:00', '2013-12-26 05:31:21'),
(642, 1, 2, 642, 1, '2013-12-26', '10:59:00', '2013-12-26 05:31:21'),
(643, 1, 2, 643, 1, '2013-12-26', '10:59:00', '2013-12-26 05:31:21'),
(644, 1, 2, 644, 1, '2013-12-26', '10:59:00', '2013-12-26 05:31:21'),
(645, 1, 2, 645, 1, '2013-12-26', '10:59:00', '2013-12-26 05:31:22'),
(646, 1, 2, 646, 1, '2013-12-26', '10:59:00', '2013-12-26 05:31:22'),
(647, 1, 2, 647, 1, '2013-12-26', '10:59:00', '2013-12-26 05:31:22'),
(648, 1, 2, 648, 1, '2013-12-26', '10:59:00', '2013-12-26 05:31:22'),
(649, 1, 2, 649, 1, '2013-12-26', '10:59:00', '2013-12-26 05:31:22'),
(650, 1, 2, 650, 1, '2013-12-26', '10:59:00', '2013-12-26 05:31:22'),
(651, 1, 2, 651, 1, '2013-12-26', '10:59:00', '2013-12-26 05:31:23'),
(652, 1, 2, 652, 1, '2013-12-26', '10:59:00', '2013-12-26 05:31:23'),
(653, 1, 2, 653, 1, '2013-12-26', '10:59:00', '2013-12-26 05:31:23'),
(654, 1, 2, 654, 1, '2013-12-26', '10:59:00', '2013-12-26 05:31:23'),
(655, 1, 2, 655, 1, '2013-12-26', '10:59:00', '2013-12-26 05:31:24'),
(656, 1, 2, 656, 1, '2013-12-26', '10:59:00', '2013-12-26 05:31:24'),
(657, 1, 2, 657, 1, '2013-12-26', '10:59:00', '2013-12-26 05:31:24'),
(658, 1, 2, 658, 1, '2013-12-26', '10:59:00', '2013-12-26 05:31:24'),
(659, 1, 2, 659, 1, '2013-12-26', '10:59:00', '2013-12-26 05:31:25'),
(660, 1, 2, 660, 1, '2013-12-26', '10:59:00', '2013-12-26 05:31:25'),
(661, 1, 2, 661, 1, '2013-12-26', '10:59:00', '2013-12-26 05:31:25'),
(662, 1, 2, 662, 1, '2013-12-26', '10:59:00', '2013-12-26 05:31:25'),
(663, 1, 2, 663, 1, '2013-12-26', '10:59:00', '2013-12-26 05:31:25'),
(664, 1, 2, 664, 1, '2013-12-26', '10:59:00', '2013-12-26 05:31:26'),
(665, 1, 2, 665, 1, '2013-12-26', '10:59:00', '2013-12-26 05:31:26'),
(666, 1, 2, 666, 1, '2013-12-26', '10:59:00', '2013-12-26 05:31:26'),
(667, 1, 2, 667, 1, '2013-12-26', '10:59:00', '2013-12-26 05:31:26'),
(668, 1, 2, 668, 1, '2013-12-26', '10:59:00', '2013-12-26 05:31:26'),
(669, 1, 2, 669, 1, '2013-12-26', '10:59:00', '2013-12-26 05:31:26'),
(670, 1, 2, 670, 1, '2013-12-26', '10:59:00', '2013-12-26 05:31:27'),
(671, 1, 2, 671, 1, '2013-12-26', '10:59:00', '2013-12-26 05:31:27'),
(672, 1, 2, 672, 1, '2013-12-26', '10:59:00', '2013-12-26 05:31:27'),
(673, 1, 2, 673, 1, '2013-12-26', '10:59:00', '2013-12-26 05:31:27'),
(674, 1, 2, 674, 1, '2013-12-26', '10:59:00', '2013-12-26 05:31:27'),
(675, 1, 2, 675, 1, '2013-12-26', '10:59:00', '2013-12-26 05:31:27'),
(676, 1, 2, 676, 1, '2013-12-26', '10:59:00', '2013-12-26 05:31:28'),
(677, 1, 2, 677, 1, '2013-12-26', '10:59:00', '2013-12-26 05:31:28'),
(678, 1, 2, 678, 1, '2013-12-26', '10:59:00', '2013-12-26 05:31:28'),
(679, 1, 2, 679, 1, '2013-12-26', '10:59:00', '2013-12-26 05:31:28'),
(680, 1, 2, 680, 1, '2013-12-26', '10:59:00', '2013-12-26 05:31:28'),
(681, 1, 2, 681, 1, '2013-12-26', '10:59:00', '2013-12-26 05:31:28'),
(682, 1, 2, 682, 1, '2013-12-26', '10:59:00', '2013-12-26 05:31:29'),
(683, 1, 2, 683, 1, '2013-12-26', '10:59:00', '2013-12-26 05:31:29'),
(684, 1, 2, 684, 1, '2013-12-26', '10:59:00', '2013-12-26 05:31:29'),
(685, 1, 2, 685, 1, '2013-12-26', '10:59:00', '2013-12-26 05:31:29'),
(686, 1, 2, 686, 1, '2013-12-26', '10:59:00', '2013-12-26 05:31:29'),
(687, 1, 2, 687, 1, '2013-12-26', '10:59:00', '2013-12-26 05:31:29'),
(688, 1, 2, 688, 1, '2013-12-26', '10:59:00', '2013-12-26 05:31:30'),
(689, 1, 2, 689, 1, '2013-12-26', '10:59:00', '2013-12-26 05:31:31'),
(690, 1, 2, 690, 1, '2013-12-26', '10:59:00', '2013-12-26 05:31:31'),
(691, 1, 2, 691, 1, '2013-12-26', '10:59:00', '2013-12-26 05:31:31'),
(692, 1, 2, 692, 1, '2013-12-26', '10:59:00', '2013-12-26 05:31:31'),
(693, 1, 2, 693, 1, '2013-12-26', '10:59:00', '2013-12-26 05:31:31'),
(694, 1, 2, 694, 1, '2013-12-26', '10:59:00', '2013-12-26 05:31:31'),
(695, 1, 2, 695, 1, '2013-12-26', '10:59:00', '2013-12-26 05:31:31'),
(696, 1, 2, 696, 1, '2013-12-26', '10:59:00', '2013-12-26 05:31:32'),
(697, 1, 2, 697, 1, '2013-12-26', '10:59:00', '2013-12-26 05:31:32'),
(698, 1, 2, 698, 1, '2013-12-26', '10:59:00', '2013-12-26 05:31:32'),
(699, 1, 2, 699, 1, '2013-12-26', '10:59:00', '2013-12-26 05:31:32'),
(700, 1, 2, 700, 1, '2013-12-26', '10:59:00', '2013-12-26 05:31:32'),
(701, 1, 2, 701, 1, '2013-12-26', '10:59:00', '2013-12-26 05:31:32'),
(702, 1, 2, 702, 1, '2013-12-26', '10:59:00', '2013-12-26 05:31:33'),
(703, 1, 2, 703, 1, '2013-12-26', '10:59:00', '2013-12-26 05:31:33'),
(704, 1, 2, 704, 1, '2013-12-26', '10:59:00', '2013-12-26 05:31:33'),
(705, 1, 2, 705, 1, '2013-12-26', '10:59:00', '2013-12-26 05:31:33'),
(706, 1, 2, 706, 1, '2013-12-26', '10:59:00', '2013-12-26 05:31:33'),
(707, 1, 2, 707, 1, '2013-12-26', '10:59:00', '2013-12-26 05:31:33'),
(708, 1, 2, 708, 1, '2013-12-26', '10:59:00', '2013-12-26 05:31:34'),
(709, 1, 2, 709, 1, '2013-12-26', '10:59:00', '2013-12-26 05:31:34'),
(710, 1, 2, 710, 1, '2013-12-26', '10:59:00', '2013-12-26 05:31:34'),
(711, 1, 2, 711, 1, '2013-12-26', '10:59:00', '2013-12-26 05:31:34'),
(712, 1, 2, 712, 1, '2013-12-26', '10:59:00', '2013-12-26 05:31:34'),
(713, 1, 7, 713, 1, '2013-12-26', '10:59:00', '2013-12-26 05:31:34'),
(714, 1, 7, 714, 1, '2013-12-26', '10:59:00', '2013-12-26 05:31:35'),
(715, 1, 2, 715, 1, '2013-12-26', '10:59:00', '2013-12-26 05:31:35'),
(716, 1, 2, 716, 1, '2013-12-26', '10:59:00', '2013-12-26 05:31:35'),
(717, 1, 2, 717, 1, '2013-12-26', '10:59:00', '2013-12-26 05:31:35'),
(719, 1, 2, 719, 1, '2013-12-26', '10:59:00', '2013-12-26 05:31:35'),
(720, 1, 2, 720, 1, '2013-12-26', '10:59:00', '2013-12-26 05:31:35'),
(721, 1, 2, 721, 1, '2013-12-26', '10:59:00', '2013-12-26 05:31:36'),
(722, 1, 2, 722, 1, '2013-12-26', '10:59:00', '2013-12-26 05:31:36'),
(723, 1, 2, 723, 1, '2013-12-26', '10:59:00', '2013-12-26 05:31:36'),
(724, 1, 2, 724, 1, '2013-12-26', '10:59:00', '2013-12-26 05:31:36'),
(725, 1, 2, 725, 1, '2013-12-26', '10:59:00', '2013-12-26 05:31:36'),
(726, 1, 2, 726, 1, '2013-12-26', '10:59:00', '2013-12-26 05:31:36'),
(727, 1, 2, 727, 1, '2013-12-26', '10:59:00', '2013-12-26 05:31:37'),
(728, 1, 2, 728, 1, '2013-12-26', '10:59:00', '2013-12-26 05:31:37'),
(729, 1, 2, 729, 1, '2013-12-26', '10:59:00', '2013-12-26 05:31:37'),
(730, 1, 2, 730, 1, '2013-12-26', '10:59:00', '2013-12-26 05:31:37'),
(731, 1, 2, 731, 1, '2013-12-26', '10:59:00', '2013-12-26 05:31:37'),
(732, 1, 2, 732, 1, '2013-12-26', '10:59:00', '2013-12-26 05:31:38'),
(733, 1, 2, 733, 1, '2013-12-26', '10:59:00', '2013-12-26 05:31:38'),
(734, 1, 2, 734, 1, '2013-12-26', '10:59:00', '2013-12-26 05:31:38'),
(735, 1, 2, 735, 1, '2013-12-26', '10:59:00', '2013-12-26 05:31:38'),
(736, 1, 2, 736, 1, '2013-12-26', '10:59:00', '2013-12-26 05:31:38'),
(737, 1, 2, 737, 1, '2013-12-26', '10:59:00', '2013-12-26 05:31:38');
INSERT INTO `tbl_item_map` (`id_item_map`, `id_division`, `id_item_category`, `id_item`, `item_map_satatus`, `added_date`, `added_time`, `added_timestamp`) VALUES
(738, 1, 2, 738, 1, '2013-12-26', '10:59:00', '2013-12-26 05:31:38'),
(739, 1, 2, 739, 1, '2013-12-26', '10:59:00', '2013-12-26 05:31:39'),
(740, 1, 2, 740, 1, '2013-12-26', '10:59:00', '2013-12-26 05:31:39'),
(741, 1, 2, 741, 1, '2013-12-26', '10:59:00', '2013-12-26 05:31:39'),
(742, 1, 2, 742, 1, '2013-12-26', '10:59:00', '2013-12-26 05:31:39'),
(743, 1, 2, 743, 1, '2013-12-26', '10:59:00', '2013-12-26 05:31:39'),
(744, 1, 2, 744, 0, '2013-12-28', '13:06:40', '2013-12-28 07:38:01'),
(745, 1, 1, 745, 1, '2013-12-28', '13:06:40', '2013-12-28 07:36:40'),
(746, 2, 12, 746, 1, '2014-02-19', '10:52:00', '2014-02-19 05:22:39'),
(747, 2, 12, 747, 1, '2014-02-19', '10:52:00', '2014-02-19 05:22:39'),
(748, 2, 13, 748, 1, '2014-02-19', '10:52:00', '2014-02-19 05:22:39'),
(749, 2, 12, 749, 1, '2014-02-19', '10:52:00', '2014-02-19 05:22:39'),
(750, 2, 12, 750, 1, '2014-02-19', '10:52:00', '2014-02-19 05:22:39'),
(751, 2, 12, 751, 1, '2014-02-19', '10:52:00', '2014-02-19 05:22:39'),
(752, 2, 13, 752, 1, '2014-02-19', '10:52:00', '2014-02-19 05:22:39'),
(753, 2, 13, 753, 1, '2014-02-19', '10:52:00', '2014-02-19 05:22:40'),
(754, 2, 12, 754, 1, '2014-02-19', '10:52:00', '2014-02-19 05:22:40'),
(755, 2, 13, 755, 1, '2014-02-19', '10:52:00', '2014-02-19 05:22:40'),
(756, 2, 13, 756, 1, '2014-02-19', '10:52:00', '2014-02-19 05:22:40'),
(757, 2, 13, 757, 1, '2014-02-19', '10:52:00', '2014-02-19 05:22:40'),
(758, 2, 13, 758, 1, '2014-02-19', '10:52:00', '2014-02-19 05:22:40'),
(759, 2, 13, 759, 1, '2014-02-19', '10:52:00', '2014-02-19 05:22:40'),
(760, 2, 13, 760, 1, '2014-02-19', '10:52:00', '2014-02-19 05:22:41'),
(761, 2, 13, 761, 1, '2014-02-19', '10:52:00', '2014-02-19 05:22:41'),
(762, 2, 13, 762, 1, '2014-02-19', '10:52:00', '2014-02-19 05:22:41'),
(763, 2, 13, 763, 1, '2014-02-19', '10:52:00', '2014-02-19 05:22:41'),
(764, 2, 13, 764, 1, '2014-02-19', '10:52:00', '2014-02-19 05:22:41'),
(765, 2, 13, 765, 1, '2014-02-19', '10:52:00', '2014-02-19 05:22:41'),
(766, 2, 13, 766, 1, '2014-02-19', '10:52:00', '2014-02-19 05:22:41'),
(767, 2, 13, 767, 1, '2014-02-19', '10:52:00', '2014-02-19 05:22:42'),
(768, 2, 13, 768, 1, '2014-02-19', '10:52:00', '2014-02-19 05:22:42'),
(769, 2, 13, 769, 1, '2014-02-19', '10:52:00', '2014-02-19 05:22:42'),
(770, 2, 13, 770, 1, '2014-02-19', '10:52:00', '2014-02-19 05:22:42'),
(771, 2, 13, 771, 1, '2014-02-19', '10:52:00', '2014-02-19 05:22:42'),
(772, 2, 13, 772, 1, '2014-02-19', '10:52:00', '2014-02-19 05:22:42'),
(773, 2, 13, 773, 1, '2014-02-19', '10:52:00', '2014-02-19 05:22:42'),
(774, 2, 13, 774, 1, '2014-02-19', '10:52:00', '2014-02-19 05:22:43'),
(775, 2, 13, 775, 1, '2014-02-19', '10:52:00', '2014-02-19 05:22:43'),
(776, 2, 13, 776, 1, '2014-02-19', '10:52:00', '2014-02-19 05:22:43'),
(777, 2, 13, 777, 1, '2014-02-19', '10:52:00', '2014-02-19 05:22:43'),
(778, 2, 13, 778, 1, '2014-02-19', '10:52:00', '2014-02-19 05:22:43'),
(779, 2, 13, 779, 1, '2014-02-19', '10:52:00', '2014-02-19 05:22:43'),
(780, 2, 13, 780, 1, '2014-02-19', '10:52:00', '2014-02-19 05:22:43'),
(781, 2, 13, 781, 1, '2014-02-19', '10:52:00', '2014-02-19 05:22:44'),
(782, 2, 13, 782, 1, '2014-02-19', '10:52:00', '2014-02-19 05:22:44'),
(783, 2, 13, 783, 1, '2014-02-19', '10:52:00', '2014-02-19 05:22:44'),
(784, 2, 13, 784, 1, '2014-02-19', '10:52:00', '2014-02-19 05:22:44'),
(785, 2, 13, 785, 1, '2014-02-19', '10:52:00', '2014-02-19 05:22:44'),
(786, 2, 13, 786, 1, '2014-02-19', '10:52:00', '2014-02-19 05:22:44'),
(787, 2, 14, 787, 1, '2014-02-19', '10:52:00', '2014-02-19 05:22:44'),
(788, 2, 14, 788, 1, '2014-02-19', '10:52:00', '2014-02-19 05:22:45'),
(789, 2, 14, 789, 1, '2014-02-19', '10:52:00', '2014-02-19 05:22:45'),
(790, 2, 12, 790, 1, '2014-02-19', '10:52:00', '2014-02-19 05:22:45'),
(791, 2, 12, 791, 1, '2014-02-19', '10:52:00', '2014-02-19 05:22:45'),
(792, 2, 12, 792, 1, '2014-02-19', '10:52:00', '2014-02-19 05:22:45'),
(793, 2, 17, 793, 1, '2014-02-19', '10:52:00', '2014-02-19 05:22:46'),
(794, 2, 17, 794, 1, '2014-02-19', '10:52:00', '2014-02-19 05:22:46'),
(795, 2, 17, 795, 1, '2014-02-19', '10:52:00', '2014-02-19 05:22:46'),
(796, 2, 17, 796, 1, '2014-02-19', '10:52:00', '2014-02-19 05:22:46'),
(797, 2, 17, 797, 1, '2014-02-19', '10:52:00', '2014-02-19 05:22:46'),
(798, 2, 17, 798, 1, '2014-02-19', '10:52:00', '2014-02-19 05:22:46'),
(799, 2, 17, 799, 1, '2014-02-19', '10:52:00', '2014-02-19 05:22:46'),
(800, 2, 17, 800, 1, '2014-02-19', '10:52:00', '2014-02-19 05:22:47'),
(801, 2, 17, 801, 1, '2014-02-19', '10:52:00', '2014-02-19 05:22:47'),
(802, 2, 17, 802, 1, '2014-02-19', '10:52:00', '2014-02-19 05:22:47'),
(803, 2, 17, 803, 1, '2014-02-19', '10:52:00', '2014-02-19 05:22:47'),
(804, 2, 12, 804, 1, '2014-02-19', '10:52:00', '2014-02-19 05:22:47'),
(805, 2, 13, 805, 1, '2014-02-19', '10:52:00', '2014-02-19 05:22:48'),
(806, 2, 13, 806, 1, '2014-02-19', '10:52:00', '2014-02-19 05:22:48'),
(807, 2, 14, 807, 1, '2014-02-19', '10:52:00', '2014-02-19 05:22:48'),
(808, 2, 14, 808, 1, '2014-02-19', '10:52:00', '2014-02-19 05:22:48'),
(809, 2, 14, 809, 1, '2014-02-19', '10:52:00', '2014-02-19 05:22:48'),
(810, 2, 13, 810, 1, '2014-02-19', '10:52:00', '2014-02-19 05:22:48'),
(811, 2, 12, 811, 1, '2014-02-19', '10:52:00', '2014-02-19 05:22:49'),
(812, 2, 14, 812, 1, '2014-02-19', '10:52:00', '2014-02-19 05:22:49'),
(813, 2, 12, 813, 1, '2014-02-19', '10:52:00', '2014-02-19 05:22:50'),
(814, 2, 14, 814, 1, '2014-02-19', '10:52:00', '2014-02-19 05:22:50'),
(815, 2, 13, 815, 1, '2014-02-19', '10:52:00', '2014-02-19 05:22:50'),
(816, 2, 12, 816, 1, '2014-02-19', '10:52:00', '2014-02-19 05:22:50'),
(817, 2, 14, 817, 1, '2014-02-19', '10:52:00', '2014-02-19 05:22:50'),
(818, 2, 12, 818, 1, '2014-02-19', '10:52:00', '2014-02-19 05:22:50'),
(819, 2, 16, 819, 1, '2014-02-19', '10:52:00', '2014-02-19 05:22:51'),
(820, 2, 16, 820, 1, '2014-02-19', '10:52:00', '2014-02-19 05:22:51'),
(821, 2, 16, 821, 1, '2014-02-19', '10:52:00', '2014-02-19 05:22:51'),
(822, 2, 16, 822, 1, '2014-02-19', '10:52:00', '2014-02-19 05:22:51'),
(823, 2, 16, 823, 1, '2014-02-19', '10:52:00', '2014-02-19 05:22:51'),
(824, 2, 16, 824, 1, '2014-02-19', '10:52:00', '2014-02-19 05:22:51'),
(825, 2, 16, 825, 1, '2014-02-19', '10:52:00', '2014-02-19 05:22:52'),
(826, 2, 16, 826, 1, '2014-02-19', '10:52:00', '2014-02-19 05:22:52'),
(827, 2, 16, 827, 1, '2014-02-19', '10:52:00', '2014-02-19 05:22:52'),
(828, 2, 16, 828, 1, '2014-02-19', '10:52:00', '2014-02-19 05:22:52'),
(829, 2, 14, 829, 1, '2014-02-19', '10:52:00', '2014-02-19 05:22:52'),
(830, 2, 14, 830, 1, '2014-02-19', '10:52:00', '2014-02-19 05:22:52'),
(831, 2, 14, 831, 1, '2014-02-19', '10:52:00', '2014-02-19 05:22:53'),
(832, 2, 14, 832, 1, '2014-02-19', '10:52:00', '2014-02-19 05:22:53'),
(833, 2, 14, 833, 1, '2014-02-19', '10:52:00', '2014-02-19 05:22:53'),
(834, 2, 14, 834, 1, '2014-02-19', '10:52:00', '2014-02-19 05:22:53'),
(835, 2, 14, 835, 1, '2014-02-19', '10:52:00', '2014-02-19 05:22:53'),
(836, 2, 14, 836, 1, '2014-02-19', '10:52:00', '2014-02-19 05:22:53'),
(837, 2, 14, 837, 1, '2014-02-19', '10:52:00', '2014-02-19 05:22:54'),
(838, 2, 14, 838, 1, '2014-02-19', '10:52:00', '2014-02-19 05:22:54'),
(839, 2, 14, 839, 1, '2014-02-19', '10:52:00', '2014-02-19 05:22:54'),
(840, 2, 14, 840, 1, '2014-02-19', '10:52:00', '2014-02-19 05:22:54'),
(841, 2, 14, 841, 1, '2014-02-19', '10:52:00', '2014-02-19 05:22:54'),
(842, 2, 14, 842, 1, '2014-02-19', '10:52:00', '2014-02-19 05:22:54'),
(843, 2, 14, 843, 1, '2014-02-19', '10:52:00', '2014-02-19 05:22:54'),
(844, 2, 14, 844, 1, '2014-02-19', '10:52:00', '2014-02-19 05:22:55'),
(845, 2, 14, 845, 1, '2014-02-19', '10:52:00', '2014-02-19 05:22:55'),
(846, 2, 14, 846, 1, '2014-02-19', '10:52:00', '2014-02-19 05:22:55'),
(847, 2, 14, 847, 1, '2014-02-19', '10:52:00', '2014-02-19 05:22:55'),
(848, 2, 15, 848, 1, '2014-02-19', '10:52:00', '2014-02-19 05:22:55'),
(849, 2, 15, 849, 1, '2014-02-19', '10:52:00', '2014-02-19 05:22:55'),
(850, 2, 15, 850, 1, '2014-02-19', '10:52:00', '2014-02-19 05:22:56'),
(851, 2, 15, 851, 1, '2014-02-19', '10:52:00', '2014-02-19 05:22:56'),
(852, 2, 15, 852, 1, '2014-02-19', '10:52:00', '2014-02-19 05:22:56'),
(853, 2, 15, 853, 1, '2014-02-19', '10:52:00', '2014-02-19 05:22:56'),
(854, 2, 15, 854, 1, '2014-02-19', '10:52:00', '2014-02-19 05:22:56'),
(855, 2, 15, 855, 1, '2014-02-19', '10:52:00', '2014-02-19 05:22:56'),
(856, 2, 15, 856, 1, '2014-02-19', '10:52:00', '2014-02-19 05:22:56'),
(857, 2, 15, 857, 1, '2014-02-19', '10:52:00', '2014-02-19 05:22:57'),
(858, 2, 15, 858, 1, '2014-02-19', '10:52:00', '2014-02-19 05:22:57'),
(859, 2, 15, 859, 1, '2014-02-19', '10:52:00', '2014-02-19 05:22:57'),
(860, 2, 15, 860, 1, '2014-02-19', '10:52:00', '2014-02-19 05:22:57'),
(861, 2, 15, 861, 1, '2014-02-19', '10:52:00', '2014-02-19 05:22:57'),
(862, 2, 15, 862, 1, '2014-02-19', '10:52:00', '2014-02-19 05:22:57'),
(863, 2, 15, 863, 1, '2014-02-19', '10:52:00', '2014-02-19 05:22:57'),
(864, 2, 15, 864, 1, '2014-02-19', '10:52:00', '2014-02-19 05:22:58'),
(865, 2, 15, 865, 1, '2014-02-19', '10:52:00', '2014-02-19 05:22:58'),
(866, 2, 15, 866, 1, '2014-02-19', '10:52:00', '2014-02-19 05:22:58'),
(867, 2, 15, 867, 1, '2014-02-19', '10:52:00', '2014-02-19 05:22:58'),
(868, 2, 15, 868, 1, '2014-02-19', '10:52:00', '2014-02-19 05:22:58'),
(869, 2, 15, 869, 1, '2014-02-19', '10:52:00', '2014-02-19 05:22:58'),
(870, 2, 15, 870, 1, '2014-02-19', '10:52:00', '2014-02-19 05:22:58'),
(871, 2, 15, 871, 1, '2014-02-19', '10:52:00', '2014-02-19 05:22:59'),
(872, 2, 15, 872, 1, '2014-02-19', '10:52:00', '2014-02-19 05:22:59'),
(873, 2, 15, 873, 1, '2014-02-19', '10:52:00', '2014-02-19 05:22:59'),
(874, 2, 15, 874, 1, '2014-02-19', '10:52:00', '2014-02-19 05:22:59'),
(875, 2, 15, 875, 1, '2014-02-19', '10:52:00', '2014-02-19 05:22:59'),
(876, 2, 15, 876, 1, '2014-02-19', '10:52:00', '2014-02-19 05:22:59'),
(877, 2, 15, 877, 1, '2014-02-19', '10:52:00', '2014-02-19 05:23:00'),
(878, 2, 15, 878, 1, '2014-02-19', '10:52:00', '2014-02-19 05:23:00'),
(879, 2, 15, 879, 1, '2014-02-19', '10:52:00', '2014-02-19 05:23:00'),
(880, 2, 15, 880, 1, '2014-02-19', '10:52:00', '2014-02-19 05:23:01'),
(881, 2, 15, 881, 1, '2014-02-19', '10:52:00', '2014-02-19 05:23:01'),
(882, 2, 15, 882, 1, '2014-02-19', '10:52:00', '2014-02-19 05:23:01'),
(883, 2, 15, 883, 1, '2014-02-19', '10:52:00', '2014-02-19 05:23:01'),
(884, 2, 15, 884, 1, '2014-02-19', '10:52:00', '2014-02-19 05:23:01'),
(885, 2, 15, 885, 1, '2014-02-19', '10:52:00', '2014-02-19 05:23:01'),
(886, 2, 15, 886, 1, '2014-02-19', '10:52:00', '2014-02-19 05:23:01'),
(887, 2, 15, 887, 1, '2014-02-19', '10:52:00', '2014-02-19 05:23:02'),
(888, 2, 15, 888, 1, '2014-02-19', '10:52:00', '2014-02-19 05:23:02'),
(889, 2, 15, 889, 1, '2014-02-19', '10:52:00', '2014-02-19 05:23:02'),
(890, 2, 15, 890, 1, '2014-02-19', '10:52:00', '2014-02-19 05:23:02'),
(891, 2, 15, 891, 1, '2014-02-19', '10:52:00', '2014-02-19 05:23:02'),
(892, 2, 15, 892, 1, '2014-02-19', '10:52:00', '2014-02-19 05:23:02'),
(893, 2, 15, 893, 1, '2014-02-19', '10:52:00', '2014-02-19 05:23:02'),
(894, 2, 15, 894, 1, '2014-02-19', '10:52:00', '2014-02-19 05:23:03'),
(895, 2, 15, 895, 1, '2014-02-19', '10:52:00', '2014-02-19 05:23:03'),
(896, 2, 15, 896, 1, '2014-02-19', '10:52:00', '2014-02-19 05:23:03'),
(897, 2, 15, 897, 1, '2014-02-19', '10:52:00', '2014-02-19 05:23:03'),
(898, 2, 15, 898, 1, '2014-02-19', '10:52:00', '2014-02-19 05:23:03'),
(899, 2, 15, 899, 1, '2014-02-19', '10:52:00', '2014-02-19 05:23:03'),
(900, 2, 15, 900, 1, '2014-02-19', '10:52:00', '2014-02-19 05:23:04'),
(901, 2, 15, 901, 1, '2014-02-19', '10:52:00', '2014-02-19 05:23:04'),
(902, 2, 15, 902, 1, '2014-02-19', '10:52:00', '2014-02-19 05:23:04'),
(903, 2, 15, 903, 1, '2014-02-19', '10:52:00', '2014-02-19 05:23:04'),
(904, 2, 12, 904, 1, '2014-02-19', '10:52:00', '2014-02-19 05:23:04'),
(905, 2, 14, 905, 1, '2014-02-19', '10:52:00', '2014-02-19 05:23:04'),
(906, 2, 12, 906, 1, '2014-02-19', '10:52:00', '2014-02-19 05:23:04'),
(907, 2, 12, 907, 1, '2014-02-19', '10:52:00', '2014-02-19 05:23:04'),
(908, 2, 12, 908, 1, '2014-02-19', '10:52:00', '2014-02-19 05:23:05'),
(909, 2, 14, 909, 1, '2014-02-19', '10:52:00', '2014-02-19 05:23:05'),
(910, 2, 14, 910, 1, '2014-02-19', '10:52:00', '2014-02-19 05:23:05'),
(911, 2, 14, 911, 1, '2014-02-19', '10:52:00', '2014-02-19 05:23:05'),
(912, 2, 14, 912, 1, '2014-02-19', '10:52:00', '2014-02-19 05:23:05'),
(913, 2, 14, 913, 1, '2014-02-19', '10:52:00', '2014-02-19 05:23:05'),
(914, 2, 14, 914, 1, '2014-02-19', '10:52:00', '2014-02-19 05:23:05'),
(915, 2, 14, 915, 1, '2014-02-19', '10:52:00', '2014-02-19 05:23:06'),
(916, 1, 1, 916, 1, '2014-04-24', '10:04:02', '2014-04-24 04:34:02'),
(917, 1, 18, 917, 1, '2014-05-09', '09:07:26', '2014-05-09 03:37:26'),
(918, 1, 19, 918, 1, '2014-05-09', '09:07:26', '2014-05-09 03:37:26'),
(919, 1, 20, 919, 1, '2014-05-09', '09:07:26', '2014-05-09 03:37:26'),
(920, 1, 20, 920, 1, '2014-05-09', '09:07:26', '2014-05-09 03:37:26');

-- --------------------------------------------------------

--
-- Table structure for table `tbl_log`
--

CREATE TABLE IF NOT EXISTS `tbl_log` (
  `id_log` int(11) NOT NULL AUTO_INCREMENT,
  PRIMARY KEY (`id_log`)
) ENGINE=InnoDB DEFAULT CHARSET=latin1 AUTO_INCREMENT=1 ;

-- --------------------------------------------------------

--
-- Table structure for table `tbl_message`
--

CREATE TABLE IF NOT EXISTS `tbl_message` (
  `id_message` int(11) NOT NULL AUTO_INCREMENT,
  `id_employee_registration` int(11) DEFAULT NULL,
  `id_division` int(11) DEFAULT NULL,
  `id_territory` int(11) DEFAULT NULL,
  `message` text NOT NULL,
  `is_read` tinyint(4) DEFAULT '0',
  `message_status` tinyint(4) NOT NULL DEFAULT '1',
  `added_date` date DEFAULT NULL,
  `added_time` time DEFAULT NULL,
  `added_timestamp` timestamp NOT NULL DEFAULT CURRENT_TIMESTAMP ON UPDATE CURRENT_TIMESTAMP,
  PRIMARY KEY (`id_message`),
  KEY `fk_tbl_message_tbl_employee_registration1` (`id_employee_registration`),
  KEY `fk_tbl_message_tbl_division1` (`id_division`),
  KEY `fk_tbl_message_tbl_territory1` (`id_territory`)
) ENGINE=InnoDB DEFAULT CHARSET=latin1 AUTO_INCREMENT=1 ;

-- --------------------------------------------------------

--
-- Table structure for table `tbl_outlet`
--

CREATE TABLE IF NOT EXISTS `tbl_outlet` (
  `id_outlet` int(11) NOT NULL AUTO_INCREMENT,
  `id_outlet_registration` int(11) NOT NULL,
  `id_outlet_category` int(11) NOT NULL,
  `outlet_name` varchar(450) NOT NULL,
  `outlet_image` varchar(500) NOT NULL,
  `outlet_status` tinyint(4) NOT NULL,
  `added_date` date DEFAULT NULL,
  `added_time` time DEFAULT NULL,
  `added_timestamp` timestamp NULL DEFAULT CURRENT_TIMESTAMP ON UPDATE CURRENT_TIMESTAMP,
  PRIMARY KEY (`id_outlet`),
  KEY `fk_tbl_outlets_tbl_outlet_category1` (`id_outlet_category`),
  KEY `fk_tbl_outlet_tbl_outlet_registration1` (`id_outlet_registration`)
) ENGINE=InnoDB  DEFAULT CHARSET=latin1 AUTO_INCREMENT=398 ;

--
-- Dumping data for table `tbl_outlet`
--

INSERT INTO `tbl_outlet` (`id_outlet`, `id_outlet_registration`, `id_outlet_category`, `outlet_name`, `outlet_image`, `outlet_status`, `added_date`, `added_time`, `added_timestamp`) VALUES
(1, 1, 1, 'Prasadika Chemical', '', 1, '2013-11-21', '07:50:12', '2013-12-03 05:08:27'),
(2, 2, 7, 'N.D.S H.W', '', 1, '2013-11-21', '07:53:21', '2013-11-28 06:06:49'),
(3, 3, 1, 'Lalinda Chemical', '', 0, '2013-11-21', '07:55:29', '2013-12-03 04:44:40'),
(4, 4, 1, 'Sanajaya Chemical', '17-12-2013_4.jpg', 1, '2013-11-21', '07:56:38', '2013-12-17 06:39:05'),
(5, 5, 2, 'Aruna H.W', '05-03-2014_5.jpg', 1, '2013-11-21', '07:57:51', '2014-03-05 09:23:03'),
(6, 6, 5, 'Central Motors', '', 1, '2013-11-21', '07:57:52', '2013-11-28 06:06:49'),
(7, 7, 8, 'Madagama T.C', '', 1, '2013-11-21', '07:59:27', '2013-11-28 06:06:49'),
(8, 8, 7, 'Cadar Brothers', '16-12-2013_8.jpg', 1, '2013-11-21', '08:00:13', '2013-12-16 11:00:25'),
(9, 9, 8, 'Himesha T.C', '16-12-2013_9.jpg', 1, '2013-11-21', '08:01:48', '2013-12-16 05:22:19'),
(10, 10, 1, 'Shantha Chemical', '16-12-2013_10.jpg', 1, '2013-11-21', '08:03:05', '2013-12-16 11:03:56'),
(11, 11, 3, 'Singer Meegalawa', '', 1, '2013-11-21', '08:05:13', '2013-11-28 06:06:49'),
(12, 12, 1, 'Multy Chemical', '', 1, '2013-11-21', '08:06:13', '2013-11-28 06:06:49'),
(13, 13, 7, 'Razan chemical', '', 1, '2013-11-21', '08:06:22', '2013-11-28 06:06:49'),
(14, 14, 2, 'Mannr H.W', '', 1, '2013-11-21', '08:08:51', '2013-11-28 06:06:49'),
(15, 15, 1, 'Shan Chemical', '', 1, '2013-11-21', '08:21:24', '2013-11-28 06:06:49'),
(16, 16, 6, 'Pahalawaththa Stores', '', 1, '2013-11-21', '08:22:07', '2013-11-28 06:06:49'),
(17, 17, 1, 'Nirasha T.C', '16-12-2013_17.jpg', 1, '2013-11-21', '08:23:56', '2013-12-16 11:24:12'),
(18, 18, 1, 'Gifit Lanka', '04-01-2012_18.jpg', 1, '2013-11-21', '08:25:35', '2013-12-23 07:56:44'),
(19, 19, 1, 'Samarakoon', '', 1, '2013-11-21', '08:28:19', '2013-11-28 06:06:49'),
(20, 20, 1, 'Gunasiri Group', '16-12-2013_20.jpg', 1, '2013-11-21', '08:29:38', '2013-12-16 09:13:30'),
(21, 21, 1, 'A.D Agro', '23-12-2013_21.jpg', 1, '2013-11-21', '08:30:51', '2013-12-23 05:24:37'),
(22, 22, 8, 'W.Punchibanda', '', 1, '2013-11-21', '08:32:29', '2013-11-28 06:06:49'),
(23, 23, 1, 'Agro Lanka', '16-12-2013_23.jpg', 1, '2013-11-21', '08:33:28', '2013-12-16 11:02:23'),
(24, 24, 1, 'Purasda Krusisewa', '', 1, '2013-11-21', '08:34:15', '2013-11-28 06:06:49'),
(25, 25, 8, 'Rjarata Tool Center', '18-12-2013_25.jpg', 1, '2013-11-21', '08:34:40', '2013-12-18 10:49:27'),
(26, 26, 3, 'A.S.B Group', '', 1, '2013-11-21', '08:35:10', '2013-11-28 06:06:49'),
(27, 27, 5, 'Suramya', '', 1, '2013-11-21', '08:36:13', '2013-11-28 06:06:49'),
(28, 28, 1, 'Agrotech Lanka', '', 1, '2013-11-21', '08:36:17', '2013-11-28 06:06:49'),
(29, 29, 1, 'Chandana chemical', '', 1, '2013-11-21', '08:37:03', '2013-11-28 06:06:49'),
(30, 30, 1, 'Sampath T.C', '', 1, '2013-11-21', '08:38:05', '2013-11-28 06:06:49'),
(31, 31, 1, 'Sarusara gro', '', 1, '2013-11-21', '08:38:56', '2013-11-28 06:06:49'),
(32, 32, 1, 'K.M.G Chemical', '', 1, '2013-11-21', '08:39:46', '2013-11-28 06:06:49'),
(33, 33, 1, 'G.M.G Chemical', '10-01-2014_33.jpg', 1, '2013-11-21', '08:40:34', '2014-01-10 05:18:55'),
(34, 34, 3, 'S.N.B Finance', '', 1, '2013-11-21', '08:41:18', '2013-11-28 06:06:49'),
(35, 35, 1, 'Haritha Agro', '10-01-2014_35.jpg', 1, '2013-11-21', '08:41:58', '2014-01-10 06:45:08'),
(36, 36, 8, 'Yasiru T.C', '', 1, '2013-11-21', '08:42:51', '2013-11-28 06:06:49'),
(37, 37, 1, 'Sawasthipura Chemical', '', 1, '2013-11-21', '08:43:12', '2013-11-28 06:06:49'),
(38, 38, 1, 'Samarakoon', '', 1, '2013-11-21', '08:43:42', '2013-11-28 06:06:49'),
(39, 39, 1, 'Govijana Agro', '', 1, '2013-11-21', '08:44:27', '2013-11-28 06:06:49'),
(40, 40, 1, 'Rajangana Agro', '', 1, '2013-11-21', '08:45:10', '2013-11-28 06:06:49'),
(41, 41, 1, 'Gunawardena Chemical', '', 1, '2013-11-21', '08:45:55', '2013-11-28 06:06:49'),
(42, 42, 1, 'Dkshina Lanka', '', 1, '2013-11-21', '08:46:40', '2013-11-28 06:06:49'),
(43, 43, 2, 'Karunarathna stores', '01-01-2012_43.jpg', 1, '2013-11-21', '08:47:57', '2013-12-20 05:23:16'),
(44, 44, 1, 'Rehan T.C', '18-12-2013_44.jpg', 1, '2013-11-21', '08:52:07', '2013-12-18 10:45:52'),
(45, 45, 1, 'Pamal Moters', '24-04-2014_45.jpg', 1, '2013-11-21', '08:58:32', '2014-04-24 07:14:00'),
(47, 47, 6, 'D.J.H', '', 1, '2013-11-26', '10:02:48', '2013-11-28 06:06:49'),
(48, 48, 3, 'K.B Ekanayaka', '16-12-2013_48.jpg', 0, '2013-11-26', '10:14:04', '2013-12-16 11:35:24'),
(49, 49, 1, 'Saumya Chemical', '', 1, '2013-11-26', '10:18:34', '2013-11-28 06:06:49'),
(50, 50, 7, 'Sri Sanpath', '', 1, '2013-11-26', '10:20:57', '2013-11-28 06:06:49'),
(51, 51, 7, 'U.B Dissanayake', '', 1, '2013-11-26', '10:24:16', '2013-11-28 06:06:49'),
(52, 52, 1, 'Saruketha', '', 1, '2013-11-26', '10:27:20', '2013-11-28 06:06:49'),
(53, 53, 1, 'Ganga Chemical', '', 1, '2013-11-26', '10:29:12', '2013-11-28 06:06:49'),
(54, 54, 1, 'Anfel Chemical', '', 1, '2013-11-26', '10:30:56', '2013-11-28 06:06:49'),
(55, 55, 1, 'Mahawali H.W', '', 1, '2013-11-26', '10:32:28', '2013-11-28 06:06:49'),
(56, 56, 1, 'Wijayas Chemical', '', 1, '2013-11-26', '10:33:41', '2013-11-28 06:06:49'),
(57, 57, 8, 'Wayamba Lanka', '', 1, '2013-11-26', '10:35:15', '2013-11-28 06:06:49'),
(58, 58, 1, 'Govipiyasa', '', 1, '2013-11-26', '10:37:36', '2013-11-28 06:06:49'),
(59, 59, 1, 'Ruvini T.c', '', 1, '2013-11-26', '10:40:54', '2013-11-28 06:06:49'),
(60, 60, 1, 'Indika Chemical', '', 1, '2013-11-26', '10:43:03', '2013-11-28 06:06:49'),
(61, 61, 3, 'Chandana T.C', '', 1, '2013-11-26', '10:45:10', '2013-11-28 06:06:49'),
(62, 62, 1, 'Ananda Chemical', '', 1, '2013-11-26', '10:47:10', '2013-11-28 06:06:49'),
(63, 63, 6, 'Cheep House', '', 1, '2013-11-26', '10:48:36', '2013-11-28 06:06:49'),
(64, 64, 1, 'Mahira Chemical', '', 1, '2013-11-26', '10:50:25', '2013-11-28 06:06:49'),
(65, 65, 1, 'M.A Motoes', '', 1, '2013-11-26', '10:51:29', '2013-11-28 06:06:49'),
(66, 66, 3, 'Nalinda T.C', '', 1, '2013-11-26', '10:53:34', '2013-11-28 06:06:49'),
(67, 67, 1, 'R.C.C Chemical', '', 1, '2013-11-26', '10:55:05', '2013-11-28 06:06:49'),
(68, 68, 1, 'Prwing Chemical', '', 1, '2013-11-26', '10:56:32', '2013-11-28 06:06:49'),
(69, 69, 8, 'Rathnayake T.C', '', 1, '2013-11-26', '10:58:00', '2013-11-28 06:06:49'),
(70, 70, 8, 'Salinda T.C', '', 1, '2013-11-26', '10:59:09', '2013-11-28 06:06:49'),
(71, 71, 1, 'Dissanayake Chemical', '', 1, '2013-11-26', '11:02:15', '2013-11-28 06:06:49'),
(72, 72, 6, 'W.A Susantha Stores', '', 1, '2013-11-26', '11:03:21', '2013-11-28 06:06:49'),
(73, 73, 1, 'Darmasiri Chemical', '', 1, '2013-11-26', '11:05:14', '2013-11-28 06:06:49'),
(74, 74, 1, 'Wasana Chemical', '', 1, '2013-11-26', '11:06:42', '2013-11-28 06:06:49'),
(75, 75, 7, 'Mashi H.W', '', 1, '2013-11-26', '11:07:51', '2013-11-28 06:06:49'),
(76, 76, 5, 'A.V.P Moters', '', 1, '2013-11-26', '11:14:23', '2013-11-28 06:06:49'),
(77, 77, 4, 'Idunila Multi Center', '', 1, '2013-11-26', '11:18:25', '2013-11-28 06:06:49'),
(78, 78, 8, 'Lanka Traders', '', 1, '2013-11-26', '11:19:35', '2013-11-28 06:06:49'),
(79, 79, 3, 'Givinda T.C', '', 1, '2013-11-26', '11:21:46', '2013-11-28 06:06:49'),
(80, 80, 5, 'M.R.S Moters', '', 1, '2013-11-26', '11:22:54', '2013-11-28 06:06:49'),
(81, 81, 1, 'Govisetha Chemical', '16-12-2013_81.jpg', 1, '2013-11-26', '11:25:16', '2013-12-16 08:03:54'),
(82, 82, 1, 'Sripura Rise Mills', '', 1, '2013-11-26', '11:26:52', '2013-11-28 06:06:49'),
(83, 83, 6, 'Jeewani Stores', '', 1, '2013-11-26', '11:28:00', '2013-11-28 06:06:49'),
(84, 84, 6, 'Dimuthu Stores', '', 1, '2013-11-26', '11:29:18', '2013-11-28 06:06:49'),
(85, 85, 6, 'Piyasena Stores', '', 1, '2013-11-26', '11:30:25', '2013-11-28 06:06:49'),
(86, 86, 5, 'Samansiri Moters', '', 1, '2013-11-26', '11:32:17', '2013-11-28 06:06:49'),
(87, 87, 6, 'Lakmal Stores', '', 1, '2013-11-26', '11:33:28', '2013-11-28 06:06:49'),
(88, 88, 1, 'Mahawali Chemical', '', 1, '2013-11-26', '11:34:22', '2013-11-28 06:06:49'),
(89, 89, 2, 'Parakum H.W', '', 1, '2013-11-26', '11:35:08', '2013-11-28 06:06:49'),
(90, 90, 6, 'Kandy Stores', '', 1, '2013-11-26', '11:35:52', '2013-11-28 06:06:49'),
(92, 92, 7, 'tugu', '', 1, '2013-12-02', '04:35:25', '2013-12-02 04:35:25'),
(100, 1, 1, 'Prasadika Chemicals', '05-03-2014_100.jpg', 1, '2013-12-03', '04:43:36', '2014-03-05 09:20:17'),
(101, 3, 1, 'Lalinda Chemicals', '', 1, '2013-12-03', '04:44:40', '2013-12-03 04:44:40'),
(102, 100, 5, 'George Wijesinga and Company', '', 0, '2014-01-10', '12:03:15', '2014-01-10 06:39:30'),
(103, 101, 5, 'George Wijesigshe and Company', '', 1, '2014-01-10', '12:07:42', '2014-01-10 06:37:42'),
(104, 102, 1, 'sudesh chemical', '', 1, '2014-01-21', '12:44:41', '2014-01-21 07:14:41'),
(108, 106, 7, 'A.M.Trading', '', 1, '2014-01-28', '11:40:10', '2014-01-28 06:10:10'),
(109, 107, 1, 'Saruketha', '', 1, '2014-02-03', '11:10:49', '2014-02-03 05:40:49'),
(110, 108, 1, 'Disanayaka Agro', '', 0, '2014-02-07', '11:13:46', '2014-02-25 07:49:19'),
(111, 109, 1, 'Yasasiri Agro', '', 1, '2014-02-07', '11:15:50', '2014-02-07 05:45:50'),
(112, 110, 1, 'Tharuka Entreprises', '', 1, '2014-02-07', '11:19:25', '2014-02-07 05:49:25'),
(113, 111, 2, 'Narammala Hardware', '', 1, '2014-02-07', '11:21:15', '2014-02-07 05:51:15'),
(114, 112, 1, 'Sarabumi Agro', '', 1, '2014-02-07', '11:23:08', '2014-02-07 05:53:08'),
(115, 113, 1, 'Isuru Chemical', '', 1, '2014-02-07', '11:25:10', '2014-02-07 05:55:10'),
(116, 114, 2, 'Mawanalla Traders', '', 1, '2014-02-07', '11:29:18', '2014-02-07 05:59:18'),
(117, 115, 1, 'H.C Agro', '', 1, '2014-02-07', '11:30:51', '2014-02-07 06:00:51'),
(118, 116, 2, 'Mutugala Hardware', '', 1, '2014-02-07', '11:33:47', '2014-02-07 06:03:47'),
(119, 117, 7, 'New Colombo', '', 1, '2014-02-07', '11:35:40', '2014-02-07 06:05:40'),
(120, 118, 4, 'Rathnayaka Traders', '', 1, '2014-02-07', '11:36:51', '2014-02-07 06:06:51'),
(121, 119, 1, 'Dammika Chemical', '25-02-2014_121.jpg', 1, '2014-02-07', '11:38:24', '2014-02-25 07:58:27'),
(122, 120, 7, 'Bhagya Batilisar', '', 1, '2014-02-07', '11:39:48', '2014-02-07 06:09:48'),
(123, 121, 1, 'S.J Agro', '', 1, '2014-02-07', '11:41:01', '2014-02-07 06:11:01'),
(124, 122, 1, 'Govisewana', '', 1, '2014-02-07', '11:42:47', '2014-02-07 06:12:47'),
(125, 123, 1, 'M.A.F Agro', '', 1, '2014-02-07', '11:44:17', '2014-02-07 06:14:17'),
(126, 124, 1, 'Pasidu Chemical', '', 1, '2014-02-07', '11:46:04', '2014-02-07 06:16:04'),
(127, 125, 2, 'Chandana Hardware', '', 1, '2014-02-07', '11:47:45', '2014-02-07 06:17:45'),
(128, 126, 1, 'Suba Lanaka', '', 1, '2014-02-07', '11:49:03', '2014-02-07 06:19:03'),
(129, 127, 1, 'Amare', '', 1, '2014-02-07', '11:51:13', '2014-02-07 06:21:13'),
(130, 128, 2, 'Lanaka Hardware', '', 1, '2014-02-07', '11:52:59', '2014-02-07 06:22:59'),
(131, 129, 1, 'Govisewana', '', 1, '2014-02-07', '11:54:47', '2014-02-07 06:24:47'),
(132, 130, 13, 'Department of agr. Development', '', 1, '2014-02-07', '11:57:36', '2014-02-07 06:27:36'),
(133, 131, 13, 'Department of agr. Development', '', 1, '2014-02-07', '11:59:01', '2014-02-07 06:29:01'),
(134, 132, 13, 'Department of agr. Development', '', 1, '2014-02-07', '12:01:09', '2014-02-07 06:31:09'),
(135, 133, 13, 'Department of agr. Development', '', 1, '2014-02-07', '12:02:34', '2014-02-07 06:32:34'),
(136, 134, 13, 'Department of agr. Development', '', 1, '2014-02-07', '12:04:17', '2014-02-07 06:34:17'),
(137, 135, 13, 'Department of agr. Development', '', 1, '2014-02-07', '12:05:30', '2014-02-07 06:35:30'),
(138, 136, 13, 'Department of agr. Development', '', 1, '2014-02-07', '12:07:57', '2014-02-07 06:37:57'),
(139, 137, 13, 'Department of agr. Development', '', 1, '2014-02-07', '12:09:13', '2014-02-07 06:39:13'),
(140, 138, 1, 'G.B. Stores', '', 1, '2014-02-07', '12:25:21', '2014-02-07 06:55:21'),
(141, 139, 1, 'Govisetha', '', 1, '2014-02-07', '12:27:13', '2014-02-07 06:57:13'),
(142, 140, 1, 'Pallewela Agro', '', 1, '2014-02-07', '12:28:41', '2014-02-07 06:58:41'),
(143, 141, 1, 'Aswanna Agro City', '', 1, '2014-02-07', '12:30:11', '2014-02-07 07:00:11'),
(144, 142, 1, 'Aswanna Agro City', '', 1, '2014-02-07', '12:34:35', '2014-02-07 07:04:35'),
(145, 143, 1, 'Anoma Chemical', '', 1, '2014-02-07', '12:41:54', '2014-02-07 07:11:54'),
(146, 144, 1, 'Anoma Chemical', '', 1, '2014-02-07', '13:02:40', '2014-02-07 07:32:40'),
(147, 145, 2, 'Patiraja Stores', '', 1, '2014-02-07', '13:04:36', '2014-02-07 07:34:36'),
(148, 146, 2, 'Hettipola Hardware', '', 1, '2014-02-07', '13:05:59', '2014-02-07 07:35:59'),
(149, 147, 2, 'Tilak Hardware', '', 1, '2014-02-07', '13:07:21', '2014-02-07 07:37:21'),
(150, 148, 2, 'K.M.G', '', 1, '2014-02-07', '13:08:31', '2014-02-07 07:38:31'),
(151, 149, 2, 'Shama Sri Hardware', '', 1, '2014-02-07', '13:10:25', '2014-02-07 07:40:25'),
(152, 150, 2, 'Senarath Hardware', '', 1, '2014-02-07', '13:11:53', '2014-02-07 07:41:53'),
(153, 151, 7, 'Isuru Trade Center', '', 1, '2014-02-07', '13:13:12', '2014-02-07 07:43:12'),
(154, 152, 7, 'Royal Tradrs', '', 1, '2014-02-07', '13:15:02', '2014-02-07 07:45:02'),
(155, 153, 1, 'Sarubima Chemical', '', 1, '2014-02-07', '13:16:21', '2014-02-07 07:46:21'),
(156, 154, 1, 'Janajaya Agro', '', 1, '2014-02-07', '13:18:20', '2014-02-07 07:48:20'),
(157, 155, 1, 'M.M.S Chemical [Pitawala stors]', '', 1, '2014-02-07', '13:24:15', '2014-02-07 07:54:15'),
(158, 156, 1, 'Hasantha Chemical', '', 1, '2014-02-07', '13:25:46', '2014-02-07 07:55:46'),
(159, 157, 1, 'Disanayaka Agro', '', 0, '2014-02-07', '13:28:02', '2014-02-25 07:50:59'),
(160, 158, 2, 'Kumara Hardware', '', 1, '2014-02-07', '13:29:26', '2014-02-07 07:59:26'),
(161, 159, 1, 'Udeni Chemical', '', 1, '2014-02-07', '13:30:48', '2014-02-07 08:00:48'),
(162, 160, 13, 'Department of agr. Development', '', 1, '2014-02-07', '13:32:06', '2014-02-07 08:02:06'),
(163, 161, 13, 'Department of agr. Development', '', 1, '2014-02-07', '13:33:34', '2014-02-07 08:03:34'),
(164, 162, 13, 'Department of agr. Development', '', 1, '2014-02-07', '13:35:02', '2014-02-07 08:05:02'),
(165, 163, 13, 'Department of agr. Development', '', 1, '2014-02-07', '13:36:23', '2014-02-07 08:06:23'),
(166, 164, 1, 'Champa stors', '', 1, '2014-02-07', '14:01:36', '2014-02-07 08:31:36'),
(167, 165, 4, 'Sinha shoroom', '', 1, '2014-02-07', '14:02:48', '2014-02-07 08:32:48'),
(168, 166, 1, 'Newlanaka', '', 1, '2014-02-07', '14:04:08', '2014-02-07 08:34:08'),
(169, 167, 1, 'Isuru Enterprises', '', 1, '2014-02-07', '14:05:36', '2014-02-07 08:35:36'),
(170, 168, 7, 'Kostha and Sons', '', 1, '2014-02-07', '14:06:58', '2014-02-07 08:36:58'),
(171, 169, 1, 'Prasanna Chemical', '', 1, '2014-02-07', '14:08:25', '2014-02-07 08:38:25'),
(172, 170, 1, 'Wassala Chemical', '', 1, '2014-02-07', '14:10:00', '2014-02-07 08:40:00'),
(173, 171, 4, 'George Wijesinha Distributor', '', 1, '2014-02-07', '14:11:19', '2014-02-07 08:41:19'),
(174, 172, 1, 'Saruketha', '', 1, '2014-02-07', '14:12:48', '2014-02-07 08:42:48'),
(175, 173, 1, 'Kularathna Stores', '', 1, '2014-02-07', '14:14:18', '2014-02-07 08:44:18'),
(176, 174, 1, 'Darmasiri stores', '', 1, '2014-02-07', '14:15:30', '2014-02-07 08:45:30'),
(177, 175, 4, 'Mahakirinda stores', '', 1, '2014-02-07', '14:17:02', '2014-02-07 08:47:02'),
(178, 176, 1, 'A.J.A Chemical', '', 1, '2014-02-07', '14:18:20', '2014-02-07 08:48:20'),
(179, 177, 1, 'Senarath stores', '', 1, '2014-02-07', '14:19:34', '2014-02-07 08:49:34'),
(180, 178, 1, 'Madushi Chemical', '', 1, '2014-02-07', '14:20:45', '2014-02-07 08:50:45'),
(181, 179, 2, 'Ovinto Trade Centre', '', 1, '2014-02-07', '14:21:58', '2014-02-07 08:51:58'),
(182, 180, 1, 'Ranhiru Chemical', '', 1, '2014-02-07', '14:23:06', '2014-02-07 08:53:06'),
(183, 181, 4, 'Deshanee Group [pvt] ltd', '', 1, '2014-02-07', '14:24:17', '2014-02-07 08:54:17'),
(184, 182, 4, 'Maganta Electricals', '', 1, '2014-02-07', '14:25:30', '2014-02-07 08:55:30'),
(185, 183, 4, 'Malki Trade Centre', '', 1, '2014-02-07', '14:26:38', '2014-02-07 08:56:38'),
(186, 184, 4, 'Ishara Trade Center', '', 1, '2014-02-07', '14:27:55', '2014-02-07 08:57:55'),
(187, 185, 4, 'Siriwardana and Sons', '', 1, '2014-02-07', '14:28:50', '2014-02-07 08:58:50'),
(188, 186, 4, 'Ranketha Chemical', '', 1, '2014-02-07', '14:29:44', '2014-02-07 08:59:44'),
(189, 187, 13, 'Department of agr. Development', '', 1, '2014-02-07', '14:30:57', '2014-02-07 09:00:57'),
(190, 188, 13, 'Department of agr. Development', '', 1, '2014-02-07', '14:31:52', '2014-02-07 09:01:52'),
(191, 189, 13, 'Department of agr. Development', '', 1, '2014-02-07', '14:33:02', '2014-02-07 09:03:02'),
(192, 190, 13, 'Department of agr. Development', '', 1, '2014-02-07', '14:33:58', '2014-02-07 09:03:58'),
(193, 191, 13, 'Department of agr. Development', '', 1, '2014-02-07', '14:35:00', '2014-02-07 09:05:00'),
(194, 192, 13, 'Department of agr. Development', '', 1, '2014-02-07', '14:35:58', '2014-02-07 09:05:58'),
(195, 193, 13, 'Department of agr. Development', '', 1, '2014-02-07', '14:36:54', '2014-02-07 09:06:54'),
(196, 194, 13, 'Department of agr. Development', '', 1, '2014-02-07', '14:37:50', '2014-02-07 09:07:50'),
(197, 195, 13, 'Department of agr. Development', '', 1, '2014-02-07', '14:38:46', '2014-02-07 09:08:46'),
(198, 196, 4, 'kumudu Trade Center', '', 1, '2014-02-07', '14:40:08', '2014-02-07 09:10:08'),
(199, 197, 4, 'Madagama', '', 1, '2014-02-07', '14:41:11', '2014-02-07 09:11:11'),
(200, 198, 2, 'Majeed Hardware', '', 1, '2014-02-07', '14:42:14', '2014-02-07 09:12:14'),
(201, 199, 4, 'Madagama Trade Centre', '', 1, '2014-02-07', '14:43:12', '2014-02-07 09:13:12'),
(202, 200, 2, 'Herath stores', '', 1, '2014-02-07', '14:44:15', '2014-02-07 09:14:15'),
(203, 201, 2, 'Herath stores', '', 1, '2014-02-07', '14:45:31', '2014-02-07 09:15:31'),
(204, 202, 1, 'Nawagovisala', '', 1, '2014-02-07', '14:46:22', '2014-02-07 09:16:22'),
(205, 203, 1, 'Mihisara Agro', '', 1, '2014-02-07', '14:47:19', '2014-02-07 09:17:19'),
(206, 204, 1, 'Wasana Chemical', '', 1, '2014-02-07', '14:48:34', '2014-02-07 09:18:34'),
(207, 205, 1, 'Agro Chemical', '', 1, '2014-02-07', '14:49:28', '2014-02-07 09:19:28'),
(208, 206, 1, 'Nuwan Chemical', '', 1, '2014-02-07', '14:50:38', '2014-02-07 09:20:38'),
(209, 207, 2, 'Manjula Hardware', '', 1, '2014-02-07', '14:51:57', '2014-02-07 09:21:57'),
(210, 208, 13, 'Department of agr. Development', '', 1, '2014-02-07', '14:52:59', '2014-02-07 09:22:59'),
(211, 209, 13, 'Department of agr. Development', '', 1, '2014-02-07', '14:53:59', '2014-02-07 09:23:59'),
(212, 210, 1, 'Department of agr. Development', '', 1, '2014-02-07', '14:55:04', '2014-02-07 09:25:04'),
(213, 211, 5, 'Wijesinghe Motors', '', 1, '2014-02-10', '09:40:02', '2014-02-10 04:10:02'),
(214, 212, 1, 'lndika chemikal', '', 1, '2014-02-20', '12:02:49', '2014-02-20 06:32:49'),
(215, 213, 1, 'danapala agro', '', 1, '2014-02-24', '15:40:10', '2014-02-24 10:10:10'),
(216, 108, 1, 'Disanayaka Agro - Pothuhara', '', 1, '2014-02-25', '13:19:19', '2014-02-25 07:49:19'),
(217, 157, 1, 'Disanayaka Agro - Kobeigane', '', 1, '2014-02-25', '13:20:59', '2014-02-25 07:50:59'),
(218, 214, 4, 'Pothuhara Stores', '', 1, '2014-02-25', '13:26:04', '2014-02-25 07:56:04'),
(219, 215, 1, 'Dawanga Chemical', '14-03-2014_219.jpg', 1, '2014-03-10', '11:03:55', '2014-03-14 03:50:50'),
(220, 216, 1, 'Gunarathna Chemical', '20-03-2014_220.jpg', 1, '2014-03-10', '11:11:09', '2014-03-20 11:20:17'),
(221, 217, 1, 'Guruge Chemical', '', 1, '2014-03-10', '11:13:30', '2014-03-10 05:43:30'),
(222, 218, 1, 'Kodithuwakku Chemical', '', 1, '2014-03-10', '11:16:16', '2014-03-10 05:46:16'),
(223, 219, 1, 'Kodithuwakku Chemical', '14-03-2014_223.jpg', 1, '2014-03-10', '11:18:08', '2014-03-14 02:42:02'),
(224, 220, 1, 'Lakshan Saralanka', '', 1, '2014-03-10', '11:19:59', '2014-03-10 05:49:59'),
(225, 221, 1, 'Meegasdeniya Chemical', '', 1, '2014-03-10', '11:21:56', '2014-03-10 05:51:56'),
(226, 222, 1, 'Rajapaksha Chemical', '', 1, '2014-03-10', '11:24:24', '2014-03-10 05:54:24'),
(227, 223, 1, 'Rathnayaka Chemical', '', 1, '2014-03-10', '11:26:02', '2014-03-10 05:56:02'),
(228, 224, 1, 'Thilina Chemical', '', 1, '2014-03-10', '11:27:45', '2014-03-10 05:57:45'),
(229, 225, 1, 'Walawa Gowi Sewa', '', 1, '2014-03-10', '11:29:18', '2014-03-10 05:59:18'),
(230, 226, 5, 'Chathnuka motors', '', 1, '2014-03-10', '11:31:12', '2014-03-10 06:01:12'),
(231, 227, 1, 'Abesinha Chemicals', '', 1, '2014-03-10', '11:37:35', '2014-03-10 06:07:35'),
(232, 228, 1, 'Donel Chemical', '', 1, '2014-03-10', '11:41:54', '2014-03-10 06:11:54'),
(233, 229, 1, 'Jayani Chemical', '', 1, '2014-03-10', '11:44:07', '2014-03-10 06:14:07'),
(234, 230, 1, 'Mahesh Chemicals', '', 1, '2014-03-10', '11:46:02', '2014-03-10 06:16:02'),
(235, 231, 1, 'Perera Chemical', '', 1, '2014-03-10', '11:50:21', '2014-03-10 06:20:21'),
(236, 232, 1, 'Samagi Chemical', '', 1, '2014-03-10', '11:52:21', '2014-03-10 06:22:21'),
(237, 233, 1, 'Samagi Mini Chemical', '', 1, '2014-03-10', '11:54:53', '2014-03-10 06:24:53'),
(238, 234, 1, 'Senior Traders', '', 1, '2014-03-10', '11:56:19', '2014-03-10 06:26:19'),
(239, 235, 1, 'Wickrama Hardware', '', 1, '2014-03-10', '11:58:10', '2014-03-10 06:28:10'),
(240, 236, 1, 'Wicrama Hardware', '', 1, '2014-03-10', '12:00:29', '2014-03-10 06:30:29'),
(241, 237, 1, 'Meegasdeniya Chemical', '', 1, '2014-03-10', '12:02:28', '2014-03-10 06:32:28'),
(242, 238, 1, 'Piyadasa Chemical', '', 1, '2014-03-10', '12:04:37', '2014-03-10 06:34:37'),
(243, 239, 1, 'Dikwella chemical', '', 1, '2014-03-10', '12:32:28', '2014-03-10 07:02:28'),
(244, 240, 1, 'Govijanasewa', '', 1, '2014-03-10', '12:34:44', '2014-03-10 07:04:44'),
(245, 241, 13, 'Govijanasewa', '', 1, '2014-03-10', '13:43:20', '2014-03-10 08:13:20'),
(246, 242, 1, 'Baur Gowi Sewa', '', 1, '2014-03-10', '13:45:30', '2014-03-10 08:15:31'),
(247, 243, 1, 'Gunarathna Chemical', '', 1, '2014-03-10', '13:46:59', '2014-03-10 08:16:59'),
(248, 244, 1, 'Gunawardana (pvt) ltd.', '', 1, '2014-03-10', '13:48:52', '2014-03-10 08:18:52'),
(249, 245, 1, 'Jayabima Chemical', '', 1, '2014-03-10', '13:50:43', '2014-03-10 08:20:43'),
(250, 246, 1, 'Jayantha Chemical', '', 1, '2014-03-10', '13:52:19', '2014-03-10 08:22:19'),
(251, 247, 2, 'Lasantha Hardware', '', 1, '2014-03-10', '13:54:06', '2014-03-10 08:24:06'),
(252, 248, 1, 'Mahanama Chemicals', '', 1, '2014-03-10', '13:56:00', '2014-03-10 08:26:00'),
(253, 249, 1, 'Premasiri Stors', '', 1, '2014-03-10', '13:57:47', '2014-03-10 08:27:47'),
(254, 250, 1, 'Sanjeewa Chemical', '', 1, '2014-03-10', '13:59:11', '2014-03-10 08:29:11'),
(255, 251, 1, 'Sanjeewa Chemical', '', 1, '2014-03-10', '14:00:37', '2014-03-10 08:30:37'),
(256, 252, 1, 'Saruketha Chemical', '', 1, '2014-03-10', '14:02:14', '2014-03-10 08:32:14'),
(257, 253, 1, 'Sriyajaya Chemical', '', 1, '2014-03-10', '14:03:29', '2014-03-10 08:33:29'),
(258, 254, 1, 'Susil Stors', '', 1, '2014-03-10', '14:04:42', '2014-03-10 08:34:42'),
(259, 255, 2, 'C.R. Enterprices', '', 1, '2014-03-10', '14:06:16', '2014-03-10 08:36:16'),
(260, 256, 13, 'Govijanasewa', '', 1, '2014-03-10', '14:07:39', '2014-03-10 08:37:39'),
(261, 257, 1, 'Susantha Chemical', '', 1, '2014-03-10', '14:08:44', '2014-03-10 08:38:44'),
(262, 258, 1, 'Yasindu Chemical', '', 1, '2014-03-10', '14:09:53', '2014-03-10 08:39:53'),
(263, 259, 1, 'Dahanayaka Chemical', '', 1, '2014-03-10', '14:13:46', '2014-03-10 08:43:46'),
(264, 260, 13, 'Govijanasewa', '', 1, '2014-03-10', '14:15:28', '2014-03-10 08:45:28'),
(265, 261, 1, 'Samarathunga Chemical', '', 1, '2014-03-10', '14:16:30', '2014-03-10 08:46:30'),
(266, 262, 1, 'Sanjeewa Chemical', '', 1, '2014-03-10', '14:17:49', '2014-03-10 08:47:49'),
(267, 263, 1, 'Chaminda Chemical', '', 1, '2014-03-10', '14:19:00', '2014-03-10 08:49:00'),
(268, 264, 8, 'Dhammika Trade Center', '', 1, '2014-03-10', '14:20:24', '2014-03-10 08:50:24'),
(269, 265, 1, 'Ranketha Chemical', '', 1, '2014-03-10', '14:21:39', '2014-03-10 08:51:39'),
(270, 266, 1, 'Janahitha Chemicals', '', 1, '2014-03-11', '13:15:23', '2014-03-11 07:45:23'),
(271, 267, 1, 'Anoma chemical', '', 1, '2014-03-12', '10:35:11', '2014-03-12 05:05:11'),
(272, 268, 1, 'sugath chemicals', '', 1, '2014-03-19', '13:25:54', '2014-03-19 07:55:54'),
(273, 269, 14, 'Arunas Agro Chemicals', '', 1, '2014-03-20', '14:31:36', '2014-03-20 09:01:36'),
(274, 270, 14, 'New Kings Forage', '', 1, '2014-03-20', '14:33:27', '2014-03-20 09:03:27'),
(275, 271, 14, 'Suman Agro', '', 1, '2014-03-20', '14:35:11', '2014-03-20 09:05:11'),
(276, 272, 14, 'Jathur Agro Traders', '', 1, '2014-03-20', '14:36:59', '2014-03-20 09:06:59'),
(277, 273, 14, 'Ajentha Trading', '', 1, '2014-03-20', '14:39:14', '2014-03-20 09:09:14'),
(278, 274, 14, 'Landekumbura Agro', '', 1, '2014-03-20', '14:41:30', '2014-03-20 09:11:30'),
(279, 275, 14, 'Thaldena Agro ', '27-03-2014_279.jpg', 1, '2014-03-20', '14:43:04', '2014-03-27 05:54:00'),
(280, 276, 14, 'Ceylon Agro Chemicals', '', 1, '2014-03-20', '14:44:29', '2014-03-20 09:14:29'),
(281, 277, 14, 'Ceylon Forage Stores', '', 1, '2014-03-20', '14:46:17', '2014-03-20 09:16:17'),
(282, 278, 14, 'Agri Service Centre', '', 1, '2014-03-20', '14:48:43', '2014-03-20 09:18:43'),
(283, 279, 14, 'Lanka Phora Kade', '', 1, '2014-03-20', '14:50:20', '2014-03-20 09:20:20'),
(284, 280, 14, 'Central House', '', 1, '2014-03-20', '14:52:12', '2014-03-20 09:22:12'),
(285, 281, 14, 'River Valley', '', 1, '2014-03-20', '14:53:55', '2014-03-20 09:23:55'),
(286, 282, 14, 'Agri Service Centre', '', 1, '2014-03-20', '14:55:23', '2014-03-20 09:25:23'),
(287, 283, 13, 'Agri Service Centre', '', 1, '2014-03-20', '14:57:47', '2014-03-20 09:27:47'),
(288, 284, 13, 'Agri Service Centre', '', 1, '2014-03-20', '14:58:55', '2014-03-20 09:28:55'),
(289, 285, 14, 'Chandra Chemicals', '', 1, '2014-03-20', '15:00:22', '2014-03-20 09:30:22'),
(290, 286, 14, 'Jayasekera Stores', '', 1, '2014-03-20', '15:11:47', '2014-03-20 09:41:47'),
(291, 287, 14, 'Suhada Gove Seva', '', 1, '2014-03-20', '15:14:24', '2014-03-20 09:44:24'),
(292, 288, 2, 'Jayawijaya Traders', '', 1, '2014-03-20', '15:16:00', '2014-03-20 09:46:00'),
(293, 289, 13, 'Agri Service Centre', '', 1, '2014-03-20', '15:37:26', '2014-03-20 10:07:26'),
(294, 290, 14, 'Upali Agro', '', 1, '2014-03-20', '15:38:53', '2014-03-20 10:08:53'),
(295, 291, 14, 'Bandarawela Agro', '', 1, '2014-03-20', '15:40:09', '2014-03-20 10:10:09'),
(296, 292, 14, 'Saman Stores', '', 1, '2014-03-20', '15:41:50', '2014-03-20 10:11:50'),
(297, 293, 14, 'Besta Agro', '', 1, '2014-03-20', '15:43:19', '2014-03-20 10:13:19'),
(298, 294, 14, 'Jayasri Hardware', '', 1, '2014-03-20', '15:44:37', '2014-03-20 10:14:37'),
(299, 295, 2, 'Shashi Enterprises', '', 1, '2014-03-20', '15:45:59', '2014-03-20 10:15:59'),
(300, 296, 14, 'Pathmasiri Stores', '', 1, '2014-03-20', '15:47:23', '2014-03-20 10:17:23'),
(301, 297, 14, 'Pubudu Agro', '', 1, '2014-03-20', '15:49:00', '2014-03-20 10:19:00'),
(302, 298, 14, 'HMS Agro', '', 1, '2014-03-20', '15:50:21', '2014-03-20 10:20:21'),
(303, 299, 14, 'Indika Agro', '', 1, '2014-03-20', '15:51:39', '2014-03-20 10:21:39'),
(304, 300, 14, 'WAP Agro', '', 1, '2014-03-20', '15:52:41', '2014-03-20 10:22:41'),
(305, 301, 14, 'ACS Traders', '', 1, '2014-03-21', '13:36:30', '2014-03-21 08:06:30'),
(306, 302, 14, 'GN Agro', '', 1, '2014-03-21', '13:37:35', '2014-03-21 08:07:35'),
(307, 303, 14, 'PDK & Sons', '', 1, '2014-03-21', '13:38:56', '2014-03-21 08:08:56'),
(308, 304, 14, 'Kavithas Agro', '', 1, '2014-03-21', '13:40:26', '2014-03-21 08:10:26'),
(309, 305, 14, 'Rio Agency', '', 1, '2014-03-21', '13:41:56', '2014-03-21 08:11:56'),
(310, 306, 14, 'NRG Agro Centre', '', 1, '2014-03-21', '13:43:12', '2014-03-21 08:13:12'),
(311, 307, 14, 'Sagara Agri Care', '', 1, '2014-03-21', '13:44:33', '2014-03-21 08:14:33'),
(312, 308, 14, 'Rasika Agency', '', 1, '2014-03-21', '13:45:44', '2014-03-21 08:15:44'),
(313, 309, 14, 'WD Agro', '', 1, '2014-03-21', '13:47:02', '2014-03-21 08:17:02'),
(314, 310, 14, 'Kaya Traders', '', 1, '2014-03-21', '13:48:07', '2014-03-21 08:18:07'),
(315, 311, 14, 'Divyas Agro', '', 1, '2014-03-21', '13:49:26', '2014-03-21 08:19:26'),
(316, 312, 14, 'Mani Traders', '', 1, '2014-03-21', '13:50:45', '2014-03-21 08:20:45'),
(317, 313, 14, 'Kalaimagal Stores', '', 1, '2014-03-21', '13:52:00', '2014-03-21 08:22:00'),
(318, 314, 14, 'ARS Chemical', '', 1, '2014-03-21', '13:53:12', '2014-03-21 08:23:12'),
(319, 315, 14, 'AK Traders', '', 1, '2014-03-21', '13:54:24', '2014-03-21 08:24:24'),
(320, 316, 14, 'SK Agro', '', 1, '2014-03-21', '13:55:37', '2014-03-21 08:25:37'),
(321, 317, 14, 'Salima Agro', '', 1, '2014-03-21', '13:56:39', '2014-03-21 08:26:39'),
(322, 318, 13, 'Agri Service Centre', '', 1, '2014-03-21', '13:57:40', '2014-03-21 08:27:40'),
(323, 319, 1, 'Agro Center', '', 1, '2014-03-25', '13:21:27', '2014-03-25 07:51:27'),
(324, 320, 1, 'Govi sela chemical', '', 1, '2014-03-25', '13:24:16', '2014-03-25 07:54:16'),
(325, 321, 7, 'Madduma Chemical', '', 1, '2014-05-05', '12:06:14', '2014-05-05 06:36:14'),
(326, 322, 7, 'New Saman Chemical', '', 1, '2014-05-05', '12:11:31', '2014-05-05 06:41:31'),
(327, 323, 4, 'A.S.C Medirigiriya', '', 1, '2014-05-05', '12:14:14', '2014-05-05 06:44:14'),
(328, 324, 1, 'Wijaya Chemicals ', '', 1, '2014-05-05', '12:22:39', '2014-05-05 06:52:39'),
(329, 325, 1, 'Palitha Chemical', '', 1, '2014-05-05', '12:24:01', '2014-05-05 06:54:01'),
(330, 326, 7, 'Chandra Hardwere', '', 1, '2014-05-05', '12:25:31', '2014-05-05 06:55:31'),
(331, 327, 1, 'Wasantha Chemicals', '', 1, '2014-05-05', '12:28:12', '2014-05-05 06:58:12'),
(332, 328, 1, 'Amal Chemicals', '', 1, '2014-05-05', '12:29:39', '2014-05-05 06:59:39'),
(333, 329, 7, 'Free Lanka Hardware', '', 1, '2014-05-05', '12:31:30', '2014-05-05 07:01:30'),
(334, 330, 4, 'Nalin Stores', '', 1, '2014-05-05', '12:33:07', '2014-05-05 07:03:07'),
(335, 331, 1, 'Dhanasiri Chemicals', '', 1, '2014-05-05', '12:34:30', '2014-05-05 07:04:30'),
(336, 332, 1, 'Indra Chemicals', '', 1, '2014-05-05', '12:36:03', '2014-05-05 07:06:03'),
(337, 333, 7, 'New Saman Hardware', '', 1, '2014-05-05', '12:37:21', '2014-05-05 07:07:21'),
(338, 334, 7, 'Lakmina Hardware', '', 1, '2014-05-05', '14:03:36', '2014-05-05 08:33:36'),
(339, 335, 1, 'Konagadara Chemicals', '', 1, '2014-05-05', '14:05:39', '2014-05-05 08:35:39'),
(340, 336, 1, 'Sarath Chemicals', '', 1, '2014-05-05', '14:07:39', '2014-05-05 08:37:39'),
(341, 337, 4, 'A.S.C Galamuna', '', 1, '2014-05-05', '14:08:44', '2014-05-05 08:38:44'),
(342, 338, 1, 'Jayasiri Chemicals', '', 1, '2014-05-05', '14:10:13', '2014-05-05 08:40:13'),
(343, 339, 1, 'Jayani Chemicals', '', 1, '2014-05-05', '14:11:37', '2014-05-05 08:41:37'),
(344, 340, 1, 'Danahara Enterprises', '', 1, '2014-05-05', '14:13:13', '2014-05-05 08:43:13'),
(345, 341, 1, 'New Govisala', '', 1, '2014-05-05', '14:15:08', '2014-05-05 08:45:08'),
(346, 342, 4, 'Ranjan Stores', '', 1, '2014-05-05', '14:16:51', '2014-05-05 08:46:51'),
(347, 343, 1, 'Aruna Chemicals', '', 1, '2014-05-05', '14:18:37', '2014-05-05 08:48:37'),
(348, 344, 4, 'Kadduruwewa Stores', '', 1, '2014-05-05', '14:20:49', '2014-05-05 08:50:49'),
(349, 345, 7, 'Nandika Hardware', '', 1, '2014-05-05', '14:22:53', '2014-05-05 08:52:53'),
(350, 346, 4, 'Sunil Chemicals', '', 1, '2014-05-05', '14:24:49', '2014-05-05 08:54:49'),
(351, 347, 1, 'Galkadaya Chemicals', '', 1, '2014-05-05', '14:26:10', '2014-05-05 08:56:10'),
(352, 348, 7, 'Sapiri Lanka Hardware', '', 1, '2014-05-05', '14:27:57', '2014-05-05 08:57:57'),
(353, 349, 7, 'Sapiri Lanka Hardware', '', 1, '2014-05-05', '14:27:57', '2014-05-05 08:57:57'),
(354, 350, 7, 'Sapiri Lanka Hardware', '', 1, '2014-05-05', '14:27:57', '2014-05-05 08:57:57'),
(355, 351, 7, 'Rathna Motors', '', 1, '2014-05-05', '14:29:42', '2014-05-05 08:59:42'),
(356, 352, 1, 'Nuwan Agro', '', 1, '2014-05-05', '14:31:52', '2014-05-05 09:01:52'),
(357, 353, 7, 'H.M.R Hardware', '', 1, '2014-05-05', '14:34:14', '2014-05-05 09:04:14'),
(358, 354, 4, 'Saman Chemicals', '', 1, '2014-05-05', '14:36:08', '2014-05-05 09:06:08'),
(359, 355, 1, 'Heshani Agra', '', 1, '2014-05-05', '14:37:24', '2014-05-05 09:07:24'),
(360, 356, 1, 'Chandana Chemicals', '', 1, '2014-05-05', '14:38:50', '2014-05-05 09:08:50'),
(361, 357, 1, 'Sawasthika Chemicals', '', 1, '2014-05-05', '14:40:16', '2014-05-05 09:10:16'),
(362, 358, 1, 'Sarakatha Chemical', '', 1, '2014-05-05', '14:41:42', '2014-05-05 09:11:42'),
(363, 359, 1, 'Win Agra', '', 1, '2014-05-05', '14:42:49', '2014-05-05 09:12:49'),
(364, 360, 1, 'Asanka Chemicals', '', 1, '2014-05-05', '14:44:28', '2014-05-05 09:14:28'),
(365, 361, 1, 'Gihan Agro', '', 1, '2014-05-05', '14:46:08', '2014-05-05 09:16:08'),
(366, 362, 7, 'Asiri Hardware', '', 1, '2014-05-05', '14:47:14', '2014-05-05 09:17:14'),
(367, 363, 1, 'New Gihan Agro', '', 1, '2014-05-05', '14:48:18', '2014-05-05 09:18:18'),
(368, 364, 1, 'Rankatha Chemicals', '', 1, '2014-05-05', '14:49:33', '2014-05-05 09:19:33'),
(369, 365, 1, 'Nawanjana Chemicals', '', 1, '2014-05-05', '14:50:34', '2014-05-05 09:20:34'),
(370, 366, 1, 'Jayabima Agro', '', 1, '2014-05-05', '14:51:35', '2014-05-05 09:21:35'),
(371, 367, 1, 'Ruhunushakthi', '', 1, '2014-05-05', '14:52:54', '2014-05-05 09:22:54'),
(372, 368, 1, 'Sugath Chemicals', '', 1, '2014-05-05', '14:54:59', '2014-05-05 09:24:59'),
(373, 369, 1, 'A.S.C Manampitiya', '', 1, '2014-05-05', '14:56:06', '2014-05-05 09:26:06'),
(374, 370, 1, 'Rajanayake Chemicals', '', 1, '2014-05-05', '14:57:20', '2014-05-05 09:27:20'),
(375, 371, 7, 'Welikandha Hardware', '', 1, '2014-05-05', '14:58:36', '2014-05-05 09:28:36'),
(376, 372, 1, 'A.S.C Welikandha', '', 1, '2014-05-05', '15:00:22', '2014-05-05 09:30:22'),
(377, 373, 1, 'Kothpahana Agro', '', 1, '2014-05-05', '15:03:50', '2014-05-05 09:33:50'),
(378, 374, 1, 'Jayantha Chemicals', '', 1, '2014-05-12', '09:22:27', '2014-05-12 03:52:27'),
(379, 375, 4, 'Kakulu Stores', '', 1, '2014-05-12', '09:24:32', '2014-05-12 03:54:32'),
(380, 376, 1, 'Hapuaracchi Chemicals', '', 1, '2014-05-12', '09:25:58', '2014-05-12 03:55:58'),
(381, 377, 1, 'Kumari Chemicals', '', 1, '2014-05-12', '09:27:09', '2014-05-12 03:57:09'),
(382, 378, 7, 'Wickramanayake Chemicals', '', 1, '2014-05-12', '09:28:22', '2014-05-12 03:58:22'),
(383, 379, 1, 'Hiruni Chemicals', '', 1, '2014-05-12', '09:30:07', '2014-05-12 04:00:07'),
(384, 380, 1, 'A.S,C Siripura', '', 1, '2014-05-12', '09:31:10', '2014-05-12 04:01:10'),
(385, 381, 1, 'Govisewana Enterprises', '', 1, '2014-05-12', '09:32:19', '2014-05-12 04:02:19'),
(386, 382, 1, 'Ajith Chemicals', '', 1, '2014-05-12', '09:33:16', '2014-05-12 04:03:16'),
(387, 383, 1, 'Harith Agro', '', 1, '2014-05-12', '09:34:37', '2014-05-12 04:04:37'),
(388, 384, 1, 'Chamindha Chemicals.', '', 1, '2014-05-12', '09:36:31', '2014-05-12 04:06:31'),
(389, 385, 8, 'Nihal Trade Center', '', 1, '2014-05-12', '09:38:01', '2014-05-12 04:08:01'),
(390, 386, 1, 'Samagi Chemicals', '', 1, '2014-05-12', '09:39:22', '2014-05-12 04:09:22'),
(391, 387, 1, 'A.S.C Morayaya', '', 1, '2014-05-12', '09:40:42', '2014-05-12 04:10:42'),
(392, 388, 1, 'A.S.C Ulpathagama', '', 1, '2014-05-12', '09:42:04', '2014-05-12 04:12:04'),
(393, 389, 1, 'Dhumbara Chemicals', '', 1, '2014-05-12', '09:43:33', '2014-05-12 04:13:33'),
(394, 390, 1, 'Kandegedara Chemicals', '', 1, '2014-05-12', '09:45:26', '2014-05-12 04:15:26'),
(395, 391, 1, 'Hemantha Trade Center', '', 1, '2014-05-12', '09:46:37', '2014-05-12 04:16:37'),
(396, 392, 1, 'Pulathisi Chemicals', '', 1, '2014-05-12', '09:47:47', '2014-05-12 04:17:47'),
(397, 393, 8, 'Jayanandha Trade Center', '', 1, '2014-05-12', '09:49:09', '2014-05-12 04:19:09');

-- --------------------------------------------------------

--
-- Table structure for table `tbl_outlet_category`
--

CREATE TABLE IF NOT EXISTS `tbl_outlet_category` (
  `id_outlet_category` int(11) NOT NULL AUTO_INCREMENT,
  `outlet_category_name` varchar(450) DEFAULT NULL,
  `outlet_category_status` tinyint(4) DEFAULT '1',
  `added_date` date DEFAULT NULL,
  `added_time` time DEFAULT NULL,
  `added_timestamp` timestamp NULL DEFAULT CURRENT_TIMESTAMP ON UPDATE CURRENT_TIMESTAMP,
  PRIMARY KEY (`id_outlet_category`)
) ENGINE=InnoDB  DEFAULT CHARSET=latin1 AUTO_INCREMENT=15 ;

--
-- Dumping data for table `tbl_outlet_category`
--

INSERT INTO `tbl_outlet_category` (`id_outlet_category`, `outlet_category_name`, `outlet_category_status`, `added_date`, `added_time`, `added_timestamp`) VALUES
(1, 'Chemical Dealers', 1, '2013-11-20', '13:05:13', '2013-11-21 08:56:35'),
(2, 'Hardware Shop', 1, '2013-11-20', '13:06:01', '2013-11-20 07:36:20'),
(3, 'Electronic Shop', 1, '2013-11-20', '13:06:38', '2013-11-21 06:57:19'),
(4, 'Other Shops', 1, '2013-11-21', '06:57:56', '2013-11-21 06:58:16'),
(5, 'Motors', 1, '2013-11-21', '07:43:36', '2013-11-28 06:08:32'),
(6, 'Stores', 1, '2013-11-21', '07:43:52', '2013-11-28 06:08:38'),
(7, 'Chemical and  H.W', 1, '2013-11-21', '07:46:50', '2013-11-28 06:08:44'),
(8, 'Trade Center', 1, '2013-11-21', '07:58:19', '2013-11-28 06:08:50'),
(9, 'test-sa', 0, '2013-12-28', '12:21:56', '2013-12-28 06:52:23'),
(10, 'fsdfdf', 0, '2013-12-28', '12:23:36', '2013-12-28 06:53:40'),
(11, 'fscscd', 0, '2013-12-28', '12:23:54', '2013-12-28 06:54:09'),
(12, 'sassdasdasds', 0, '2013-12-28', '12:24:15', '2013-12-28 06:54:50'),
(13, 'Government', 1, '2014-02-05', '12:11:50', '2014-02-05 06:41:50'),
(14, 'Agro', 1, '2014-03-20', '14:29:02', '2014-03-20 08:59:02');

-- --------------------------------------------------------

--
-- Table structure for table `tbl_outlet_has_branch`
--

CREATE TABLE IF NOT EXISTS `tbl_outlet_has_branch` (
  `id_outlet_has_branch` int(11) NOT NULL AUTO_INCREMENT,
  `id_outlet` int(11) NOT NULL,
  `id_branch_registration` int(11) NOT NULL,
  `id_territory` int(11) NOT NULL,
  `branch_address` varchar(450) DEFAULT NULL,
  `branch_telephone` varchar(45) DEFAULT NULL,
  `branch_mobile` varchar(45) DEFAULT NULL,
  `branch_contact_person` varchar(450) DEFAULT NULL,
  `branch_contact_person_designation` varchar(450) DEFAULT NULL,
  `outlet_has_branch_status` tinyint(4) DEFAULT '1',
  `added_date` date DEFAULT NULL,
  `added_time` time DEFAULT NULL,
  `added_timestamp` timestamp NULL DEFAULT CURRENT_TIMESTAMP ON UPDATE CURRENT_TIMESTAMP,
  `percentage_discount` decimal(20,2) NOT NULL DEFAULT '0.00',
  `price_discount` decimal(20,2) NOT NULL DEFAULT '0.00',
  PRIMARY KEY (`id_outlet_has_branch`),
  KEY `fk_tbl_outlet_has_branch_tbl_territory1` (`id_territory`),
  KEY `fk_tbl_outlet_has_branch_tbl_outlet1` (`id_outlet`),
  KEY `fk_tbl_outlet_has_branch_tbl_branch_registration1` (`id_branch_registration`)
) ENGINE=InnoDB  DEFAULT CHARSET=latin1 AUTO_INCREMENT=419 ;

--
-- Dumping data for table `tbl_outlet_has_branch`
--

INSERT INTO `tbl_outlet_has_branch` (`id_outlet_has_branch`, `id_outlet`, `id_branch_registration`, `id_territory`, `branch_address`, `branch_telephone`, `branch_mobile`, `branch_contact_person`, `branch_contact_person_designation`, `outlet_has_branch_status`, `added_date`, `added_time`, `added_timestamp`, `percentage_discount`, `price_discount`) VALUES
(22, 1, 13, 4, 'Horoupathana Road, Mihinthale', '071-7483652', '071-7483652', 'Miss. Puspa', 'Owner', 0, '2013-11-21', '07:50:12', '2013-12-03 04:43:36', '0.00', '0.00'),
(23, 2, 14, 4, 'Galenbidunuwewa Road,\nSippukulama', '025-49919208', '025-49919208', 'Mr.Kumara', 'Owner', 1, '2013-11-21', '07:53:21', '2013-11-21 07:53:21', '0.00', '0.00'),
(24, 3, 15, 4, 'Horoupathana Road,\nSippukulama', '072-6396996', '072-6396996', 'Mr.Lalinda', 'Owner', 0, '2013-11-21', '07:55:29', '2013-12-03 04:44:40', '0.00', '0.00'),
(25, 4, 16, 5, 'Thalakolawewa,Hurigaswewa', '071-4490490', '071-4490490', 'Mr. Sanjaya', 'Owner', 1, '2013-11-21', '07:56:38', '2013-11-21 07:56:38', '0.00', '0.00'),
(26, 5, 17, 5, 'New Town Galnewa', '025-2269556', '025-2269556', 'None', 'None', 1, '2013-11-21', '07:57:51', '2013-11-21 07:57:51', '0.00', '0.00'),
(27, 6, 18, 4, 'Upuldeniya Road Katukaliyawa', '077-6647608', '077-6647608', 'none', 'Owner', 1, '2013-11-21', '07:57:52', '2013-11-21 07:57:52', '0.00', '0.00'),
(28, 7, 19, 5, 'Thambuththegama Road Bullnewa.', '072-4227642', '072-4227642', 'Mr Asela', 'Owner', 1, '2013-11-21', '07:59:27', '2013-11-21 07:59:27', '0.00', '0.00'),
(29, 8, 20, 4, 'New Town Galenbidunuwewa', '025-2258247', '025-2258247', 'none', 'Owner', 1, '2013-11-21', '08:00:13', '2013-11-21 08:00:13', '0.00', '0.00'),
(30, 9, 21, 5, 'New Town Galnewa', '0252269534', '0252269534', 'None', 'None', 1, '2013-11-21', '08:01:48', '2013-11-21 08:01:48', '0.00', '0.00'),
(31, 10, 22, 5, 'Galgamuwa Road , Meegalawa', '072-7877845', '072-7877845', 'Mr. Shantha', 'Owner', 1, '2013-11-21', '08:03:05', '2013-11-21 08:03:05', '0.00', '0.00'),
(32, 11, 23, 5, 'New Town Meegalawa', '071-4003053', '071-4003053', 'Mr. Bandara', 'Owner', 1, '2013-11-21', '08:05:13', '2013-11-21 08:05:13', '0.00', '0.00'),
(33, 12, 24, 4, 'Kannimaduwa Road Galenbidunuwewa', '025-2258283', '025-2258283', 'Mr.Puwad', 'Owner', 1, '2013-11-21', '08:06:13', '2013-11-21 08:06:13', '0.00', '0.00'),
(34, 13, 25, 5, 'Kakirawa Road, Jayamawatha.', '077-3412017', '077-3412017', 'Mr. Jinna', 'Owner', 1, '2013-11-21', '08:06:22', '2013-11-21 08:06:22', '0.00', '0.00'),
(35, 14, 26, 4, 'Kandy Road Mihinthale', '0000000000', '0000000000', 'Mr.Asmi', 'Owner', 1, '2013-11-21', '08:08:51', '2013-11-21 08:08:51', '0.00', '0.00'),
(36, 15, 27, 5, 'Eppawala Road, Karuwalwgaswewa.\n', 'None', 'None', 'None', 'None', 1, '2013-11-21', '08:21:24', '2013-11-21 08:21:24', '0.00', '0.00'),
(37, 16, 28, 5, 'New Town Galnewa', 'None', 'None', 'None', 'None', 1, '2013-11-21', '08:22:07', '2013-11-21 08:22:07', '0.00', '0.00'),
(38, 17, 29, 4, 'New Town Galenbidunuwewa', '025-7923930', '025-7923930', 'Mr.Erantha', 'Owner', 1, '2013-11-21', '08:23:56', '2013-11-21 08:23:56', '0.00', '0.00'),
(39, 18, 30, 4, 'New Town Galenbidunuwewa', '0000000000', '0000000000', 'none', 'Owner', 1, '2013-11-21', '08:25:35', '2013-11-21 08:25:35', '0.00', '0.00'),
(40, 19, 31, 11, 'Darmapala Mawatha Anuradhapura', '0000000000', '0000000000', 'none', 'Owner', 1, '2013-11-21', '08:28:19', '2013-11-21 08:28:19', '0.00', '0.00'),
(41, 20, 32, 11, 'No:04,Darmapala Mawatha Anuradapura', '0000000000', '0000000000', 'none', 'Owner', 1, '2013-11-21', '08:29:38', '2013-11-21 08:29:38', '0.00', '0.00'),
(42, 21, 33, 11, 'No:140B/7 Road,Market Side Anuradhapura', '0000000000', '0000000000', 'none', 'Owner', 1, '2013-11-21', '08:30:51', '2013-11-21 08:30:51', '0.00', '0.00'),
(43, 22, 34, 11, 'Bank Sate Anuradhapura', '0000000000', '0000000000', 'none', 'Owner', 1, '2013-11-21', '08:32:29', '2013-11-21 08:32:29', '0.00', '0.00'),
(44, 23, 35, 6, 'New Town Nochchiyagama', '072-2332030', '072-2332030', 'Mr. Sumith', 'Owner', 1, '2013-11-21', '08:33:28', '2013-11-21 08:33:28', '0.00', '0.00'),
(45, 24, 36, 6, 'New Town Nochchiyagama', '025-2257809', '025-2257809', 'Mr. Layanal', 'Owner', 1, '2013-11-21', '08:34:15', '2013-11-21 08:34:15', '0.00', '0.00'),
(46, 25, 37, 11, 'New Bustand Anuradhapura', '077-7603438', '077-7603438', 'Mr:Rasika', 'Owner', 1, '2013-11-21', '08:34:40', '2013-11-21 08:34:40', '0.00', '0.00'),
(47, 26, 38, 6, 'Puththalam, Road,Nochchiyagama.', '071-2900900', '071-2900900', 'Mr. Asanka', 'Owner', 1, '2013-11-21', '08:35:10', '2013-11-21 08:35:10', '0.00', '0.00'),
(48, 27, 39, 11, 'New Town Thalawa', '025-2276391', '025-2276391', 'none', 'Owner', 1, '2013-11-21', '08:36:13', '2013-11-21 08:36:13', '0.00', '0.00'),
(49, 28, 40, 6, 'Puththalam Road, Kalawawa.', '072-4629150', '072-4629150', 'Mr. Nelsan', 'Owner', 1, '2013-11-21', '08:36:17', '2013-11-21 08:36:17', '0.00', '0.00'),
(50, 29, 41, 6, 'Rjanganaya Yaya 08', 'None', 'None', 'Mr:Chandana', 'Owner', 1, '2013-11-21', '08:37:03', '2013-11-21 08:37:03', '0.00', '0.00'),
(51, 30, 42, 6, 'Rajanganaya Yaya 05', '072-7878889', '072-7878889', 'Mr:Sisira', 'Owner', 1, '2013-11-21', '08:38:05', '2013-11-21 08:38:05', '0.00', '0.00'),
(52, 31, 43, 6, 'Pahalahalmillawa, Nochchiyagama.\n', '077-418361', '077-418361', 'Mr:Thanuja', 'Owner', 1, '2013-11-21', '08:38:56', '2013-11-21 08:38:56', '0.00', '0.00'),
(53, 32, 44, 6, 'Nochchiyagama Road, Thamuththegama.\n', '025-5620032', '025-5620032', 'Mr. Nalaka', 'Owner', 1, '2013-11-21', '08:39:46', '2013-11-21 08:39:46', '0.00', '0.00'),
(54, 33, 45, 6, 'Rajanganaya Road, Thambuththegama.\n', '025-2276338', '025-2276338', 'Mr. Gunarathna', 'Owner', 1, '2013-11-21', '08:40:34', '2013-11-21 08:40:34', '0.00', '0.00'),
(55, 34, 46, 6, 'Anuradhapura Road, Thambuththegama.\n', '071-9923924', '071-9923924', 'Mr:Senaka', 'Owner', 1, '2013-11-21', '08:41:18', '2013-11-21 08:41:18', '0.00', '0.00'),
(56, 35, 47, 6, 'No:74, Thambuththegama.\n', '025-2276353', '025-2276353', 'Mr. Thennakoon', 'Owner', 1, '2013-11-21', '08:41:58', '2013-11-21 08:41:58', '0.00', '0.00'),
(57, 36, 48, 6, 'Kurunagala Road, Thambuththegama.\n', '077-4609847', '077-4609847', 'Mr:Chminda', 'Owner', 1, '2013-11-21', '08:42:51', '2013-11-21 08:42:51', '0.00', '0.00'),
(58, 37, 49, 11, 'Anuradhapura Road Sawasthipura', '0000000000', '0000000000', 'none', 'Owner', 1, '2013-11-21', '08:43:12', '2013-11-21 08:43:12', '0.00', '0.00'),
(59, 38, 50, 6, 'Kurunagala Road, Thambuththegama.\n', 'None', 'None', 'None', 'None', 1, '2013-11-21', '08:43:42', '2013-11-21 08:43:42', '0.00', '0.00'),
(60, 39, 51, 6, 'Rajanganaya Yaya 11', '077-9672239', '077-9672239', 'Mr. Jayathissa', 'Owner', 1, '2013-11-21', '08:44:27', '2013-11-21 08:44:27', '0.00', '0.00'),
(61, 40, 52, 6, 'Rajanganaya Yaya 05', '071-18105488', '071-18105488', 'Mr:Nilantha', 'Owner', 1, '2013-11-21', '08:45:10', '2013-11-21 08:45:10', '0.00', '0.00'),
(62, 41, 53, 6, 'Nochchiyagama Road, Thamuththegama.\n', 'None', 'None', 'Mr:Gunawrdena', 'Owner', 1, '2013-11-21', '08:45:55', '2013-11-21 08:45:55', '0.00', '0.00'),
(63, 42, 54, 6, 'Anuradhapura Road, Thambuththegama.\n', 'None', 'None', 'None', 'None', 1, '2013-11-21', '08:46:40', '2013-11-21 08:46:40', '0.00', '0.00'),
(64, 43, 55, 6, 'Rajanganaya Yaya 13', 'None', 'None', 'None', 'None', 1, '2013-11-21', '08:47:57', '2013-11-21 08:47:57', '0.00', '0.00'),
(65, 44, 56, 11, 'Kurunagala Road Thalawa', '071-8612718', '071-8612718', 'Mr:Palitha', 'Owner', 1, '2013-11-21', '08:52:07', '2013-11-21 08:52:07', '0.00', '0.00'),
(66, 45, 57, 11, 'Andarawewa Road Thalawa', '071-4319552', '071-4319552', 'Mr:Amila', 'Owner', 1, '2013-11-21', '08:58:32', '2013-11-21 08:58:32', '0.00', '0.00'),
(68, 47, 59, 7, 'Thambuththegama Road Eppawala\n', '0000000000', '0000000000', 'none', 'Owner', 1, '2013-11-26', '10:02:48', '2013-11-26 10:02:48', '0.00', '0.00'),
(69, 48, 60, 7, 'Kakirawa Road Eppawala\n', '0000000000', '713038059', 'none', 'none', 1, '2013-11-26', '10:14:04', '2013-11-26 10:14:04', '0.00', '0.00'),
(70, 49, 61, 7, 'Kakirawa Road Eppawala\n', '0000000000', '077-3592492', 'none', 'none', 1, '2013-11-26', '10:18:34', '2013-11-26 10:18:34', '0.00', '0.00'),
(71, 50, 62, 7, 'Kakirawa Road Gonapathirawa\n', '025-4985121', '077-1153771', 'none', 'none', 1, '2013-11-26', '10:20:57', '2013-11-26 10:20:57', '0.00', '0.00'),
(72, 51, 63, 7, 'Anuradhapura Road Eppawala\n', '0000000000', '0000000000', 'none', 'none', 1, '2013-11-26', '10:24:16', '2013-11-26 10:24:16', '0.00', '0.00'),
(73, 52, 64, 7, 'Kandy Road Eppawala\n', '0000000000', '0000000000', 'none', 'none', 1, '2013-11-26', '10:27:20', '2014-02-03 05:35:15', '0.00', '0.00'),
(74, 53, 65, 7, 'Kandy Road Kakirawa\n', '0000000000', '077-72467655', 'none', 'none', 1, '2013-11-26', '10:29:12', '2013-11-26 10:29:12', '0.00', '0.00'),
(75, 54, 66, 7, 'Kandy Road Kakirawa\n', '0000000000', '0000000000', 'none', 'none', 1, '2013-11-26', '10:30:56', '2013-11-26 10:30:56', '0.00', '0.00'),
(76, 55, 67, 7, 'Anuradhapura Road kiralogama\n', '025-2249353', '0000000000', 'none', 'none', 1, '2013-11-26', '10:32:28', '2013-11-26 10:32:28', '0.00', '0.00'),
(77, 56, 68, 7, 'Kandy Road Kakirawa\n', '025-2264489', '0000000000', 'none', 'none', 1, '2013-11-26', '10:33:41', '2013-11-26 10:33:41', '0.00', '0.00'),
(78, 57, 69, 7, 'Anuradhapura Road Eppawala\n', '0000000000', '0000000000', 'none', 'none', 1, '2013-11-26', '10:35:15', '2013-11-26 10:35:15', '0.00', '0.00'),
(79, 58, 70, 7, 'Kandy Road Thirappane\n', '0000000000', '0000000000', 'none', 'none', 1, '2013-11-26', '10:37:36', '2013-11-26 10:37:36', '0.00', '0.00'),
(80, 59, 71, 7, 'Anuradhapura Road Thirappane\n', '0000000000', '077-5551080', 'none', 'none', 1, '2013-11-26', '10:40:54', '2013-11-26 10:40:54', '0.00', '0.00'),
(81, 60, 72, 8, 'Galenbidunuwewa Road Kahatagasdigiliya\n', '025-2247399', '0000000000', 'none', 'none', 1, '2013-11-26', '10:43:03', '2013-11-26 10:43:03', '0.00', '0.00'),
(82, 61, 73, 8, 'New Town Horoupathana\n', '0000000000', '077-3375555', 'none', 'none', 1, '2013-11-26', '10:45:10', '2013-11-26 10:45:10', '0.00', '0.00'),
(83, 62, 74, 8, 'New Town Horoupathana\n', '0000000000', '071-1259083', 'none', 'none', 1, '2013-11-26', '10:47:10', '2013-11-26 10:47:10', '0.00', '0.00'),
(84, 63, 75, 8, 'New Town Khatagasdigiliya\n', '0000000000', '0000000000', 'none', 'none', 1, '2013-11-26', '10:48:36', '2013-11-26 10:48:36', '0.00', '0.00'),
(85, 64, 76, 8, 'New Town Horoupathana\n', '0000000000', '0000000000', 'none', 'none', 1, '2013-11-26', '10:50:25', '2013-11-26 10:50:25', '0.00', '0.00'),
(86, 65, 77, 8, 'Anuradhapura Road Khatagasdigiliya\n', '0000000000', '077-3076607', 'none', 'none', 1, '2013-11-26', '10:51:29', '2013-11-26 10:51:29', '0.00', '0.00'),
(87, 66, 78, 8, 'Anuradhapura Road Horoupathana\n', '0000000000', '077-3063915', 'none', 'none', 1, '2013-11-26', '10:53:34', '2013-11-26 10:53:34', '0.00', '0.00'),
(88, 67, 79, 8, 'New Town Horoupathana\n', '0000000000', '0000000000', 'none', 'none', 1, '2013-11-26', '10:55:05', '2013-11-26 10:55:05', '0.00', '0.00'),
(89, 68, 80, 8, 'Trinkomali Road Horoupathana\n', '0000000000', '0000000000', 'none', 'none', 1, '2013-11-26', '10:56:32', '2013-11-26 10:56:32', '0.00', '0.00'),
(90, 69, 81, 8, 'Anuradhapura Road Dachchahalmillawa\n', '0000000000', '072-7339330', 'none', 'none', 1, '2013-11-26', '10:58:00', '2013-11-26 10:58:00', '0.00', '0.00'),
(91, 70, 82, 8, 'Anuradhapura Road Horoupathana\n', '025-2278587', '0000000000', 'none', 'none', 1, '2013-11-26', '10:59:09', '2013-11-26 10:59:09', '0.00', '0.00'),
(92, 71, 83, 9, 'Bogashandiya Road Pemaduwa\n', '0000000000', '071-7153200', 'none', 'none', 1, '2013-11-26', '11:02:15', '2013-11-26 11:02:15', '0.00', '0.00'),
(93, 72, 84, 9, 'Wilachchiya Road Aliwanguwa\n', '0000000000', '0000000000', 'none', 'none', 1, '2013-11-26', '11:03:21', '2013-11-26 11:03:21', '0.00', '0.00'),
(94, 73, 85, 9, 'New Town Pemaduwa\n', '0000000000', '077-3818360', 'none', 'none', 1, '2013-11-26', '11:05:14', '2013-11-26 11:05:14', '0.00', '0.00'),
(95, 74, 86, 9, 'Pemaduwa,Bogashandiya\n', '0000000000', '0000000000', 'none', 'none', 1, '2013-11-26', '11:06:42', '2013-11-26 11:06:42', '0.00', '0.00'),
(96, 75, 87, 9, 'Pemaduwa,Bogashandiya\n', '025-3256312', '0000000000', 'none', 'none', 1, '2013-11-26', '11:07:51', '2013-11-26 11:07:51', '0.00', '0.00'),
(97, 76, 88, 10, 'Mihinthale Road Rembawa\n', '0000000000', '071-8745100', 'none', 'none', 1, '2013-11-26', '11:14:23', '2013-11-26 11:14:23', '0.00', '0.00'),
(98, 77, 89, 10, 'Medhawachchiya Road Rembawa\n', '0000000000', '0000000000', 'none', 'none', 1, '2013-11-26', '11:18:25', '2013-11-26 11:18:25', '0.00', '0.00'),
(99, 78, 90, 10, 'New Town Madhawachchiya\n', '0000000000', '077-4303065', 'none', 'none', 1, '2013-11-26', '11:19:35', '2013-11-26 11:19:35', '0.00', '0.00'),
(100, 79, 91, 10, 'Anuradhapura Road Medhawachchiya\n', '0000000000', '071-4169979', 'none', 'none', 1, '2013-11-26', '11:21:46', '2013-11-26 11:21:46', '0.00', '0.00'),
(101, 80, 92, 10, 'Anuradhapura Road Medhawachchiya\n', '0000000000', '0000000000', 'none', 'none', 1, '2013-11-26', '11:22:54', '2013-11-26 11:22:54', '0.00', '0.00'),
(102, 81, 93, 12, 'New Town Padawiya\n', '0000000000', '0000000000', 'none', 'none', 1, '2013-11-26', '11:25:16', '2013-11-26 11:25:16', '0.00', '0.00'),
(103, 82, 94, 12, 'New Town Padawisripura\n', '0000000000', '0000000000', 'none', 'none', 1, '2013-11-26', '11:26:52', '2013-11-26 11:26:52', '0.00', '0.00'),
(104, 83, 95, 12, 'New Town Padawisripura\n', '0000000000', '0000000000', 'none', 'none', 1, '2013-11-26', '11:28:00', '2013-11-26 11:28:00', '0.00', '0.00'),
(105, 84, 96, 12, 'New Town Padawisripura\n', '0000000000', '0000000000', 'none', 'none', 1, '2013-11-26', '11:29:18', '2013-11-26 11:29:18', '0.00', '0.00'),
(106, 85, 97, 12, 'Padawi Road Kabithigollawa\n', '0000000000', '0000000000', 'none', 'none', 1, '2013-11-26', '11:30:25', '2013-11-26 11:30:25', '0.00', '0.00'),
(107, 86, 98, 12, 'Padawiparakramapura\n', '0000000000', '0000000000', 'none', 'none', 1, '2013-11-26', '11:32:17', '2013-11-26 11:32:17', '0.00', '0.00'),
(108, 87, 99, 12, 'Aliwanguwa Padawiya\n', '0000000000', '0000000000', 'none', 'none', 1, '2013-11-26', '11:33:28', '2013-11-26 11:33:28', '0.00', '0.00'),
(109, 88, 100, 12, 'Padawi Road Kabithigollawa\n', '0000000000', '0000000000', 'none', 'none', 1, '2013-11-26', '11:34:22', '2013-11-26 11:34:22', '0.00', '0.00'),
(110, 89, 101, 12, 'Padawi Sripura\n', '0000000000', '0000000000', 'none', 'none', 1, '2013-11-26', '11:35:08', '2013-11-26 11:35:08', '0.00', '0.00'),
(111, 90, 102, 12, 'Padawi Sripura\n', '0000000000', '0000000000', 'none', 'none', 1, '2013-11-26', '11:35:52', '2013-11-26 11:35:52', '0.00', '0.00'),
(113, 92, 104, 3, 'ryg', '', '46556', 'bbkj', 'jgj', 1, '2013-12-02', '04:35:25', '2013-12-02 04:35:25', '0.00', '0.00'),
(121, 100, 13, 4, 'Horoupathana Road, Mihinthale', '071-7483652', '071-7483652', 'Miss. Puspa', 'Owner', 1, '2013-12-03', '04:43:36', '2013-12-03 04:43:36', '0.00', '0.00'),
(122, 101, 15, 4, 'Horoupathana Road,\nSippukulama', '072-6396996', '072-6396996', 'Mr.Lalinda', 'Owner', 1, '2013-12-03', '04:44:40', '2013-12-03 04:44:40', '0.00', '0.00'),
(123, 102, 112, 3, 'No 87,New town ,Thabuththegama', '0252276201', '0252276201', 'owner', 'owner', 1, '2014-01-10', '12:03:15', '2014-01-10 06:33:15', '0.00', '0.00'),
(124, 103, 113, 6, 'No.87 New town,Tabuththegama', '0252276201', '0252276201', 'owner', 'owner', 1, '2014-01-10', '12:07:42', '2014-01-10 06:37:42', '0.00', '0.00'),
(125, 104, 114, 6, 'rajanganaya handiya', '', '0724931933', 'sudesh', 'owner', 1, '2014-01-21', '12:44:41', '2014-01-21 07:14:41', '0.00', '0.00'),
(129, 108, 118, 3, 'Main Road\n', '0829480422', '0938598', 'Haze', 'Hazeem', 1, '2014-01-28', '11:40:10', '2014-01-28 06:10:10', '0.00', '0.00'),
(130, 109, 119, 5, 'Galnewa Rd, Kalankuttiya', '0257911117', '0257911117', 'MR. Lalith', 'Owner', 1, '2014-02-03', '11:10:49', '2014-02-03 05:40:49', '0.00', '17.00'),
(131, 110, 120, 23, 'Kurunagala road Pothuhera', '372237501', '772510893', 'mr.disanayaka', 'owner', 0, '2014-02-07', '11:13:46', '2014-02-25 07:49:19', '0.00', '0.00'),
(132, 111, 121, 23, 'Kurunagala road Pothuhera', '372237501', '772510893', 'mr.disanayaka', 'owner', 1, '2014-02-07', '11:15:50', '2014-02-07 05:45:50', '0.00', '0.00'),
(133, 112, 122, 23, 'Negambo road Narammala', '372249184', '000000000', 'none', 'owner', 1, '2014-02-07', '11:19:25', '2014-02-07 05:49:25', '0.00', '0.00'),
(134, 113, 123, 23, 'Negambo road Narammala', '00000000', '777730531', 'none', 'owner', 1, '2014-02-07', '11:21:15', '2014-02-07 05:51:15', '0.00', '0.00'),
(135, 114, 124, 23, 'Colombo road Polgahawela Bandawa', '0000000', '715682065', 'none', 'owner', 1, '2014-02-07', '11:23:08', '2014-02-07 05:53:08', '0.00', '0.00'),
(136, 115, 125, 23, 'Umbuluwa Alawwa', '373982376', '00000000', 'mr.chandrasiri', 'owner', 1, '2014-02-07', '11:25:10', '2014-02-07 05:55:10', '0.00', '0.00'),
(137, 116, 126, 23, 'Boyawalana Alawwa', '373370124', '00000000', 'none', 'owner', 1, '2014-02-07', '11:29:18', '2014-02-07 05:59:18', '0.00', '0.00'),
(138, 117, 127, 23, 'Kappetiwalana Alawwa', '0000000000', '770273888', 'none', 'owner', 1, '2014-02-07', '11:30:51', '2014-02-07 06:00:51', '0.00', '0.00'),
(139, 118, 128, 23, 'Mutugala Dabadeniya', '0000000000', '776761123', 'mr.leslan', 'owner', 1, '2014-02-07', '11:33:47', '2014-02-07 06:03:47', '0.00', '0.00'),
(140, 119, 129, 23, 'Negambo road Giriulla', '372288071', '000000000', 'none', 'owner', 1, '2014-02-07', '11:35:40', '2014-02-07 06:05:40', '0.00', '0.00'),
(141, 120, 130, 23, 'Negambo road Narammala', '372288092', '00000000', 'none', 'owner', 1, '2014-02-07', '11:36:51', '2014-02-07 06:06:51', '0.00', '0.00'),
(142, 121, 131, 23, 'Aetabe Narangoda', '000000000', '776137690', 'mr.dammika bandara', 'owner', 1, '2014-02-07', '11:38:24', '2014-02-07 06:08:24', '0.00', '0.00'),
(143, 122, 132, 23, 'Pannala road Yakvila', '000000000', '772897670', 'none', 'owner', 1, '2014-02-07', '11:39:48', '2014-02-07 06:09:48', '0.00', '0.00'),
(144, 123, 133, 9, 'Polgahawela road Kahawathtala', '00000000', '729309537', 'none', 'owner', 1, '2014-02-07', '11:41:01', '2014-02-07 06:11:01', '0.00', '0.00'),
(145, 124, 134, 23, 'Kelanimulla', '372285136', '000000000', 'none', 'owner', 1, '2014-02-07', '11:42:47', '2014-02-07 06:12:47', '0.00', '0.00'),
(146, 125, 135, 23, 'Mutugala Dabadeniya', '372266543', '773020748', 'none', 'owner', 1, '2014-02-07', '11:44:17', '2014-02-07 06:14:17', '0.00', '0.00'),
(147, 126, 136, 23, 'Kottawathta Wadakada', '00000000', '717579393', 'mr.pasidu', 'owner', 1, '2014-02-07', '11:46:04', '2014-02-07 06:16:04', '0.00', '0.00'),
(148, 127, 137, 23, 'Kuliyapitiya road Narammala', '375646603', '000000000', 'none', 'owner', 1, '2014-02-07', '11:47:45', '2014-02-07 06:17:45', '0.00', '0.00'),
(149, 128, 138, 23, 'Negambo road Dabadeniya', '0000000000', '0000000000', 'none', 'owner', 1, '2014-02-07', '11:49:03', '2014-02-07 06:19:03', '0.00', '0.00'),
(150, 129, 139, 23, 'Negambo road Maoluwa', '00000000', '773158107', 'mr.amare', 'owner', 1, '2014-02-07', '11:51:13', '2014-02-07 06:21:13', '0.00', '0.00'),
(151, 130, 140, 23, 'Negambou road Narammala', '372249564', '0000000', 'none', 'owner', 1, '2014-02-07', '11:52:59', '2014-02-07 06:22:59', '0.00', '0.00'),
(152, 131, 141, 23, 'Mahingamuwa', '00000000', '00000000', 'mr.nimal', 'owner', 1, '2014-02-07', '11:54:47', '2014-02-07 06:24:47', '0.00', '0.00'),
(153, 132, 142, 23, 'd.o department of agr. Development Alawwa', '372278934', '00000000', 'd.o', 'owner', 1, '2014-02-07', '11:57:36', '2014-02-07 06:27:36', '0.00', '0.00'),
(154, 133, 143, 23, 'd.o department of agr. Development Dabadeniya', '373379206', '000000000', 'd.o', 'owner', 1, '2014-02-07', '11:59:01', '2014-02-07 06:29:01', '0.00', '0.00'),
(155, 134, 144, 23, 'd.o department of agr. Development Kuliyapitiya', '373375131', '00000000', 'd.o    m.r mahinda', 'owner', 1, '2014-02-07', '12:01:09', '2014-02-07 06:31:09', '0.00', '0.00'),
(156, 135, 145, 23, 'd.o department of agr. Development Maharachcimulla', '372279700', '000000000', 'd.o      m.r pramasena', 'owner', 1, '2014-02-07', '12:02:34', '2014-02-07 06:32:34', '0.00', '0.00'),
(157, 136, 146, 23, 'd.o department of agr. Development Narammala', '372249373', '000000000', 'd.o', 'owner', 1, '2014-02-07', '12:04:17', '2014-02-07 06:34:17', '0.00', '0.00'),
(158, 137, 147, 23, 'd.o department of agr. Development Polgahawela', '372244745', '00000000', 'd.o', 'owner', 1, '2014-02-07', '12:05:30', '2014-02-07 06:35:30', '0.00', '0.00'),
(159, 138, 148, 23, 'd.o department of agr. Development Pothuhera', '372237800', '000000000', 'd.o        m.r asanga', 'owner', 1, '2014-02-07', '12:07:57', '2014-02-07 06:37:57', '0.00', '0.00'),
(160, 139, 149, 23, 'd.o department of agr. Development Yakvila', '372246691', '00000000', 'd.o', 'owner', 1, '2014-02-07', '12:09:13', '2014-02-07 06:39:13', '0.00', '0.00'),
(161, 140, 150, 24, 'Kuliyapitiya road Horombawa Kirimatiyawa Kurunagala', '00000000', '776057877', 'none', 'owner', 1, '2014-02-07', '12:25:21', '2014-02-07 06:55:21', '0.00', '0.00'),
(162, 141, 151, 24, 'Tissa mawatha Kuliyapitiya', '00000000', '772510894', 'mr.janaka', 'owner', 1, '2014-02-07', '12:27:13', '2014-02-07 06:57:13', '0.00', '0.00'),
(163, 142, 152, 24, 'Pallewela agro senter Kudalpotha Kuliyapitiya', '00000000', '772068517', 'none', 'owner', 1, '2014-02-07', '12:28:41', '2014-02-07 06:58:41', '0.00', '0.00'),
(164, 143, 153, 24, 'Hettipola road Eapaladeniya kuliyapitiya', '372281900', '772328181', 'mr.chandana patiraja', 'owner', 1, '2014-02-07', '12:30:11', '2014-02-07 07:00:11', '0.00', '0.00'),
(165, 144, 154, 24, 'Hettipola road Eapaladeniya kuliyapitiya', '372281900', '772328181', 'mr.chandana patiraja', 'owner', 1, '2014-02-07', '12:34:35', '2014-02-07 07:04:35', '0.00', '0.00'),
(166, 145, 155, 24, 'Akkarawathta Munamaldeniya', '00000000', '722908676', 'mis. Anoma', 'owner', 1, '2014-02-07', '12:41:54', '2014-02-07 07:11:54', '0.00', '0.00'),
(167, 146, 156, 24, 'Akkarawathta Munamaldeniya', '00000000', '722908676', 'mis. Anoma', 'owner', 1, '2014-02-07', '13:02:40', '2014-02-07 07:32:40', '0.00', '0.00'),
(168, 147, 157, 24, 'Kuliyapitiya road Munamaldeniya', '372291388', '000000000', 'mr.patiraja', 'owner', 1, '2014-02-07', '13:04:36', '2014-02-07 07:34:36', '0.00', '0.00'),
(169, 148, 158, 24, 'Hettipola hardware Hettipola', '000000000', '000000000', 'none', 'owner', 1, '2014-02-07', '13:05:59', '2014-02-07 07:35:59', '0.00', '0.00'),
(170, 149, 159, 24, 'none', 'ooooooooooooo', '773301109', 'none', 'owner', 1, '2014-02-07', '13:07:21', '2014-02-07 07:37:21', '0.00', '0.00'),
(171, 150, 160, 24, 'none', '000000000', '000000000', 'none', 'owner', 1, '2014-02-07', '13:08:31', '2014-02-07 07:38:31', '0.00', '0.00'),
(172, 151, 161, 24, 'Boraluwawa Hettipola', '00000000', '772553549', 'mis.shama', 'owner', 1, '2014-02-07', '13:10:25', '2014-02-07 07:40:25', '0.00', '0.00'),
(173, 152, 162, 24, 'nonr', '00000000', '770545910', 'mr.senarath', 'owner', 1, '2014-02-07', '13:11:53', '2014-02-07 07:41:53', '0.00', '0.00'),
(174, 153, 163, 24, 'Katupotha road Rabawa Katupotha', '00000000', '775515406', 'none', 'owner', 1, '2014-02-07', '13:13:12', '2014-02-07 07:43:12', '0.00', '0.00'),
(175, 154, 164, 24, 'Paduwasnuwara Hettipola', '372291093', '776018256', 'none', 'owner', 1, '2014-02-07', '13:15:02', '2014-02-07 07:45:02', '0.00', '0.00'),
(176, 155, 165, 24, 'Mahapitiya Bamunukotuwa Kurunagala', '000000000', '723582470', 'none', 'owner', 1, '2014-02-07', '13:16:21', '2014-02-07 07:46:21', '0.00', '0.00'),
(177, 156, 166, 24, 'Narammala road Katupotha', '000000000', '714541521', 'none', 'owner', 1, '2014-02-07', '13:18:20', '2014-02-07 07:48:20', '0.00', '0.00'),
(178, 157, 167, 24, 'Patiniwathta Bamunukotuwa', '000000000', '724173884', 'none', 'owner', 1, '2014-02-07', '13:24:15', '2014-02-07 07:54:15', '0.00', '0.00'),
(179, 158, 168, 24, 'Katupotha road Bamunukotuwa', '00000000', '771503308', 'mr.lasantha', 'owner', 1, '2014-02-07', '13:25:46', '2014-02-07 07:55:46', '0.00', '0.00'),
(180, 159, 169, 24, 'Kuliyapitiya road Kobeigane', '000000000', '000000000', 'mr.disanayaka', 'owner', 0, '2014-02-07', '13:28:02', '2014-02-25 07:50:59', '0.00', '0.00'),
(181, 160, 170, 24, 'Usaviya idiripita  Hettipola', '000000000', '773699885', 'mr.kumara', 'owner', 1, '2014-02-07', '13:29:26', '2014-02-07 07:59:26', '0.00', '0.00'),
(182, 161, 171, 24, 'Usaviya idiripita  Hettipola', '377922248', '00000000', 'miss.udeni', 'owner', 1, '2014-02-07', '13:30:48', '2014-02-07 08:00:48', '0.00', '0.00'),
(183, 162, 172, 24, 'd.o department of agr. Development Dummalasuriya', '372241280', '000000000', 'd.o', 'owner', 1, '2014-02-07', '13:32:06', '2014-02-07 08:02:06', '0.00', '0.00'),
(184, 163, 173, 24, 'd.o department of agr. Development Munamaldeniya', '373379208', '000000000', 'd.o', 'owner', 1, '2014-02-07', '13:33:34', '2014-02-07 08:03:34', '0.00', '0.00'),
(185, 164, 174, 24, 'd.o department of agr. Development Paduwasnuwara', '372291097', '000000000', 'd.o', 'owner', 1, '2014-02-07', '13:35:02', '2014-02-07 08:05:02', '0.00', '0.00'),
(186, 165, 175, 24, 'd.o department of agr. Development Weerabugedara', '373879575', '000000000', 'd.o', 'owner', 1, '2014-02-07', '13:36:23', '2014-02-07 08:06:23', '0.00', '0.00'),
(187, 166, 176, 25, 'no82. Parakumba road Kurunagala', '372233134', '713368518', 'mr.shamrooz', 'owner', 1, '2014-02-07', '14:01:36', '2014-02-07 08:31:36', '0.00', '0.00'),
(188, 167, 177, 25, 'Puthtalam road Kurunagala', '372225687', '000000000', 'none', 'owner', 1, '2014-02-07', '14:02:48', '2014-02-07 08:32:48', '0.00', '0.00'),
(189, 168, 178, 25, 'Kandy road Paragahadeniya Mawatagama', '000000000', '726248626', 'none', 'owner', 1, '2014-02-07', '14:04:08', '2014-02-07 08:34:08', '0.00', '0.00'),
(190, 169, 179, 25, 'hospital road Gonagama Wariyapola', '000000000', '773875264', 'mr.isuru', 'owner', 1, '2014-02-07', '14:05:36', '2014-02-07 08:35:36', '0.00', '0.00'),
(191, 170, 180, 25, 'Puthtalam road Wariyapola', '372267679', '00000000', 'none', 'owner', 1, '2014-02-07', '14:06:58', '2014-02-07 08:36:58', '0.00', '0.00'),
(192, 171, 181, 25, 'Puthtalam road Padeniya', '000000000', '776540021', 'mr.prasanna', 'owner', 1, '2014-02-07', '14:08:25', '2014-02-07 08:38:25', '0.00', '0.00'),
(193, 172, 182, 25, 'd.m.t wassala pola junction Aulegama', '00000000', '776619981', 'none', 'owner', 1, '2014-02-07', '14:10:00', '2014-02-07 08:40:00', '0.00', '0.00'),
(194, 173, 183, 25, 'hospital road Nikawarataya', '000000000', '716848616', 'mr.wijesinha', 'owner', 1, '2014-02-07', '14:11:19', '2014-02-07 08:41:19', '0.00', '0.00'),
(195, 174, 184, 25, 'Hiloma road Nikawaratiya', '00000000', '772510896', 'mr.janaka', 'owner', 1, '2014-02-07', '14:12:48', '2014-02-07 08:42:48', '0.00', '0.00'),
(196, 175, 185, 25, 'Hiloma road Nikawaratiya', '000000000', '000000000', 'mr.kularathna', 'owner', 1, '2014-02-07', '14:14:18', '2014-02-07 08:44:18', '0.00', '0.00'),
(197, 176, 186, 25, 'Hiloma road Hiloma', '000000000', '777567277', 'mr.darmasiri', 'owner', 1, '2014-02-07', '14:15:30', '2014-02-07 08:45:30', '0.00', '0.00'),
(198, 177, 187, 25, 'Anuradapura road Abanpola', '372253046', '722253046', 'none', 'owner', 1, '2014-02-07', '14:17:02', '2014-02-07 08:47:02', '0.00', '0.00'),
(199, 178, 188, 25, 'no58 Kelinvidiya Galgamuwa', '716568820', '728819157', 'h.m jayawardana', 'owner', 1, '2014-02-07', '14:18:20', '2014-02-07 08:48:20', '0.00', '0.00'),
(200, 179, 189, 25, 'Anuradapura road Redibadiaella Minuwangate', '000000000', '718574662', 'mr.senarath', 'owner', 1, '2014-02-07', '14:19:34', '2014-02-07 08:49:34', '0.00', '0.00'),
(201, 180, 190, 25, 'Anuradapura road Redibadiaella ', '000000000', '727077787', 'miss.madushi', 'owner', 1, '2014-02-07', '14:20:45', '2014-02-07 08:50:45', '0.00', '0.00'),
(202, 181, 191, 25, 'no.11 Kurunagala road Wariyapola', '375735051', '779696080', 'none', 'owner', 1, '2014-02-07', '14:21:58', '2014-02-07 08:51:58', '0.00', '0.00'),
(203, 182, 192, 25, 'Hiloma road Nikawaratiya', '000000000', '721343698', 'mr.ranhiru', 'owner', 1, '2014-02-07', '14:23:06', '2014-02-07 08:53:06', '0.00', '0.00'),
(204, 183, 193, 25, 'no.17 Police station road Abanpola', '372253113', '777239785', 'mr.r,m karunarathna', 'owner', 1, '2014-02-07', '14:24:17', '2014-02-07 08:54:18', '0.00', '0.00'),
(205, 184, 194, 25, 'hospital junction Ganewathta road Wariyapola', '373972007', '776360383', 'mr. l.s.l perera', 'owner', 1, '2014-02-07', '14:25:30', '2014-02-07 08:55:30', '0.00', '0.00'),
(206, 185, 195, 25, 'Anuradapura road Abanpola', '375641183', '775362842', 'miss.malki', 'owner', 1, '2014-02-07', '14:26:38', '2014-02-07 08:56:38', '0.00', '0.00'),
(207, 186, 196, 25, 'no32. suratissa mawatha Kurunagala', '373871919', '718491655', 'mr. d,a, disanayaka', 'owner', 1, '2014-02-07', '14:27:55', '2014-02-07 08:57:55', '0.00', '0.00'),
(208, 187, 197, 25, 'Kalugamuwa road Wariyapola', '0000000000', '0000000000', 'mr.siriwardana', 'owner', 1, '2014-02-07', '14:28:50', '2014-02-07 08:58:50', '0.00', '0.00'),
(209, 188, 198, 25, 'Pannawa road Rabukana Aulegama', '00000000', '724069242', 'none', 'owner', 1, '2014-02-07', '14:29:44', '2014-02-07 08:59:44', '0.00', '0.00'),
(210, 189, 199, 25, 'd.o department of agr. Development  Abanpola', '373373360', '000000000', 'd.o', 'owner', 1, '2014-02-07', '14:30:57', '2014-02-07 09:00:57', '0.00', '0.00'),
(211, 190, 200, 25, 'd.o department of agr. Development Aulegama', '373376760', '000000000', 'd.o', 'owner', 1, '2014-02-07', '14:31:52', '2014-02-07 09:01:52', '0.00', '0.00'),
(212, 191, 201, 25, 'd.o department of agr. Development Boyagane', '373378540', '000000000', 'd.o', 'owner', 1, '2014-02-07', '14:33:02', '2014-02-07 09:03:02', '0.00', '0.00'),
(213, 192, 202, 25, 'd.o department of agr. Development Galgamuwa', '372253497', '000000000', 'd.o', 'owner', 1, '2014-02-07', '14:33:58', '2014-02-07 09:03:58', '0.00', '0.00'),
(214, 193, 203, 25, 'd.o department of agr. Development Kudagalgamuwa', '373376635', '000000000', 'd.o', 'owner', 1, '2014-02-07', '14:35:00', '2014-02-07 09:05:00', '0.00', '0.00'),
(215, 194, 204, 25, 'd.o department of agr. Development Kurunagala', '372220961', '000000000', 'd.o', 'owner', 1, '2014-02-07', '14:35:58', '2014-02-07 09:05:58', '0.00', '0.00'),
(216, 195, 205, 25, 'd.o department of agr. Development Mawatagama', '372298463', '000000000', 'd.o', 'owner', 1, '2014-02-07', '14:36:54', '2014-02-07 09:06:54', '0.00', '0.00'),
(217, 196, 206, 25, 'd.o department of agr. Development Nikawaratiya', '372260509', '000000000', 'd.o', 'owner', 1, '2014-02-07', '14:37:50', '2014-02-07 09:07:50', '0.00', '0.00'),
(218, 197, 207, 25, 'd.o department of agr. Development Wariyapola', '372267577', '000000000', 'd.o', 'owner', 1, '2014-02-07', '14:38:46', '2014-02-07 09:08:46', '0.00', '0.00'),
(219, 198, 208, 26, 'Mahawa road Mahawa', '372275093', '00000000', 'mr. kumudu', 'owner', 1, '2014-02-07', '14:40:08', '2014-02-07 09:10:08', '0.00', '0.00'),
(220, 199, 209, 26, 'Mahawa road Mahawa', '372273077', '00000000', 'none', 'owner', 1, '2014-02-07', '14:41:11', '2014-02-07 09:11:11', '0.00', '0.00'),
(221, 200, 210, 26, 'Mahawa road Mahawa', '771075220', '771075221', 'none', 'owner', 1, '2014-02-07', '14:42:14', '2014-02-07 09:12:14', '0.00', '0.00'),
(222, 201, 211, 25, 'Mahawa road Polpitigama', '372273077', '000000000', 'none', 'owner', 1, '2014-02-07', '14:43:12', '2014-02-07 09:13:12', '0.00', '0.00'),
(223, 202, 212, 26, 'Ibbagamuwa road Galtanwawa', '00000000', '722654849', 'mr. herath', 'owner', 1, '2014-02-07', '14:44:15', '2014-02-07 09:14:15', '0.00', '0.00'),
(224, 203, 213, 26, 'Ibbagamuwa road Kadulawa Kubukgate', '000000000', '728745488', 'miss.herath', 'owner', 1, '2014-02-07', '14:45:31', '2014-02-07 09:15:31', '0.00', '0.00'),
(225, 204, 214, 26, 'Hiripitiya road Hiripitiya', '372246130', '000000000', 'none', 'owner', 1, '2014-02-07', '14:46:22', '2014-02-07 09:16:22', '0.00', '0.00'),
(226, 205, 215, 26, 'Hiripitiya road Ganewathta', '000000000', '771711022', 'none', 'owner', 1, '2014-02-07', '14:47:19', '2014-02-07 09:17:19', '0.00', '0.00'),
(227, 206, 216, 26, 'Hiripitiya road Hiripitiya', '00000000', '724587928', 'none', 'owner', 1, '2014-02-07', '14:48:34', '2014-02-07 09:18:34', '0.00', '0.00'),
(228, 207, 217, 26, 'Hiripitiya road Wallawa', '00000000', '725493176', 'none', 'owner', 1, '2014-02-07', '14:49:28', '2014-02-07 09:19:28', '0.00', '0.00'),
(229, 208, 218, 26, 'Mahawa road Mahawa', '000000000', '774725540', 'mr. nuwan', 'owner', 1, '2014-02-07', '14:50:38', '2014-02-07 09:20:38', '0.00', '0.00'),
(230, 209, 219, 26, 'polpitigama road rabe', '00000000', '722561156', 'mr. manjula', 'owner', 1, '2014-02-07', '14:51:57', '2014-02-07 09:21:57', '0.00', '0.00'),
(231, 210, 220, 26, 'd.o department of agr. Development Ibbagamuwa', '372259887', '000000000', 'd.o', 'owner', 1, '2014-02-07', '14:52:59', '2014-02-07 09:22:59', '0.00', '0.00'),
(232, 211, 221, 26, 'd.o department of agr. Development Maho', '372275414', '00000000', 'd.o', 'owner', 1, '2014-02-07', '14:53:59', '2014-02-07 09:23:59', '0.00', '0.00'),
(233, 212, 222, 26, 'd.o department of agr. Development Rabe', '373374796', '00000000', 'none', 'owner', 1, '2014-02-07', '14:55:04', '2014-02-07 09:25:04', '0.00', '0.00'),
(234, 213, 223, 3, 'Horowpotana RD, Kebithigollewa.', '0252298676', '0252298676', 'S.I Wijesinghe', 'Owner', 1, '2014-02-10', '09:40:02', '2014-02-10 04:10:02', '0.00', '18.00'),
(235, 214, 224, 9, 'yaya 4.pemaduwa', '', '0717218478', 'indika', 'owner', 1, '2014-02-20', '12:02:49', '2014-02-20 06:32:49', '0.00', '0.00'),
(236, 215, 225, 11, 'no 4 yapane handiya', '', '0717188311', 'w.g.s.m kumara', 'owner', 1, '2014-02-24', '15:40:10', '2014-02-24 10:10:10', '0.00', '0.00'),
(237, 216, 120, 23, 'Kurunagala road Pothuhera', '372237501', '772510893', 'mr.disanayaka', 'owner', 1, '2014-02-25', '13:19:19', '2014-02-25 07:49:19', '0.00', '0.00'),
(238, 217, 169, 24, 'Kuliyapitiya road Kobeigane', '000000000', '000000000', 'mr.disanayaka', 'owner', 1, '2014-02-25', '13:20:59', '2014-02-25 07:50:59', '0.00', '0.00'),
(239, 218, 226, 24, 'Distributor Point', '0772510894', '0772510894', 'Mis Podimanike', 'Owner', 1, '2014-02-25', '13:26:04', '2014-02-25 07:56:04', '0.00', '0.00'),
(240, 219, 227, 29, 'eukhdf', 'isdolkjg', '029589285', 'jhgsk', 'lskjgd;', 1, '2014-03-10', '11:03:55', '2014-03-10 05:33:55', '0.00', '0.00'),
(241, 220, 228, 29, 'Near Market, Angunakolapelessa', '472225253', '472225253', 'Gunarathna', 'Owner', 1, '2014-03-10', '11:11:09', '2014-03-10 05:41:09', '0.00', '0.00'),
(242, 221, 229, 29, 'Weeraketiya Road, Ranna', '472226068', '472226068', 'Guruge', 'Owner', 1, '2014-03-10', '11:13:30', '2014-03-10 05:43:30', '0.00', '0.00'),
(243, 222, 230, 29, 'Sitinamaluwa, Beliaththa', '776571780', '776571780', 'A. Wasantha', 'Owner', 1, '2014-03-10', '11:16:16', '2014-03-10 05:46:16', '0.00', '0.00'),
(244, 223, 231, 29, 'anna Road, Angunakolapelessa', '714491922', '714491922', 'T. Kodithuwakku', 'Owner', 1, '2014-03-10', '11:18:08', '2014-03-10 05:48:08', '0.00', '0.00'),
(245, 224, 232, 29, 'Mulanagoda Road, Angunakolapelessa', '472228262', '472228262', 'L.A. Sarath', 'Owner', 1, '2014-03-10', '11:19:59', '2014-03-10 05:49:59', '0.00', '0.00'),
(246, 225, 233, 29, 'Embilipitiya Road, Angunakolapelessa', '712692693', '712692693', 'M.K. Suranga', 'Owner', 1, '2014-03-10', '11:21:56', '2014-03-10 05:51:56', '0.00', '0.00'),
(247, 226, 234, 29, 'Near Bus Stand, Ranna', '724530586', '724530586', 'J.H. Rajapaksha', 'Owner', 1, '2014-03-10', '11:24:24', '2014-03-10 05:54:24', '0.00', '0.00'),
(248, 227, 235, 29, 'Hungama Road, Angunakolapelessa', '472228209', '472228209', 'E. Rathnayake', 'Owner', 1, '2014-03-10', '11:26:02', '2014-03-10 05:56:02', '0.00', '0.00'),
(249, 228, 236, 29, 'Tangall Road, Ranna', '712915075', '712915075', 'G.N. Jayarathna', 'Owner', 1, '2014-03-10', '11:27:45', '2014-03-10 05:57:45', '0.00', '0.00'),
(250, 229, 237, 29, 'Mulanagoda Road, Angunakolapelessa', '472229063', '472229063', 'H.K.R. Priyantha', 'Owner', 1, '2014-03-10', '11:29:18', '2014-03-10 05:59:18', '0.00', '0.00'),
(251, 230, 238, 29, 'Hungama Road, Angunakolapelessa', '773416342', '773416342', 'A.A. Chaminda', 'Owner', 1, '2014-03-10', '11:31:12', '2014-03-10 06:01:12', '0.00', '0.00'),
(252, 231, 239, 31, 'Hathporuwa, Mahagama', '718044705', '718044705', 'L. Abesingha', 'Owner', 1, '2014-03-10', '11:37:35', '2014-03-10 06:07:35', '0.00', '0.00'),
(253, 232, 240, 31, 'Mahagama Junction, Hathporuwa', '472288127', '472288127', 'Donal', 'Owner', 1, '2014-03-10', '11:41:54', '2014-03-10 06:11:54', '0.00', '0.00'),
(254, 233, 241, 31, 'Nonagama Road, Barawakumbuka', '777386527', '777386527', 'H.K.N. Jayantha', 'Owner', 1, '2014-03-10', '11:44:07', '2014-03-10 06:14:07', '0.00', '0.00'),
(255, 234, 242, 31, 'Sooriyawewa Town', '779436023', '779436023', 'W.M.M. Kumara', 'Owner', 1, '2014-03-10', '11:46:02', '2014-03-10 06:16:02', '0.00', '0.00'),
(256, 235, 243, 31, 'Main Street, Barawakubuka', '719672282', '719672282', 'Mr.Perera', 'Owner', 1, '2014-03-10', '11:50:21', '2014-03-10 06:20:21', '0.00', '0.00'),
(257, 236, 244, 31, 'Main Street, Sooriyawewa', '472288053', '472288053', 'W.G. Gamini', 'Owner', 1, '2014-03-10', '11:52:21', '2014-03-10 06:22:21', '0.00', '0.00'),
(258, 237, 245, 31, 'Main Street, Sooriyawewa', '1234', '1234', 'Ab', 'Owner', 1, '2014-03-10', '11:54:53', '2014-03-10 06:24:53', '0.00', '0.00'),
(259, 238, 246, 31, 'Main Street, Sooriyawewa', '1234', '1234', 'qw', 'Owner', 1, '2014-03-10', '11:56:19', '2014-03-10 06:26:19', '0.00', '0.00'),
(260, 239, 247, 31, 'Moraketiya Road Embilipitiya', '472261974', '472261974', 'G.Wickramasignha', 'Owner', 1, '2014-03-10', '11:58:10', '2014-03-10 06:28:10', '0.00', '0.00'),
(261, 240, 248, 31, 'Danduma Junction Sewanagala', '1234', '1234', 'Mr.Wickrama', 'Owner', 1, '2014-03-10', '12:00:29', '2014-03-10 06:30:29', '0.00', '0.00'),
(262, 241, 249, 31, 'Main Street, Barawakubuka', '774782753', '774782753', 'M.K. Asanka', 'Owner', 1, '2014-03-10', '12:02:28', '2014-03-10 06:32:28', '0.00', '0.00'),
(263, 242, 250, 31, 'Sooriyawewa road, Padalangala', '1234', '1234', 'Mr.Piyadasa', 'Owner', 1, '2014-03-10', '12:04:37', '2014-03-10 06:34:37', '0.00', '0.00'),
(264, 243, 251, 34, 'Main Street, Ambalantota', '718031490', '718031490', 'W.H. Wijesiri', 'Owner', 1, '2014-03-10', '12:32:28', '2014-03-10 07:02:28', '0.00', '0.00'),
(265, 244, 252, 34, 'Thanamalwila Road, Weerawila', '472237091', '472237091', 'asw', 'Owner', 1, '2014-03-10', '12:34:44', '2014-03-10 07:04:44', '0.00', '0.00'),
(266, 245, 253, 34, 'Thanamalwila Road, Weerawila', '472237091', '472237091', 'abc', 'Owner', 1, '2014-03-10', '13:43:20', '2014-03-10 08:13:20', '0.00', '0.00'),
(267, 246, 254, 34, 'Baragama Road, Ambalantota', '473484599', '473484599', 'L.H. Amaradasa', 'Owner', 1, '2014-03-10', '13:45:31', '2014-03-10 08:15:31', '0.00', '0.00'),
(268, 247, 255, 34, 'Main Street, Ambalantota', 'J. Gunarathne', '474929347', '474929347', 'Owner', 1, '2014-03-10', '13:46:59', '2014-03-10 08:16:59', '0.00', '0.00'),
(269, 248, 256, 34, 'Main Street, Ambalantota', '123', '123', 'abc', 'owner', 1, '2014-03-10', '13:48:52', '2014-03-10 08:18:52', '0.00', '0.00'),
(270, 249, 257, 34, 'Main Street, Beralihela', '718083137', '718083137', 'asc', 'Owner', 1, '2014-03-10', '13:50:43', '2014-03-10 08:20:43', '0.00', '0.00'),
(271, 250, 258, 34, 'Nonagama Road, Mamadala', '777104915', '777104915', 'T.G. Jayantha', 'Owner', 1, '2014-03-10', '13:52:19', '2014-03-10 08:22:19', '0.00', '0.00'),
(272, 251, 259, 34, 'Tissa Road, Debarawewa', '472237067', '472237067', 'Y.K.P. Lashantha', 'Owner', 1, '2014-03-10', '13:54:06', '2014-03-10 08:24:06', '0.00', '0.00'),
(273, 252, 260, 34, 'Sadungama, Tissamaharama', '718082825', '718082825', 'T. Mahanama', 'Owner', 1, '2014-03-10', '13:56:00', '2014-03-10 08:26:00', '0.00', '0.00'),
(274, 253, 261, 34, 'Bandagiriya, Hambantota', '473489496', '473489496', 'P. Sajanayake', 'Owner', 1, '2014-03-10', '13:57:47', '2014-03-10 08:27:47', '0.00', '0.00'),
(275, 254, 262, 34, 'Yodakandiya Road, Tissa', '472239740', '472239740', 'S. Sanjeewa', 'Owner', 1, '2014-03-10', '13:59:11', '2014-03-10 08:29:11', '0.00', '0.00'),
(276, 255, 263, 34, 'Wallawaya Road, Pannegamuwa', '472239740', '472239740', 'S. Sanjeewa', 'Owner', 1, '2014-03-10', '14:00:37', '2014-03-10 08:30:37', '0.00', '0.00'),
(277, 256, 264, 34, 'Main Street, Tissamaharama', '472237241', '472237241', 'H.K. Mahindapala', 'Owner', 1, '2014-03-10', '14:02:14', '2014-03-10 08:32:14', '0.00', '0.00'),
(278, 257, 265, 34, 'Thanamalwila Road, Pannegamuwa', '472237124', '472237124', 'M.M. Siripala', 'Owner', 1, '2014-03-10', '14:03:29', '2014-03-10 08:33:29', '0.00', '0.00'),
(279, 258, 266, 34, 'Thanamalwila Road Dewramwehera', '473482913', '473482913', 'H.W. Susil', 'Owner', 1, '2014-03-10', '14:04:42', '2014-03-10 08:34:42', '0.00', '0.00'),
(280, 259, 267, 34, 'Thanamalwila Road Lunugamwehera', '724752449', '724752449', 'abc', 'Owner', 1, '2014-03-10', '14:06:16', '2014-03-10 08:36:16', '0.00', '0.00'),
(281, 260, 268, 34, 'Kirinda Road, Yoodakandiya', '472237413', '472237413', 'abc', 'Owner', 1, '2014-03-10', '14:07:39', '2014-03-10 08:37:39', '0.00', '0.00'),
(282, 261, 269, 34, 'Main Street, Yoodakandiya', '123', '123', 'abc', 'Owner', 1, '2014-03-10', '14:08:44', '2014-03-10 08:38:44', '0.00', '0.00'),
(283, 262, 270, 34, 'Beragama, Ambalantota', '123', '123', 'abc', 'Owner', 1, '2014-03-10', '14:09:53', '2014-03-10 08:39:53', '0.00', '0.00'),
(284, 263, 271, 36, 'Gonadeniya, Debokkawa', '779376144', '779376144', 'S.K. Dahanayaka', 'Owner', 1, '2014-03-10', '14:13:46', '2014-03-10 08:43:46', '0.00', '0.00'),
(285, 264, 272, 36, 'Middeniya Road Weerakatiya', '718373653', '718373653', 'abc', 'Owner', 1, '2014-03-10', '14:15:28', '2014-03-10 08:45:28', '0.00', '0.00'),
(286, 265, 273, 36, 'Matara Road Kaburupitiya', '123', '123', 'abc', 'Owner', 1, '2014-03-10', '14:16:30', '2014-03-10 08:46:30', '0.00', '0.00'),
(287, 266, 274, 36, 'Main Street, Weeraketiya', '779430480', '779430480', 'W.R. Sanjeewa', 'Owner', 1, '2014-03-10', '14:17:49', '2014-03-10 08:47:49', '0.00', '0.00'),
(288, 267, 275, 36, 'Middeniya Road, Walasmulla', '123', '123', 'abc', 'Owner', 1, '2014-03-10', '14:19:00', '2014-03-10 08:49:00', '0.00', '0.00'),
(289, 268, 276, 36, 'Walasmulla Road, Middeniya', '123', '123', 'abc', 'Owner', 1, '2014-03-10', '14:20:24', '2014-03-10 08:50:24', '0.00', '0.00'),
(290, 269, 277, 36, 'Weerakatiya Road, Middeniya', '774599321', '774599321', 'ABC', 'Owner', 1, '2014-03-10', '14:21:39', '2014-03-10 08:51:39', '0.00', '0.00'),
(291, 270, 278, 29, '2nd lane, Hungama Road, Angunakolapelessa', '', '0713113143', 'Sudewa', 'Sudewa', 1, '2014-03-11', '13:15:23', '2014-03-11 07:45:23', '0.00', '0.00'),
(292, 271, 279, 31, 'near the clock taver, Embilipitiya', '', '0778752010', 'Mr. Ruwan basnayake', 'Mr. Ruwan basnayake', 1, '2014-03-12', '10:35:11', '2014-03-12 05:05:11', '0.00', '0.00'),
(293, 272, 280, 31, 'main street,  sooriyawewa', '', '047228072', 'Mr. Sisira', 'Mr. Sisira', 1, '2014-03-19', '13:25:54', '2014-03-19 07:55:54', '0.00', '0.00'),
(294, 273, 281, 39, '75,77, Main Street, Bandarawela', '572222731', '572222731', 'A. Kumar', 'Owner', 1, '2014-03-20', '14:31:36', '2014-03-20 09:52:02', '0.00', '0.00'),
(295, 274, 282, 39, '10, Shopping Complex, Bandarawela', '572222347', '572222347', 'Selvarajah', 'Owner', 1, '2014-03-20', '14:33:27', '2014-03-20 09:52:49', '0.00', '0.00'),
(296, 275, 283, 39, '6, Shopping Complex, Bandarawela', '572222724', '572222724', 'T. Suman', 'Owner', 1, '2014-03-20', '14:35:11', '2014-03-20 09:53:38', '0.00', '0.00'),
(297, 276, 284, 39, '13, Shopping Complex, Bandarawela', '572222703', '572222703', 'L. Anandarajah', 'Owner', 1, '2014-03-20', '14:36:59', '2014-03-20 09:54:41', '0.00', '0.00'),
(298, 277, 285, 39, 'Main Street, Bandarawela', '572222950', '572222950', 'P. Ganeshan', 'owner', 1, '2014-03-20', '14:39:14', '2014-03-20 09:55:15', '0.00', '0.00'),
(299, 278, 286, 39, 'Vishaka Mawatha, Bandarawela', '572224678', '572224678', 'Upali Landekumbura', 'Owner', 1, '2014-03-20', '14:41:30', '2014-03-20 09:56:03', '0.00', '0.00'),
(300, 279, 287, 39, 'Vishaka Mawatha, Bandarawela', '778244620', '778244620', 'Sunil Thaldena', 'Owner', 1, '2014-03-20', '14:43:04', '2014-03-20 09:56:37', '0.00', '0.00'),
(301, 280, 288, 39, 'Main Street, Bandarawela', '574926884', '574926884', 'T. Prabakaran', 'Owner', 1, '2014-03-20', '14:44:29', '2014-03-20 09:57:07', '0.00', '0.00'),
(302, 281, 289, 39, 'No. 2, Shopping Complex, Bandarawela', '572222524', '572222524', 'T. Kirupakaran', 'Owner', 1, '2014-03-20', '14:46:17', '2014-03-20 09:57:36', '0.00', '0.00'),
(303, 282, 290, 39, 'Kumbalwela', '123', '123', 'abc', 'Owner', 1, '2014-03-20', '14:48:43', '2014-03-20 09:58:36', '0.00', '0.00'),
(304, 283, 291, 39, 'Kings Street, Badulla', '552222383', '552222383', 'A. Ravi', 'Owner', 1, '2014-03-20', '14:50:20', '2014-03-20 10:00:50', '0.00', '0.00'),
(305, 284, 292, 39, 'South Lane, Badulla', '552222127', '552222127', 'Mahesh', 'Owner', 1, '2014-03-20', '14:52:12', '2014-03-20 10:01:28', '0.00', '0.00'),
(306, 285, 293, 39, 'South Lane, Badulla', '776296476', '776296476', 'Krishnamoorthi', 'Owner', 1, '2014-03-20', '14:53:55', '2014-03-20 10:02:08', '0.00', '0.00'),
(307, 286, 294, 39, 'Passara', '123', '123', 'abc', 'Owner', 1, '2014-03-20', '14:55:23', '2014-03-20 09:58:53', '0.00', '0.00'),
(308, 287, 295, 39, 'Goradiyawakka', '123', '123', 'abc', 'owner', 1, '2014-03-20', '14:57:47', '2014-03-20 09:59:16', '0.00', '0.00'),
(309, 288, 296, 39, 'Ballaketuwa', '123', '123', 'abc', 'None', 1, '2014-03-20', '14:58:55', '2014-03-20 09:59:33', '0.00', '0.00'),
(310, 289, 297, 39, 'Colombo Road, Haputale', '572268347', '572268347', 'Arul Raj', 'Owner', 1, '2014-03-20', '15:00:22', '2014-03-20 09:50:53', '0.00', '0.00'),
(311, 290, 298, 40, 'Badulla Road, Eatampitiya', '771638941', '771638941', 'A.M.W. Jayasekera', 'Owner', 1, '2014-03-20', '15:11:47', '2014-03-20 10:03:37', '0.00', '0.00'),
(312, 291, 299, 40, 'Badulla Road, Eatampitiya', '123', '123', 'Suhada Gove Seva', 'Owner', 1, '2014-03-20', '15:14:24', '2014-03-20 10:04:17', '0.00', '0.00'),
(313, 292, 300, 40, 'Badulla Road, Eatampitiya', '123', '123', 'abc', 'Owner', 1, '2014-03-20', '15:16:00', '2014-03-20 10:04:55', '0.00', '0.00'),
(314, 293, 301, 40, 'Eatampitiya', '123', '123', 'abc', 'None', 1, '2014-03-20', '15:37:26', '2014-03-20 10:07:26', '0.00', '0.00'),
(315, 294, 302, 40, 'Bus Stand, Welimada', '728091998', '728091998', 'Prasanna Upali', 'Owner', 1, '2014-03-20', '15:38:53', '2014-03-20 10:08:53', '0.00', '0.00'),
(316, 295, 303, 40, 'Nuwaraeliya Road, Welimada', '773130016', '773130016', 'Nandakeerthi', 'Owner', 1, '2014-03-20', '15:40:09', '2014-03-20 10:10:09', '0.00', '0.00'),
(317, 296, 304, 40, 'H.M. Mawatha, Welimada', '572245195', '572245195', 'Samaranayake', 'Owner', 1, '2014-03-20', '15:41:50', '2014-03-20 10:11:50', '0.00', '0.00'),
(318, 297, 305, 40, 'Nuwaraeliya Road, Keppitipola', '725815507', '725815507', 'Upali', 'Owner', 1, '2014-03-20', '15:43:19', '2014-03-20 10:13:19', '0.00', '0.00'),
(319, 298, 306, 40, 'Nuwaraeliya Road, Keppitipola', '572280164', '572280164', 'Jayasiri', 'Owner', 1, '2014-03-20', '15:44:37', '2014-03-20 10:14:37', '0.00', '0.00'),
(320, 299, 307, 40, 'Nuwaraeliya Road, Keppitipola', '572280047', '572280047', 'Jayawardena', 'Owner', 1, '2014-03-20', '15:45:59', '2014-03-20 10:15:59', '0.00', '0.00'),
(321, 300, 308, 40, 'Udapussellawa Road, Loonuwaththa', '572232739', '572232739', 'Gunasekera', 'Owner', 1, '2014-03-20', '15:47:23', '2014-03-20 10:17:23', '0.00', '0.00'),
(322, 301, 309, 40, 'Boralanda Road, Bogahakumbura', '724829461', '724829461', 'Jayawickrama', 'Owner', 1, '2014-03-20', '15:49:00', '2014-03-20 10:19:00', '0.00', '0.00'),
(323, 302, 310, 40, 'Boralanda Road, Bogahakumbura', '775180867', '775180867', 'abc', 'None', 1, '2014-03-20', '15:50:21', '2014-03-20 10:20:21', '0.00', '0.00'),
(324, 303, 311, 40, 'Main Street, Boralanda', '123', 'abc', 'None', 'None', 1, '2014-03-20', '15:51:39', '2014-03-20 10:21:39', '0.00', '0.00'),
(325, 304, 312, 40, 'Main Street, Boralanda', '123', '123', 'None', 'None', 1, '2014-03-20', '15:52:41', '2014-03-20 10:22:41', '0.00', '0.00'),
(326, 305, 313, 41, 'Nuwaraeliya Road, Boragas', '771548880', '771548880', 'None', 'None', 1, '2014-03-21', '13:36:30', '2014-03-21 08:06:30', '0.00', '0.00'),
(327, 306, 314, 41, 'Nuwaraeliya Road, Rendapola', '123', '123', 'None', 'None', 1, '2014-03-21', '13:37:35', '2014-03-21 08:07:35', '0.00', '0.00'),
(328, 307, 315, 41, 'Lowson Street, Nuwaraeliya', '522223829', '522223829', 'Karunarathne', 'Owner', 1, '2014-03-21', '13:38:56', '2014-03-21 08:08:56', '0.00', '0.00'),
(329, 308, 316, 41, 'Kavithas Complex, Nuwaraeliya', '522222419', '522222419', 'None', 'None', 1, '2014-03-21', '13:40:26', '2014-03-21 08:10:26', '0.00', '0.00'),
(330, 309, 317, 41, 'Kandy Road, Nuwaraeliya', '773166597', '773166597', 'Dinesh', 'Owner', 1, '2014-03-21', '13:41:56', '2014-03-21 08:11:56', '0.00', '0.00'),
(331, 310, 318, 41, 'Kandy Road, Nuwaraeliya', '522223154', '522223154', 'None', 'None', 1, '2014-03-21', '13:43:12', '2014-03-21 08:13:12', '0.00', '0.00'),
(332, 311, 319, 41, 'St. Andrew''s Drive, Nuwaraeliya', '725629063', '725629063', 'Wadiwel', 'Owner', 1, '2014-03-21', '13:44:33', '2014-03-21 08:14:33', '0.00', '0.00'),
(333, 312, 320, 41, 'Central Market, Nuwaraeliya', '525107666', '525107666', 'None', 'None', 1, '2014-03-21', '13:45:44', '2014-03-21 08:15:44', '0.00', '0.00'),
(334, 313, 321, 41, 'Kandy Road, Nuwaraeliya', '524900175', '524900175', 'None', 'None', 1, '2014-03-21', '13:47:02', '2014-03-21 08:17:02', '0.00', '0.00'),
(335, 314, 322, 41, 'Udapussellawa Road, Kandapola', '123', '123', 'None', 'None', 1, '2014-03-21', '13:48:07', '2014-03-21 08:18:07', '0.00', '0.00'),
(336, 315, 323, 41, 'Park Road, Kandapola', '522229730', '522229730', 'None', 'None', 1, '2014-03-21', '13:49:26', '2014-03-21 08:19:26', '0.00', '0.00'),
(337, 316, 324, 41, 'Udapussellawa Road, Kandapola', '123', '123', 'None', 'None', 1, '2014-03-21', '13:50:45', '2014-03-21 08:20:45', '0.00', '0.00');
INSERT INTO `tbl_outlet_has_branch` (`id_outlet_has_branch`, `id_outlet`, `id_branch_registration`, `id_territory`, `branch_address`, `branch_telephone`, `branch_mobile`, `branch_contact_person`, `branch_contact_person_designation`, `outlet_has_branch_status`, `added_date`, `added_time`, `added_timestamp`, `percentage_discount`, `price_discount`) VALUES
(338, 317, 325, 41, 'New Bazar, Halgaranoya, Ragala', '522265212', '522265212', 'None', 'None', 1, '2014-03-21', '13:52:00', '2014-03-21 08:22:00', '0.00', '0.00'),
(339, 318, 326, 41, 'New Bazar, Halgaranoya, Ragala', '522265645', '522265645', 'None', 'None', 1, '2014-03-21', '13:53:12', '2014-03-21 08:23:12', '0.00', '0.00'),
(340, 319, 327, 41, 'New Bazar, Halgaranoya, Ragala', '775208024', '775208024', 'None', 'None', 1, '2014-03-21', '13:54:24', '2014-03-21 08:24:24', '0.00', '0.00'),
(341, 320, 328, 41, 'Market Road, Halgaranoya, Ragala', '725579810', '725579810', 'None', 'None', 1, '2014-03-21', '13:55:37', '2014-03-21 08:25:37', '0.00', '0.00'),
(342, 321, 329, 41, 'Main Street, Halgaranoya Ragala', '722449675', '722449675', 'None', 'None', 1, '2014-03-21', '13:56:39', '2014-03-21 08:26:39', '0.00', '0.00'),
(343, 322, 330, 41, 'Ragala', '123', '123', 'None', 'None', 1, '2014-03-21', '13:57:40', '2014-03-21 08:27:40', '0.00', '0.00'),
(344, 323, 331, 31, 'main  street, Embilipitiya', '', '0782993909', 'Mr. Ajith', 'Mr. Ajith', 1, '2014-03-25', '13:21:27', '2014-03-25 07:51:27', '0.00', '0.00'),
(345, 324, 332, 31, 'Morakatiya road, Embilipitiya', '', '0778752010', 'Mr. Manoj', 'Mr. Manoj', 1, '2014-03-25', '13:24:16', '2014-03-25 07:54:16', '0.00', '0.00'),
(346, 325, 333, 44, 'Madirigiriya Road, Batukotuwa.', '0275672405', '0275672405', 'ABC', 'Owner', 1, '2014-05-05', '12:06:14', '2014-05-05 06:36:14', '0.00', '0.00'),
(347, 326, 334, 44, 'Mediridiriya Road, Diwlankadawala.', '0272248035', '0272248035', 'ABC', 'Owner', 1, '2014-05-05', '12:11:31', '2014-05-05 06:41:31', '0.00', '0.00'),
(348, 327, 335, 44, 'Medirigiriya Town, Medirigiriya.', '123', '123', 'ABC', 'Owner', 1, '2014-05-05', '12:14:14', '2014-05-05 06:44:14', '0.00', '0.00'),
(349, 328, 336, 44, 'New Town, Medirigiriya.', '0719822166', '0719822166', 'ABC', 'Owner', 1, '2014-05-05', '12:22:39', '2014-05-05 06:52:39', '0.00', '0.00'),
(350, 329, 337, 44, 'New Town, Medirigiriya.', '123', '123', 'ABC', 'Owner', 1, '2014-05-05', '12:24:01', '2014-05-05 06:54:01', '0.00', '0.00'),
(351, 330, 338, 44, 'Medirigiriya Town, Medirigiriya.', '0272248202', '0272248202', 'ABC', 'Owner', 1, '2014-05-05', '12:25:31', '2014-05-05 06:55:31', '0.00', '0.00'),
(352, 331, 339, 44, 'Medirigiriya Town, Medirigiriya.', '0714472060', '0714472060', 'ABC', 'Owner', 1, '2014-05-05', '12:28:12', '2014-05-05 06:58:12', '0.00', '0.00'),
(353, 332, 340, 44, 'New Town, Medirigiriya.', '0779030132', '0779030132', 'ABC', 'Owner', 1, '2014-05-05', '12:29:39', '2014-05-05 06:59:39', '0.00', '0.00'),
(354, 333, 341, 44, 'Ambagaswewa Road, Medirigiriya', '0723847799', '0723847799', 'ABC', 'Owner', 1, '2014-05-05', '12:31:30', '2014-05-05 07:01:30', '0.00', '0.00'),
(355, 334, 342, 44, 'Ambagaswewa Road, Medirigiriya.', '0776557759', '0776557759', 'ABC', 'Owner', 1, '2014-05-05', '12:33:07', '2014-05-05 07:03:07', '0.00', '0.00'),
(356, 335, 343, 44, 'Ambagaswewa Road, Medirigiriya.', '0273274921', '0273274921', 'ABC', 'Owner', 1, '2014-05-05', '12:34:30', '2014-05-05 07:04:30', '0.00', '0.00'),
(357, 336, 344, 44, 'Meegaswewa Road, Thalakolawewa.', '0726090551', '0726090551', 'ABC', 'Owner', 1, '2014-05-05', '12:36:03', '2014-05-05 07:06:03', '0.00', '0.00'),
(358, 337, 345, 44, 'Meegaswewa Road, Medirigiriya.', '123', '123', 'ABC', 'Owner', 1, '2014-05-05', '12:37:21', '2014-05-05 07:07:21', '0.00', '0.00'),
(359, 338, 346, 44, 'Diyasenpura Town, Diyasenpura.', '123', '123', 'ABC', 'Owner', 1, '2014-05-05', '14:03:36', '2014-05-05 08:33:36', '0.00', '0.00'),
(360, 339, 347, 44, 'Galamuna Junction, Galamuna.', '0724582533', '0724582533', 'ABC', 'Owner', 1, '2014-05-05', '14:05:39', '2014-05-05 08:35:39', '0.00', '0.00'),
(361, 340, 348, 44, 'Galamuna Road, Pinpara.', '0771346432', '0771346432', 'ABC', 'Owner', 1, '2014-05-05', '14:07:39', '2014-05-05 08:37:39', '0.00', '0.00'),
(362, 341, 349, 44, 'Galamuna.', '123', '123', 'ABC', 'Owner', 1, '2014-05-05', '14:08:44', '2014-05-05 08:38:44', '0.00', '0.00'),
(363, 342, 350, 44, 'Galamuna Road, Kawdulla.', '0712491243', '0712491243', 'ABC', 'Owner', 1, '2014-05-05', '14:10:13', '2014-05-05 08:40:13', '0.00', '0.00'),
(364, 343, 351, 44, 'New Town Road, Medirigiriya.', '0710498810', '0710498810', 'ABC', 'Owner', 1, '2014-05-05', '14:11:37', '2014-05-05 08:41:37', '0.00', '0.00'),
(365, 344, 352, 44, 'Post Office Road, Hingurakgoda. ', '0272246450', '0272246450', 'ABC', 'owner', 1, '2014-05-05', '14:13:13', '2014-05-05 08:43:13', '0.00', '0.00'),
(366, 345, 353, 48, 'Diyabeduma Town, Diyabeduma.', '0724277985', '0724277985', 'ABC', 'Owner', 1, '2014-05-05', '14:15:08', '2014-05-05 08:45:08', '0.00', '0.00'),
(367, 346, 354, 48, 'Bakmuna Road, Athtanakadawala.', '0275613999', '0275613999', 'ABC', 'Owner', 1, '2014-05-05', '14:16:51', '2014-05-05 08:46:51', '0.00', '0.00'),
(368, 347, 355, 48, 'Madudamana Road, Kahatagahapitiya.', '0273272906', '0273272906', 'ABC', 'Owner', 1, '2014-05-05', '14:18:37', '2014-05-05 08:48:37', '0.00', '0.00'),
(369, 348, 356, 48, 'Kaduruwewa Road, Kaduruwewa.', '0724875989', '0724875989', 'ABC', 'Owner', 1, '2014-05-05', '14:20:49', '2014-05-05 08:50:49', '0.00', '0.00'),
(370, 349, 357, 48, 'Bakamuna Road, Athtanakadawala.', '123', '123', 'ABC', 'Owner', 1, '2014-05-05', '14:22:53', '2014-05-05 08:52:53', '0.00', '0.00'),
(371, 350, 358, 48, 'Bakamuna Road, Nikapitiya.', '0663663942', '0663663942', 'ABC', 'Owner', 1, '2014-05-05', '14:24:49', '2014-05-05 08:54:49', '0.00', '0.00'),
(372, 351, 359, 48, 'Bakamuna Road, Nikapitiya.', '123', '123', 'ABC', 'Owner', 1, '2014-05-05', '14:26:10', '2014-05-05 08:56:10', '0.00', '0.00'),
(373, 352, 360, 48, 'Bakamuna Town, Bakamuna.', '0719005306', '0719005306', 'ABC', 'Owner', 1, '2014-05-05', '14:27:57', '2014-05-05 08:57:57', '0.00', '0.00'),
(374, 353, 361, 48, 'Bakamuna Town, Bakamuna.', '0719005306', '0719005306', 'ABC', 'Owner', 1, '2014-05-05', '14:27:57', '2014-05-05 08:57:57', '0.00', '0.00'),
(375, 354, 362, 48, 'Bakamuna Town, Bakamuna.', '0719005306', '0719005306', 'ABC', 'Owner', 1, '2014-05-05', '14:27:57', '2014-05-05 08:57:57', '0.00', '0.00'),
(376, 355, 363, 48, 'Jayanthipura Town, Jayanthipura', '0272223971', '0272223971', 'ABC', 'Owner', 1, '2014-05-05', '14:29:42', '2014-05-05 08:59:42', '0.00', '0.00'),
(377, 356, 364, 48, 'Jayanthipura Town, Jayanthipura.', '0772219590', '0772219590', 'ABC', 'Owner', 1, '2014-05-05', '14:31:52', '2014-05-05 09:01:52', '0.00', '0.00'),
(378, 357, 365, 48, 'Jayawickrama Junction, Unagala Wehera.', '0772628028', '0772628028', 'ABC', 'Owner', 1, '2014-05-05', '14:34:14', '2014-05-05 09:04:14', '0.00', '0.00'),
(379, 358, 366, 48, 'B.OP.317 Road, Sighepura.', '0273279606', '0273279606', 'ABC', 'Owner', 1, '2014-05-05', '14:36:08', '2014-05-05 09:06:08', '0.00', '0.00'),
(380, 359, 367, 48, 'B.OP.317 Road, Sighapura.', '123', '123', 'ABC', 'Owner', 1, '2014-05-05', '14:37:24', '2014-05-05 09:07:24', '0.00', '0.00'),
(381, 360, 368, 48, 'B.OP.400 Road, Pathunugama.', '123', '123', 'ABC', 'Owner', 1, '2014-05-05', '14:38:50', '2014-05-05 09:08:50', '0.00', '0.00'),
(382, 361, 369, 48, 'Sawagama Junction, Palugasdamana.', '0715920370', '0715920370', 'ABC', 'Owner', 1, '2014-05-05', '14:40:16', '2014-05-05 09:10:16', '0.00', '0.00'),
(383, 362, 370, 48, 'Sawagama Junction, Palugasdamana.', '123', '123', 'ABC', 'Owner', 1, '2014-05-05', '14:41:42', '2014-05-05 09:11:42', '0.00', '0.00'),
(384, 363, 371, 48, 'Sawagama Junction, Palugasdamana.', '123', '123', 'ABC', 'Owner', 1, '2014-05-05', '14:42:49', '2014-05-05 09:12:49', '0.00', '0.00'),
(385, 364, 372, 48, 'Kaduruwela Town, Kaduruwela.', '0272223354', '0272223354', 'ABC', 'Owner', 1, '2014-05-05', '14:44:28', '2014-05-05 09:14:28', '0.00', '0.00'),
(386, 365, 373, 45, 'Aralaganwilla Town, Aralaganwilla.', '123', '123', 'ABC', 'Owner', 1, '2014-05-05', '14:46:08', '2014-05-05 09:16:08', '0.00', '0.00'),
(387, 366, 374, 45, 'Aralaganwilla Town, Aralaganwilla.', '123', '123', 'ABC', 'Owner', 1, '2014-05-05', '14:47:14', '2014-05-05 09:17:14', '0.00', '0.00'),
(388, 367, 375, 45, 'Aralaganwilla Town, Aralaganwilla.', '123', '123', 'Owner', 'Owner', 1, '2014-05-05', '14:48:18', '2014-05-05 09:18:18', '0.00', '0.00'),
(389, 368, 376, 45, 'Weheragala Road, Aralaganwilla.', '123', '123', 'ABC', 'Owner', 1, '2014-05-05', '14:49:33', '2014-05-05 09:19:33', '0.00', '0.00'),
(390, 369, 377, 45, 'Aralaganwilla Town, Aralaganwilla.', '123', '123', 'ABC', 'Owner', 1, '2014-05-05', '14:50:34', '2014-05-05 09:20:34', '0.00', '0.00'),
(391, 370, 378, 45, 'Aralaganwilla Town, Aralaganwilla.', '123', '123', 'ABC', 'Owner', 1, '2014-05-05', '14:51:35', '2014-05-05 09:21:35', '0.00', '0.00'),
(392, 371, 379, 45, 'Wehwragala Road, Weheragalla.', '123', '123', 'ABC', 'Owner', 1, '2014-05-05', '14:52:54', '2014-05-05 09:22:54', '0.00', '0.00'),
(393, 372, 380, 45, 'Hansayapalama, Aralaganwilla.', '0783557812', '0783557812', 'ABC', 'Owner', 1, '2014-05-05', '14:54:59', '2014-05-05 09:24:59', '0.00', '0.00'),
(394, 373, 381, 45, 'Dehiathtakandiya Road, Manampitiya.', '123', '123', 'ABC', 'Owner', 1, '2014-05-05', '14:56:06', '2014-05-05 09:26:06', '0.00', '0.00'),
(395, 374, 382, 45, 'Sawanapitiya Town, Sawanapitiya.', '123', '123', 'ABC', 'Owner', 1, '2014-05-05', '14:57:20', '2014-05-05 09:27:20', '0.00', '0.00'),
(396, 375, 383, 45, 'Welikanda Town, Welikanda.', '123', '123', 'ABC', 'Owner', 1, '2014-05-05', '14:58:36', '2014-05-05 09:28:36', '0.00', '0.00'),
(397, 376, 384, 45, 'Welikandha Town, Welikandha.', '123', '123', 'ABC', 'Owner', 1, '2014-05-05', '15:00:22', '2014-05-05 09:30:22', '0.00', '0.00'),
(398, 377, 385, 45, 'Dimbulagala Town, Dimbulagala.', '0275670523', '0275670523', 'ABC', 'Owner', 1, '2014-05-05', '15:03:50', '2014-05-05 09:33:50', '0.00', '0.00'),
(399, 378, 386, 47, 'Ellewewa.', '123', '123', 'ABC', 'Owner', 1, '2014-05-12', '09:22:27', '2014-05-12 03:52:27', '0.00', '0.00'),
(400, 379, 387, 47, 'Kalukale', '123', '123', 'ABC', 'Owner', 1, '2014-05-12', '09:24:32', '2014-05-12 03:54:32', '0.00', '0.00'),
(401, 380, 388, 47, 'Kalukale', '123', '123', 'ABC', 'Owner', 1, '2014-05-12', '09:25:58', '2014-05-12 03:55:58', '0.00', '0.00'),
(402, 381, 389, 47, 'Palatiyawa', '123', '123', 'ABC', 'Owner', 1, '2014-05-12', '09:27:10', '2014-05-12 03:57:10', '0.00', '0.00'),
(403, 382, 390, 47, 'Siripura', '123', '123', 'ABC', 'Owner', 1, '2014-05-12', '09:28:22', '2014-05-12 03:58:22', '0.00', '0.00'),
(404, 383, 391, 47, 'Siripura', '123', '123', 'ABC', 'Owner', 1, '2014-05-12', '09:30:07', '2014-05-12 04:00:07', '0.00', '0.00'),
(405, 384, 392, 47, 'Siripura', '123', '123', 'ABC', 'Owner', 1, '2014-05-12', '09:31:10', '2014-05-12 04:01:10', '0.00', '0.00'),
(406, 385, 393, 47, 'Dehiathtakandiya', '123', '123', 'ABC', 'Owner', 1, '2014-05-12', '09:32:19', '2014-05-12 04:02:19', '0.00', '0.00'),
(407, 386, 394, 47, 'Dehiathtakandiya', '123', '123', 'ABC', 'Owner', 1, '2014-05-12', '09:33:16', '2014-05-12 04:03:16', '0.00', '0.00'),
(408, 387, 395, 47, 'Nawamedagama.', '123', '123', 'ABC', 'Owner', 1, '2014-05-12', '09:34:37', '2014-05-12 04:04:37', '0.00', '0.00'),
(409, 388, 396, 47, 'Mahiyanganaya', '0726339968', '0726339968', 'ABC', 'Owner', 1, '2014-05-12', '09:36:31', '2014-05-12 04:06:31', '0.00', '0.00'),
(410, 389, 397, 47, 'Nawamedagama', '0272054822', '0272054822', 'ABC', 'Owner', 1, '2014-05-12', '09:38:01', '2014-05-12 04:08:01', '0.00', '0.00'),
(411, 390, 398, 47, 'Girandurukotte', '0777032100', '0777032100', 'ABC', 'Owner', 1, '2014-05-12', '09:39:22', '2014-05-12 04:09:22', '0.00', '0.00'),
(412, 391, 399, 47, 'Morayaya', '123', '123', 'ABC', 'Owner', 1, '2014-05-12', '09:40:42', '2014-05-12 04:10:42', '0.00', '0.00'),
(413, 392, 400, 47, 'Ulpathagama', '123', '123', 'ABC', 'Owner', 1, '2014-05-12', '09:42:04', '2014-05-12 04:12:04', '0.00', '0.00'),
(414, 393, 401, 47, 'Mahiyanganaya', '07777430318', '07777430318', 'ABC', 'Owner', 1, '2014-05-12', '09:43:33', '2014-05-12 04:13:33', '0.00', '0.00'),
(415, 394, 402, 47, 'Hettipola', '0729835338', '0729835338', 'ABC', 'Owner', 1, '2014-05-12', '09:45:26', '2014-05-12 04:15:26', '0.00', '0.00'),
(416, 395, 403, 47, 'Dehiathtakandiya', '0771080231', '0771080231', 'ABC', 'Owner', 1, '2014-05-12', '09:46:37', '2014-05-12 04:16:37', '0.00', '0.00'),
(417, 396, 404, 47, 'Mahiyanganaya', '0777733921', '0777733921', 'ABC', 'Owner', 1, '2014-05-12', '09:47:47', '2014-05-12 04:17:47', '0.00', '0.00'),
(418, 397, 405, 47, 'Mahiyanganaya', '0552257572', '0552257572', 'ABC', 'Owner', 1, '2014-05-12', '09:49:09', '2014-05-12 04:19:09', '0.00', '0.00');

-- --------------------------------------------------------

--
-- Table structure for table `tbl_outlet_registration`
--

CREATE TABLE IF NOT EXISTS `tbl_outlet_registration` (
  `id_outlet_registration` int(11) NOT NULL AUTO_INCREMENT,
  `outlet_code` varchar(100) NOT NULL,
  `outlet_registration_status` tinyint(4) NOT NULL,
  `added_date` date DEFAULT NULL,
  `added_time` time DEFAULT NULL,
  `added_timestamp` timestamp NOT NULL DEFAULT CURRENT_TIMESTAMP ON UPDATE CURRENT_TIMESTAMP,
  PRIMARY KEY (`id_outlet_registration`)
) ENGINE=InnoDB  DEFAULT CHARSET=latin1 AUTO_INCREMENT=394 ;

--
-- Dumping data for table `tbl_outlet_registration`
--

INSERT INTO `tbl_outlet_registration` (`id_outlet_registration`, `outlet_code`, `outlet_registration_status`, `added_date`, `added_time`, `added_timestamp`) VALUES
(1, '1', 1, '2013-11-21', '07:50:12', '2013-11-28 06:04:10'),
(2, '1', 1, '2013-11-21', '07:53:21', '2013-11-28 06:04:10'),
(3, '1', 1, '2013-11-21', '07:55:29', '2013-11-28 06:04:10'),
(4, '1', 1, '2013-11-21', '07:56:38', '2013-11-28 06:04:10'),
(5, '0', 1, '2013-11-21', '07:57:51', '2013-11-28 06:04:10'),
(6, '1', 1, '2013-11-21', '07:57:52', '2013-11-28 06:04:10'),
(7, '0', 1, '2013-11-21', '07:59:27', '2013-11-28 06:04:10'),
(8, '1', 1, '2013-11-21', '08:00:13', '2013-11-28 06:04:10'),
(9, '1', 1, '2013-11-21', '08:01:48', '2013-11-28 06:04:10'),
(10, '0', 1, '2013-11-21', '08:03:05', '2013-11-28 06:04:10'),
(11, '0', 1, '2013-11-21', '08:05:13', '2013-11-28 06:04:10'),
(12, '1', 1, '2013-11-21', '08:06:13', '2013-11-28 06:04:10'),
(13, '0', 1, '2013-11-21', '08:06:22', '2013-11-28 06:04:10'),
(14, '1', 1, '2013-11-21', '08:08:51', '2013-11-28 06:04:10'),
(15, '0', 1, '2013-11-21', '08:21:24', '2013-11-28 06:04:10'),
(16, '0', 1, '2013-11-21', '08:22:07', '2013-11-28 06:04:10'),
(17, '1', 1, '2013-11-21', '08:23:56', '2013-11-28 06:04:10'),
(18, '1', 1, '2013-11-21', '08:25:35', '2013-11-28 06:04:10'),
(19, '1', 1, '2013-11-21', '08:28:19', '2013-11-28 06:04:10'),
(20, '1', 1, '2013-11-21', '08:29:38', '2013-11-28 06:04:10'),
(21, '1', 1, '2013-11-21', '08:30:51', '2013-11-28 06:04:10'),
(22, '1', 1, '2013-11-21', '08:32:29', '2013-11-28 06:04:10'),
(23, '0', 1, '2013-11-21', '08:33:28', '2013-11-28 06:04:10'),
(24, '0', 1, '2013-11-21', '08:34:15', '2013-11-28 06:04:10'),
(25, '1', 1, '2013-11-21', '08:34:40', '2013-11-28 06:04:10'),
(26, '0', 1, '2013-11-21', '08:35:10', '2013-11-28 06:04:10'),
(27, '1', 1, '2013-11-21', '08:36:13', '2013-11-28 06:04:10'),
(28, '0', 1, '2013-11-21', '08:36:17', '2013-11-28 06:04:10'),
(29, '0', 1, '2013-11-21', '08:37:03', '2013-11-28 06:04:10'),
(30, '0', 1, '2013-11-21', '08:38:05', '2013-11-28 06:04:10'),
(31, '0', 1, '2013-11-21', '08:38:56', '2013-11-28 06:04:10'),
(32, '0', 1, '2013-11-21', '08:39:46', '2013-11-28 06:04:10'),
(33, '0', 1, '2013-11-21', '08:40:34', '2013-11-28 06:04:10'),
(34, '0', 1, '2013-11-21', '08:41:18', '2013-11-28 06:04:10'),
(35, '0', 1, '2013-11-21', '08:41:58', '2013-11-28 06:04:10'),
(36, '0', 1, '2013-11-21', '08:42:51', '2013-11-28 06:04:10'),
(37, '1', 1, '2013-11-21', '08:43:12', '2013-11-28 06:04:10'),
(38, '0', 1, '2013-11-21', '08:43:42', '2013-11-28 06:04:10'),
(39, '0', 1, '2013-11-21', '08:44:27', '2013-11-28 06:04:10'),
(40, '0', 1, '2013-11-21', '08:45:10', '2013-11-28 06:04:10'),
(41, '0', 1, '2013-11-21', '08:45:55', '2013-11-28 06:04:10'),
(42, '0', 1, '2013-11-21', '08:46:40', '2013-11-28 06:04:10'),
(43, '0', 1, '2013-11-21', '08:47:57', '2013-11-28 06:04:10'),
(44, '1', 1, '2013-11-21', '08:52:07', '2013-11-28 06:04:10'),
(45, '1', 1, '2013-11-21', '08:58:32', '2013-11-28 06:04:10'),
(46, '0', 1, '2013-11-22', '04:25:33', '2013-11-28 06:04:10'),
(47, '1', 1, '2013-11-26', '10:02:48', '2013-11-28 06:04:10'),
(48, '1', 1, '2013-11-26', '10:14:04', '2013-11-28 06:04:10'),
(49, '1', 1, '2013-11-26', '10:18:34', '2013-11-28 06:04:10'),
(50, '1', 1, '2013-11-26', '10:20:57', '2013-11-28 06:04:10'),
(51, '1', 1, '2013-11-26', '10:24:16', '2013-11-28 06:04:10'),
(52, '1', 1, '2013-11-26', '10:27:20', '2013-11-28 06:04:10'),
(53, '1', 1, '2013-11-26', '10:29:12', '2013-11-28 06:04:10'),
(54, '1', 1, '2013-11-26', '10:30:56', '2013-11-28 06:04:10'),
(55, '1', 1, '2013-11-26', '10:32:28', '2013-11-28 06:04:10'),
(56, '1', 1, '2013-11-26', '10:33:41', '2013-11-28 06:04:10'),
(57, '1', 1, '2013-11-26', '10:35:15', '2013-11-28 06:04:10'),
(58, '1', 1, '2013-11-26', '10:37:36', '2013-11-28 06:04:10'),
(59, '1', 1, '2013-11-26', '10:40:54', '2013-11-28 06:04:10'),
(60, '1', 1, '2013-11-26', '10:43:03', '2013-11-28 06:04:10'),
(61, '1', 1, '2013-11-26', '10:45:10', '2013-11-28 06:04:10'),
(62, '1', 1, '2013-11-26', '10:47:10', '2013-11-28 06:04:10'),
(63, '1', 1, '2013-11-26', '10:48:36', '2013-11-28 06:04:10'),
(64, '1', 1, '2013-11-26', '10:50:25', '2013-11-28 06:04:10'),
(65, '1', 1, '2013-11-26', '10:51:29', '2013-11-28 06:04:10'),
(66, '1', 1, '2013-11-26', '10:53:34', '2013-11-28 06:04:10'),
(67, '1', 1, '2013-11-26', '10:55:05', '2013-11-28 06:04:10'),
(68, '1', 1, '2013-11-26', '10:56:32', '2013-11-28 06:04:10'),
(69, '1', 1, '2013-11-26', '10:58:00', '2013-11-28 06:04:10'),
(70, '1', 1, '2013-11-26', '10:59:09', '2013-11-28 06:04:10'),
(71, '1', 1, '2013-11-26', '11:02:15', '2013-11-28 06:04:10'),
(72, '1', 1, '2013-11-26', '11:03:21', '2013-11-28 06:04:10'),
(73, '1', 1, '2013-11-26', '11:05:14', '2013-11-28 06:04:10'),
(74, '1', 1, '2013-11-26', '11:06:42', '2013-11-28 06:04:10'),
(75, '1', 1, '2013-11-26', '11:07:51', '2013-11-28 06:04:10'),
(76, '1', 1, '2013-11-26', '11:14:23', '2013-11-28 06:04:10'),
(77, '1', 1, '2013-11-26', '11:18:25', '2013-11-28 06:04:10'),
(78, '1', 1, '2013-11-26', '11:19:35', '2013-11-28 06:04:10'),
(79, '1', 1, '2013-11-26', '11:21:46', '2013-11-28 06:04:10'),
(80, '1', 1, '2013-11-26', '11:22:54', '2013-11-28 06:04:10'),
(81, '1', 1, '2013-11-26', '11:25:16', '2013-11-28 06:04:10'),
(82, '1', 1, '2013-11-26', '11:26:52', '2013-11-28 06:04:10'),
(83, '1', 1, '2013-11-26', '11:28:00', '2013-11-28 06:04:10'),
(84, '1', 1, '2013-11-26', '11:29:18', '2013-11-28 06:04:10'),
(85, '1', 1, '2013-11-26', '11:30:25', '2013-11-28 06:04:10'),
(86, '1', 1, '2013-11-26', '11:32:17', '2013-11-28 06:04:10'),
(87, '1', 1, '2013-11-26', '11:33:28', '2013-11-28 06:04:10'),
(88, '1', 1, '2013-11-26', '11:34:22', '2013-11-28 06:04:10'),
(89, '1', 1, '2013-11-26', '11:35:08', '2013-11-28 06:04:10'),
(90, '1', 1, '2013-11-26', '11:35:52', '2013-11-28 06:04:10'),
(91, 'OR0090', 0, '2013-12-02', '04:20:41', '2013-12-02 04:20:41'),
(92, 'OR0091', 0, '2013-12-02', '04:35:25', '2013-12-02 04:35:25'),
(93, 'OR0092', 0, '2013-12-02', '04:40:46', '2013-12-02 04:40:46'),
(94, 'OR0093', 0, '2013-12-02', '04:46:33', '2013-12-02 04:46:33'),
(95, 'OR0094', 0, '2013-12-02', '04:51:19', '2013-12-02 04:51:19'),
(96, 'OR0095', 0, '2013-12-02', '04:58:55', '2013-12-02 04:58:55'),
(97, 'OR0096', 0, '2013-12-02', '05:01:22', '2013-12-02 05:01:22'),
(98, 'OR0097', 0, '2013-12-02', '05:18:54', '2013-12-02 05:18:54'),
(99, 'OR0098', 0, '2013-12-02', '05:23:08', '2013-12-02 05:23:08'),
(100, '0001', 1, '2014-01-10', '12:03:15', '2014-01-10 06:33:15'),
(101, '001', 1, '2014-01-10', '12:07:42', '2014-01-10 06:37:42'),
(102, 'OR0101', 0, '2014-01-21', '12:44:41', '2014-01-21 07:14:41'),
(103, '1', 1, '2014-01-23', '14:56:36', '2014-01-23 09:26:36'),
(104, '1', 1, '2014-01-23', '16:24:10', '2014-01-23 10:54:10'),
(105, '1', 1, '2014-01-23', '16:29:47', '2014-01-23 10:59:47'),
(106, '00000000001', 1, '2014-01-28', '11:40:10', '2014-01-28 06:10:10'),
(107, '1', 1, '2014-02-03', '11:10:49', '2014-02-03 05:40:49'),
(108, '001', 1, '2014-02-07', '11:13:46', '2014-02-07 05:43:46'),
(109, '001', 1, '2014-02-07', '11:15:50', '2014-02-07 05:45:50'),
(110, '001', 1, '2014-02-07', '11:19:25', '2014-02-07 05:49:25'),
(111, '001', 1, '2014-02-07', '11:21:15', '2014-02-07 05:51:15'),
(112, '001', 1, '2014-02-07', '11:23:08', '2014-02-07 05:53:08'),
(113, '001', 1, '2014-02-07', '11:25:10', '2014-02-07 05:55:10'),
(114, '001', 1, '2014-02-07', '11:29:18', '2014-02-07 05:59:18'),
(115, '001', 1, '2014-02-07', '11:30:51', '2014-02-07 06:00:51'),
(116, '001', 1, '2014-02-07', '11:33:47', '2014-02-07 06:03:47'),
(117, '001', 1, '2014-02-07', '11:35:40', '2014-02-07 06:05:40'),
(118, '001', 1, '2014-02-07', '11:36:51', '2014-02-07 06:06:51'),
(119, '001', 1, '2014-02-07', '11:38:24', '2014-02-07 06:08:24'),
(120, '001', 1, '2014-02-07', '11:39:48', '2014-02-07 06:09:48'),
(121, '001', 1, '2014-02-07', '11:41:01', '2014-02-07 06:11:01'),
(122, '001', 1, '2014-02-07', '11:42:47', '2014-02-07 06:12:47'),
(123, '001', 1, '2014-02-07', '11:44:17', '2014-02-07 06:14:17'),
(124, '001', 1, '2014-02-07', '11:46:04', '2014-02-07 06:16:04'),
(125, '001', 1, '2014-02-07', '11:47:45', '2014-02-07 06:17:45'),
(126, '001', 1, '2014-02-07', '11:49:03', '2014-02-07 06:19:03'),
(127, '001', 1, '2014-02-07', '11:51:13', '2014-02-07 06:21:13'),
(128, '001', 1, '2014-02-07', '11:52:59', '2014-02-07 06:22:59'),
(129, '001', 1, '2014-02-07', '11:54:47', '2014-02-07 06:24:47'),
(130, '001', 1, '2014-02-07', '11:57:36', '2014-02-07 06:27:36'),
(131, '001', 1, '2014-02-07', '11:59:01', '2014-02-07 06:29:01'),
(132, '001', 1, '2014-02-07', '12:01:09', '2014-02-07 06:31:09'),
(133, '001', 1, '2014-02-07', '12:02:34', '2014-02-07 06:32:34'),
(134, '001', 1, '2014-02-07', '12:04:17', '2014-02-07 06:34:17'),
(135, '001', 1, '2014-02-07', '12:05:30', '2014-02-07 06:35:30'),
(136, '001', 1, '2014-02-07', '12:07:57', '2014-02-07 06:37:57'),
(137, '001', 1, '2014-02-07', '12:09:13', '2014-02-07 06:39:13'),
(138, '001', 1, '2014-02-07', '12:25:21', '2014-02-07 06:55:21'),
(139, '001', 1, '2014-02-07', '12:27:13', '2014-02-07 06:57:13'),
(140, '001', 1, '2014-02-07', '12:28:41', '2014-02-07 06:58:41'),
(141, '001', 1, '2014-02-07', '12:30:11', '2014-02-07 07:00:11'),
(142, '001', 1, '2014-02-07', '12:34:35', '2014-02-07 07:04:35'),
(143, '001', 1, '2014-02-07', '12:41:54', '2014-02-07 07:11:54'),
(144, '001', 1, '2014-02-07', '13:02:40', '2014-02-07 07:32:40'),
(145, '001', 1, '2014-02-07', '13:04:36', '2014-02-07 07:34:36'),
(146, '001', 1, '2014-02-07', '13:05:59', '2014-02-07 07:35:59'),
(147, '001', 1, '2014-02-07', '13:07:21', '2014-02-07 07:37:21'),
(148, '001', 1, '2014-02-07', '13:08:31', '2014-02-07 07:38:31'),
(149, '001', 1, '2014-02-07', '13:10:24', '2014-02-07 07:40:25'),
(150, '001', 1, '2014-02-07', '13:11:53', '2014-02-07 07:41:53'),
(151, '001', 1, '2014-02-07', '13:13:12', '2014-02-07 07:43:12'),
(152, '001', 1, '2014-02-07', '13:15:02', '2014-02-07 07:45:02'),
(153, '001', 1, '2014-02-07', '13:16:21', '2014-02-07 07:46:21'),
(154, '001', 1, '2014-02-07', '13:18:20', '2014-02-07 07:48:20'),
(155, '001', 1, '2014-02-07', '13:24:15', '2014-02-07 07:54:15'),
(156, '001', 1, '2014-02-07', '13:25:46', '2014-02-07 07:55:46'),
(157, '001', 1, '2014-02-07', '13:28:02', '2014-02-07 07:58:02'),
(158, '001', 1, '2014-02-07', '13:29:26', '2014-02-07 07:59:26'),
(159, '001', 1, '2014-02-07', '13:30:48', '2014-02-07 08:00:48'),
(160, '001', 1, '2014-02-07', '13:32:06', '2014-02-07 08:02:06'),
(161, '001', 1, '2014-02-07', '13:33:34', '2014-02-07 08:03:34'),
(162, '001', 1, '2014-02-07', '13:35:02', '2014-02-07 08:05:02'),
(163, '001', 1, '2014-02-07', '13:36:23', '2014-02-07 08:06:23'),
(164, '001', 1, '2014-02-07', '14:01:36', '2014-02-07 08:31:36'),
(165, '001', 1, '2014-02-07', '14:02:48', '2014-02-07 08:32:48'),
(166, '001', 1, '2014-02-07', '14:04:08', '2014-02-07 08:34:08'),
(167, '001', 1, '2014-02-07', '14:05:36', '2014-02-07 08:35:36'),
(168, '001', 1, '2014-02-07', '14:06:58', '2014-02-07 08:36:58'),
(169, '001', 1, '2014-02-07', '14:08:25', '2014-02-07 08:38:25'),
(170, '001', 1, '2014-02-07', '14:10:00', '2014-02-07 08:40:00'),
(171, '001', 1, '2014-02-07', '14:11:19', '2014-02-07 08:41:19'),
(172, '001', 1, '2014-02-07', '14:12:48', '2014-02-07 08:42:48'),
(173, '001', 1, '2014-02-07', '14:14:18', '2014-02-07 08:44:18'),
(174, '001', 1, '2014-02-07', '14:15:30', '2014-02-07 08:45:30'),
(175, '001', 1, '2014-02-07', '14:17:02', '2014-02-07 08:47:02'),
(176, '001', 1, '2014-02-07', '14:18:20', '2014-02-07 08:48:20'),
(177, '001', 1, '2014-02-07', '14:19:34', '2014-02-07 08:49:34'),
(178, '001', 1, '2014-02-07', '14:20:45', '2014-02-07 08:50:45'),
(179, '001', 1, '2014-02-07', '14:21:58', '2014-02-07 08:51:58'),
(180, '001', 1, '2014-02-07', '14:23:06', '2014-02-07 08:53:06'),
(181, '001', 1, '2014-02-07', '14:24:17', '2014-02-07 08:54:17'),
(182, '001', 1, '2014-02-07', '14:25:30', '2014-02-07 08:55:30'),
(183, '001', 1, '2014-02-07', '14:26:38', '2014-02-07 08:56:38'),
(184, '001', 1, '2014-02-07', '14:27:55', '2014-02-07 08:57:55'),
(185, '001', 1, '2014-02-07', '14:28:50', '2014-02-07 08:58:50'),
(186, '001', 1, '2014-02-07', '14:29:44', '2014-02-07 08:59:44'),
(187, '001', 1, '2014-02-07', '14:30:57', '2014-02-07 09:00:57'),
(188, '001', 1, '2014-02-07', '14:31:52', '2014-02-07 09:01:52'),
(189, '001', 1, '2014-02-07', '14:33:02', '2014-02-07 09:03:02'),
(190, '001', 1, '2014-02-07', '14:33:58', '2014-02-07 09:03:58'),
(191, '001', 1, '2014-02-07', '14:35:00', '2014-02-07 09:05:00'),
(192, '001', 1, '2014-02-07', '14:35:57', '2014-02-07 09:05:58'),
(193, '001', 1, '2014-02-07', '14:36:54', '2014-02-07 09:06:54'),
(194, '001', 1, '2014-02-07', '14:37:50', '2014-02-07 09:07:50'),
(195, '001', 1, '2014-02-07', '14:38:46', '2014-02-07 09:08:46'),
(196, '001', 1, '2014-02-07', '14:40:08', '2014-02-07 09:10:08'),
(197, '001', 1, '2014-02-07', '14:41:11', '2014-02-07 09:11:11'),
(198, '001', 1, '2014-02-07', '14:42:14', '2014-02-07 09:12:14'),
(199, '001', 1, '2014-02-07', '14:43:12', '2014-02-07 09:13:12'),
(200, '001', 1, '2014-02-07', '14:44:15', '2014-02-07 09:14:15'),
(201, '001', 1, '2014-02-07', '14:45:31', '2014-02-07 09:15:31'),
(202, '001', 1, '2014-02-07', '14:46:22', '2014-02-07 09:16:22'),
(203, '001', 1, '2014-02-07', '14:47:19', '2014-02-07 09:17:19'),
(204, '001', 1, '2014-02-07', '14:48:34', '2014-02-07 09:18:34'),
(205, '001', 1, '2014-02-07', '14:49:28', '2014-02-07 09:19:28'),
(206, '001', 1, '2014-02-07', '14:50:38', '2014-02-07 09:20:38'),
(207, '001', 1, '2014-02-07', '14:51:57', '2014-02-07 09:21:57'),
(208, '001', 1, '2014-02-07', '14:52:59', '2014-02-07 09:22:59'),
(209, '001', 1, '2014-02-07', '14:53:59', '2014-02-07 09:23:59'),
(210, '001', 1, '2014-02-07', '14:55:04', '2014-02-07 09:25:04'),
(211, '1', 1, '2014-02-10', '09:40:02', '2014-02-10 04:10:02'),
(212, 'OR0211', 0, '2014-02-20', '12:02:49', '2014-02-20 06:32:49'),
(213, 'OR0212', 0, '2014-02-24', '15:40:10', '2014-02-24 10:10:10'),
(214, '3213', 1, '2014-02-25', '13:26:04', '2014-02-25 07:56:04'),
(215, '1', 1, '2014-03-10', '11:03:55', '2014-03-10 05:33:55'),
(216, '1', 1, '2014-03-10', '11:11:09', '2014-03-10 05:41:09'),
(217, '0', 1, '2014-03-10', '11:13:30', '2014-03-10 05:43:30'),
(218, '1', 1, '2014-03-10', '11:16:16', '2014-03-10 05:46:16'),
(219, '1', 1, '2014-03-10', '11:18:08', '2014-03-10 05:48:08'),
(220, '0', 1, '2014-03-10', '11:19:59', '2014-03-10 05:49:59'),
(221, '1', 1, '2014-03-10', '11:21:56', '2014-03-10 05:51:56'),
(222, '0', 1, '2014-03-10', '11:24:24', '2014-03-10 05:54:24'),
(223, '0', 1, '2014-03-10', '11:26:02', '2014-03-10 05:56:02'),
(224, '0', 1, '2014-03-10', '11:27:45', '2014-03-10 05:57:45'),
(225, '1', 1, '2014-03-10', '11:29:18', '2014-03-10 05:59:18'),
(226, '0', 1, '2014-03-10', '11:31:12', '2014-03-10 06:01:12'),
(227, '1', 1, '2014-03-10', '11:37:35', '2014-03-10 06:07:35'),
(228, '0', 1, '2014-03-10', '11:41:54', '2014-03-10 06:11:54'),
(229, '0', 1, '2014-03-10', '11:44:07', '2014-03-10 06:14:07'),
(230, '1', 1, '2014-03-10', '11:46:02', '2014-03-10 06:16:02'),
(231, '1', 1, '2014-03-10', '11:50:21', '2014-03-10 06:20:21'),
(232, '0', 1, '2014-03-10', '11:52:21', '2014-03-10 06:22:21'),
(233, '0', 1, '2014-03-10', '11:54:53', '2014-03-10 06:24:53'),
(234, '0', 1, '2014-03-10', '11:56:19', '2014-03-10 06:26:19'),
(235, '1', 1, '2014-03-10', '11:58:10', '2014-03-10 06:28:10'),
(236, '0', 1, '2014-03-10', '12:00:29', '2014-03-10 06:30:29'),
(237, '1', 1, '2014-03-10', '12:02:28', '2014-03-10 06:32:28'),
(238, '1', 1, '2014-03-10', '12:04:37', '2014-03-10 06:34:37'),
(239, '1', 1, '2014-03-10', '12:32:28', '2014-03-10 07:02:28'),
(240, '0', 1, '2014-03-10', '12:34:44', '2014-03-10 07:04:44'),
(241, '1', 1, '2014-03-10', '13:43:20', '2014-03-10 08:13:20'),
(242, '1', 1, '2014-03-10', '13:45:30', '2014-03-10 08:15:30'),
(243, '1', 1, '2014-03-10', '13:46:59', '2014-03-10 08:16:59'),
(244, '1', 1, '2014-03-10', '13:48:52', '2014-03-10 08:18:52'),
(245, '0', 1, '2014-03-10', '13:50:43', '2014-03-10 08:20:43'),
(246, '1', 1, '2014-03-10', '13:52:19', '2014-03-10 08:22:19'),
(247, '1', 1, '2014-03-10', '13:54:06', '2014-03-10 08:24:06'),
(248, '1', 1, '2014-03-10', '13:56:00', '2014-03-10 08:26:00'),
(249, '0', 1, '2014-03-10', '13:57:47', '2014-03-10 08:27:47'),
(250, '0', 1, '2014-03-10', '13:59:11', '2014-03-10 08:29:11'),
(251, '1', 1, '2014-03-10', '14:00:37', '2014-03-10 08:30:37'),
(252, '0', 1, '2014-03-10', '14:02:14', '2014-03-10 08:32:14'),
(253, '0', 1, '2014-03-10', '14:03:29', '2014-03-10 08:33:29'),
(254, '0', 1, '2014-03-10', '14:04:42', '2014-03-10 08:34:42'),
(255, '0', 1, '2014-03-10', '14:06:16', '2014-03-10 08:36:16'),
(256, '0', 1, '2014-03-10', '14:07:39', '2014-03-10 08:37:39'),
(257, '0', 1, '2014-03-10', '14:08:44', '2014-03-10 08:38:44'),
(258, '0', 1, '2014-03-10', '14:09:53', '2014-03-10 08:39:53'),
(259, '1', 1, '2014-03-10', '14:13:46', '2014-03-10 08:43:46'),
(260, '1', 1, '2014-03-10', '14:15:28', '2014-03-10 08:45:28'),
(261, '0', 1, '2014-03-10', '14:16:30', '2014-03-10 08:46:30'),
(262, '1', 1, '2014-03-10', '14:17:49', '2014-03-10 08:47:49'),
(263, '0', 1, '2014-03-10', '14:19:00', '2014-03-10 08:49:00'),
(264, '1', 1, '2014-03-10', '14:20:24', '2014-03-10 08:50:24'),
(265, '1', 1, '2014-03-10', '14:21:39', '2014-03-10 08:51:39'),
(266, 'OR0265', 0, '2014-03-11', '13:15:23', '2014-03-11 07:45:23'),
(267, 'OR0266', 0, '2014-03-12', '10:35:11', '2014-03-12 05:05:11'),
(268, 'OR0267', 0, '2014-03-19', '13:25:54', '2014-03-19 07:55:54'),
(269, '0', 1, '2014-03-20', '14:31:36', '2014-03-20 09:01:36'),
(270, '1', 1, '2014-03-20', '14:33:27', '2014-03-20 09:03:27'),
(271, '0', 1, '2014-03-20', '14:35:11', '2014-03-20 09:05:11'),
(272, '1', 1, '2014-03-20', '14:36:59', '2014-03-20 09:06:59'),
(273, '0', 1, '2014-03-20', '14:39:14', '2014-03-20 09:09:14'),
(274, '0', 1, '2014-03-20', '14:41:30', '2014-03-20 09:11:30'),
(275, '1', 1, '2014-03-20', '14:43:04', '2014-03-20 09:13:04'),
(276, '0', 1, '2014-03-20', '14:44:29', '2014-03-20 09:14:29'),
(277, '0', 1, '2014-03-20', '14:46:17', '2014-03-20 09:16:17'),
(278, '1', 1, '2014-03-20', '14:48:43', '2014-03-20 09:18:43'),
(279, '1', 1, '2014-03-20', '14:50:20', '2014-03-20 09:20:20'),
(280, '0', 1, '2014-03-20', '14:52:12', '2014-03-20 09:22:12'),
(281, '1', 1, '2014-03-20', '14:53:55', '2014-03-20 09:23:55'),
(282, '1', 1, '2014-03-20', '14:55:23', '2014-03-20 09:25:23'),
(283, '0', 1, '2014-03-20', '14:57:47', '2014-03-20 09:27:47'),
(284, '1', 1, '2014-03-20', '14:58:55', '2014-03-20 09:28:55'),
(285, '1', 1, '2014-03-20', '15:00:22', '2014-03-20 09:30:22'),
(286, '0', 1, '2014-03-20', '15:11:47', '2014-03-20 09:41:47'),
(287, '1', 1, '2014-03-20', '15:14:24', '2014-03-20 09:44:24'),
(288, '1', 1, '2014-03-20', '15:16:00', '2014-03-20 09:46:00'),
(289, '1', 1, '2014-03-20', '15:37:26', '2014-03-20 10:07:26'),
(290, '0', 1, '2014-03-20', '15:38:53', '2014-03-20 10:08:53'),
(291, '0', 1, '2014-03-20', '15:40:09', '2014-03-20 10:10:09'),
(292, '1', 1, '2014-03-20', '15:41:49', '2014-03-20 10:11:50'),
(293, '1', 1, '2014-03-20', '15:43:19', '2014-03-20 10:13:19'),
(294, '0', 1, '2014-03-20', '15:44:37', '2014-03-20 10:14:37'),
(295, '1', 1, '2014-03-20', '15:45:59', '2014-03-20 10:15:59'),
(296, '0', 1, '2014-03-20', '15:47:23', '2014-03-20 10:17:23'),
(297, '1', 1, '2014-03-20', '15:49:00', '2014-03-20 10:19:00'),
(298, '0', 1, '2014-03-20', '15:50:21', '2014-03-20 10:20:21'),
(299, '1', 1, '2014-03-20', '15:51:39', '2014-03-20 10:21:39'),
(300, '0', 1, '2014-03-20', '15:52:41', '2014-03-20 10:22:41'),
(301, '1', 1, '2014-03-21', '13:36:30', '2014-03-21 08:06:30'),
(302, '0', 1, '2014-03-21', '13:37:35', '2014-03-21 08:07:35'),
(303, '1', 1, '2014-03-21', '13:38:56', '2014-03-21 08:08:56'),
(304, '1', 1, '2014-03-21', '13:40:26', '2014-03-21 08:10:26'),
(305, '0', 1, '2014-03-21', '13:41:56', '2014-03-21 08:11:56'),
(306, '1', 1, '2014-03-21', '13:43:12', '2014-03-21 08:13:12'),
(307, '0', 1, '2014-03-21', '13:44:33', '2014-03-21 08:14:33'),
(308, '1', 1, '2014-03-21', '13:45:44', '2014-03-21 08:15:44'),
(309, '0', 1, '2014-03-21', '13:47:02', '2014-03-21 08:17:02'),
(310, '0', 1, '2014-03-21', '13:48:07', '2014-03-21 08:18:07'),
(311, '1', 1, '2014-03-21', '13:49:26', '2014-03-21 08:19:26'),
(312, '1', 1, '2014-03-21', '13:50:45', '2014-03-21 08:20:45'),
(313, '0', 1, '2014-03-21', '13:52:00', '2014-03-21 08:22:00'),
(314, '1', 1, '2014-03-21', '13:53:12', '2014-03-21 08:23:12'),
(315, '0', 1, '2014-03-21', '13:54:24', '2014-03-21 08:24:24'),
(316, '1', 1, '2014-03-21', '13:55:37', '2014-03-21 08:25:37'),
(317, '0', 1, '2014-03-21', '13:56:39', '2014-03-21 08:26:39'),
(318, '1', 1, '2014-03-21', '13:57:40', '2014-03-21 08:27:40'),
(319, 'OR0318', 0, '2014-03-25', '13:21:27', '2014-03-25 07:51:27'),
(320, 'OR0319', 0, '2014-03-25', '13:24:16', '2014-03-25 07:54:16'),
(321, '1', 1, '2014-05-05', '12:06:14', '2014-05-05 06:36:14'),
(322, '1', 1, '2014-05-05', '12:11:31', '2014-05-05 06:41:31'),
(323, '0', 1, '2014-05-05', '12:14:14', '2014-05-05 06:44:14'),
(324, '0', 1, '2014-05-05', '12:22:39', '2014-05-05 06:52:39'),
(325, '0', 1, '2014-05-05', '12:24:01', '2014-05-05 06:54:01'),
(326, '1', 1, '2014-05-05', '12:25:31', '2014-05-05 06:55:31'),
(327, '0', 1, '2014-05-05', '12:28:12', '2014-05-05 06:58:12'),
(328, '0', 1, '2014-05-05', '12:29:39', '2014-05-05 06:59:39'),
(329, '0', 1, '2014-05-05', '12:31:30', '2014-05-05 07:01:30'),
(330, '0', 1, '2014-05-05', '12:33:07', '2014-05-05 07:03:07'),
(331, '1', 1, '2014-05-05', '12:34:30', '2014-05-05 07:04:30'),
(332, '0', 1, '2014-05-05', '12:36:03', '2014-05-05 07:06:03'),
(333, '0', 1, '2014-05-05', '12:37:21', '2014-05-05 07:07:21'),
(334, '1', 1, '2014-05-05', '14:03:36', '2014-05-05 08:33:36'),
(335, '1', 1, '2014-05-05', '14:05:39', '2014-05-05 08:35:39'),
(336, '0', 1, '2014-05-05', '14:07:39', '2014-05-05 08:37:39'),
(337, '0', 1, '2014-05-05', '14:08:44', '2014-05-05 08:38:44'),
(338, '1', 1, '2014-05-05', '14:10:13', '2014-05-05 08:40:13'),
(339, '0', 1, '2014-05-05', '14:11:37', '2014-05-05 08:41:37'),
(340, '0', 1, '2014-05-05', '14:13:13', '2014-05-05 08:43:13'),
(341, '1', 1, '2014-05-05', '14:15:08', '2014-05-05 08:45:08'),
(342, '0', 1, '2014-05-05', '14:16:51', '2014-05-05 08:46:51'),
(343, '0', 1, '2014-05-05', '14:18:37', '2014-05-05 08:48:37'),
(344, '0', 1, '2014-05-05', '14:20:49', '2014-05-05 08:50:49'),
(345, '1', 1, '2014-05-05', '14:22:53', '2014-05-05 08:52:53'),
(346, '1', 1, '2014-05-05', '14:24:49', '2014-05-05 08:54:49'),
(347, '0', 1, '2014-05-05', '14:26:10', '2014-05-05 08:56:10'),
(348, '1', 1, '2014-05-05', '14:27:57', '2014-05-05 08:57:57'),
(349, '1', 1, '2014-05-05', '14:27:57', '2014-05-05 08:57:57'),
(350, '1', 1, '2014-05-05', '14:27:57', '2014-05-05 08:57:57'),
(351, '1', 1, '2014-05-05', '14:29:42', '2014-05-05 08:59:42'),
(352, '0', 1, '2014-05-05', '14:31:52', '2014-05-05 09:01:52'),
(353, '1', 1, '2014-05-05', '14:34:14', '2014-05-05 09:04:14'),
(354, '1', 1, '2014-05-05', '14:36:08', '2014-05-05 09:06:08'),
(355, '1', 1, '2014-05-05', '14:37:24', '2014-05-05 09:07:24'),
(356, '1', 1, '2014-05-05', '14:38:50', '2014-05-05 09:08:50'),
(357, '1', 1, '2014-05-05', '14:40:16', '2014-05-05 09:10:16'),
(358, '0', 1, '2014-05-05', '14:41:42', '2014-05-05 09:11:42'),
(359, '1', 1, '2014-05-05', '14:42:49', '2014-05-05 09:12:49'),
(360, '1', 1, '2014-05-05', '14:44:28', '2014-05-05 09:14:28'),
(361, '0', 1, '2014-05-05', '14:46:08', '2014-05-05 09:16:08'),
(362, '1', 1, '2014-05-05', '14:47:14', '2014-05-05 09:17:14'),
(363, '1', 1, '2014-05-05', '14:48:18', '2014-05-05 09:18:18'),
(364, '1', 1, '2014-05-05', '14:49:33', '2014-05-05 09:19:33'),
(365, '1', 1, '2014-05-05', '14:50:34', '2014-05-05 09:20:34'),
(366, '1', 1, '2014-05-05', '14:51:35', '2014-05-05 09:21:35'),
(367, '1', 1, '2014-05-05', '14:52:54', '2014-05-05 09:22:54'),
(368, '0', 1, '2014-05-05', '14:54:59', '2014-05-05 09:24:59'),
(369, '1', 1, '2014-05-05', '14:56:06', '2014-05-05 09:26:06'),
(370, '1', 1, '2014-05-05', '14:57:20', '2014-05-05 09:27:20'),
(371, '0', 1, '2014-05-05', '14:58:36', '2014-05-05 09:28:36'),
(372, '1', 1, '2014-05-05', '15:00:22', '2014-05-05 09:30:22'),
(373, '1', 1, '2014-05-05', '15:03:50', '2014-05-05 09:33:50'),
(374, '1', 1, '2014-05-12', '09:22:26', '2014-05-12 03:52:27'),
(375, '0', 1, '2014-05-12', '09:24:32', '2014-05-12 03:54:32'),
(376, '1', 1, '2014-05-12', '09:25:58', '2014-05-12 03:55:58'),
(377, '0', 1, '2014-05-12', '09:27:09', '2014-05-12 03:57:09'),
(378, '1', 1, '2014-05-12', '09:28:22', '2014-05-12 03:58:22'),
(379, '1', 1, '2014-05-12', '09:30:07', '2014-05-12 04:00:07'),
(380, '0', 1, '2014-05-12', '09:31:10', '2014-05-12 04:01:10'),
(381, '1', 1, '2014-05-12', '09:32:19', '2014-05-12 04:02:19'),
(382, '1', 1, '2014-05-12', '09:33:16', '2014-05-12 04:03:16'),
(383, '0', 1, '2014-05-12', '09:34:37', '2014-05-12 04:04:37'),
(384, '1', 1, '2014-05-12', '09:36:31', '2014-05-12 04:06:31'),
(385, '1', 1, '2014-05-12', '09:38:01', '2014-05-12 04:08:01'),
(386, '0', 1, '2014-05-12', '09:39:22', '2014-05-12 04:09:22'),
(387, '1', 1, '2014-05-12', '09:40:42', '2014-05-12 04:10:42'),
(388, '1', 1, '2014-05-12', '09:42:04', '2014-05-12 04:12:04'),
(389, '1', 1, '2014-05-12', '09:43:33', '2014-05-12 04:13:33'),
(390, '1', 1, '2014-05-12', '09:45:26', '2014-05-12 04:15:26'),
(391, '0', 1, '2014-05-12', '09:46:37', '2014-05-12 04:16:37'),
(392, '1', 1, '2014-05-12', '09:47:47', '2014-05-12 04:17:47'),
(393, '1', 1, '2014-05-12', '09:49:09', '2014-05-12 04:19:09');

-- --------------------------------------------------------

--
-- Table structure for table `tbl_payment_remark`
--

CREATE TABLE IF NOT EXISTS `tbl_payment_remark` (
  `id_payment_remark` int(11) NOT NULL AUTO_INCREMENT,
  `id_sales_order` int(11) NOT NULL,
  `payment_type` varchar(20) NOT NULL,
  `payment_amount` decimal(20,2) NOT NULL,
  `cheque_bank` varchar(50) NOT NULL,
  `cheque_no` varchar(50) NOT NULL,
  `cheque_date` date NOT NULL,
  `credit_date` date NOT NULL,
  `credit_payment` decimal(10,2) NOT NULL DEFAULT '0.00',
  `chequepayment` decimal(10,2) NOT NULL DEFAULT '0.00',
  PRIMARY KEY (`id_payment_remark`)
) ENGINE=InnoDB  DEFAULT CHARSET=latin1 AUTO_INCREMENT=65 ;

--
-- Dumping data for table `tbl_payment_remark`
--

INSERT INTO `tbl_payment_remark` (`id_payment_remark`, `id_sales_order`, `payment_type`, `payment_amount`, `cheque_bank`, `cheque_no`, `cheque_date`, `credit_date`, `credit_payment`, `chequepayment`) VALUES
(1, 185, 'Cash', '100.00', '', '', '0000-00-00', '0000-00-00', '0.00', '0.00'),
(2, 185, 'Credit', '0.00', '', '', '0000-00-00', '2013-12-25', '123.00', '0.00'),
(3, 186, 'Cash', '100.00', '', '', '0000-00-00', '0000-00-00', '0.00', '0.00'),
(4, 186, 'Cheque', '0.00', 'sampath', '233', '2013-12-30', '0000-00-00', '0.00', '200.00'),
(5, 186, 'Credit', '0.00', '', '', '0000-00-00', '2013-12-29', '300.00', '0.00'),
(6, 189, 'Cash', '100.00', '', '', '0000-00-00', '0000-00-00', '0.00', '0.00'),
(7, 189, 'Credit', '0.00', '', '', '0000-00-00', '2013-12-24', '200.00', '0.00'),
(8, 190, 'Cash', '1200.00', '', '', '0000-00-00', '0000-00-00', '0.00', '0.00'),
(9, 190, 'Cash', '1200.00', '', '', '0000-00-00', '0000-00-00', '0.00', '0.00'),
(10, 190, 'Cheque', '0.00', 'boc', 'ch001', '2013-12-28', '0000-00-00', '0.00', '1000.00'),
(11, 190, 'Credit', '0.00', '', '', '0000-00-00', '2013-12-29', '1300.00', '0.00'),
(12, 211, 'Cash', '100.00', '', '', '0000-00-00', '0000-00-00', '0.00', '0.00'),
(13, 211, 'Cheque', '0.00', 'sampath', '45', '2013-12-15', '0000-00-00', '0.00', '200.00'),
(14, 218, 'Cheque', '0.00', 'sasa', '1234', '2013-12-16', '0000-00-00', '0.00', '5000.00'),
(15, 219, 'Cheque', '0.00', 'sampath', 'ch001', '2013-12-26', '0000-00-00', '0.00', '200.00'),
(16, 219, 'Cheque', '0.00', 'boc', 'ch002', '2013-12-25', '0000-00-00', '0.00', '300.00'),
(17, 220, 'Cash', '50.00', '', '', '0000-00-00', '0000-00-00', '0.00', '0.00'),
(18, 220, 'Cheque', '0.00', 'sampath', 'ch99', '2013-12-24', '0000-00-00', '0.00', '60.00'),
(19, 220, 'Cheque', '0.00', 'nsb', 'cg999', '2013-12-30', '0000-00-00', '0.00', '150.00'),
(20, 221, 'Cash', '100.00', '', '', '0000-00-00', '0000-00-00', '0.00', '0.00'),
(21, 226, 'Cheque', '0.00', 'sam', '23', '2013-02-12', '0000-00-00', '0.00', '200.00'),
(22, 227, 'Cash', '1000.00', '', '', '0000-00-00', '0000-00-00', '0.00', '0.00'),
(23, 247, 'Cheque', '0.00', 'Belgium', '123', '0000-00-00', '0000-00-00', '0.00', '100.00'),
(24, 247, 'Cheque', '0.00', 'Belgium', '111', '0000-00-00', '0000-00-00', '0.00', '111.00'),
(25, 249, 'Cheque', '0.00', 'Belgium', '099', '2013-12-31', '0000-00-00', '0.00', '100.00'),
(26, 250, 'Cheque', '0.00', 'Belgium', '44', '0000-00-00', '0000-00-00', '0.00', '200.00'),
(27, 251, 'Cheque', '0.00', 'Belgium', '222', '0000-00-00', '0000-00-00', '0.00', '56.00'),
(28, 252, 'Cheque', '0.00', 'Belgium', '999', '0000-00-00', '0000-00-00', '0.00', '120.00'),
(29, 253, 'Cheque', '0.00', 'SAMPATH', '22', '2014-00-01', '0000-00-00', '0.00', '100.00'),
(30, 254, 'Cheque', '0.00', 'BOC', '11', '2014-01-01', '0000-00-00', '0.00', '100.00'),
(31, 254, 'Cheque', '0.00', 'SAMPATH', '23', '0000-00-00', '0000-00-00', '0.00', '1001.00'),
(32, 255, 'Cheque', '0.00', 'NDB', '12', '2014-01-02', '0000-00-00', '0.00', '10.00'),
(33, 255, 'Cash', '11.00', '', '', '0000-00-00', '0000-00-00', '0.00', '0.00'),
(34, 255, 'Cheque', '0.00', 'SAMPATH', '12', '2014-01-01', '0000-00-00', '0.00', '1.00'),
(35, 256, 'Cheque', '0.00', 'Amana', '11', '3914-01-03', '0000-00-00', '0.00', '111.00'),
(36, 256, 'Cheque', '0.00', 'SAMPATH', '122', '0000-00-00', '0000-00-00', '0.00', '10.00'),
(37, 257, 'Cheque', '0.00', 'SAMPATH', '3456', '2013-12-31', '0000-00-00', '0.00', '112.00'),
(38, 257, 'Cheque', '0.00', 'Amana', '13', '2014-01-01', '0000-00-00', '0.00', '1000.00'),
(39, 258, 'Credit', '0.00', '', '', '2013-12-31', '2013-12-31', '1000.00', '0.00'),
(40, 259, 'Credit', '0.00', '', '', '2013-12-31', '2014-01-02', '525.00', '0.00'),
(41, 39, 'Cash', '38040.00', '', '', '2014-02-25', '2014-02-25', '0.00', '0.00'),
(42, 42, 'Cash', '38040.00', '', '', '2014-02-26', '2014-02-26', '0.00', '0.00'),
(43, 161, 'Cheque', '0.00', 'BOC', '566776 777888', '2014-05-12', '2014-05-06', '0.00', '5000.00'),
(44, 162, 'Cash', '100.00', '', '', '2014-05-06', '2014-05-06', '0.00', '0.00'),
(45, 162, 'Cheque', '0.00', 'Commercial', '123456', '2018-05-06', '2014-05-06', '0.00', '200.00'),
(46, 163, 'Cash', '100.00', '', '', '2014-05-06', '2014-05-06', '0.00', '0.00'),
(47, 163, 'Cheque', '0.00', 'BOC', '3566 8877 455', '2014-05-13', '2014-05-06', '0.00', '100.00'),
(48, 164, 'Cash', '100.00', '', '', '2014-05-06', '2014-05-06', '0.00', '0.00'),
(49, 164, 'Cheque', '0.00', 'BOC', '244455 7888', '2014-05-09', '2014-05-06', '0.00', '200.00'),
(50, 165, 'Cash', '100.00', '', '', '2014-05-07', '2014-05-07', '0.00', '0.00'),
(51, 165, 'Cheque', '0.00', 'BOC', '233444 77888 55666', '2014-05-15', '2014-05-07', '0.00', '200.00'),
(52, 166, 'Cash', '1000.00', '', '', '2014-05-07', '2014-05-07', '0.00', '0.00'),
(53, 166, 'Cheque', '0.00', 'BOC', '223445 5667 5667', '2014-05-07', '2014-05-07', '0.00', '5000.00'),
(54, 167, 'Cash', '1000.00', '', '', '2014-05-07', '2014-05-07', '0.00', '0.00'),
(55, 167, 'Cheque', '0.00', 'BOC', '23344 66778 44455', '2014-05-07', '2014-05-07', '0.00', '2000.00'),
(56, 168, 'Cash', '100000.00', '', '', '2014-05-07', '2014-05-07', '0.00', '0.00'),
(57, 168, 'Cheque', '0.00', 'BOC', '34566 66777 77788', '2014-05-20', '2014-05-07', '0.00', '6000.00'),
(58, 172, 'Cash', '1000.00', '', '', '2014-05-08', '2014-05-08', '0.00', '0.00'),
(59, 172, 'Cheque', '0.00', 'BOC', '245677', '2014-05-29', '2014-05-08', '0.00', '2000.00'),
(60, 196, 'Cheque', '0.00', 'BOC', '123567', '2014-06-21', '2014-05-21', '0.00', '11290.00'),
(61, 197, 'Cash', '1000.00', '', '', '2014-05-21', '2014-05-21', '0.00', '0.00'),
(62, 197, 'Cheque', '0.00', 'HNB', '133456', '2014-05-21', '2014-05-21', '0.00', '11490.00'),
(63, 200, 'Cash', '1000.00', '', '', '2014-05-22', '2014-05-22', '0.00', '0.00'),
(64, 200, 'Cheque', '0.00', 'BOC', '123456', '2014-05-22', '2014-05-22', '0.00', '10580.00');

-- --------------------------------------------------------

--
-- Table structure for table `tbl_permission`
--

CREATE TABLE IF NOT EXISTS `tbl_permission` (
  `id_permission` int(11) NOT NULL AUTO_INCREMENT,
  `id_permission_type` int(11) NOT NULL,
  `permission_name` varchar(150) NOT NULL,
  `permission_status` tinyint(4) NOT NULL DEFAULT '1',
  `added_date` date DEFAULT NULL,
  `added_time` time DEFAULT NULL,
  `added_timestamp` timestamp NOT NULL DEFAULT CURRENT_TIMESTAMP ON UPDATE CURRENT_TIMESTAMP,
  PRIMARY KEY (`id_permission`),
  KEY `fk_tbl_permission_tbl_permission_type1` (`id_permission_type`)
) ENGINE=InnoDB DEFAULT CHARSET=latin1 AUTO_INCREMENT=1 ;

-- --------------------------------------------------------

--
-- Table structure for table `tbl_permission_type`
--

CREATE TABLE IF NOT EXISTS `tbl_permission_type` (
  `id_permission_type` int(11) NOT NULL AUTO_INCREMENT,
  `permission_type` varchar(100) NOT NULL,
  `permission_type_icon` varchar(500) DEFAULT NULL,
  `permission_type_status` tinyint(4) NOT NULL DEFAULT '1',
  `added_date` date DEFAULT NULL,
  `added_time` time DEFAULT NULL,
  `added_timestamp` timestamp NOT NULL DEFAULT CURRENT_TIMESTAMP ON UPDATE CURRENT_TIMESTAMP,
  PRIMARY KEY (`id_permission_type`)
) ENGINE=InnoDB DEFAULT CHARSET=latin1 AUTO_INCREMENT=1 ;

-- --------------------------------------------------------

--
-- Table structure for table `tbl_physical_place`
--

CREATE TABLE IF NOT EXISTS `tbl_physical_place` (
  `id_physical_place` int(11) NOT NULL AUTO_INCREMENT,
  `id_physical_place_category` int(11) NOT NULL,
  `physical_place_name` varchar(500) NOT NULL,
  `physical_place_address` varchar(450) DEFAULT NULL,
  `added_date` date DEFAULT NULL,
  `physical_place_status` tinyint(4) NOT NULL DEFAULT '1',
  `added_time` time DEFAULT NULL,
  `added_timestamp` timestamp NULL DEFAULT CURRENT_TIMESTAMP ON UPDATE CURRENT_TIMESTAMP,
  PRIMARY KEY (`id_physical_place`),
  KEY `fk_tbl_physical_place_tbl_physical_place_category1` (`id_physical_place_category`)
) ENGINE=InnoDB  DEFAULT CHARSET=latin1 AUTO_INCREMENT=11 ;

--
-- Dumping data for table `tbl_physical_place`
--

INSERT INTO `tbl_physical_place` (`id_physical_place`, `id_physical_place_category`, `physical_place_name`, `physical_place_address`, `added_date`, `physical_place_status`, `added_time`, `added_timestamp`) VALUES
(1, 1, 'Hayleys Agro', 'Colombo', '2013-11-20', 1, '12:57:00', '2013-11-20 07:28:02'),
(2, 3, 'A.M Trading Anuradhapura', 'No 110, Main Street, Anuradhapura.', '2013-11-21', 1, '05:50:03', '2014-01-31 11:18:46'),
(3, 3, 'Dimuth Stores', 'galle', '2013-12-17', 0, '09:11:45', '2014-03-08 12:08:56'),
(4, 1, 'sasas', 'sasasasas', '2013-12-28', 0, '12:51:56', '2013-12-28 07:22:01'),
(5, 1, '151', 'hvvch', '2013-12-28', 0, '12:52:29', '2013-12-28 07:23:14'),
(6, 1, 'dfsfzczc', 'cxcxczxczczc', '2013-12-28', 0, '12:53:52', '2013-12-28 07:24:20'),
(7, 1, 'dsdsdsds', 'dsdsdsds', '2013-12-28', 0, '12:55:51', '2013-12-28 07:26:07'),
(8, 3, 'Govisetha Kuliyapitiya', 'No 70 Colombo Road, Pothuhera', '2014-02-05', 1, '11:45:08', '2014-02-05 06:15:08'),
(9, 3, 'Rathnayake Stores', 'Angunakolapelessa', '2014-03-08', 1, '17:38:49', '2014-03-08 12:08:49'),
(10, 3, 'New Ceylon Forage Stores', 'No 02, Shopping Complex, Bandarawela', '2014-03-20', 1, '10:04:39', '2014-03-20 04:34:39');

-- --------------------------------------------------------

--
-- Table structure for table `tbl_physical_place_category`
--

CREATE TABLE IF NOT EXISTS `tbl_physical_place_category` (
  `id_physical_place_category` int(11) NOT NULL AUTO_INCREMENT,
  `physical_place_category_name` varchar(450) NOT NULL,
  `physical_place_category_status` tinyint(4) DEFAULT '1',
  `added_date` date DEFAULT NULL,
  `added_time` time DEFAULT NULL,
  `added_timestamp` timestamp NULL DEFAULT CURRENT_TIMESTAMP ON UPDATE CURRENT_TIMESTAMP,
  PRIMARY KEY (`id_physical_place_category`)
) ENGINE=InnoDB  DEFAULT CHARSET=latin1 AUTO_INCREMENT=5 ;

--
-- Dumping data for table `tbl_physical_place_category`
--

INSERT INTO `tbl_physical_place_category` (`id_physical_place_category`, `physical_place_category_name`, `physical_place_category_status`, `added_date`, `added_time`, `added_timestamp`) VALUES
(1, 'Company', 1, '2013-11-20', '12:53:00', '2013-11-20 07:23:25'),
(2, 'Warehouse', 1, '2013-11-20', '13:09:22', '2013-11-28 04:58:05'),
(3, 'Distributor Point', 1, '2013-11-20', '13:09:46', '2013-11-28 05:00:00'),
(4, 'Test-sa', 0, '2013-12-28', '12:05:08', '2013-12-28 06:35:57');

-- --------------------------------------------------------

--
-- Table structure for table `tbl_production`
--

CREATE TABLE IF NOT EXISTS `tbl_production` (
  `id_production` int(11) NOT NULL AUTO_INCREMENT,
  `id_employee` int(11) NOT NULL DEFAULT '0',
  `id_division` int(11) NOT NULL DEFAULT '0',
  `id_batch` int(11) NOT NULL DEFAULT '0',
  `production_code` varchar(100) DEFAULT NULL,
  `production_date` varchar(45) NOT NULL,
  `production_remark` varchar(100) DEFAULT NULL,
  `production_time` varchar(45) NOT NULL,
  `added_date` date NOT NULL,
  `added_time` time NOT NULL DEFAULT '00:00:00',
  `added_timestamp` timestamp NOT NULL DEFAULT CURRENT_TIMESTAMP ON UPDATE CURRENT_TIMESTAMP,
  `production_status` tinyint(4) NOT NULL DEFAULT '1',
  PRIMARY KEY (`id_production`),
  KEY `fk_tbl_production_tbl_batch1` (`id_batch`),
  KEY `fk_tbl_production_tbl_employee1` (`id_employee`),
  KEY `fk_tbl_production_tbl_division1` (`id_division`)
) ENGINE=InnoDB DEFAULT CHARSET=latin1 AUTO_INCREMENT=1 ;

-- --------------------------------------------------------

--
-- Table structure for table `tbl_production_has_products`
--

CREATE TABLE IF NOT EXISTS `tbl_production_has_products` (
  `id_production_has_products` int(11) NOT NULL AUTO_INCREMENT,
  `id_production` int(11) NOT NULL,
  `id_item` int(11) NOT NULL,
  `product_qty` int(11) NOT NULL,
  `product_price` decimal(20,2) NOT NULL,
  `product_cost` decimal(20,2) DEFAULT NULL,
  `product_exripe_date` date NOT NULL,
  `added_timestamp` timestamp NOT NULL DEFAULT CURRENT_TIMESTAMP ON UPDATE CURRENT_TIMESTAMP,
  `production_has_products_status` tinyint(4) NOT NULL DEFAULT '1',
  PRIMARY KEY (`id_production_has_products`),
  KEY `fk_production_recived_has_item_production_recived1` (`id_production`),
  KEY `fk_tbl_production_has_products_tbl_item1` (`id_item`)
) ENGINE=InnoDB DEFAULT CHARSET=latin1 AUTO_INCREMENT=1 ;

-- --------------------------------------------------------

--
-- Table structure for table `tbl_products`
--

CREATE TABLE IF NOT EXISTS `tbl_products` (
  `id_products` int(11) NOT NULL AUTO_INCREMENT,
  `id_batch` int(11) NOT NULL,
  `iditem` int(11) NOT NULL,
  `expiry_date` date NOT NULL,
  `product_price` decimal(20,2) NOT NULL,
  `product_cost` decimal(20,2) DEFAULT NULL,
  `added_date` date NOT NULL DEFAULT '0000-00-00',
  `added_time` time NOT NULL DEFAULT '00:00:00',
  `product_status` tinyint(4) NOT NULL DEFAULT '1',
  `added_timestamp` timestamp NOT NULL DEFAULT CURRENT_TIMESTAMP ON UPDATE CURRENT_TIMESTAMP,
  PRIMARY KEY (`id_products`),
  KEY `fk_tbl_products_tbl_batch1` (`id_batch`),
  KEY `fk_tbl_products_tbl_item1` (`iditem`)
) ENGINE=InnoDB  DEFAULT CHARSET=latin1 AUTO_INCREMENT=922 ;

--
-- Dumping data for table `tbl_products`
--

INSERT INTO `tbl_products` (`id_products`, `id_batch`, `iditem`, `expiry_date`, `product_price`, `product_cost`, `added_date`, `added_time`, `product_status`, `added_timestamp`) VALUES
(1, 1, 1, '2020-12-31', '22900.00', '0.00', '2013-12-26', '10:59:00', 1, '2014-04-22 03:44:53'),
(2, 1, 2, '2020-12-31', '18800.00', '0.00', '2013-12-26', '10:59:00', 1, '2013-12-26 05:29:32'),
(3, 1, 3, '2020-12-31', '18800.00', '0.00', '2013-12-26', '10:59:00', 1, '2013-12-26 05:29:32'),
(4, 1, 4, '2020-12-31', '525.00', '0.00', '2013-12-26', '10:59:00', 1, '2013-12-26 05:29:33'),
(5, 1, 5, '2020-12-31', '600.00', '0.00', '2013-12-26', '10:59:00', 1, '2013-12-26 05:29:33'),
(6, 1, 6, '2020-12-31', '990.00', '0.00', '2013-12-26', '10:59:00', 1, '2013-12-26 05:29:33'),
(7, 1, 7, '2020-12-31', '1200.00', '0.00', '2013-12-26', '10:59:00', 1, '2013-12-26 05:29:33'),
(8, 1, 8, '2020-12-31', '11990.00', '0.00', '2013-12-26', '10:59:00', 1, '2014-04-22 03:49:15'),
(9, 1, 9, '2020-12-31', '18000.00', '0.00', '2013-12-26', '10:59:00', 1, '2013-12-26 05:29:33'),
(10, 1, 10, '2020-12-31', '150000.00', '0.00', '2013-12-26', '10:59:00', 1, '2013-12-26 05:29:34'),
(11, 1, 11, '2020-12-31', '19500.00', '0.00', '2013-12-26', '10:59:00', 1, '2013-12-26 05:29:34'),
(12, 1, 12, '2020-12-31', '95000.00', '0.00', '2013-12-26', '10:59:00', 1, '2013-12-26 05:29:34'),
(13, 1, 13, '2020-12-31', '95000.00', '0.00', '2013-12-26', '10:59:00', 1, '2013-12-26 05:29:34'),
(14, 1, 14, '2020-12-31', '600.00', '0.00', '2013-12-26', '10:59:00', 1, '2013-12-26 05:29:34'),
(15, 1, 15, '2020-12-31', '650.00', '0.00', '2013-12-26', '10:59:00', 1, '2013-12-26 05:29:34'),
(16, 1, 16, '2020-12-31', '0.00', '360.93', '2013-12-26', '10:59:00', 1, '2013-12-26 05:29:34'),
(17, 1, 17, '2020-12-31', '0.00', '6793.78', '2013-12-26', '10:59:00', 1, '2013-12-26 05:29:35'),
(18, 1, 18, '2020-12-31', '0.00', '1.00', '2013-12-26', '10:59:00', 1, '2013-12-26 05:29:35'),
(19, 1, 19, '2020-12-31', '0.00', '1.00', '2013-12-26', '10:59:00', 1, '2013-12-26 05:29:35'),
(20, 1, 20, '2020-12-31', '0.00', '1.00', '2013-12-26', '10:59:00', 1, '2013-12-26 05:29:35'),
(21, 1, 21, '2020-12-31', '0.00', '1.00', '2013-12-26', '10:59:00', 1, '2013-12-26 05:29:35'),
(22, 1, 22, '2020-12-31', '0.00', '61.00', '2013-12-26', '10:59:00', 1, '2013-12-26 05:29:35'),
(23, 1, 23, '2020-12-31', '0.00', '50.00', '2013-12-26', '10:59:00', 1, '2013-12-26 05:29:36'),
(24, 1, 24, '2020-12-31', '0.00', '53.23', '2013-12-26', '10:59:00', 1, '2013-12-26 05:29:36'),
(25, 1, 25, '2020-12-31', '0.00', '30.00', '2013-12-26', '10:59:00', 1, '2013-12-26 05:29:36'),
(26, 1, 26, '2020-12-31', '0.00', '115.00', '2013-12-26', '10:59:00', 1, '2013-12-26 05:29:36'),
(27, 1, 27, '2020-12-31', '1150.00', '452.60', '2013-12-26', '10:59:00', 1, '2013-12-26 05:29:36'),
(28, 1, 28, '2020-12-31', '900.00', '127.00', '2013-12-26', '10:59:00', 1, '2013-12-26 05:29:36'),
(29, 1, 29, '2020-12-31', '520.00', '278.69', '2013-12-26', '10:59:00', 1, '2013-12-26 05:29:36'),
(30, 1, 30, '2020-12-31', '8750.00', '1.00', '2013-12-26', '10:59:00', 1, '2013-12-26 05:29:37'),
(31, 1, 31, '2020-12-31', '140.00', '1.00', '2013-12-26', '10:59:00', 1, '2013-12-26 05:29:37'),
(32, 1, 32, '2020-12-31', '550.00', '1.00', '2013-12-26', '10:59:00', 1, '2013-12-26 05:29:37'),
(33, 1, 33, '2020-12-31', '3900.00', '1.00', '2013-12-26', '10:59:00', 1, '2013-12-26 05:29:37'),
(34, 1, 34, '2020-12-31', '475.00', '1.00', '2013-12-26', '10:59:00', 1, '2013-12-26 05:29:37'),
(35, 1, 35, '2020-12-31', '200.00', '183.89', '2013-12-26', '10:59:00', 1, '2013-12-26 05:29:37'),
(36, 1, 36, '2020-12-31', '225.00', '0.00', '2013-12-26', '10:59:00', 1, '2013-12-26 05:29:38'),
(37, 1, 37, '2020-12-31', '1275.00', '1.00', '2013-12-26', '10:59:00', 1, '2013-12-26 05:29:38'),
(38, 1, 38, '2020-12-31', '25.00', '1.00', '2013-12-26', '10:59:00', 1, '2013-12-26 05:29:38'),
(39, 1, 39, '2020-12-31', '850.00', '1.00', '2013-12-26', '10:59:00', 1, '2013-12-26 05:29:38'),
(40, 1, 40, '2020-12-31', '4500.00', '2633.76', '2013-12-26', '10:59:00', 1, '2013-12-26 05:29:38'),
(41, 1, 41, '2020-12-31', '500.00', '160.00', '2013-12-26', '10:59:00', 1, '2013-12-26 05:29:38'),
(42, 1, 42, '2020-12-31', '116.00', '75.00', '2013-12-26', '10:59:00', 1, '2013-12-26 05:29:39'),
(43, 1, 43, '2020-12-31', '225.00', '1.00', '2013-12-26', '10:59:00', 1, '2013-12-26 05:29:39'),
(44, 1, 44, '2020-12-31', '12.00', '1.00', '2013-12-26', '10:59:00', 1, '2013-12-26 05:29:39'),
(45, 1, 45, '2020-12-31', '250.00', '109.21', '2013-12-26', '10:59:00', 1, '2013-12-26 05:29:39'),
(46, 1, 46, '2020-12-31', '95.00', '1.00', '2013-12-26', '10:59:00', 1, '2013-12-26 05:29:39'),
(47, 1, 47, '2020-12-31', '100.00', '1.00', '2013-12-26', '10:59:00', 1, '2013-12-26 05:29:39'),
(48, 1, 48, '2020-12-31', '225.00', '1.00', '2013-12-26', '10:59:00', 1, '2013-12-26 05:29:40'),
(49, 1, 49, '2020-12-31', '125.00', '1.00', '2013-12-26', '10:59:00', 1, '2013-12-26 05:29:40'),
(50, 1, 50, '2020-12-31', '550.00', '1.00', '2013-12-26', '10:59:00', 1, '2013-12-26 05:29:40'),
(51, 1, 51, '2020-12-31', '125.00', '0.00', '2013-12-26', '10:59:00', 1, '2013-12-26 05:29:40'),
(52, 1, 52, '2020-12-31', '332.00', '1.00', '2013-12-26', '10:59:00', 1, '2013-12-26 05:29:40'),
(53, 1, 53, '2020-12-31', '2650.00', '1410.17', '2013-12-26', '10:59:00', 1, '2013-12-26 05:29:40'),
(54, 1, 54, '2020-12-31', '12.00', '1.00', '2013-12-26', '10:59:00', 1, '2013-12-26 05:29:41'),
(55, 1, 55, '2020-12-31', '20.00', '1.00', '2013-12-26', '10:59:00', 1, '2013-12-26 05:29:41'),
(56, 1, 56, '2020-12-31', '12.00', '1.00', '2013-12-26', '10:59:00', 1, '2013-12-26 05:29:41'),
(57, 1, 57, '2020-12-31', '3350.00', '1764.27', '2013-12-26', '10:59:00', 1, '2013-12-26 05:29:41'),
(58, 1, 58, '2020-12-31', '6750.00', '3638.59', '2013-12-26', '10:59:00', 1, '2013-12-26 05:29:41'),
(59, 1, 59, '2020-12-31', '1450.00', '795.46', '2013-12-26', '10:59:00', 1, '2013-12-26 05:29:41'),
(60, 1, 60, '2020-12-31', '0.00', '1.00', '2013-12-26', '10:59:00', 1, '2013-12-26 05:29:41'),
(61, 1, 61, '2020-12-31', '420.00', '265.58', '2013-12-26', '10:59:00', 1, '2013-12-26 05:29:42'),
(62, 1, 62, '2020-12-31', '0.00', '0.00', '2013-12-26', '10:59:00', 1, '2013-12-26 05:29:42'),
(63, 1, 63, '2020-12-31', '315.00', '1.00', '2013-12-26', '10:59:00', 1, '2013-12-26 05:29:42'),
(64, 1, 64, '2020-12-31', '50.00', '1.00', '2013-12-26', '10:59:00', 1, '2013-12-26 05:29:43'),
(65, 1, 65, '2020-12-31', '850.00', '4401.35', '2013-12-26', '10:59:00', 1, '2013-12-26 05:29:43'),
(66, 1, 66, '2020-12-31', '110.00', '52.00', '2013-12-26', '10:59:00', 1, '2013-12-26 05:29:43'),
(67, 1, 67, '2020-12-31', '75.00', '1.00', '2013-12-26', '10:59:00', 1, '2013-12-26 05:29:43'),
(68, 1, 68, '2020-12-31', '6950.00', '2498.00', '2013-12-26', '10:59:00', 1, '2013-12-26 05:29:44'),
(69, 1, 69, '2020-12-31', '115.00', '1.00', '2013-12-26', '10:59:00', 1, '2013-12-26 05:29:44'),
(70, 1, 70, '2020-12-31', '60.00', '34.77', '2013-12-26', '10:59:00', 1, '2013-12-26 05:29:44'),
(71, 1, 71, '2020-12-31', '40.00', '1.00', '2013-12-26', '10:59:00', 1, '2013-12-26 05:29:44'),
(72, 1, 72, '2020-12-31', '675.00', '1.00', '2013-12-26', '10:59:00', 1, '2013-12-26 05:29:44'),
(73, 1, 73, '2020-12-31', '40.00', '1.00', '2013-12-26', '10:59:00', 1, '2013-12-26 05:29:45'),
(74, 1, 74, '2020-12-31', '60.00', '1.00', '2013-12-26', '10:59:00', 1, '2013-12-26 05:29:45'),
(75, 1, 75, '2020-12-31', '12500.00', '8111.33', '2013-12-26', '10:59:00', 1, '2013-12-26 05:29:45'),
(76, 1, 76, '2020-12-31', '12.00', '1.00', '2013-12-26', '10:59:00', 1, '2013-12-26 05:29:45'),
(77, 1, 77, '2020-12-31', '25.00', '10.15', '2013-12-26', '10:59:00', 1, '2013-12-26 05:29:45'),
(78, 1, 78, '2020-12-31', '180.00', '0.00', '2013-12-26', '10:59:00', 1, '2013-12-26 05:29:45'),
(79, 1, 79, '2020-12-31', '1950.00', '1258.81', '2013-12-26', '10:59:00', 1, '2013-12-26 05:29:46'),
(80, 1, 80, '2020-12-31', '750.00', '1.00', '2013-12-26', '10:59:00', 1, '2013-12-26 05:29:46'),
(81, 1, 81, '2020-12-31', '90.00', '1.00', '2013-12-26', '10:59:00', 1, '2013-12-26 05:29:46'),
(82, 1, 82, '2020-12-31', '1100.00', '649.96', '2013-12-26', '10:59:00', 1, '2013-12-26 05:29:46'),
(83, 1, 83, '2020-12-31', '80.00', '20.20', '2013-12-26', '10:59:00', 1, '2013-12-26 05:29:46'),
(84, 1, 84, '2020-12-31', '1290.00', '744.00', '2013-12-26', '10:59:00', 1, '2013-12-26 05:29:46'),
(85, 1, 85, '2020-12-31', '465.00', '1.00', '2013-12-26', '10:59:00', 1, '2013-12-26 05:29:47'),
(86, 1, 86, '2020-12-31', '90.00', '1.00', '2013-12-26', '10:59:00', 1, '2013-12-26 05:29:47'),
(87, 1, 87, '2020-12-31', '0.00', '0.00', '2013-12-26', '10:59:00', 1, '2013-12-26 05:29:47'),
(88, 1, 88, '2020-12-31', '110.00', '1.00', '2013-12-26', '10:59:00', 1, '2013-12-26 05:29:47'),
(89, 1, 89, '2020-12-31', '22.00', '1.00', '2013-12-26', '10:59:00', 1, '2013-12-26 05:29:48'),
(90, 1, 90, '2020-12-31', '42.00', '1.00', '2013-12-26', '10:59:00', 1, '2013-12-26 05:29:48'),
(91, 1, 91, '2020-12-31', '240.00', '0.00', '2013-12-26', '10:59:00', 1, '2013-12-26 05:29:48'),
(92, 1, 92, '2020-12-31', '350.00', '1.00', '2013-12-26', '10:59:00', 1, '2013-12-26 05:29:48'),
(93, 1, 93, '2020-12-31', '100.00', '1.00', '2013-12-26', '10:59:00', 1, '2013-12-26 05:29:48'),
(94, 1, 94, '2020-12-31', '100.00', '0.00', '2013-12-26', '10:59:00', 1, '2013-12-26 05:29:48'),
(95, 1, 95, '2020-12-31', '175.00', '1.00', '2013-12-26', '10:59:00', 1, '2013-12-26 05:29:49'),
(96, 1, 96, '2020-12-31', '345.00', '1.00', '2013-12-26', '10:59:00', 1, '2013-12-26 05:29:49'),
(97, 1, 97, '2020-12-31', '14.00', '1.00', '2013-12-26', '10:59:00', 1, '2013-12-26 05:29:49'),
(98, 1, 98, '2020-12-31', '14.00', '1.00', '2013-12-26', '10:59:00', 1, '2013-12-26 05:29:49'),
(99, 1, 99, '2020-12-31', '5.00', '0.50', '2013-12-26', '10:59:00', 1, '2013-12-26 05:29:49'),
(100, 1, 100, '2020-12-31', '8.00', '1.00', '2013-12-26', '10:59:00', 1, '2013-12-26 05:29:49'),
(101, 1, 101, '2020-12-31', '8.50', '2.00', '2013-12-26', '10:59:00', 1, '2013-12-26 05:29:50'),
(102, 1, 102, '2020-12-31', '30.00', '15.19', '2013-12-26', '10:59:00', 1, '2013-12-26 05:29:50'),
(103, 1, 103, '2020-12-31', '126.00', '0.00', '2013-12-26', '10:59:00', 1, '2013-12-26 05:29:50'),
(104, 1, 104, '2020-12-31', '80.00', '43.00', '2013-12-26', '10:59:00', 1, '2013-12-26 05:29:50'),
(105, 1, 105, '2020-12-31', '100.00', '40.00', '2013-12-26', '10:59:00', 1, '2013-12-26 05:29:50'),
(106, 1, 106, '2020-12-31', '60.00', '1.00', '2013-12-26', '10:59:00', 1, '2013-12-26 05:29:50'),
(107, 1, 107, '2020-12-31', '4250.00', '2673.34', '2013-12-26', '10:59:00', 1, '2013-12-26 05:29:51'),
(108, 1, 108, '2020-12-31', '31.50', '1.00', '2013-12-26', '10:59:00', 1, '2013-12-26 05:29:51'),
(109, 1, 109, '2020-12-31', '350.00', '1.00', '2013-12-26', '10:59:00', 1, '2013-12-26 05:29:51'),
(110, 1, 110, '2020-12-31', '50.00', '1.00', '2013-12-26', '10:59:00', 1, '2013-12-26 05:29:51'),
(111, 1, 111, '2020-12-31', '300.00', '1.00', '2013-12-26', '10:59:00', 1, '2013-12-26 05:29:51'),
(112, 1, 112, '2020-12-31', '400.00', '1.00', '2013-12-26', '10:59:00', 1, '2013-12-26 05:29:51'),
(113, 1, 113, '2020-12-31', '35.00', '1.00', '2013-12-26', '10:59:00', 1, '2013-12-26 05:29:52'),
(114, 1, 114, '2020-12-31', '850.00', '259.00', '2013-12-26', '10:59:00', 1, '2013-12-26 05:29:52'),
(115, 1, 115, '2020-12-31', '13750.00', '7752.00', '2013-12-26', '10:59:00', 1, '2013-12-26 05:29:52'),
(116, 1, 116, '2020-12-31', '40.00', '1.00', '2013-12-26', '10:59:00', 1, '2013-12-26 05:29:52'),
(117, 1, 117, '2020-12-31', '2350.00', '1.00', '2013-12-26', '10:59:00', 1, '2013-12-26 05:29:52'),
(118, 1, 118, '2020-12-31', '4250.00', '1.00', '2013-12-26', '10:59:00', 1, '2013-12-26 05:29:52'),
(119, 1, 119, '2020-12-31', '25.00', '1.00', '2013-12-26', '10:59:00', 1, '2013-12-26 05:29:53'),
(120, 1, 120, '2020-12-31', '70.00', '1.00', '2013-12-26', '10:59:00', 1, '2013-12-26 05:29:53'),
(121, 1, 121, '2020-12-31', '420.00', '274.79', '2013-12-26', '10:59:00', 1, '2013-12-26 05:29:53'),
(122, 1, 122, '2020-12-31', '375.00', '1.00', '2013-12-26', '10:59:00', 1, '2013-12-26 05:29:54'),
(123, 1, 123, '2020-12-31', '55.00', '27.79', '2013-12-26', '10:59:00', 1, '2013-12-26 05:29:54'),
(124, 1, 124, '2020-12-31', '25.00', '1.00', '2013-12-26', '10:59:00', 1, '2013-12-26 05:29:54'),
(125, 1, 125, '2020-12-31', '260.00', '1.00', '2013-12-26', '10:59:00', 1, '2013-12-26 05:29:54'),
(126, 1, 126, '2020-12-31', '260.00', '1.00', '2013-12-26', '10:59:00', 1, '2013-12-26 05:29:54'),
(127, 1, 127, '2020-12-31', '10500.00', '6453.61', '2013-12-26', '10:59:00', 1, '2013-12-26 05:29:55'),
(128, 1, 128, '2020-12-31', '2500.00', '1489.84', '2013-12-26', '10:59:00', 1, '2013-12-26 05:29:55'),
(129, 1, 129, '2020-12-31', '750.00', '426.01', '2013-12-26', '10:59:00', 1, '2013-12-26 05:29:55'),
(130, 1, 130, '2020-12-31', '65.00', '21.00', '2013-12-26', '10:59:00', 1, '2013-12-26 05:29:55'),
(131, 1, 131, '2020-12-31', '40.00', '1.00', '2013-12-26', '10:59:00', 1, '2013-12-26 05:29:55'),
(132, 1, 132, '2020-12-31', '14.00', '1.00', '2013-12-26', '10:59:00', 1, '2013-12-26 05:29:56'),
(133, 1, 133, '2020-12-31', '20.00', '1.00', '2013-12-26', '10:59:00', 1, '2013-12-26 05:29:56'),
(134, 1, 134, '2020-12-31', '590.00', '1.00', '2013-12-26', '10:59:00', 1, '2013-12-26 05:29:56'),
(135, 1, 135, '2020-12-31', '75.00', '33.00', '2013-12-26', '10:59:00', 1, '2013-12-26 05:29:56'),
(136, 1, 136, '2020-12-31', '75.00', '1.00', '2013-12-26', '10:59:00', 1, '2013-12-26 05:29:56'),
(137, 1, 137, '2020-12-31', '40.00', '12.00', '2013-12-26', '10:59:00', 1, '2013-12-26 05:29:56'),
(138, 1, 138, '2020-12-31', '17.00', '41.38', '2013-12-26', '10:59:00', 1, '2013-12-26 05:29:57'),
(139, 1, 139, '2020-12-31', '5250.00', '0.00', '2013-12-26', '10:59:00', 1, '2013-12-26 05:29:57'),
(140, 1, 140, '2020-12-31', '250.00', '114.10', '2013-12-26', '10:59:00', 1, '2013-12-26 05:29:57'),
(141, 1, 141, '2020-12-31', '13950.00', '1.00', '2013-12-26', '10:59:00', 1, '2013-12-26 05:29:57'),
(142, 1, 142, '2020-12-31', '17400.00', '0.00', '2013-12-26', '10:59:00', 1, '2013-12-26 05:29:57'),
(143, 1, 143, '2020-12-31', '2275.00', '1724.10', '2013-12-26', '10:59:00', 1, '2013-12-26 05:29:57'),
(144, 1, 144, '2020-12-31', '2275.00', '0.00', '2013-12-26', '10:59:00', 1, '2013-12-26 05:29:58'),
(145, 1, 145, '2020-12-31', '1500.00', '669.98', '2013-12-26', '10:59:00', 1, '2013-12-26 05:29:58'),
(146, 1, 146, '2020-12-31', '165.00', '1.00', '2013-12-26', '10:59:00', 1, '2013-12-26 05:29:58'),
(147, 1, 147, '2020-12-31', '47.00', '0.00', '2013-12-26', '10:59:00', 1, '2013-12-26 05:29:58'),
(148, 1, 148, '2020-12-31', '975.00', '1.00', '2013-12-26', '10:59:00', 1, '2013-12-26 05:29:58'),
(149, 1, 149, '2020-12-31', '3250.00', '1.00', '2013-12-26', '10:59:00', 1, '2013-12-26 05:29:58'),
(150, 1, 150, '2020-12-31', '1275.00', '282.00', '2013-12-26', '10:59:00', 1, '2013-12-26 05:29:59'),
(151, 1, 151, '2020-12-31', '250.00', '162.44', '2013-12-26', '10:59:00', 1, '2013-12-26 05:29:59'),
(152, 1, 152, '2020-12-31', '20.00', '1.00', '2013-12-26', '10:59:00', 1, '2013-12-26 05:29:59'),
(153, 1, 153, '2020-12-31', '65.00', '1.00', '2013-12-26', '10:59:00', 1, '2013-12-26 05:29:59'),
(154, 1, 154, '2020-12-31', '15.00', '1.00', '2013-12-26', '10:59:00', 1, '2013-12-26 05:29:59'),
(155, 1, 155, '2020-12-31', '295.00', '1.00', '2013-12-26', '10:59:00', 1, '2013-12-26 05:29:59'),
(156, 1, 156, '2020-12-31', '390.00', '221.22', '2013-12-26', '10:59:00', 1, '2013-12-26 05:29:59'),
(157, 1, 157, '2020-12-31', '300.00', '1.00', '2013-12-26', '10:59:00', 1, '2013-12-26 05:30:00'),
(158, 1, 158, '2020-12-31', '100.00', '54.00', '2013-12-26', '10:59:00', 1, '2013-12-26 05:30:00'),
(159, 1, 159, '2020-12-31', '520.00', '334.00', '2013-12-26', '10:59:00', 1, '2013-12-26 05:30:00'),
(160, 1, 160, '2020-12-31', '670.00', '437.00', '2013-12-26', '10:59:00', 1, '2013-12-26 05:30:00'),
(161, 1, 161, '2020-12-31', '790.00', '498.00', '2013-12-26', '10:59:00', 1, '2013-12-26 05:30:00'),
(162, 1, 162, '2020-12-31', '725.00', '1.00', '2013-12-26', '10:59:00', 1, '2013-12-26 05:30:00'),
(163, 1, 163, '2020-12-31', '30.00', '1.00', '2013-12-26', '10:59:00', 1, '2013-12-26 05:30:01'),
(164, 1, 164, '2020-12-31', '100.00', '1.00', '2013-12-26', '10:59:00', 1, '2013-12-26 05:30:01'),
(165, 1, 165, '2020-12-31', '1575.00', '1.00', '2013-12-26', '10:59:00', 1, '2013-12-26 05:30:01'),
(166, 1, 166, '2020-12-31', '310.00', '1.00', '2013-12-26', '10:59:00', 1, '2013-12-26 05:30:01'),
(167, 1, 167, '2020-12-31', '200.00', '71.00', '2013-12-26', '10:59:00', 1, '2013-12-26 05:30:01'),
(168, 1, 168, '2020-12-31', '490.00', '321.23', '2013-12-26', '10:59:00', 1, '2013-12-26 05:30:01'),
(169, 1, 169, '2020-12-31', '26.00', '1.00', '2013-12-26', '10:59:00', 1, '2013-12-26 05:30:01'),
(170, 1, 170, '2020-12-31', '25.00', '1.00', '2013-12-26', '10:59:00', 1, '2013-12-26 05:30:02'),
(171, 1, 171, '2020-12-31', '650.00', '1.00', '2013-12-26', '10:59:00', 1, '2013-12-26 05:30:02'),
(172, 1, 172, '2020-12-31', '30.00', '1.00', '2013-12-26', '10:59:00', 1, '2013-12-26 05:30:02'),
(173, 1, 173, '2020-12-31', '40.00', '0.00', '2013-12-26', '10:59:00', 1, '2013-12-26 05:30:02'),
(174, 1, 174, '2020-12-31', '15.00', '0.00', '2013-12-26', '10:59:00', 1, '2013-12-26 05:30:02'),
(175, 1, 175, '2020-12-31', '25.00', '12.58', '2013-12-26', '10:59:00', 1, '2013-12-26 05:30:02'),
(176, 1, 176, '2020-12-31', '18.00', '1.00', '2013-12-26', '10:59:00', 1, '2013-12-26 05:30:02'),
(177, 1, 177, '2020-12-31', '630.00', '276.45', '2013-12-26', '10:59:00', 1, '2013-12-26 05:30:03'),
(178, 1, 178, '2020-12-31', '630.00', '1.00', '2013-12-26', '10:59:00', 1, '2013-12-26 05:30:03'),
(179, 1, 179, '2020-12-31', '15.00', '1.00', '2013-12-26', '10:59:00', 1, '2013-12-26 05:30:03'),
(180, 1, 180, '2020-12-31', '15.00', '1.00', '2013-12-26', '10:59:00', 1, '2013-12-26 05:30:03'),
(181, 1, 181, '2020-12-31', '1000.00', '1.00', '2013-12-26', '10:59:00', 1, '2013-12-26 05:30:03'),
(182, 1, 182, '2020-12-31', '520.00', '296.00', '2013-12-26', '10:59:00', 1, '2013-12-26 05:30:03'),
(183, 1, 183, '2020-12-31', '500.00', '1.00', '2013-12-26', '10:59:00', 1, '2013-12-26 05:30:03'),
(184, 1, 184, '2020-12-31', '400.00', '1.00', '2013-12-26', '10:59:00', 1, '2013-12-26 05:30:04'),
(185, 1, 185, '2020-12-31', '20.00', '1.00', '2013-12-26', '10:59:00', 1, '2013-12-26 05:30:04'),
(186, 1, 186, '2020-12-31', '60.00', '0.00', '2013-12-26', '10:59:00', 1, '2013-12-26 05:30:04'),
(187, 1, 187, '2020-12-31', '25.00', '0.00', '2013-12-26', '10:59:00', 1, '2013-12-26 05:30:05'),
(188, 1, 188, '2020-12-31', '20.00', '1.00', '2013-12-26', '10:59:00', 1, '2013-12-26 05:30:05'),
(189, 1, 189, '2020-12-31', '3500.00', '1952.34', '2013-12-26', '10:59:00', 1, '2013-12-26 05:30:05'),
(190, 1, 190, '2020-12-31', '3950.00', '2113.33', '2013-12-26', '10:59:00', 1, '2013-12-26 05:30:05'),
(191, 1, 191, '2020-12-31', '7800.00', '4723.30', '2013-12-26', '10:59:00', 1, '2013-12-26 05:30:05'),
(192, 1, 192, '2020-12-31', '1200.00', '1.00', '2013-12-26', '10:59:00', 1, '2013-12-26 05:30:05'),
(193, 1, 193, '2020-12-31', '383.00', '1.00', '2013-12-26', '10:59:00', 1, '2013-12-26 05:30:05'),
(194, 1, 194, '2020-12-31', '115.00', '1.00', '2013-12-26', '10:59:00', 1, '2013-12-26 05:30:06'),
(195, 1, 195, '2020-12-31', '1200.00', '1.00', '2013-12-26', '10:59:00', 1, '2013-12-26 05:30:06'),
(196, 1, 196, '2020-12-31', '25.00', '14.89', '2013-12-26', '10:59:00', 1, '2013-12-26 05:30:06'),
(197, 1, 197, '2020-12-31', '1750.00', '1.00', '2013-12-26', '10:59:00', 1, '2013-12-26 05:30:06'),
(198, 1, 198, '2020-12-31', '65.00', '1.00', '2013-12-26', '10:59:00', 1, '2013-12-26 05:30:06'),
(199, 1, 199, '2020-12-31', '2450.00', '1.00', '2013-12-26', '10:59:00', 1, '2013-12-26 05:30:06'),
(200, 1, 200, '2020-12-31', '30.00', '1.00', '2013-12-26', '10:59:00', 1, '2013-12-26 05:30:06'),
(201, 1, 201, '2020-12-31', '270.00', '1.00', '2013-12-26', '10:59:00', 1, '2013-12-26 05:30:07'),
(202, 1, 202, '2020-12-31', '245.00', '29.00', '2013-12-26', '10:59:00', 1, '2013-12-26 05:30:07'),
(203, 1, 203, '2020-12-31', '45.00', '14.00', '2013-12-26', '10:59:00', 1, '2013-12-26 05:30:07'),
(204, 1, 204, '2020-12-31', '50.00', '5.00', '2013-12-26', '10:59:00', 1, '2013-12-26 05:30:07'),
(205, 1, 205, '2020-12-31', '30.00', '1.00', '2013-12-26', '10:59:00', 1, '2013-12-26 05:30:07'),
(206, 1, 206, '2020-12-31', '350.00', '187.30', '2013-12-26', '10:59:00', 1, '2013-12-26 05:30:07'),
(207, 1, 207, '2020-12-31', '75.00', '48.95', '2013-12-26', '10:59:00', 1, '2013-12-26 05:30:07'),
(208, 1, 208, '2020-12-31', '30.00', '16.28', '2013-12-26', '10:59:00', 1, '2013-12-26 05:30:08'),
(209, 1, 209, '2020-12-31', '20.00', '0.00', '2013-12-26', '10:59:00', 1, '2013-12-26 05:30:08'),
(210, 1, 210, '2020-12-31', '120.00', '76.72', '2013-12-26', '10:59:00', 1, '2013-12-26 05:30:08'),
(211, 1, 211, '2020-12-31', '20.00', '10.85', '2013-12-26', '10:59:00', 1, '2013-12-26 05:30:08'),
(212, 1, 212, '2020-12-31', '40.00', '19.93', '2013-12-26', '10:59:00', 1, '2013-12-26 05:30:08'),
(213, 1, 213, '2020-12-31', '22.00', '0.00', '2013-12-26', '10:59:00', 1, '2013-12-26 05:30:08'),
(214, 1, 214, '2020-12-31', '40.00', '1.00', '2013-12-26', '10:59:00', 1, '2013-12-26 05:30:08'),
(215, 1, 215, '2020-12-31', '40.00', '1.00', '2013-12-26', '10:59:00', 1, '2013-12-26 05:30:09'),
(216, 1, 216, '2020-12-31', '20.00', '0.00', '2013-12-26', '10:59:00', 1, '2013-12-26 05:30:09'),
(217, 1, 217, '2020-12-31', '160.00', '89.85', '2013-12-26', '10:59:00', 1, '2013-12-26 05:30:09'),
(218, 1, 218, '2020-12-31', '525.00', '256.54', '2013-12-26', '10:59:00', 1, '2013-12-26 05:30:09'),
(219, 1, 219, '2020-12-31', '40.00', '20.61', '2013-12-26', '10:59:00', 1, '2013-12-26 05:30:09'),
(220, 1, 220, '2020-12-31', '50.00', '24.68', '2013-12-26', '10:59:00', 1, '2013-12-26 05:30:09'),
(221, 1, 221, '2020-12-31', '20.00', '6.10', '2013-12-26', '10:59:00', 1, '2013-12-26 05:30:10'),
(222, 1, 222, '2020-12-31', '120.00', '0.00', '2013-12-26', '10:59:00', 1, '2013-12-26 05:30:10'),
(223, 1, 223, '2020-12-31', '125.00', '1.00', '2013-12-26', '10:59:00', 1, '2013-12-26 05:30:10'),
(224, 1, 224, '2020-12-31', '175.00', '32.00', '2013-12-26', '10:59:00', 1, '2013-12-26 05:30:10'),
(225, 1, 225, '2020-12-31', '110.00', '1.00', '2013-12-26', '10:59:00', 1, '2013-12-26 05:30:10'),
(226, 1, 226, '2020-12-31', '80.00', '1.00', '2013-12-26', '10:59:00', 1, '2013-12-26 05:30:10'),
(227, 1, 227, '2020-12-31', '30.00', '1.00', '2013-12-26', '10:59:00', 1, '2013-12-26 05:30:10'),
(228, 1, 228, '2020-12-31', '15.00', '1.00', '2013-12-26', '10:59:00', 1, '2013-12-26 05:30:10'),
(229, 1, 229, '2020-12-31', '525.00', '296.49', '2013-12-26', '10:59:00', 1, '2013-12-26 05:30:11'),
(230, 1, 230, '2020-12-31', '575.00', '313.58', '2013-12-26', '10:59:00', 1, '2013-12-26 05:30:11'),
(231, 1, 231, '2020-12-31', '1090.00', '567.66', '2013-12-26', '10:59:00', 1, '2013-12-26 05:30:11'),
(232, 1, 232, '2020-12-31', '1180.00', '597.88', '2013-12-26', '10:59:00', 1, '2013-12-26 05:30:11'),
(233, 1, 233, '2020-12-31', '575.00', '1.00', '2013-12-26', '10:59:00', 1, '2013-12-26 05:30:11'),
(234, 1, 234, '2020-12-31', '110.00', '55.90', '2013-12-26', '10:59:00', 1, '2013-12-26 05:30:11'),
(235, 1, 235, '2020-12-31', '50.00', '27.47', '2013-12-26', '10:59:00', 1, '2013-12-26 05:30:11'),
(236, 1, 236, '2020-12-31', '35.00', '1.00', '2013-12-26', '10:59:00', 1, '2013-12-26 05:30:12'),
(237, 1, 237, '2020-12-31', '175.00', '1.00', '2013-12-26', '10:59:00', 1, '2013-12-26 05:30:12'),
(238, 1, 238, '2020-12-31', '150.00', '59.70', '2013-12-26', '10:59:00', 1, '2013-12-26 05:30:12'),
(239, 1, 239, '2020-12-31', '950.00', '1.00', '2013-12-26', '10:59:00', 1, '2013-12-26 05:30:12'),
(240, 1, 240, '2020-12-31', '475.00', '1.00', '2013-12-26', '10:59:00', 1, '2013-12-26 05:30:12'),
(241, 1, 241, '2020-12-31', '250.00', '64.63', '2013-12-26', '10:59:00', 1, '2013-12-26 05:30:12'),
(242, 1, 242, '2020-12-31', '150.00', '65.57', '2013-12-26', '10:59:00', 1, '2013-12-26 05:30:12'),
(243, 1, 243, '2020-12-31', '1300.00', '140.00', '2013-12-26', '10:59:00', 1, '2013-12-26 05:30:13'),
(244, 1, 244, '2020-12-31', '155.00', '53.93', '2013-12-26', '10:59:00', 1, '2013-12-26 05:30:13'),
(245, 1, 245, '2020-12-31', '575.00', '137.00', '2013-12-26', '10:59:00', 1, '2013-12-26 05:30:13'),
(246, 1, 246, '2020-12-31', '225.00', '116.79', '2013-12-26', '10:59:00', 1, '2013-12-26 05:30:13'),
(247, 1, 247, '2020-12-31', '375.00', '296.73', '2013-12-26', '10:59:00', 1, '2013-12-26 05:30:13'),
(248, 1, 248, '2020-12-31', '250.00', '47.00', '2013-12-26', '10:59:00', 1, '2013-12-26 05:30:13'),
(249, 1, 249, '2020-12-31', '1290.00', '478.00', '2013-12-26', '10:59:00', 1, '2013-12-26 05:30:14'),
(250, 1, 250, '2020-12-31', '550.00', '263.15', '2013-12-26', '10:59:00', 1, '2013-12-26 05:30:14'),
(251, 1, 251, '2020-12-31', '100.00', '28.65', '2013-12-26', '10:59:00', 1, '2013-12-26 05:30:14'),
(252, 1, 252, '2020-12-31', '175.00', '1.00', '2013-12-26', '10:59:00', 1, '2013-12-26 05:30:14'),
(253, 1, 253, '2020-12-31', '25.00', '1.00', '2013-12-26', '10:59:00', 1, '2013-12-26 05:30:14'),
(254, 1, 254, '2020-12-31', '75.00', '1.00', '2013-12-26', '10:59:00', 1, '2013-12-26 05:30:14'),
(255, 1, 255, '2020-12-31', '275.00', '133.68', '2013-12-26', '10:59:00', 1, '2013-12-26 05:30:14'),
(256, 1, 256, '2020-12-31', '25.00', '1.00', '2013-12-26', '10:59:00', 1, '2013-12-26 05:30:15'),
(257, 1, 257, '2020-12-31', '1750.00', '372.00', '2013-12-26', '10:59:00', 1, '2013-12-26 05:30:15'),
(258, 1, 258, '2020-12-31', '25.00', '2.53', '2013-12-26', '10:59:00', 1, '2013-12-26 05:30:15'),
(259, 1, 259, '2020-12-31', '450.00', '263.87', '2013-12-26', '10:59:00', 1, '2013-12-26 05:30:15'),
(260, 1, 260, '2020-12-31', '350.00', '6.61', '2013-12-26', '10:59:00', 1, '2013-12-26 05:30:15'),
(261, 1, 261, '2020-12-31', '650.00', '1.00', '2013-12-26', '10:59:00', 1, '2013-12-26 05:30:16'),
(262, 1, 262, '2020-12-31', '175.00', '75.23', '2013-12-26', '10:59:00', 1, '2013-12-26 05:30:16'),
(263, 1, 263, '2020-12-31', '20.00', '1.00', '2013-12-26', '10:59:00', 1, '2013-12-26 05:30:16'),
(264, 1, 264, '2020-12-31', '225.00', '62.08', '2013-12-26', '10:59:00', 1, '2013-12-26 05:30:16'),
(265, 1, 265, '2020-12-31', '155.00', '57.22', '2013-12-26', '10:59:00', 1, '2013-12-26 05:30:16'),
(266, 1, 266, '2020-12-31', '35.00', '63.43', '2013-12-26', '10:59:00', 1, '2013-12-26 05:30:16'),
(267, 1, 267, '2020-12-31', '25.00', '9.25', '2013-12-26', '10:59:00', 1, '2013-12-26 05:30:16'),
(268, 1, 268, '2020-12-31', '95.00', '27.22', '2013-12-26', '10:59:00', 1, '2013-12-26 05:30:17'),
(269, 1, 269, '2020-12-31', '1500.00', '1.00', '2013-12-26', '10:59:00', 1, '2013-12-26 05:30:17'),
(270, 1, 270, '2020-12-31', '55.00', '0.00', '2013-12-26', '10:59:00', 1, '2013-12-26 05:30:17'),
(271, 1, 271, '2020-12-31', '2150.00', '1.00', '2013-12-26', '10:59:00', 1, '2013-12-26 05:30:17'),
(272, 1, 272, '2020-12-31', '40.00', '21.78', '2013-12-26', '10:59:00', 1, '2013-12-26 05:30:17'),
(273, 1, 273, '2020-12-31', '145.00', '1.00', '2013-12-26', '10:59:00', 1, '2013-12-26 05:30:17'),
(274, 1, 274, '2020-12-31', '625.00', '233.96', '2013-12-26', '10:59:00', 1, '2013-12-26 05:30:17'),
(275, 1, 275, '2020-12-31', '175.00', '8.12', '2013-12-26', '10:59:00', 1, '2013-12-26 05:30:17'),
(276, 1, 276, '2020-12-31', '1450.00', '633.06', '2013-12-26', '10:59:00', 1, '2013-12-26 05:30:18'),
(277, 1, 277, '2020-12-31', '1575.00', '661.76', '2013-12-26', '10:59:00', 1, '2013-12-26 05:30:18'),
(278, 1, 278, '2020-12-31', '1350.00', '1.00', '2013-12-26', '10:59:00', 1, '2013-12-26 05:30:18'),
(279, 1, 279, '2020-12-31', '2250.00', '862.40', '2013-12-26', '10:59:00', 1, '2013-12-26 05:30:18'),
(280, 1, 280, '2020-12-31', '190.00', '62.09', '2013-12-26', '10:59:00', 1, '2013-12-26 05:30:18'),
(281, 1, 281, '2020-12-31', '490.00', '203.42', '2013-12-26', '10:59:00', 1, '2013-12-26 05:30:18'),
(282, 1, 282, '2020-12-31', '125.00', '1.00', '2013-12-26', '10:59:00', 1, '2013-12-26 05:30:18'),
(283, 1, 283, '2020-12-31', '150.00', '73.36', '2013-12-26', '10:59:00', 1, '2013-12-26 05:30:19'),
(284, 1, 284, '2020-12-31', '150.00', '1.00', '2013-12-26', '10:59:00', 1, '2013-12-26 05:30:19'),
(285, 1, 285, '2020-12-31', '30.00', '1.00', '2013-12-26', '10:59:00', 1, '2013-12-26 05:30:19'),
(286, 1, 286, '2020-12-31', '1200.00', '420.70', '2013-12-26', '10:59:00', 1, '2013-12-26 05:30:19'),
(287, 1, 287, '2020-12-31', '10.00', '1.00', '2013-12-26', '10:59:00', 1, '2013-12-26 05:30:19'),
(288, 1, 288, '2020-12-31', '25.00', '1.00', '2013-12-26', '10:59:00', 1, '2013-12-26 05:30:19'),
(289, 1, 289, '2020-12-31', '150.00', '1.00', '2013-12-26', '10:59:00', 1, '2013-12-26 05:30:20'),
(290, 1, 290, '2020-12-31', '185.00', '71.35', '2013-12-26', '10:59:00', 1, '2013-12-26 05:30:20'),
(291, 1, 291, '2020-12-31', '65.00', '1.00', '2013-12-26', '10:59:00', 1, '2013-12-26 05:30:20'),
(292, 1, 292, '2020-12-31', '55.00', '21.57', '2013-12-26', '10:59:00', 1, '2013-12-26 05:30:20'),
(293, 1, 293, '2020-12-31', '50.00', '0.00', '2013-12-26', '10:59:00', 1, '2013-12-26 05:30:20'),
(294, 1, 294, '2020-12-31', '45.00', '15.88', '2013-12-26', '10:59:00', 1, '2013-12-26 05:30:20'),
(295, 1, 295, '2020-12-31', '3250.00', '1179.47', '2013-12-26', '10:59:00', 1, '2013-12-26 05:30:20'),
(296, 1, 296, '2020-12-31', '1650.00', '888.36', '2013-12-26', '10:59:00', 1, '2013-12-26 05:30:20'),
(297, 1, 297, '2020-12-31', '250.00', '0.00', '2013-12-26', '10:59:00', 1, '2013-12-26 05:30:21'),
(298, 1, 298, '2020-12-31', '225.00', '1.00', '2013-12-26', '10:59:00', 1, '2013-12-26 05:30:21'),
(299, 1, 299, '2020-12-31', '195.00', '79.37', '2013-12-26', '10:59:00', 1, '2013-12-26 05:30:21'),
(300, 1, 300, '2020-12-31', '925.00', '1.00', '2013-12-26', '10:59:00', 1, '2013-12-26 05:30:21'),
(301, 1, 301, '2020-12-31', '375.00', '118.81', '2013-12-26', '10:59:00', 1, '2013-12-26 05:30:21'),
(302, 1, 302, '2020-12-31', '75.00', '1.00', '2013-12-26', '10:59:00', 1, '2013-12-26 05:30:21'),
(303, 1, 303, '2020-12-31', '20.00', '9.58', '2013-12-26', '10:59:00', 1, '2013-12-26 05:30:22'),
(304, 1, 304, '2020-12-31', '65.00', '0.00', '2013-12-26', '10:59:00', 1, '2013-12-26 05:30:22'),
(305, 1, 305, '2020-12-31', '550.00', '304.00', '2013-12-26', '10:59:00', 1, '2013-12-26 05:30:22'),
(306, 1, 306, '2020-12-31', '110.00', '45.13', '2013-12-26', '10:59:00', 1, '2013-12-26 05:30:22'),
(307, 1, 307, '2020-12-31', '10.00', '3.64', '2013-12-26', '10:59:00', 1, '2013-12-26 05:30:22'),
(308, 1, 308, '2020-12-31', '150.00', '78.56', '2013-12-26', '10:59:00', 1, '2013-12-26 05:30:22'),
(309, 1, 309, '2020-12-31', '1360.00', '725.00', '2013-12-26', '10:59:00', 1, '2013-12-26 05:30:22'),
(310, 1, 310, '2020-12-31', '1720.00', '916.08', '2013-12-26', '10:59:00', 1, '2013-12-26 05:30:23'),
(311, 1, 311, '2020-12-31', '50.00', '26.74', '2013-12-26', '10:59:00', 1, '2013-12-26 05:30:23'),
(312, 1, 312, '2020-12-31', '50.00', '26.74', '2013-12-26', '10:59:00', 1, '2013-12-26 05:30:23'),
(313, 1, 313, '2020-12-31', '1200.00', '634.00', '2013-12-26', '10:59:00', 1, '2013-12-26 05:30:23'),
(314, 1, 314, '2020-12-31', '2100.00', '952.00', '2013-12-26', '10:59:00', 1, '2013-12-26 05:30:23'),
(315, 1, 315, '2020-12-31', '1980.00', '678.00', '2013-12-26', '10:59:00', 1, '2013-12-26 05:30:23'),
(316, 1, 316, '2020-12-31', '190.00', '99.00', '2013-12-26', '10:59:00', 1, '2013-12-26 05:30:23'),
(317, 1, 317, '2020-12-31', '1100.00', '609.00', '2013-12-26', '10:59:00', 1, '2013-12-26 05:30:23'),
(318, 1, 318, '2020-12-31', '525.00', '287.89', '2013-12-26', '10:59:00', 1, '2013-12-26 05:30:24'),
(319, 1, 319, '2020-12-31', '10.00', '3.64', '2013-12-26', '10:59:00', 1, '2013-12-26 05:30:24'),
(320, 1, 320, '2020-12-31', '40.00', '20.06', '2013-12-26', '10:59:00', 1, '2013-12-26 05:30:24'),
(321, 1, 321, '2020-12-31', '390.00', '176.85', '2013-12-26', '10:59:00', 1, '2013-12-26 05:30:24'),
(322, 1, 322, '2020-12-31', '360.00', '142.26', '2013-12-26', '10:59:00', 1, '2013-12-26 05:30:24'),
(323, 1, 323, '2020-12-31', '450.00', '166.65', '2013-12-26', '10:59:00', 1, '2013-12-26 05:30:24'),
(324, 1, 324, '2020-12-31', '60.00', '34.05', '2013-12-26', '10:59:00', 1, '2013-12-26 05:30:24'),
(325, 1, 325, '2020-12-31', '60.00', '34.37', '2013-12-26', '10:59:00', 1, '2013-12-26 05:30:25'),
(326, 1, 326, '2020-12-31', '1450.00', '530.72', '2013-12-26', '10:59:00', 1, '2014-01-10 03:37:07'),
(327, 1, 327, '2020-12-31', '550.00', '177.63', '2013-12-26', '10:59:00', 1, '2013-12-26 05:30:25'),
(328, 1, 328, '2020-12-31', '150.00', '82.17', '2013-12-26', '10:59:00', 1, '2013-12-26 05:30:25'),
(329, 1, 329, '2020-12-31', '275.00', '151.10', '2013-12-26', '10:59:00', 1, '2013-12-26 05:30:25'),
(330, 1, 330, '2020-12-31', '50.00', '14.28', '2013-12-26', '10:59:00', 1, '2013-12-26 05:30:26'),
(331, 1, 331, '2020-12-31', '30.00', '3.06', '2013-12-26', '10:59:00', 1, '2013-12-26 05:30:26'),
(332, 1, 332, '2020-12-31', '130.00', '37.40', '2013-12-26', '10:59:00', 1, '2013-12-26 05:30:26'),
(333, 1, 333, '2020-12-31', '330.00', '95.16', '2013-12-26', '10:59:00', 1, '2013-12-26 05:30:26'),
(334, 1, 334, '2020-12-31', '240.00', '119.24', '2013-12-26', '10:59:00', 1, '2013-12-26 05:30:26'),
(335, 1, 335, '2020-12-31', '1570.00', '538.31', '2013-12-26', '10:59:00', 1, '2013-12-26 05:30:26'),
(336, 1, 336, '2020-12-31', '1450.00', '670.24', '2013-12-26', '10:59:00', 1, '2013-12-26 05:30:26'),
(337, 1, 337, '2020-12-31', '60.00', '200.00', '2013-12-26', '10:59:00', 1, '2013-12-26 05:30:27'),
(338, 1, 338, '2020-12-31', '480.00', '117.15', '2013-12-26', '10:59:00', 1, '2013-12-26 05:30:27'),
(339, 1, 339, '2020-12-31', '225.00', '199.00', '2013-12-26', '10:59:00', 1, '2013-12-26 05:30:27'),
(340, 1, 340, '2020-12-31', '120.00', '65.48', '2013-12-26', '10:59:00', 1, '2013-12-26 05:30:27'),
(341, 1, 341, '2020-12-31', '390.00', '201.56', '2013-12-26', '10:59:00', 1, '2013-12-26 05:30:27'),
(342, 1, 342, '2020-12-31', '750.00', '448.72', '2013-12-26', '10:59:00', 1, '2013-12-26 05:30:28'),
(343, 1, 343, '2020-12-31', '60.00', '29.54', '2013-12-26', '10:59:00', 1, '2013-12-26 05:30:28'),
(344, 1, 344, '2020-12-31', '125.00', '66.42', '2013-12-26', '10:59:00', 1, '2013-12-26 05:30:28'),
(345, 1, 345, '2020-12-31', '80.00', '45.98', '2013-12-26', '10:59:00', 1, '2013-12-26 05:30:28'),
(346, 1, 346, '2020-12-31', '140.00', '76.63', '2013-12-26', '10:59:00', 1, '2013-12-26 05:30:28'),
(347, 1, 347, '2020-12-31', '80.00', '41.54', '2013-12-26', '10:59:00', 1, '2013-12-26 05:30:28'),
(348, 1, 348, '2020-12-31', '130.00', '66.88', '2013-12-26', '10:59:00', 1, '2013-12-26 05:30:28'),
(349, 1, 349, '2020-12-31', '2150.00', '1143.86', '2013-12-26', '10:59:00', 1, '2013-12-26 05:30:29'),
(350, 1, 350, '2020-12-31', '290.00', '156.05', '2013-12-26', '10:59:00', 1, '2013-12-26 05:30:29'),
(351, 1, 351, '2020-12-31', '45.00', '23.60', '2013-12-26', '10:59:00', 1, '2013-12-26 05:30:29'),
(352, 1, 352, '2020-12-31', '40.00', '22.05', '2013-12-26', '10:59:00', 1, '2013-12-26 05:30:29'),
(353, 1, 353, '2020-12-31', '60.00', '44.43', '2013-12-26', '10:59:00', 1, '2013-12-26 05:30:29'),
(354, 1, 354, '2020-12-31', '60.00', '45.21', '2013-12-26', '10:59:00', 1, '2013-12-26 05:30:29'),
(355, 1, 355, '2020-12-31', '260.00', '146.69', '2013-12-26', '10:59:00', 1, '2013-12-26 05:30:29'),
(356, 1, 356, '2020-12-31', '890.00', '477.18', '2013-12-26', '10:59:00', 1, '2013-12-26 05:30:30'),
(357, 1, 357, '2020-12-31', '90.00', '50.00', '2013-12-26', '10:59:00', 1, '2013-12-26 05:30:30'),
(358, 1, 358, '2020-12-31', '180.00', '82.42', '2013-12-26', '10:59:00', 1, '2013-12-26 05:30:30'),
(359, 1, 359, '2020-12-31', '25.00', '12.54', '2013-12-26', '10:59:00', 1, '2013-12-26 05:30:30'),
(360, 1, 360, '2020-12-31', '750.00', '417.98', '2013-12-26', '10:59:00', 1, '2013-12-26 05:30:30'),
(361, 1, 361, '2020-12-31', '560.00', '310.53', '2013-12-26', '10:59:00', 1, '2013-12-26 05:30:30'),
(362, 1, 362, '2020-12-31', '190.00', '96.13', '2013-12-26', '10:59:00', 1, '2013-12-26 05:30:30'),
(363, 1, 363, '2020-12-31', '420.00', '231.73', '2013-12-26', '10:59:00', 1, '2013-12-26 05:30:31'),
(364, 1, 364, '2020-12-31', '670.00', '366.78', '2013-12-26', '10:59:00', 1, '2013-12-26 05:30:31'),
(365, 1, 365, '2020-12-31', '60.00', '30.67', '2013-12-26', '10:59:00', 1, '2013-12-26 05:30:31'),
(366, 1, 366, '2020-12-31', '60.00', '29.90', '2013-12-26', '10:59:00', 1, '2013-12-26 05:30:31'),
(367, 1, 367, '2020-12-31', '55.00', '27.05', '2013-12-26', '10:59:00', 1, '2013-12-26 05:30:31'),
(368, 1, 368, '2020-12-31', '650.00', '215.45', '2013-12-26', '10:59:00', 1, '2013-12-26 05:30:32'),
(369, 1, 369, '2020-12-31', '1680.00', '907.96', '2013-12-26', '10:59:00', 1, '2013-12-26 05:30:32'),
(370, 1, 370, '2020-12-31', '0.00', '35.00', '2013-12-26', '10:59:00', 1, '2013-12-26 05:30:32'),
(371, 1, 371, '2020-12-31', '150.00', '79.87', '2013-12-26', '10:59:00', 1, '2013-12-26 05:30:32'),
(372, 1, 372, '2020-12-31', '0.00', '25.00', '2013-12-26', '10:59:00', 1, '2013-12-26 05:30:32'),
(373, 1, 373, '2020-12-31', '0.00', '210.00', '2013-12-26', '10:59:00', 1, '2013-12-26 05:30:32'),
(374, 1, 374, '2020-12-31', '0.00', '130.00', '2013-12-26', '10:59:00', 1, '2013-12-26 05:30:32'),
(375, 1, 375, '2020-12-31', '25.00', '13.71', '2013-12-26', '10:59:00', 1, '2013-12-26 05:30:33'),
(376, 1, 376, '2020-12-31', '260.00', '138.84', '2013-12-26', '10:59:00', 1, '2013-12-26 05:30:33'),
(377, 1, 377, '2020-12-31', '20.00', '10.66', '2013-12-26', '10:59:00', 1, '2013-12-26 05:30:33'),
(378, 1, 378, '2020-12-31', '80.00', '44.21', '2013-12-26', '10:59:00', 1, '2013-12-26 05:30:33'),
(379, 1, 379, '2020-12-31', '0.00', '40.00', '2013-12-26', '10:59:00', 1, '2013-12-26 05:30:33'),
(380, 1, 380, '2020-12-31', '975.00', '499.39', '2013-12-26', '10:59:00', 1, '2013-12-26 05:30:33'),
(381, 1, 381, '2020-12-31', '710.00', '382.59', '2013-12-26', '10:59:00', 1, '2013-12-26 05:30:34'),
(382, 1, 382, '2020-12-31', '495.00', '260.86', '2013-12-26', '10:59:00', 1, '2013-12-26 05:30:34'),
(383, 1, 383, '2020-12-31', '0.00', '110.00', '2013-12-26', '10:59:00', 1, '2013-12-26 05:30:34'),
(384, 1, 384, '2020-12-31', '70.00', '37.97', '2013-12-26', '10:59:00', 1, '2013-12-26 05:30:34'),
(385, 1, 385, '2020-12-31', '55.00', '28.48', '2013-12-26', '10:59:00', 1, '2013-12-26 05:30:34'),
(386, 1, 386, '2020-12-31', '940.00', '511.42', '2013-12-26', '10:59:00', 1, '2013-12-26 05:30:35'),
(387, 1, 387, '2020-12-31', '480.00', '260.85', '2013-12-26', '10:59:00', 1, '2013-12-26 05:30:35'),
(388, 1, 388, '2020-12-31', '0.00', '140.00', '2013-12-26', '10:59:00', 1, '2013-12-26 05:30:35'),
(389, 1, 389, '2020-12-31', '0.00', '240.00', '2013-12-26', '10:59:00', 1, '2013-12-26 05:30:35'),
(390, 1, 390, '2020-12-31', '18.00', '10.14', '2013-12-26', '10:59:00', 1, '2013-12-26 05:30:36'),
(391, 1, 391, '2020-12-31', '0.00', '130.00', '2013-12-26', '10:59:00', 1, '2013-12-26 05:30:36'),
(392, 1, 392, '2020-12-31', '270.00', '144.27', '2013-12-26', '10:59:00', 1, '2013-12-26 05:30:36'),
(393, 1, 393, '2020-12-31', '0.00', '15.00', '2013-12-26', '10:59:00', 1, '2013-12-26 05:30:36'),
(394, 1, 394, '2020-12-31', '14.00', '8.10', '2013-12-26', '10:59:00', 1, '2013-12-26 05:30:36'),
(395, 1, 395, '2020-12-31', '975.00', '555.55', '2013-12-26', '10:59:00', 1, '2013-12-26 05:30:37'),
(396, 1, 396, '2020-12-31', '0.00', '55.00', '2013-12-26', '10:59:00', 1, '2013-12-26 05:30:37'),
(397, 1, 397, '2020-12-31', '0.00', '110.00', '2013-12-26', '10:59:00', 1, '2013-12-26 05:30:37'),
(398, 1, 398, '2020-12-31', '310.00', '167.46', '2013-12-26', '10:59:00', 1, '2013-12-26 05:30:37'),
(399, 1, 399, '2020-12-31', '0.00', '40.00', '2013-12-26', '10:59:00', 1, '2013-12-26 05:30:37'),
(400, 1, 400, '2020-12-31', '0.00', '70.00', '2013-12-26', '10:59:00', 1, '2013-12-26 05:30:37'),
(401, 1, 401, '2020-12-31', '0.00', '12.00', '2013-12-26', '10:59:00', 1, '2013-12-26 05:30:38'),
(402, 1, 402, '2020-12-31', '0.00', '150.00', '2013-12-26', '10:59:00', 1, '2013-12-26 05:30:38'),
(403, 1, 403, '2020-12-31', '680.00', '332.30', '2013-12-26', '10:59:00', 1, '2013-12-26 05:30:38'),
(404, 1, 404, '2020-12-31', '7200.00', '4189.89', '2013-12-26', '10:59:00', 1, '2013-12-26 05:30:38'),
(405, 1, 405, '2020-12-31', '320.00', '168.58', '2013-12-26', '10:59:00', 1, '2013-12-26 05:30:38'),
(406, 1, 406, '2020-12-31', '155.00', '80.36', '2013-12-26', '10:59:00', 1, '2013-12-26 05:30:38'),
(407, 1, 407, '2020-12-31', '15.00', '7.03', '2013-12-26', '10:59:00', 1, '2013-12-26 05:30:39'),
(408, 1, 408, '2020-12-31', '290.00', '126.12', '2013-12-26', '10:59:00', 1, '2013-12-26 05:30:39'),
(409, 1, 409, '2020-12-31', '60.00', '32.20', '2013-12-26', '10:59:00', 1, '2013-12-26 05:30:39'),
(410, 1, 410, '2020-12-31', '525.00', '280.49', '2013-12-26', '10:59:00', 1, '2013-12-26 05:30:39'),
(411, 1, 411, '2020-12-31', '525.00', '279.51', '2013-12-26', '10:59:00', 1, '2013-12-26 05:30:39'),
(412, 1, 412, '2020-12-31', '35.00', '18.51', '2013-12-26', '10:59:00', 1, '2013-12-26 05:30:39'),
(413, 1, 413, '2020-12-31', '95.00', '46.78', '2013-12-26', '10:59:00', 1, '2014-02-03 09:30:36'),
(414, 1, 414, '2020-12-31', '30.00', '15.66', '2013-12-26', '10:59:00', 1, '2013-12-26 05:30:40'),
(415, 1, 415, '2020-12-31', '15.00', '8.54', '2013-12-26', '10:59:00', 1, '2013-12-26 05:30:40'),
(416, 1, 416, '2020-12-31', '65.00', '36.46', '2013-12-26', '10:59:00', 1, '2013-12-26 05:30:40'),
(417, 1, 417, '2020-12-31', '95.00', '61.32', '2013-12-26', '10:59:00', 1, '2013-12-26 05:30:40'),
(418, 1, 418, '2020-12-31', '60.00', '30.34', '2013-12-26', '10:59:00', 1, '2013-12-26 05:30:40'),
(419, 1, 419, '2020-12-31', '590.00', '313.48', '2013-12-26', '10:59:00', 1, '2013-12-26 05:30:41'),
(420, 1, 420, '2020-12-31', '12.00', '6.83', '2013-12-26', '10:59:00', 1, '2013-12-26 05:30:41'),
(421, 1, 421, '2020-12-31', '40.00', '25.05', '2013-12-26', '10:59:00', 1, '2013-12-26 05:30:41'),
(422, 1, 422, '2020-12-31', '80.00', '35.07', '2013-12-26', '10:59:00', 1, '2013-12-26 05:30:41'),
(423, 1, 423, '2020-12-31', '1125.00', '608.02', '2013-12-26', '10:59:00', 1, '2013-12-26 05:30:41'),
(424, 1, 424, '2020-12-31', '45.00', '24.64', '2013-12-26', '10:59:00', 1, '2013-12-26 05:30:41'),
(425, 1, 425, '2020-12-31', '95.00', '51.57', '2013-12-26', '10:59:00', 1, '2013-12-26 05:30:42'),
(426, 1, 426, '2020-12-31', '310.00', '168.58', '2013-12-26', '10:59:00', 1, '2013-12-26 05:30:42'),
(427, 1, 427, '2020-12-31', '590.00', '313.04', '2013-12-26', '10:59:00', 1, '2013-12-26 05:30:42'),
(428, 1, 428, '2020-12-31', '450.00', '242.18', '2013-12-26', '10:59:00', 1, '2013-12-26 05:30:42'),
(429, 1, 429, '2020-12-31', '190.00', '101.77', '2013-12-26', '10:59:00', 1, '2013-12-26 05:30:42'),
(430, 1, 430, '2020-12-31', '395.00', '208.69', '2013-12-26', '10:59:00', 1, '2013-12-26 05:30:43'),
(431, 1, 431, '2020-12-31', '90.00', '48.95', '2013-12-26', '10:59:00', 1, '2013-12-26 05:30:43'),
(432, 1, 432, '2020-12-31', '10.00', '6.10', '2013-12-26', '10:59:00', 1, '2013-12-26 05:30:43'),
(433, 1, 433, '2020-12-31', '150.00', '81.15', '2013-12-26', '10:59:00', 1, '2013-12-26 05:30:43'),
(434, 1, 434, '2020-12-31', '110.00', '58.38', '2013-12-26', '10:59:00', 1, '2013-12-26 05:30:43'),
(435, 1, 435, '2020-12-31', '295.00', '164.07', '2013-12-26', '10:59:00', 1, '2013-12-26 05:30:43'),
(436, 1, 436, '2020-12-31', '80.00', '43.75', '2013-12-26', '10:59:00', 1, '2013-12-26 05:30:44'),
(437, 1, 437, '2020-12-31', '295.00', '185.45', '2013-12-26', '10:59:00', 1, '2013-12-26 05:30:44'),
(438, 1, 438, '2020-12-31', '95.00', '54.10', '2013-12-26', '10:59:00', 1, '2013-12-26 05:30:44'),
(439, 1, 439, '2020-12-31', '60.00', '27.05', '2013-12-26', '10:59:00', 1, '2013-12-26 05:30:44'),
(440, 1, 440, '2020-12-31', '170.00', '90.17', '2013-12-26', '10:59:00', 1, '2013-12-26 05:30:44'),
(441, 1, 441, '2020-12-31', '320.00', '173.90', '2013-12-26', '10:59:00', 1, '2013-12-26 05:30:44'),
(442, 1, 442, '2020-12-31', '125.00', '67.59', '2013-12-26', '10:59:00', 1, '2013-12-26 05:30:45'),
(443, 1, 443, '2020-12-31', '440.00', '233.00', '2013-12-26', '10:59:00', 1, '2013-12-26 05:30:45'),
(444, 1, 444, '2020-12-31', '45.00', '25.81', '2013-12-26', '10:59:00', 1, '2013-12-26 05:30:45'),
(445, 1, 445, '2020-12-31', '60.00', '34.41', '2013-12-26', '10:59:00', 1, '2013-12-26 05:30:45'),
(446, 1, 446, '2020-12-31', '105.00', '60.42', '2013-12-26', '10:59:00', 1, '2013-12-26 05:30:45'),
(447, 1, 447, '2020-12-31', '15.00', '8.52', '2013-12-26', '10:59:00', 1, '2013-12-26 05:30:45'),
(448, 1, 448, '2020-12-31', '220.00', '119.80', '2013-12-26', '10:59:00', 1, '2013-12-26 05:30:46'),
(449, 1, 449, '2020-12-31', '195.00', '106.92', '2013-12-26', '10:59:00', 1, '2013-12-26 05:30:46'),
(450, 1, 450, '2020-12-31', '110.00', '60.46', '2013-12-26', '10:59:00', 1, '2013-12-26 05:30:47'),
(451, 1, 451, '2020-12-31', '80.00', '40.79', '2013-12-26', '10:59:00', 1, '2013-12-26 05:30:47'),
(452, 1, 452, '2020-12-31', '450.00', '221.30', '2013-12-26', '10:59:00', 1, '2013-12-26 05:30:47'),
(453, 1, 453, '2020-12-31', '26.00', '0.00', '2013-12-26', '10:59:00', 1, '2013-12-26 05:30:47'),
(454, 1, 454, '2020-12-31', '6.00', '0.00', '2013-12-26', '10:59:00', 1, '2013-12-26 05:30:47'),
(455, 1, 455, '2020-12-31', '900.00', '1.00', '2013-12-26', '10:59:00', 1, '2013-12-26 05:30:48'),
(456, 1, 456, '2020-12-31', '3750.00', '1417.74', '2013-12-26', '10:59:00', 1, '2013-12-26 05:30:48'),
(457, 1, 457, '2020-12-31', '5450.00', '1936.22', '2013-12-26', '10:59:00', 1, '2013-12-26 05:30:48'),
(458, 1, 458, '2020-12-31', '3450.00', '1733.91', '2013-12-26', '10:59:00', 1, '2013-12-26 05:30:48'),
(459, 1, 459, '2020-12-31', '4250.00', '1624.50', '2013-12-26', '10:59:00', 1, '2013-12-26 05:30:48'),
(460, 1, 460, '2020-12-31', '0.00', '0.00', '2013-12-26', '10:59:00', 1, '2013-12-26 05:30:48'),
(461, 1, 461, '2020-12-31', '0.00', '1.00', '2013-12-26', '10:59:00', 1, '2013-12-26 05:30:49'),
(462, 1, 462, '2020-12-31', '0.00', '190.56', '2013-12-26', '10:59:00', 1, '2013-12-26 05:30:49'),
(463, 1, 463, '2020-12-31', '135.00', '72.92', '2013-12-26', '10:59:00', 1, '2013-12-26 05:30:49'),
(464, 1, 464, '2020-12-31', '15.00', '2.58', '2013-12-26', '10:59:00', 1, '2013-12-26 05:30:49'),
(465, 1, 465, '2020-12-31', '180.00', '69.25', '2013-12-26', '10:59:00', 1, '2013-12-26 05:30:49'),
(466, 1, 466, '2020-12-31', '0.00', '0.00', '2013-12-26', '10:59:00', 1, '2013-12-26 05:30:49'),
(467, 1, 467, '2020-12-31', '175.00', '43.52', '2013-12-26', '10:59:00', 1, '2013-12-26 05:30:50'),
(468, 1, 468, '2020-12-31', '20.00', '3.15', '2013-12-26', '10:59:00', 1, '2013-12-26 05:30:50'),
(469, 1, 469, '2020-12-31', '85.00', '30.61', '2013-12-26', '10:59:00', 1, '2013-12-26 05:30:50'),
(470, 1, 470, '2020-12-31', '220.00', '56.60', '2013-12-26', '10:59:00', 1, '2013-12-26 05:30:50'),
(471, 1, 471, '2020-12-31', '65.00', '34.84', '2013-12-26', '10:59:00', 1, '2013-12-26 05:30:50'),
(472, 1, 472, '2020-12-31', '190.00', '128.70', '2013-12-26', '10:59:00', 1, '2013-12-26 05:30:51'),
(473, 1, 473, '2020-12-31', '54.00', '22.51', '2013-12-26', '10:59:00', 1, '2013-12-26 05:30:51'),
(474, 1, 474, '2020-12-31', '0.00', '4.30', '2013-12-26', '10:59:00', 1, '2013-12-26 05:30:51'),
(475, 1, 475, '2020-12-31', '0.00', '9.92', '2013-12-26', '10:59:00', 1, '2013-12-26 05:30:51'),
(476, 1, 476, '2020-12-31', '66.00', '16.49', '2013-12-26', '10:59:00', 1, '2013-12-26 05:30:51'),
(477, 1, 477, '2020-12-31', '150.00', '64.54', '2013-12-26', '10:59:00', 1, '2013-12-26 05:30:51'),
(478, 1, 478, '2020-12-31', '610.00', '333.36', '2013-12-26', '10:59:00', 1, '2014-01-10 03:25:21'),
(479, 1, 479, '2020-12-31', '225.00', '95.01', '2013-12-26', '10:59:00', 1, '2013-12-26 05:30:52'),
(480, 1, 480, '2020-12-31', '95.00', '48.61', '2013-12-26', '10:59:00', 1, '2013-12-26 05:30:52'),
(481, 1, 481, '2020-12-31', '35.00', '2.25', '2013-12-26', '10:59:00', 1, '2013-12-26 05:30:52'),
(482, 1, 482, '2020-12-31', '0.00', '0.00', '2013-12-26', '10:59:00', 1, '2013-12-26 05:30:52'),
(483, 1, 483, '2020-12-31', '11.00', '1.86', '2013-12-26', '10:59:00', 1, '2013-12-26 05:30:53'),
(484, 1, 484, '2020-12-31', '12.00', '1.20', '2013-12-26', '10:59:00', 1, '2013-12-26 05:30:53'),
(485, 1, 485, '2020-12-31', '31.00', '0.90', '2013-12-26', '10:59:00', 1, '2013-12-26 05:30:53'),
(486, 1, 486, '2020-12-31', '6.00', '0.49', '2013-12-26', '10:59:00', 1, '2013-12-26 05:30:53'),
(487, 1, 487, '2020-12-31', '6.00', '1.66', '2013-12-26', '10:59:00', 1, '2013-12-26 05:30:53'),
(488, 1, 488, '2020-12-31', '0.00', '11.26', '2013-12-26', '10:59:00', 1, '2013-12-26 05:30:54'),
(489, 1, 489, '2020-12-31', '5.00', '0.37', '2013-12-26', '10:59:00', 1, '2013-12-26 05:30:54'),
(490, 1, 490, '2020-12-31', '0.00', '981.02', '2013-12-26', '10:59:00', 1, '2013-12-26 05:30:54'),
(491, 1, 491, '2020-12-31', '725.00', '318.99', '2013-12-26', '10:59:00', 1, '2013-12-26 05:30:54'),
(492, 1, 492, '2020-12-31', '0.00', '1216.32', '2013-12-26', '10:59:00', 1, '2013-12-26 05:30:54'),
(493, 1, 493, '2020-12-31', '825.00', '351.74', '2013-12-26', '10:59:00', 1, '2013-12-26 05:30:54'),
(494, 1, 494, '2020-12-31', '145.00', '34.30', '2013-12-26', '10:59:00', 1, '2014-01-10 03:42:30'),
(495, 1, 495, '2020-12-31', '0.00', '0.00', '2013-12-26', '10:59:00', 1, '2013-12-26 05:30:55'),
(496, 1, 496, '2020-12-31', '290.00', '91.92', '2013-12-26', '10:59:00', 1, '2014-01-21 07:17:14'),
(497, 1, 497, '2020-12-31', '160.00', '71.79', '2013-12-26', '10:59:00', 1, '2013-12-26 05:30:55'),
(498, 1, 498, '2020-12-31', '600.00', '188.81', '2013-12-26', '10:59:00', 1, '2013-12-26 05:30:55'),
(499, 1, 499, '2020-12-31', '350.00', '133.44', '2013-12-26', '10:59:00', 1, '2013-12-26 05:30:56'),
(500, 1, 500, '2020-12-31', '0.00', '63.89', '2013-12-26', '10:59:00', 1, '2013-12-26 05:30:56'),
(501, 1, 501, '2020-12-31', '0.00', '47.86', '2013-12-26', '10:59:00', 1, '2013-12-26 05:30:56'),
(502, 1, 502, '2020-12-31', '0.00', '2.99', '2013-12-26', '10:59:00', 1, '2013-12-26 05:30:56'),
(503, 1, 503, '2020-12-31', '0.00', '50.00', '2013-12-26', '10:59:00', 1, '2013-12-26 05:30:56'),
(504, 1, 504, '2020-12-31', '0.00', '639.28', '2013-12-26', '10:59:00', 1, '2013-12-26 05:30:56'),
(505, 1, 505, '2020-12-31', '0.00', '969.66', '2013-12-26', '10:59:00', 1, '2013-12-26 05:30:56'),
(506, 1, 506, '2020-12-31', '0.00', '0.00', '2013-12-26', '10:59:00', 1, '2013-12-26 05:30:57'),
(507, 1, 507, '2020-12-31', '0.00', '3.00', '2013-12-26', '10:59:00', 1, '2013-12-26 05:30:57'),
(508, 1, 508, '2020-12-31', '16.00', '8.00', '2013-12-26', '10:59:00', 1, '2013-12-26 05:30:57'),
(509, 1, 509, '2020-12-31', '50.00', '21.00', '2013-12-26', '10:59:00', 1, '2013-12-26 05:30:58'),
(510, 1, 510, '2020-12-31', '0.00', '135.00', '2013-12-26', '10:59:00', 1, '2013-12-26 05:30:58'),
(511, 1, 511, '2020-12-31', '0.00', '1.00', '2013-12-26', '10:59:00', 1, '2013-12-26 05:30:58'),
(512, 1, 512, '2020-12-31', '25.00', '0.00', '2013-12-26', '10:59:00', 1, '2013-12-26 05:30:58');
INSERT INTO `tbl_products` (`id_products`, `id_batch`, `iditem`, `expiry_date`, `product_price`, `product_cost`, `added_date`, `added_time`, `product_status`, `added_timestamp`) VALUES
(513, 1, 513, '2020-12-31', '950.00', '1.00', '2013-12-26', '10:59:00', 1, '2013-12-26 05:30:58'),
(514, 1, 514, '2020-12-31', '0.00', '0.00', '2013-12-26', '10:59:00', 1, '2013-12-26 05:30:59'),
(515, 1, 515, '2020-12-31', '0.00', '10.55', '2013-12-26', '10:59:00', 1, '2013-12-26 05:30:59'),
(516, 1, 516, '2020-12-31', '190.00', '85.48', '2013-12-26', '10:59:00', 1, '2013-12-26 05:30:59'),
(517, 1, 517, '2020-12-31', '36500.00', '24255.09', '2013-12-26', '10:59:00', 1, '2013-12-26 05:30:59'),
(518, 1, 518, '2020-12-31', '0.00', '0.00', '2013-12-26', '10:59:00', 1, '2013-12-26 05:30:59'),
(519, 1, 519, '2020-12-31', '0.00', '1.00', '2013-12-26', '10:59:00', 1, '2013-12-26 05:31:00'),
(520, 1, 520, '2020-12-31', '30.00', '0.00', '2013-12-26', '10:59:00', 1, '2013-12-26 05:31:00'),
(521, 1, 521, '2020-12-31', '180.00', '0.00', '2013-12-26', '10:59:00', 1, '2013-12-26 05:31:00'),
(522, 1, 522, '2020-12-31', '0.00', '0.40', '2013-12-26', '10:59:00', 1, '2013-12-26 05:31:00'),
(523, 1, 523, '2020-12-31', '17000.00', '0.00', '2013-12-26', '10:59:00', 1, '2013-12-26 05:31:00'),
(524, 1, 524, '2020-12-31', '0.00', '0.00', '2013-12-26', '10:59:00', 1, '2013-12-26 05:31:00'),
(525, 1, 525, '2020-12-31', '0.00', '0.00', '2013-12-26', '10:59:00', 1, '2013-12-26 05:31:00'),
(526, 1, 526, '2020-12-31', '0.00', '0.00', '2013-12-26', '10:59:00', 1, '2013-12-26 05:31:01'),
(527, 1, 527, '2020-12-31', '0.00', '0.00', '2013-12-26', '10:59:00', 1, '2013-12-26 05:31:01'),
(528, 1, 528, '2020-12-31', '0.00', '0.00', '2013-12-26', '10:59:00', 1, '2013-12-26 05:31:01'),
(529, 1, 529, '2020-12-31', '0.00', '0.00', '2013-12-26', '10:59:00', 1, '2013-12-26 05:31:01'),
(530, 1, 530, '2020-12-31', '22000.00', '12205.23', '2013-12-26', '10:59:00', 1, '2013-12-26 05:31:01'),
(531, 1, 531, '2020-12-31', '3500.00', '1.00', '2013-12-26', '10:59:00', 1, '2013-12-26 05:31:01'),
(532, 1, 532, '2020-12-31', '0.00', '4119.63', '2013-12-26', '10:59:00', 1, '2013-12-26 05:31:02'),
(533, 1, 533, '2020-12-31', '0.00', '5059.20', '2013-12-26', '10:59:00', 1, '2013-12-26 05:31:02'),
(534, 1, 534, '2020-12-31', '2750.00', '1.00', '2013-12-26', '10:59:00', 1, '2013-12-26 05:31:02'),
(535, 1, 535, '2020-12-31', '125.00', '1.00', '2013-12-26', '10:59:00', 1, '2013-12-26 05:31:02'),
(536, 1, 536, '2020-12-31', '375.00', '1.00', '2013-12-26', '10:59:00', 1, '2013-12-26 05:31:02'),
(537, 1, 537, '2020-12-31', '1500.00', '1.00', '2013-12-26', '10:59:00', 1, '2013-12-26 05:31:02'),
(538, 1, 538, '2020-12-31', '225.00', '1.00', '2013-12-26', '10:59:00', 1, '2013-12-26 05:31:03'),
(539, 1, 539, '2020-12-31', '175.00', '1.00', '2013-12-26', '10:59:00', 1, '2013-12-26 05:31:03'),
(540, 1, 540, '2020-12-31', '50.00', '1.00', '2013-12-26', '10:59:00', 1, '2013-12-26 05:31:03'),
(541, 1, 541, '2020-12-31', '200.00', '65.00', '2013-12-26', '10:59:00', 1, '2013-12-26 05:31:03'),
(542, 1, 542, '2020-12-31', '0.00', '7.00', '2013-12-26', '10:59:00', 1, '2013-12-26 05:31:03'),
(543, 1, 543, '2020-12-31', '0.00', '1.00', '2013-12-26', '10:59:00', 1, '2013-12-26 05:31:03'),
(544, 1, 544, '2020-12-31', '0.00', '1.00', '2013-12-26', '10:59:00', 1, '2013-12-26 05:31:04'),
(545, 1, 545, '2020-12-31', '0.00', '0.00', '2013-12-26', '10:59:00', 1, '2013-12-26 05:31:04'),
(546, 1, 546, '2020-12-31', '220.00', '1.00', '2013-12-26', '10:59:00', 1, '2013-12-26 05:31:04'),
(547, 1, 547, '2020-12-31', '216.00', '1.00', '2013-12-26', '10:59:00', 1, '2013-12-26 05:31:04'),
(548, 1, 548, '2020-12-31', '0.00', '1.00', '2013-12-26', '10:59:00', 1, '2013-12-26 05:31:04'),
(549, 1, 549, '2020-12-31', '20.00', '1.00', '2013-12-26', '10:59:00', 1, '2013-12-26 05:31:04'),
(550, 1, 550, '2020-12-31', '468.00', '1.00', '2013-12-26', '10:59:00', 1, '2013-12-26 05:31:04'),
(551, 1, 551, '2020-12-31', '0.00', '1.00', '2013-12-26', '10:59:00', 1, '2013-12-26 05:31:05'),
(552, 1, 552, '2020-12-31', '0.00', '0.00', '2013-12-26', '10:59:00', 1, '2013-12-26 05:31:05'),
(553, 1, 553, '2020-12-31', '276.00', '96.00', '2013-12-26', '10:59:00', 1, '2013-12-26 05:31:05'),
(554, 1, 554, '2020-12-31', '40.00', '23.00', '2013-12-26', '10:59:00', 1, '2013-12-26 05:31:05'),
(555, 1, 555, '2020-12-31', '0.00', '1.00', '2013-12-26', '10:59:00', 1, '2013-12-26 05:31:05'),
(556, 1, 556, '2020-12-31', '45.00', '0.00', '2013-12-26', '10:59:00', 1, '2013-12-26 05:31:05'),
(557, 1, 557, '2020-12-31', '20.00', '1.00', '2013-12-26', '10:59:00', 1, '2013-12-26 05:31:06'),
(558, 1, 558, '2020-12-31', '125.00', '29.00', '2013-12-26', '10:59:00', 1, '2013-12-26 05:31:06'),
(559, 1, 559, '2020-12-31', '36.00', '1.00', '2013-12-26', '10:59:00', 1, '2013-12-26 05:31:06'),
(560, 1, 560, '2020-12-31', '250.00', '89.00', '2013-12-26', '10:59:00', 1, '2013-12-26 05:31:06'),
(561, 1, 561, '2020-12-31', '0.00', '0.00', '2013-12-26', '10:59:00', 1, '2013-12-26 05:31:06'),
(562, 1, 562, '2020-12-31', '162.00', '1.00', '2013-12-26', '10:59:00', 1, '2013-12-26 05:31:07'),
(563, 1, 563, '2020-12-31', '180.00', '1.00', '2013-12-26', '10:59:00', 1, '2013-12-26 05:31:07'),
(564, 1, 564, '2020-12-31', '42.00', '1.00', '2013-12-26', '10:59:00', 1, '2013-12-26 05:31:07'),
(565, 1, 565, '2020-12-31', '800.00', '1.00', '2013-12-26', '10:59:00', 1, '2013-12-26 05:31:07'),
(566, 1, 566, '2020-12-31', '95.00', '1.00', '2013-12-26', '10:59:00', 1, '2013-12-26 05:31:07'),
(567, 1, 567, '2020-12-31', '0.00', '0.00', '2013-12-26', '10:59:00', 1, '2013-12-26 05:31:07'),
(568, 1, 568, '2020-12-31', '24.00', '1.00', '2013-12-26', '10:59:00', 1, '2013-12-26 05:31:07'),
(569, 1, 569, '2020-12-31', '0.00', '0.00', '2013-12-26', '10:59:00', 1, '2013-12-26 05:31:08'),
(570, 1, 570, '2020-12-31', '5.00', '0.00', '2013-12-26', '10:59:00', 1, '2013-12-26 05:31:08'),
(571, 1, 571, '2020-12-31', '175.00', '1.00', '2013-12-26', '10:59:00', 1, '2013-12-26 05:31:08'),
(572, 1, 572, '2020-12-31', '425.00', '0.00', '2013-12-26', '10:59:00', 1, '2013-12-26 05:31:09'),
(573, 1, 573, '2020-12-31', '350.00', '0.00', '2013-12-26', '10:59:00', 1, '2013-12-26 05:31:09'),
(574, 1, 574, '2020-12-31', '0.00', '0.00', '2013-12-26', '10:59:00', 1, '2013-12-26 05:31:09'),
(575, 1, 575, '2020-12-31', '0.00', '580.42', '2013-12-26', '10:59:00', 1, '2013-12-26 05:31:09'),
(576, 1, 576, '2020-12-31', '675.00', '1.00', '2013-12-26', '10:59:00', 1, '2013-12-26 05:31:09'),
(577, 1, 577, '2020-12-31', '2750.00', '893.00', '2013-12-26', '10:59:00', 1, '2013-12-26 05:31:09'),
(578, 1, 578, '2020-12-31', '145.00', '0.00', '2013-12-26', '10:59:00', 1, '2013-12-26 05:31:10'),
(579, 1, 579, '2020-12-31', '4950.00', '2057.29', '2013-12-26', '10:59:00', 1, '2013-12-26 05:31:10'),
(580, 1, 580, '2020-12-31', '3950.00', '1.00', '2013-12-26', '10:59:00', 1, '2013-12-26 05:31:10'),
(581, 1, 581, '2020-12-31', '175.00', '1.00', '2013-12-26', '10:59:00', 1, '2013-12-26 05:31:10'),
(582, 1, 582, '2020-12-31', '70.00', '1.00', '2013-12-26', '10:59:00', 1, '2013-12-26 05:31:10'),
(583, 1, 583, '2020-12-31', '720.00', '165.00', '2013-12-26', '10:59:00', 1, '2013-12-26 05:31:11'),
(584, 1, 584, '2020-12-31', '0.00', '1.00', '2013-12-26', '10:59:00', 1, '2013-12-26 05:31:11'),
(585, 1, 585, '2020-12-31', '0.00', '44.00', '2013-12-26', '10:59:00', 1, '2013-12-26 05:31:11'),
(586, 1, 586, '2020-12-31', '0.00', '42.24', '2013-12-26', '10:59:00', 1, '2013-12-26 05:31:11'),
(587, 1, 587, '2020-12-31', '0.00', '1.00', '2013-12-26', '10:59:00', 1, '2013-12-26 05:31:11'),
(588, 1, 588, '2020-12-31', '0.00', '19.55', '2013-12-26', '10:59:00', 1, '2013-12-26 05:31:11'),
(589, 1, 589, '2020-12-31', '0.00', '30.09', '2013-12-26', '10:59:00', 1, '2013-12-26 05:31:11'),
(590, 1, 590, '2020-12-31', '0.00', '0.00', '2013-12-26', '10:59:00', 1, '2013-12-26 05:31:12'),
(591, 1, 591, '2020-12-31', '12.00', '0.00', '2013-12-26', '10:59:00', 1, '2013-12-26 05:31:12'),
(592, 1, 592, '2020-12-31', '0.00', '1.00', '2013-12-26', '10:59:00', 1, '2013-12-26 05:31:12'),
(593, 1, 593, '2020-12-31', '180.00', '69.27', '2013-12-26', '10:59:00', 1, '2013-12-26 05:31:12'),
(594, 1, 594, '2020-12-31', '0.00', '4.50', '2013-12-26', '10:59:00', 1, '2013-12-26 05:31:12'),
(595, 1, 595, '2020-12-31', '99.00', '28.82', '2013-12-26', '10:59:00', 1, '2013-12-26 05:31:12'),
(596, 1, 596, '2020-12-31', '0.00', '0.00', '2013-12-26', '10:59:00', 1, '2013-12-26 05:31:13'),
(597, 1, 597, '2020-12-31', '0.00', '166.29', '2013-12-26', '10:59:00', 1, '2013-12-26 05:31:13'),
(598, 1, 598, '2020-12-31', '0.00', '208.71', '2013-12-26', '10:59:00', 1, '2013-12-26 05:31:13'),
(599, 1, 599, '2020-12-31', '276.00', '100.90', '2013-12-26', '10:59:00', 1, '2013-12-26 05:31:13'),
(600, 1, 600, '2020-12-31', '0.00', '468.34', '2013-12-26', '10:59:00', 1, '2013-12-26 05:31:13'),
(601, 1, 601, '2020-12-31', '0.00', '0.00', '2013-12-26', '10:59:00', 1, '2013-12-26 05:31:13'),
(602, 1, 602, '2020-12-31', '0.00', '0.00', '2013-12-26', '10:59:00', 1, '2013-12-26 05:31:13'),
(603, 1, 603, '2020-12-31', '0.00', '950.57', '2013-12-26', '10:59:00', 1, '2013-12-26 05:31:14'),
(604, 1, 604, '2020-12-31', '0.00', '1205.07', '2013-12-26', '10:59:00', 1, '2013-12-26 05:31:14'),
(605, 1, 605, '2020-12-31', '0.00', '414.06', '2013-12-26', '10:59:00', 1, '2013-12-26 05:31:14'),
(606, 1, 606, '2020-12-31', '0.00', '1096.50', '2013-12-26', '10:59:00', 1, '2013-12-26 05:31:14'),
(607, 1, 607, '2020-12-31', '0.00', '717.13', '2013-12-26', '10:59:00', 1, '2013-12-26 05:31:14'),
(608, 1, 608, '2020-12-31', '0.00', '0.00', '2013-12-26', '10:59:00', 1, '2013-12-26 05:31:15'),
(609, 1, 609, '2020-12-31', '315.00', '125.55', '2013-12-26', '10:59:00', 1, '2013-12-26 05:31:15'),
(610, 1, 610, '2020-12-31', '55.00', '1.00', '2013-12-26', '10:59:00', 1, '2013-12-26 05:31:15'),
(611, 1, 611, '2020-12-31', '500.00', '121.61', '2013-12-26', '10:59:00', 1, '2013-12-26 05:31:15'),
(612, 1, 612, '2020-12-31', '600.00', '1.00', '2013-12-26', '10:59:00', 1, '2014-02-03 10:13:26'),
(613, 1, 613, '2020-12-31', '230.00', '78.08', '2013-12-26', '10:59:00', 1, '2013-12-26 05:31:15'),
(614, 1, 614, '2020-12-31', '300.00', '145.41', '2013-12-26', '10:59:00', 1, '2013-12-26 05:31:16'),
(615, 1, 615, '2020-12-31', '1200.00', '1.00', '2013-12-26', '10:59:00', 1, '2013-12-26 05:31:16'),
(616, 1, 616, '2020-12-31', '6.00', '0.18', '2013-12-26', '10:59:00', 1, '2013-12-26 05:31:16'),
(617, 1, 617, '2020-12-31', '5.00', '0.00', '2013-12-26', '10:59:00', 1, '2013-12-26 05:31:16'),
(618, 1, 618, '2020-12-31', '63.00', '16.93', '2013-12-26', '10:59:00', 1, '2013-12-26 05:31:16'),
(619, 1, 619, '2020-12-31', '15.00', '1.00', '2013-12-26', '10:59:00', 1, '2013-12-26 05:31:16'),
(620, 1, 620, '2020-12-31', '94.00', '12.07', '2013-12-26', '10:59:00', 1, '2013-12-26 05:31:17'),
(621, 1, 621, '2020-12-31', '0.00', '0.00', '2013-12-26', '10:59:00', 1, '2013-12-26 05:31:17'),
(622, 1, 622, '2020-12-31', '0.00', '0.00', '2013-12-26', '10:59:00', 1, '2013-12-26 05:31:17'),
(623, 1, 623, '2020-12-31', '3.00', '0.00', '2013-12-26', '10:59:00', 1, '2013-12-26 05:31:17'),
(624, 1, 624, '2020-12-31', '290.00', '0.00', '2013-12-26', '10:59:00', 1, '2013-12-26 05:31:17'),
(625, 1, 625, '2020-12-31', '175.00', '1.00', '2013-12-26', '10:59:00', 1, '2013-12-26 05:31:18'),
(626, 1, 626, '2020-12-31', '225.00', '1.00', '2013-12-26', '10:59:00', 1, '2013-12-26 05:31:18'),
(627, 1, 627, '2020-12-31', '175.00', '1.00', '2013-12-26', '10:59:00', 1, '2013-12-26 05:31:18'),
(628, 1, 628, '2020-12-31', '90.00', '1.00', '2013-12-26', '10:59:00', 1, '2013-12-26 05:31:18'),
(629, 1, 629, '2020-12-31', '125.00', '37.74', '2013-12-26', '10:59:00', 1, '2013-12-26 05:31:18'),
(630, 1, 630, '2020-12-31', '75.00', '39.98', '2013-12-26', '10:59:00', 1, '2013-12-26 05:31:18'),
(631, 1, 631, '2020-12-31', '54.00', '19.36', '2013-12-26', '10:59:00', 1, '2013-12-26 05:31:19'),
(632, 1, 632, '2020-12-31', '54.00', '0.00', '2013-12-26', '10:59:00', 1, '2014-01-10 03:20:52'),
(633, 1, 633, '2020-12-31', '0.00', '111.00', '2013-12-26', '10:59:00', 1, '2013-12-26 05:31:20'),
(634, 1, 634, '2020-12-31', '375.00', '138.26', '2013-12-26', '10:59:00', 1, '2013-12-26 05:31:20'),
(635, 1, 635, '2020-12-31', '225.00', '77.10', '2013-12-26', '10:59:00', 1, '2013-12-26 05:31:20'),
(636, 1, 636, '2020-12-31', '150.00', '1.00', '2013-12-26', '10:59:00', 1, '2013-12-26 05:31:20'),
(637, 1, 637, '2020-12-31', '96.00', '1.00', '2013-12-26', '10:59:00', 1, '2013-12-26 05:31:20'),
(638, 1, 638, '2020-12-31', '150.00', '1.00', '2013-12-26', '10:59:00', 1, '2013-12-26 05:31:20'),
(639, 1, 639, '2020-12-31', '0.00', '1.00', '2013-12-26', '10:59:00', 1, '2013-12-26 05:31:20'),
(640, 1, 640, '2020-12-31', '0.00', '1.00', '2013-12-26', '10:59:00', 1, '2013-12-26 05:31:21'),
(641, 1, 641, '2020-12-31', '96.00', '1.00', '2013-12-26', '10:59:00', 1, '2013-12-26 05:31:21'),
(642, 1, 642, '2020-12-31', '0.00', '1.00', '2013-12-26', '10:59:00', 1, '2013-12-26 05:31:21'),
(643, 1, 643, '2020-12-31', '0.00', '1.00', '2013-12-26', '10:59:00', 1, '2013-12-26 05:31:21'),
(644, 1, 644, '2020-12-31', '0.00', '0.00', '2013-12-26', '10:59:00', 1, '2013-12-26 05:31:21'),
(645, 1, 645, '2020-12-31', '0.00', '325.38', '2013-12-26', '10:59:00', 1, '2013-12-26 05:31:22'),
(646, 1, 646, '2020-12-31', '0.00', '190.42', '2013-12-26', '10:59:00', 1, '2013-12-26 05:31:22'),
(647, 1, 647, '2020-12-31', '0.00', '30.53', '2013-12-26', '10:59:00', 1, '2013-12-26 05:31:22'),
(648, 1, 648, '2020-12-31', '0.00', '59.64', '2013-12-26', '10:59:00', 1, '2013-12-26 05:31:22'),
(649, 1, 649, '2020-12-31', '0.00', '29.50', '2013-12-26', '10:59:00', 1, '2013-12-26 05:31:22'),
(650, 1, 650, '2020-12-31', '0.00', '41.22', '2013-12-26', '10:59:00', 1, '2013-12-26 05:31:22'),
(651, 1, 651, '2020-12-31', '2900.00', '1085.44', '2013-12-26', '10:59:00', 1, '2013-12-26 05:31:22'),
(652, 1, 652, '2020-12-31', '0.00', '26.67', '2013-12-26', '10:59:00', 1, '2013-12-26 05:31:23'),
(653, 1, 653, '2020-12-31', '0.00', '0.00', '2013-12-26', '10:59:00', 1, '2013-12-26 05:31:23'),
(654, 1, 654, '2020-12-31', '0.00', '11.81', '2013-12-26', '10:59:00', 1, '2013-12-26 05:31:23'),
(655, 1, 655, '2020-12-31', '155.00', '90.00', '2013-12-26', '10:59:00', 1, '2013-12-26 05:31:24'),
(656, 1, 656, '2020-12-31', '0.00', '1.00', '2013-12-26', '10:59:00', 1, '2013-12-26 05:31:24'),
(657, 1, 657, '2020-12-31', '0.00', '7.56', '2013-12-26', '10:59:00', 1, '2013-12-26 05:31:24'),
(658, 1, 658, '2020-12-31', '0.00', '7.56', '2013-12-26', '10:59:00', 1, '2013-12-26 05:31:24'),
(659, 1, 659, '2020-12-31', '0.00', '11.48', '2013-12-26', '10:59:00', 1, '2013-12-26 05:31:24'),
(660, 1, 660, '2020-12-31', '0.00', '1.70', '2013-12-26', '10:59:00', 1, '2013-12-26 05:31:25'),
(661, 1, 661, '2020-12-31', '42.00', '15.52', '2013-12-26', '10:59:00', 1, '2013-12-26 05:31:25'),
(662, 1, 662, '2020-12-31', '60.00', '56.36', '2013-12-26', '10:59:00', 1, '2013-12-26 05:31:25'),
(663, 1, 663, '2020-12-31', '16.00', '0.00', '2013-12-26', '10:59:00', 1, '2013-12-26 05:31:25'),
(664, 1, 664, '2020-12-31', '0.00', '0.00', '2013-12-26', '10:59:00', 1, '2013-12-26 05:31:26'),
(665, 1, 665, '2020-12-31', '0.00', '0.00', '2013-12-26', '10:59:00', 1, '2013-12-26 05:31:26'),
(666, 1, 666, '2020-12-31', '3450.00', '895.10', '2013-12-26', '10:59:00', 1, '2013-12-26 05:31:26'),
(667, 1, 667, '2020-12-31', '2750.00', '867.73', '2013-12-26', '10:59:00', 1, '2013-12-26 05:31:26'),
(668, 1, 668, '2020-12-31', '250.00', '179.10', '2013-12-26', '10:59:00', 1, '2014-01-10 04:09:09'),
(669, 1, 669, '2020-12-31', '0.00', '60.96', '2013-12-26', '10:59:00', 1, '2013-12-26 05:31:26'),
(670, 1, 670, '2020-12-31', '0.00', '1.61', '2013-12-26', '10:59:00', 1, '2013-12-26 05:31:27'),
(671, 1, 671, '2020-12-31', '275.00', '84.44', '2013-12-26', '10:59:00', 1, '2013-12-26 05:31:27'),
(672, 1, 672, '2020-12-31', '0.00', '0.00', '2013-12-26', '10:59:00', 1, '2013-12-26 05:31:27'),
(673, 1, 673, '2020-12-31', '300.00', '89.39', '2013-12-26', '10:59:00', 1, '2013-12-26 05:31:27'),
(674, 1, 674, '2020-12-31', '325.00', '106.82', '2013-12-26', '10:59:00', 1, '2013-12-26 05:31:27'),
(675, 1, 675, '2020-12-31', '0.00', '41.72', '2013-12-26', '10:59:00', 1, '2013-12-26 05:31:27'),
(676, 1, 676, '2020-12-31', '180.00', '68.81', '2013-12-26', '10:59:00', 1, '2013-12-26 05:31:28'),
(677, 1, 677, '2020-12-31', '135.00', '0.00', '2013-12-26', '10:59:00', 1, '2013-12-26 05:31:28'),
(678, 1, 678, '2020-12-31', '42.00', '11.27', '2013-12-26', '10:59:00', 1, '2013-12-26 05:31:28'),
(679, 1, 679, '2020-12-31', '48.00', '15.49', '2013-12-26', '10:59:00', 1, '2013-12-26 05:31:28'),
(680, 1, 680, '2020-12-31', '60.00', '26.76', '2013-12-26', '10:59:00', 1, '2013-12-26 05:31:28'),
(681, 1, 681, '2020-12-31', '1250.00', '501.62', '2013-12-26', '10:59:00', 1, '2013-12-26 05:31:28'),
(682, 1, 682, '2020-12-31', '375.00', '163.69', '2013-12-26', '10:59:00', 1, '2013-12-26 05:31:29'),
(683, 1, 683, '2020-12-31', '150.00', '0.00', '2013-12-26', '10:59:00', 1, '2013-12-26 05:31:29'),
(684, 1, 684, '2020-12-31', '150.00', '63.17', '2013-12-26', '10:59:00', 1, '2013-12-26 05:31:29'),
(685, 1, 685, '2020-12-31', '30.00', '5.00', '2013-12-26', '10:59:00', 1, '2013-12-26 05:31:29'),
(686, 1, 686, '2020-12-31', '50.00', '10.75', '2013-12-26', '10:59:00', 1, '2013-12-26 05:31:29'),
(687, 1, 687, '2020-12-31', '60.00', '15.01', '2013-12-26', '10:59:00', 1, '2013-12-26 05:31:29'),
(688, 1, 688, '2020-12-31', '22.00', '6.39', '2013-12-26', '10:59:00', 1, '2013-12-26 05:31:30'),
(689, 1, 689, '2020-12-31', '10.00', '1.28', '2013-12-26', '10:59:00', 1, '2013-12-26 05:31:30'),
(690, 1, 690, '2020-12-31', '186.00', '64.25', '2013-12-26', '10:59:00', 1, '2013-12-26 05:31:31'),
(691, 1, 691, '2020-12-31', '75.00', '0.00', '2013-12-26', '10:59:00', 1, '2013-12-26 05:31:31'),
(692, 1, 692, '2020-12-31', '60.00', '3.25', '2013-12-26', '10:59:00', 1, '2013-12-26 05:31:31'),
(693, 1, 693, '2020-12-31', '0.00', '0.00', '2013-12-26', '10:59:00', 1, '2013-12-26 05:31:31'),
(694, 1, 694, '2020-12-31', '85.00', '8.73', '2013-12-26', '10:59:00', 1, '2013-12-26 05:31:31'),
(695, 1, 695, '2020-12-31', '38.00', '29.30', '2013-12-26', '10:59:00', 1, '2013-12-26 05:31:31'),
(696, 1, 696, '2020-12-31', '180.00', '113.00', '2013-12-26', '10:59:00', 1, '2013-12-26 05:31:32'),
(697, 1, 697, '2020-12-31', '250.00', '21.00', '2013-12-26', '10:59:00', 1, '2013-12-26 05:31:32'),
(698, 1, 698, '2020-12-31', '35.00', '2.00', '2013-12-26', '10:59:00', 1, '2013-12-26 05:31:32'),
(699, 1, 699, '2020-12-31', '0.00', '1.00', '2013-12-26', '10:59:00', 1, '2013-12-26 05:31:32'),
(700, 1, 700, '2020-12-31', '70.00', '30.00', '2013-12-26', '10:59:00', 1, '2013-12-26 05:31:32'),
(701, 1, 701, '2020-12-31', '50.00', '19.00', '2013-12-26', '10:59:00', 1, '2013-12-26 05:31:32'),
(702, 1, 702, '2020-12-31', '0.00', '110.00', '2013-12-26', '10:59:00', 1, '2013-12-26 05:31:32'),
(703, 1, 703, '2020-12-31', '145.00', '68.74', '2013-12-26', '10:59:00', 1, '2013-12-26 05:31:33'),
(704, 1, 704, '2020-12-31', '190.00', '0.00', '2013-12-26', '10:59:00', 1, '2013-12-26 05:31:33'),
(705, 1, 705, '2020-12-31', '0.00', '187.41', '2013-12-26', '10:59:00', 1, '2013-12-26 05:31:33'),
(706, 1, 706, '2020-12-31', '225.00', '0.00', '2013-12-26', '10:59:00', 1, '2013-12-26 05:31:33'),
(707, 1, 707, '2020-12-31', '150.00', '57.00', '2013-12-26', '10:59:00', 1, '2013-12-26 05:31:33'),
(708, 1, 708, '2020-12-31', '276.00', '0.00', '2013-12-26', '10:59:00', 1, '2013-12-26 05:31:33'),
(709, 1, 709, '2020-12-31', '250.00', '85.50', '2013-12-26', '10:59:00', 1, '2013-12-26 05:31:34'),
(710, 1, 710, '2020-12-31', '54.00', '19.50', '2013-12-26', '10:59:00', 1, '2013-12-26 05:31:34'),
(711, 1, 711, '2020-12-31', '350.00', '183.41', '2013-12-26', '10:59:00', 1, '2013-12-26 05:31:34'),
(712, 1, 712, '2020-12-31', '350.00', '135.52', '2013-12-26', '10:59:00', 1, '2013-12-26 05:31:34'),
(713, 1, 713, '2020-12-31', '300.00', '1.00', '2013-12-26', '10:59:00', 1, '2013-12-26 05:31:34'),
(714, 1, 714, '2020-12-31', '370.00', '1.00', '2013-12-26', '10:59:00', 1, '2013-12-26 05:31:34'),
(715, 1, 715, '2020-12-31', '15.00', '1.00', '2013-12-26', '10:59:00', 1, '2013-12-26 05:31:35'),
(716, 1, 716, '2020-12-31', '540.00', '0.00', '2013-12-26', '10:59:00', 1, '2013-12-26 05:31:35'),
(717, 1, 717, '2020-12-31', '0.00', '0.00', '2013-12-26', '10:59:00', 1, '2013-12-26 05:31:35'),
(719, 1, 719, '2020-12-31', '2470.00', '0.00', '2013-12-26', '10:59:00', 1, '2013-12-26 05:31:35'),
(720, 1, 720, '2020-12-31', '875.00', '1.00', '2013-12-26', '10:59:00', 1, '2014-02-03 10:36:08'),
(721, 1, 721, '2020-12-31', '2964.00', '1.00', '2013-12-26', '10:59:00', 1, '2013-12-26 05:31:36'),
(722, 1, 722, '2020-12-31', '0.00', '0.00', '2013-12-26', '10:59:00', 1, '2013-12-26 05:31:36'),
(723, 1, 723, '2020-12-31', '4800.00', '3477.78', '2013-12-26', '10:59:00', 1, '2013-12-26 05:31:36'),
(724, 1, 724, '2020-12-31', '150.00', '1.00', '2013-12-26', '10:59:00', 1, '2013-12-26 05:31:36'),
(725, 1, 725, '2020-12-31', '275.00', '1.00', '2013-12-26', '10:59:00', 1, '2013-12-26 05:31:36'),
(726, 1, 726, '2020-12-31', '0.00', '0.00', '2013-12-26', '10:59:00', 1, '2013-12-26 05:31:36'),
(727, 1, 727, '2020-12-31', '20.00', '1.00', '2013-12-26', '10:59:00', 1, '2013-12-26 05:31:36'),
(728, 1, 728, '2020-12-31', '96.00', '1.00', '2013-12-26', '10:59:00', 1, '2013-12-26 05:31:37'),
(729, 1, 729, '2020-12-31', '0.00', '0.25', '2013-12-26', '10:59:00', 1, '2013-12-26 05:31:37'),
(730, 1, 730, '2020-12-31', '70.00', '40.31', '2013-12-26', '10:59:00', 1, '2013-12-26 05:31:37'),
(731, 1, 731, '2020-12-31', '100.00', '41.36', '2013-12-26', '10:59:00', 1, '2013-12-26 05:31:37'),
(732, 1, 732, '2020-12-31', '14.00', '1.00', '2013-12-26', '10:59:00', 1, '2013-12-26 05:31:37'),
(733, 1, 733, '2020-12-31', '10.00', '1.00', '2013-12-26', '10:59:00', 1, '2013-12-26 05:31:38'),
(734, 1, 734, '2020-12-31', '0.00', '1.00', '2013-12-26', '10:59:00', 1, '2013-12-26 05:31:38'),
(735, 1, 735, '2020-12-31', '156.00', '1.00', '2013-12-26', '10:59:00', 1, '2013-12-26 05:31:38'),
(736, 1, 736, '2020-12-31', '252.00', '70.00', '2013-12-26', '10:59:00', 1, '2013-12-26 05:31:38'),
(737, 1, 737, '2020-12-31', '225.00', '84.63', '2013-12-26', '10:59:00', 1, '2013-12-26 05:31:38'),
(738, 1, 738, '2020-12-31', '48.00', '1.00', '2013-12-26', '10:59:00', 1, '2013-12-26 05:31:38'),
(739, 1, 739, '2020-12-31', '225.00', '1.00', '2013-12-26', '10:59:00', 1, '2013-12-26 05:31:39'),
(740, 1, 740, '2020-12-31', '175.00', '1.00', '2013-12-26', '10:59:00', 1, '2013-12-26 05:31:39'),
(741, 1, 741, '2020-12-31', '275.00', '1.00', '2013-12-26', '10:59:00', 1, '2013-12-26 05:31:39'),
(742, 1, 742, '2020-12-31', '225.00', '1.00', '2013-12-26', '10:59:00', 1, '2013-12-26 05:31:39'),
(743, 1, 743, '2020-12-31', '55.00', '1.00', '2013-12-26', '10:59:00', 1, '2013-12-26 05:31:39'),
(744, 1, 744, '0000-00-00', '0.00', '0.00', '0000-00-00', '00:00:00', 1, '2014-02-13 11:16:59'),
(745, 1, 745, '0000-00-00', '0.00', '0.00', '0000-00-00', '00:00:00', 1, '2014-02-13 11:17:56'),
(746, 1, 746, '2020-12-31', '16000.00', '8628.16', '2014-02-19', '10:52:00', 1, '2014-02-19 05:22:39'),
(747, 1, 747, '2020-12-31', '17500.00', '9389.47', '2014-02-19', '10:52:00', 1, '2014-02-19 05:22:39'),
(748, 1, 748, '2020-12-31', '1500.00', '400.00', '2014-02-19', '10:52:00', 1, '2014-02-19 05:22:39'),
(749, 1, 749, '2020-12-31', '1600.00', '1065.94', '2014-02-19', '10:52:00', 1, '2014-02-19 05:22:39'),
(750, 1, 750, '2020-12-31', '2200.00', '1448.83', '2014-02-19', '10:52:00', 1, '2014-02-19 05:22:39'),
(751, 1, 751, '2020-12-31', '2900.00', '1824.98', '2014-02-19', '10:52:00', 1, '2014-02-19 05:22:39'),
(752, 1, 752, '2020-12-31', '26.00', '18.28', '2014-02-19', '10:52:00', 1, '2014-02-19 05:22:39'),
(753, 1, 753, '2020-12-31', '130.00', '114.28', '2014-02-19', '10:52:00', 1, '2014-02-19 05:22:40'),
(754, 1, 754, '2020-12-31', '950.00', '476.22', '2014-02-19', '10:52:00', 1, '2014-02-19 05:22:40'),
(755, 1, 755, '2020-12-31', '5500.00', '1.00', '2014-02-19', '10:52:00', 1, '2014-02-19 05:22:40'),
(756, 1, 756, '2020-12-31', '25.00', '1.00', '2014-02-19', '10:52:00', 1, '2014-02-19 05:22:40'),
(757, 1, 757, '2020-12-31', '15.50', '9.88', '2014-02-19', '10:52:00', 1, '2014-02-19 05:22:40'),
(758, 1, 758, '2020-12-31', '15.00', '5.00', '2014-02-19', '10:52:00', 1, '2014-02-19 05:22:40'),
(759, 1, 759, '2020-12-31', '15.50', '9.88', '2014-02-19', '10:52:00', 1, '2014-02-19 05:22:40'),
(760, 1, 760, '2020-12-31', '25.00', '1.00', '2014-02-19', '10:52:00', 1, '2014-02-19 05:22:41'),
(761, 1, 761, '2020-12-31', '15.00', '3.00', '2014-02-19', '10:52:00', 1, '2014-02-19 05:22:41'),
(762, 1, 762, '2020-12-31', '15.00', '1.00', '2014-02-19', '10:52:00', 1, '2014-02-19 05:22:41'),
(763, 1, 763, '2020-12-31', '18.00', '1.00', '2014-02-19', '10:52:00', 1, '2014-02-19 05:22:41'),
(764, 1, 764, '2020-12-31', '32.00', '22.48', '2014-02-19', '10:52:00', 1, '2014-02-19 05:22:41'),
(765, 1, 765, '2020-12-31', '32.00', '21.88', '2014-02-19', '10:52:00', 1, '2014-02-19 05:22:41'),
(766, 1, 766, '2020-12-31', '20.00', '1.00', '2014-02-19', '10:52:00', 1, '2014-02-19 05:22:41'),
(767, 1, 767, '2020-12-31', '25.00', '1.00', '2014-02-19', '10:52:00', 1, '2014-02-19 05:22:42'),
(768, 1, 768, '2020-12-31', '22.00', '1.00', '2014-02-19', '10:52:00', 1, '2014-02-19 05:22:42'),
(769, 1, 769, '2020-12-31', '1.00', '1.00', '2014-02-19', '10:52:00', 1, '2014-02-19 05:22:42'),
(770, 1, 770, '2020-12-31', '23.00', '12.91', '2014-02-19', '10:52:00', 1, '2014-02-19 05:22:42'),
(771, 1, 771, '2020-12-31', '15.00', '2.00', '2014-02-19', '10:52:00', 1, '2014-02-19 05:22:42'),
(772, 1, 772, '2020-12-31', '25.00', '24.00', '2014-02-19', '10:52:00', 1, '2014-02-19 05:22:42'),
(773, 1, 773, '2020-12-31', '1.00', '1.00', '2014-02-19', '10:52:00', 1, '2014-02-19 05:22:42'),
(774, 1, 774, '2020-12-31', '15.00', '8.41', '2014-02-19', '10:52:00', 1, '2014-02-19 05:22:43'),
(775, 1, 775, '2020-12-31', '13.00', '4.00', '2014-02-19', '10:52:00', 1, '2014-02-19 05:22:43'),
(776, 1, 776, '2020-12-31', '18.00', '2.00', '2014-02-19', '10:52:00', 1, '2014-02-19 05:22:43'),
(777, 1, 777, '2020-12-31', '9000.00', '1.00', '2014-02-19', '10:52:00', 1, '2014-02-19 05:22:43'),
(778, 1, 778, '2020-12-31', '10500.00', '3174.00', '2014-02-19', '10:52:00', 1, '2014-02-19 05:22:43'),
(779, 1, 779, '2020-12-31', '9900.00', '3147.00', '2014-02-19', '10:52:00', 1, '2014-02-19 05:22:43'),
(780, 1, 780, '2020-12-31', '16.00', '10.09', '2014-02-19', '10:52:00', 1, '2014-02-19 05:22:43'),
(781, 1, 781, '2020-12-31', '21.50', '13.67', '2014-02-19', '10:52:00', 1, '2014-02-19 05:22:44'),
(782, 1, 782, '2020-12-31', '1.00', '1.00', '2014-02-19', '10:52:00', 1, '2014-02-19 05:22:44'),
(783, 1, 783, '2020-12-31', '30.00', '17.86', '2014-02-19', '10:52:00', 1, '2014-02-19 05:22:44'),
(784, 1, 784, '2020-12-31', '120.00', '73.41', '2014-02-19', '10:52:00', 1, '2014-02-19 05:22:44'),
(785, 1, 785, '2020-12-31', '1.00', '1.00', '2014-02-19', '10:52:00', 1, '2014-02-19 05:22:44'),
(786, 1, 786, '2020-12-31', '16000.00', '5542.00', '2014-02-19', '10:52:00', 1, '2014-02-19 05:22:44'),
(787, 1, 787, '2020-12-31', '11300.00', '7202.34', '2014-02-19', '10:52:00', 1, '2014-02-19 05:22:44'),
(788, 1, 788, '2020-12-31', '2400.00', '1496.26', '2014-02-19', '10:52:00', 1, '2014-02-19 05:22:45'),
(789, 1, 789, '2020-12-31', '11200.00', '7135.81', '2014-02-19', '10:52:00', 1, '2014-02-19 05:22:45'),
(790, 1, 790, '2020-12-31', '70.00', '47.50', '2014-02-19', '10:52:00', 1, '2014-02-19 05:22:45'),
(791, 1, 791, '2020-12-31', '42.00', '28.50', '2014-02-19', '10:52:00', 1, '2014-02-19 05:22:45'),
(792, 1, 792, '2020-12-31', '50.00', '34.20', '2014-02-19', '10:52:00', 1, '2014-02-19 05:22:45'),
(793, 1, 793, '2020-12-31', '16000.00', '11408.67', '2014-02-19', '10:52:00', 1, '2014-02-19 05:22:46'),
(794, 1, 794, '2020-12-31', '24000.00', '11055.00', '2014-02-19', '10:52:00', 1, '2014-02-19 05:22:46'),
(795, 1, 795, '2020-12-31', '17000.00', '10816.71', '2014-02-19', '10:52:00', 1, '2014-02-19 05:22:46'),
(796, 1, 796, '2020-12-31', '25500.00', '15532.64', '2014-02-19', '10:52:00', 1, '2014-02-19 05:22:46'),
(797, 1, 797, '2020-12-31', '18000.00', '10976.87', '2014-02-19', '10:52:00', 1, '2014-02-19 05:22:46'),
(798, 1, 798, '2020-12-31', '27000.00', '16357.95', '2014-02-19', '10:52:00', 1, '2014-02-19 05:22:46'),
(799, 1, 799, '2020-12-31', '33750.00', '18037.96', '2014-02-19', '10:52:00', 1, '2014-02-19 05:22:46'),
(800, 1, 800, '2020-12-31', '40500.00', '21500.16', '2014-02-19', '10:52:00', 1, '2014-02-19 05:22:47'),
(801, 1, 801, '2020-12-31', '36250.00', '22259.62', '2014-02-19', '10:52:00', 1, '2014-02-19 05:22:47'),
(802, 1, 802, '2020-12-31', '43500.00', '26711.54', '2014-02-19', '10:52:00', 1, '2014-02-19 05:22:47'),
(803, 1, 803, '2020-12-31', '46500.00', '28093.17', '2014-02-19', '10:52:00', 1, '2014-02-19 05:22:47'),
(804, 1, 804, '2020-12-31', '160.00', '116.51', '2014-02-19', '10:52:00', 1, '2014-02-19 05:22:47'),
(805, 1, 805, '2020-12-31', '7500.00', '1268.00', '2014-02-19', '10:52:00', 1, '2014-02-19 05:22:48'),
(806, 1, 806, '2020-12-31', '10600.00', '7202.06', '2014-02-19', '10:52:00', 1, '2014-02-19 05:22:48'),
(807, 1, 807, '2020-12-31', '5512.50', '4089.75', '2014-02-19', '10:52:00', 1, '2014-02-19 05:22:48'),
(808, 1, 808, '2020-12-31', '5250.00', '3894.62', '2014-02-19', '10:52:00', 1, '2014-02-19 05:22:48'),
(809, 1, 809, '2020-12-31', '20300.00', '15081.43', '2014-02-19', '10:52:00', 1, '2014-02-19 05:22:48'),
(810, 1, 810, '2020-12-31', '6000.00', '4215.86', '2014-02-19', '10:52:00', 1, '2014-02-19 05:22:48'),
(811, 1, 811, '2020-12-31', '17970.00', '9463.14', '2014-02-19', '10:52:00', 1, '2014-02-19 05:22:48'),
(812, 1, 812, '2020-12-31', '52.00', '38.65', '2014-02-19', '10:52:00', 1, '2014-02-19 05:22:49'),
(813, 1, 813, '2020-12-31', '21600.00', '5724.00', '2014-02-19', '10:52:00', 1, '2014-02-19 05:22:49'),
(814, 1, 814, '2020-12-31', '1.00', '1.00', '2014-02-19', '10:52:00', 1, '2014-02-19 05:22:50'),
(815, 1, 815, '2020-12-31', '1.00', '1.00', '2014-02-19', '10:52:00', 1, '2014-02-19 05:22:50'),
(816, 1, 816, '2020-12-31', '1.00', '1.00', '2014-02-19', '10:52:00', 1, '2014-02-19 05:22:50'),
(817, 1, 817, '2020-12-31', '2500.00', '1710.00', '2014-02-19', '10:52:00', 1, '2014-02-19 05:22:50'),
(818, 1, 818, '2020-12-31', '4300.00', '1.00', '2014-02-19', '10:52:00', 1, '2014-02-19 05:22:50'),
(819, 1, 819, '2020-12-31', '190000.00', '112502.72', '2014-02-19', '10:52:00', 1, '2014-02-19 05:22:51'),
(820, 1, 820, '2020-12-31', '95000.00', '52784.86', '2014-02-19', '10:52:00', 1, '2014-02-19 05:22:51'),
(821, 1, 821, '2020-12-31', '228000.00', '59812.00', '2014-02-19', '10:52:00', 1, '2014-02-19 05:22:51'),
(822, 1, 822, '2020-12-31', '114000.00', '29906.04', '2014-02-19', '10:52:00', 1, '2014-02-19 05:22:51'),
(823, 1, 823, '2020-12-31', '114000.00', '56087.27', '2014-02-19', '10:52:00', 1, '2014-02-19 05:22:51'),
(824, 1, 824, '2020-12-31', '57000.00', '30983.50', '2014-02-19', '10:52:00', 1, '2014-02-19 05:22:51'),
(825, 1, 825, '2020-12-31', '152000.00', '74608.07', '2014-02-19', '10:52:00', 1, '2014-02-19 05:22:51'),
(826, 1, 826, '2020-12-31', '76000.00', '37046.35', '2014-02-19', '10:52:00', 1, '2014-02-19 05:22:52'),
(827, 1, 827, '2020-12-31', '57000.00', '29203.95', '2014-02-19', '10:52:00', 1, '2014-02-19 05:22:52'),
(828, 1, 828, '2020-12-31', '76000.00', '38938.73', '2014-02-19', '10:52:00', 1, '2014-02-19 05:22:52'),
(829, 1, 829, '2020-12-31', '4200.00', '2140.57', '2014-02-19', '10:52:00', 1, '2014-02-19 05:22:52'),
(830, 1, 830, '2020-12-31', '4400.00', '2069.19', '2014-02-19', '10:52:00', 1, '2014-02-19 05:22:52'),
(831, 1, 831, '2020-12-31', '130.00', '31.55', '2014-02-19', '10:52:00', 1, '2014-02-19 05:22:53'),
(832, 1, 832, '2020-12-31', '660.00', '491.00', '2014-02-19', '10:52:00', 1, '2014-02-19 05:22:53'),
(833, 1, 833, '2020-12-31', '227.00', '169.00', '2014-02-19', '10:52:00', 1, '2014-02-19 05:22:53'),
(834, 1, 834, '2020-12-31', '626.00', '466.00', '2014-02-19', '10:52:00', 1, '2014-02-19 05:22:53'),
(835, 1, 835, '2020-12-31', '1115.00', '829.00', '2014-02-19', '10:52:00', 1, '2014-02-19 05:22:53'),
(836, 1, 836, '2020-12-31', '658.00', '490.00', '2014-02-19', '10:52:00', 1, '2014-02-19 05:22:53'),
(837, 1, 837, '2020-12-31', '455.00', '339.00', '2014-02-19', '10:52:00', 1, '2014-02-19 05:22:54'),
(838, 1, 838, '2020-12-31', '375.00', '279.00', '2014-02-19', '10:52:00', 1, '2014-02-19 05:22:54'),
(839, 1, 839, '2020-12-31', '570.00', '422.00', '2014-02-19', '10:52:00', 1, '2014-02-19 05:22:54'),
(840, 1, 840, '2020-12-31', '50.00', '0.02', '2014-02-19', '10:52:00', 1, '2014-02-19 05:22:54'),
(841, 1, 841, '2020-12-31', '200.00', '148.10', '2014-02-19', '10:52:00', 1, '2014-02-19 05:22:54'),
(842, 1, 842, '2020-12-31', '25.00', '15.31', '2014-02-19', '10:52:00', 1, '2014-02-19 05:22:54'),
(843, 1, 843, '2020-12-31', '130.00', '86.57', '2014-02-19', '10:52:00', 1, '2014-02-19 05:22:54'),
(844, 1, 844, '2020-12-31', '35.00', '13.61', '2014-02-19', '10:52:00', 1, '2014-02-19 05:22:55'),
(845, 1, 845, '2020-12-31', '30.00', '11.05', '2014-02-19', '10:52:00', 1, '2014-02-19 05:22:55'),
(846, 1, 846, '2020-12-31', '250.00', '170.05', '2014-02-19', '10:52:00', 1, '2014-02-19 05:22:55'),
(847, 1, 847, '2020-12-31', '1.00', '1.00', '2014-02-19', '10:52:00', 1, '2014-02-19 05:22:55'),
(848, 1, 848, '2020-12-31', '18750.00', '9872.47', '2014-02-19', '10:52:00', 1, '2014-02-19 05:22:55'),
(849, 1, 849, '2020-12-31', '50000.00', '28896.62', '2014-02-19', '10:52:00', 1, '2014-02-19 05:22:55'),
(850, 1, 850, '2020-12-31', '20250.00', '11811.86', '2014-02-19', '10:52:00', 1, '2014-02-19 05:22:55'),
(851, 1, 851, '2020-12-31', '54000.00', '33980.10', '2014-02-19', '10:52:00', 1, '2014-02-19 05:22:56'),
(852, 1, 852, '2020-12-31', '27000.00', '16990.05', '2014-02-19', '10:52:00', 1, '2014-02-19 05:22:56'),
(853, 1, 853, '2020-12-31', '81000.00', '37563.89', '2014-02-19', '10:52:00', 1, '2014-02-19 05:22:56'),
(854, 1, 854, '2020-12-31', '20250.00', '11729.64', '2014-02-19', '10:52:00', 1, '2014-02-19 05:22:56'),
(855, 1, 855, '2020-12-31', '48000.00', '27648.12', '2014-02-19', '10:52:00', 1, '2014-02-19 05:22:56'),
(856, 1, 856, '2020-12-31', '24000.00', '13829.21', '2014-02-19', '10:52:00', 1, '2014-02-19 05:22:56'),
(857, 1, 857, '2020-12-31', '64000.00', '37823.41', '2014-02-19', '10:52:00', 1, '2014-02-19 05:22:57'),
(858, 1, 858, '2020-12-31', '32000.00', '18590.38', '2014-02-19', '10:52:00', 1, '2014-02-19 05:22:57'),
(859, 1, 859, '2020-12-31', '96000.00', '55296.25', '2014-02-19', '10:52:00', 1, '2014-02-19 05:22:57'),
(860, 1, 860, '2020-12-31', '24000.00', '13942.78', '2014-02-19', '10:52:00', 1, '2014-02-19 05:22:57'),
(861, 1, 861, '2020-12-31', '34000.00', '21175.72', '2014-02-19', '10:52:00', 1, '2014-02-19 05:22:57'),
(862, 1, 862, '2020-12-31', '25500.00', '15657.15', '2014-02-19', '10:52:00', 1, '2014-02-19 05:22:57'),
(863, 1, 863, '2020-12-31', '102000.00', '57168.20', '2014-02-19', '10:52:00', 1, '2014-02-19 05:22:57'),
(864, 1, 864, '2020-12-31', '28500.00', '16408.77', '2014-02-19', '10:52:00', 1, '2014-02-19 05:22:58'),
(865, 1, 865, '2020-12-31', '76000.00', '43756.00', '2014-02-19', '10:52:00', 1, '2014-02-19 05:22:58'),
(866, 1, 866, '2020-12-31', '28500.00', '10571.10', '2014-02-19', '10:52:00', 1, '2014-02-19 05:22:58'),
(867, 1, 867, '2020-12-31', '57000.00', '23375.55', '2014-02-19', '10:52:00', 1, '2014-02-19 05:22:58'),
(868, 1, 868, '2020-12-31', '27000.00', '11160.24', '2014-02-19', '10:52:00', 1, '2014-02-19 05:22:58'),
(869, 1, 869, '2020-12-31', '13500.00', '5534.58', '2014-02-19', '10:52:00', 1, '2014-02-19 05:22:58'),
(870, 1, 870, '2020-12-31', '18000.00', '7453.10', '2014-02-19', '10:52:00', 1, '2014-02-19 05:22:58'),
(871, 1, 871, '2020-12-31', '2940.00', '1373.29', '2014-02-19', '10:52:00', 1, '2014-02-19 05:22:58'),
(872, 1, 872, '2020-12-31', '9800.00', '4659.14', '2014-02-19', '10:52:00', 1, '2014-02-19 05:22:59'),
(873, 1, 873, '2020-12-31', '2940.00', '1451.79', '2014-02-19', '10:52:00', 1, '2014-02-19 05:22:59'),
(874, 1, 874, '2020-12-31', '29400.00', '13503.00', '2014-02-19', '10:52:00', 1, '2014-02-19 05:22:59'),
(875, 1, 875, '2020-12-31', '14700.00', '6751.84', '2014-02-19', '10:52:00', 1, '2014-02-19 05:22:59'),
(876, 1, 876, '2020-12-31', '19600.00', '9175.94', '2014-02-19', '10:52:00', 1, '2014-02-19 05:22:59'),
(877, 1, 877, '2020-12-31', '3150.00', '1528.81', '2014-02-19', '10:52:00', 1, '2014-02-19 05:22:59'),
(878, 1, 878, '2020-12-31', '10500.00', '5096.03', '2014-02-19', '10:52:00', 1, '2014-02-19 05:23:00'),
(879, 1, 879, '2020-12-31', '3150.00', '1528.81', '2014-02-19', '10:52:00', 1, '2014-02-19 05:23:00'),
(880, 1, 880, '2020-12-31', '15750.00', '7644.05', '2014-02-19', '10:52:00', 1, '2014-02-19 05:23:01'),
(881, 1, 881, '2020-12-31', '21000.00', '10192.07', '2014-02-19', '10:52:00', 1, '2014-02-19 05:23:01'),
(882, 1, 882, '2020-12-31', '3600.00', '1781.47', '2014-02-19', '10:52:00', 1, '2014-02-19 05:23:01'),
(883, 1, 883, '2020-12-31', '12000.00', '5546.16', '2014-02-19', '10:52:00', 1, '2014-02-19 05:23:01'),
(884, 1, 884, '2020-12-31', '3600.00', '1765.62', '2014-02-19', '10:52:00', 1, '2014-02-19 05:23:01'),
(885, 1, 885, '2020-12-31', '18000.00', '8313.83', '2014-02-19', '10:52:00', 1, '2014-02-19 05:23:01'),
(886, 1, 886, '2020-12-31', '24000.00', '11092.31', '2014-02-19', '10:52:00', 1, '2014-02-19 05:23:01'),
(887, 1, 887, '2020-12-31', '3900.00', '1915.99', '2014-02-19', '10:52:00', 1, '2014-02-19 05:23:02'),
(888, 1, 888, '2020-12-31', '13000.00', '6028.43', '2014-02-19', '10:52:00', 1, '2014-02-19 05:23:02'),
(889, 1, 889, '2020-12-31', '3900.00', '1920.56', '2014-02-19', '10:52:00', 1, '2014-02-19 05:23:02'),
(890, 1, 890, '2020-12-31', '19500.00', '9042.65', '2014-02-19', '10:52:00', 1, '2014-02-19 05:23:02'),
(891, 1, 891, '2020-12-31', '26000.00', '12056.86', '2014-02-19', '10:52:00', 1, '2014-02-19 05:23:02'),
(892, 1, 892, '2020-12-31', '11250.00', '4822.74', '2014-02-19', '10:52:00', 1, '2014-02-19 05:23:02'),
(893, 1, 893, '2020-12-31', '11000.00', '5940.17', '2014-02-19', '10:52:00', 1, '2014-02-19 05:23:02'),
(894, 1, 894, '2020-12-31', '5500.00', '2995.08', '2014-02-19', '10:52:00', 1, '2014-02-19 05:23:03'),
(895, 1, 895, '2020-12-31', '13000.00', '7773.19', '2014-02-19', '10:52:00', 1, '2014-02-19 05:23:03'),
(896, 1, 896, '2020-12-31', '6500.00', '3878.93', '2014-02-19', '10:52:00', 1, '2014-02-19 05:23:03'),
(897, 1, 897, '2020-12-31', '14000.00', '8765.84', '2014-02-19', '10:52:00', 1, '2014-02-19 05:23:03'),
(898, 1, 898, '2020-12-31', '7000.00', '3814.62', '2014-02-19', '10:52:00', 1, '2014-02-19 05:23:03'),
(899, 1, 899, '2020-12-31', '16000.00', '9105.79', '2014-02-19', '10:52:00', 1, '2014-02-19 05:23:03'),
(900, 1, 900, '2020-12-31', '8000.00', '6046.53', '2014-02-19', '10:52:00', 1, '2014-02-19 05:23:03'),
(901, 1, 901, '2020-12-31', '6000.00', '3307.03', '2014-02-19', '10:52:00', 1, '2014-02-19 05:23:04'),
(902, 1, 902, '2020-12-31', '7000.00', '4232.17', '2014-02-19', '10:52:00', 1, '2014-02-19 05:23:04'),
(903, 1, 903, '2020-12-31', '7500.00', '3988.44', '2014-02-19', '10:52:00', 1, '2014-02-19 05:23:04'),
(904, 1, 904, '2020-12-31', '75.00', '52.02', '2014-02-19', '10:52:00', 1, '2014-02-19 05:23:04'),
(905, 1, 905, '2020-12-31', '1.00', '1.00', '2014-02-19', '10:52:00', 1, '2014-02-19 05:23:04'),
(906, 1, 906, '2020-12-31', '1.00', '1.00', '2014-02-19', '10:52:00', 1, '2014-02-19 05:23:04'),
(907, 1, 907, '2020-12-31', '7.00', '4.86', '2014-02-19', '10:52:00', 1, '2014-02-19 05:23:04'),
(908, 1, 908, '2020-12-31', '2350.00', '1132.41', '2014-02-19', '10:52:00', 1, '2014-02-19 05:23:05'),
(909, 1, 909, '2020-12-31', '650.00', '455.00', '2014-02-19', '10:52:00', 1, '2014-02-19 05:23:05'),
(910, 1, 910, '2020-12-31', '1980.00', '1387.87', '2014-02-19', '10:52:00', 1, '2014-02-19 05:23:05'),
(911, 1, 911, '2020-12-31', '11000.00', '6148.17', '2014-02-19', '10:52:00', 1, '2014-02-19 05:23:05'),
(912, 1, 912, '2020-12-31', '11000.00', '7670.27', '2014-02-19', '10:52:00', 1, '2014-02-19 05:23:05'),
(913, 1, 913, '2020-12-31', '40100.00', '28631.66', '2014-02-19', '10:52:00', 1, '2014-02-19 05:23:05'),
(914, 1, 914, '2020-12-31', '950.00', '667.91', '2014-02-19', '10:52:00', 1, '2014-02-19 05:23:05'),
(915, 1, 915, '2020-12-31', '950.00', '834.34', '2014-02-19', '10:52:00', 1, '2014-02-19 05:23:06'),
(916, 1, 916, '2020-12-31', '2350.00', '0.00', '2014-04-24', '10:08:09', 1, '2014-04-24 04:38:09'),
(917, 1, 917, '2016-01-31', '18800.00', '18800.00', '2014-05-09', '09:08:25', 1, '2014-05-09 03:38:25'),
(918, 1, 918, '2015-11-27', '8040.00', '8040.00', '2014-05-09', '09:08:56', 1, '2014-05-09 03:38:56'),
(919, 1, 919, '2015-05-29', '6865.00', '6865.00', '2014-05-09', '09:09:29', 1, '2014-05-09 03:39:29'),
(920, 1, 920, '2015-09-25', '6865.00', '6865.00', '2014-05-09', '09:09:53', 1, '2014-05-09 03:39:53'),
(921, 1, 707, '2018-04-28', '60.00', '60.00', '2014-05-23', '09:29:24', 0, '2014-05-23 04:15:23');

-- --------------------------------------------------------

--
-- Table structure for table `tbl_purchase_order`
--

CREATE TABLE IF NOT EXISTS `tbl_purchase_order` (
  `id_purchase_order` int(11) NOT NULL AUTO_INCREMENT,
  `id_employee_has_place` int(11) NOT NULL,
  `purchase_order_number` varchar(45) DEFAULT NULL,
  `purchase_order_date` date NOT NULL,
  `purchase_order_time` time NOT NULL,
  `added_date` date DEFAULT NULL,
  `added_time` time DEFAULT NULL,
  `added_timestamp` timestamp NULL DEFAULT CURRENT_TIMESTAMP ON UPDATE CURRENT_TIMESTAMP,
  `purchase_order_status` tinyint(4) DEFAULT '1',
  `purchase_order_remark` text,
  PRIMARY KEY (`id_purchase_order`),
  KEY `fk_tbl_purchase_order_tbl_employee_has_place1` (`id_employee_has_place`)
) ENGINE=InnoDB  DEFAULT CHARSET=latin1 AUTO_INCREMENT=68 ;

--
-- Dumping data for table `tbl_purchase_order`
--

INSERT INTO `tbl_purchase_order` (`id_purchase_order`, `id_employee_has_place`, `purchase_order_number`, `purchase_order_date`, `purchase_order_time`, `added_date`, `added_time`, `added_timestamp`, `purchase_order_status`, `purchase_order_remark`) VALUES
(1, 2, 'D001', '2013-12-30', '09:18:59', '2013-12-30', '09:18:59', '2013-12-30 04:46:15', 1, NULL),
(16, 2, '1', '2013-12-31', '16:33:04', '2013-12-31', '16:33:04', '2013-12-31 11:03:04', 1, 'dd'),
(17, 2, '33', '2014-01-10', '09:48:25', '2014-01-10', '09:48:25', '2014-01-10 04:18:25', 1, 'REP'),
(18, 2, '00001', '2014-01-20', '14:14:53', '2014-01-20', '14:14:53', '2014-01-20 08:44:53', 1, 'Stock talling'),
(19, 2, '0002', '2014-01-20', '15:29:05', '2014-01-20', '15:29:05', '2014-01-20 09:59:05', 1, 'Stock tallying'),
(20, 2, '003', '2014-01-21', '12:52:23', '2014-01-21', '12:52:23', '2014-01-21 07:22:23', 1, 'tank cap '),
(21, 2, '00000000000003', '2014-02-03', '16:12:13', '2014-02-03', '16:12:13', '2014-02-03 10:42:13', 1, 'Test'),
(22, 10, '0001', '2014-02-19', '13:39:48', '2014-02-19', '13:39:48', '2014-02-19 08:09:48', 1, '1st'),
(23, 10, '0002', '2014-02-19', '13:49:13', '2014-02-19', '13:49:13', '2014-02-19 08:19:13', 1, '2nd'),
(24, 10, '000000000001', '2014-02-19', '15:18:15', '2014-02-19', '15:18:15', '2014-02-19 09:48:15', 1, ''),
(25, 10, '0000000000002', '2014-02-25', '12:46:59', '2014-02-25', '12:46:59', '2014-02-25 07:16:59', 1, ''),
(26, 10, '000000000003', '2014-02-26', '13:57:58', '2014-02-26', '13:57:58', '2014-02-26 08:27:58', 1, ''),
(27, 10, '000000000004', '2014-02-26', '14:13:53', '2014-02-26', '14:13:53', '2014-02-26 08:43:53', 1, ''),
(28, 10, '00000000000000004', '2014-02-28', '12:11:29', '2014-02-28', '12:11:29', '2014-02-28 06:41:29', 1, ''),
(29, 14, '000000000001', '2014-03-08', '20:46:52', '2014-03-08', '20:46:52', '2014-03-08 15:16:52', 1, 'Stock Adding'),
(30, 14, '000000000002', '2014-03-08', '21:02:36', '2014-03-08', '21:02:36', '2014-03-08 15:32:36', 1, 'Stock Adding 2'),
(31, 14, '000000000003', '2014-03-10', '14:42:58', '2014-03-10', '14:42:58', '2014-03-10 09:12:58', 1, 'Stock Adding'),
(32, 14, '00000000004', '2014-03-10', '15:59:17', '2014-03-10', '15:59:17', '2014-03-10 10:29:17', 1, ''),
(33, 14, '0000000005', '2014-03-11', '15:49:53', '2014-03-11', '15:49:53', '2014-03-11 10:19:53', 1, ''),
(34, 14, '000000000006', '2014-03-11', '15:56:13', '2014-03-11', '15:56:13', '2014-03-11 10:26:13', 1, ''),
(35, 14, '000000000006', '2014-03-12', '10:15:34', '2014-03-12', '10:15:34', '2014-03-12 04:45:34', 1, ''),
(36, 14, '0000000004', '2014-03-25', '13:47:56', '2014-03-25', '13:47:56', '2014-03-25 08:17:56', 1, ''),
(37, 18, '000000000001', '2014-03-26', '19:01:33', '2014-03-26', '19:01:33', '2014-03-26 13:31:33', 1, 'Stock Adding'),
(38, 18, '000000000002', '2014-03-26', '19:18:19', '2014-03-26', '19:18:19', '2014-03-26 13:48:19', 1, 'Stock Adding'),
(39, 18, '000000000002', '2014-03-26', '19:18:20', '2014-03-26', '19:18:20', '2014-03-26 13:48:20', 1, 'Stock Adding'),
(40, 18, '000000000003', '2014-03-26', '19:24:38', '2014-03-26', '19:24:38', '2014-03-26 13:54:38', 1, 'Stock Adding'),
(41, 14, '00000000005', '2014-03-31', '14:21:00', '2014-03-31', '14:21:00', '2014-03-31 08:51:00', 1, 'Stock adding'),
(42, 18, '0000000000005', '2014-04-01', '09:27:47', '2014-04-01', '09:27:47', '2014-04-01 03:57:47', 1, 'Stock'),
(43, 18, '000000000006', '2014-04-01', '09:56:44', '2014-04-01', '09:56:44', '2014-04-01 04:26:44', 1, 'Stock'),
(44, 18, '00000000006', '2014-04-01', '12:17:44', '2014-04-01', '12:17:44', '2014-04-01 06:47:44', 1, 'Stock'),
(45, 2, '00000000000001', '2014-04-02', '14:29:19', '2014-04-02', '14:29:19', '2014-04-02 08:59:19', 1, ''),
(46, 18, '000000000000007', '2014-04-03', '09:04:50', '2014-04-03', '09:04:50', '2014-04-03 03:34:50', 1, ''),
(47, 10, '011111111', '2014-04-03', '16:53:30', '2014-04-03', '16:53:30', '2014-04-03 11:23:30', 1, 'Test for invocie no'),
(48, 14, '000000000006', '2014-04-11', '10:27:14', '2014-04-11', '10:27:14', '2014-04-11 04:57:14', 1, ''),
(49, 2, '49', '2014-04-24', '11:51:03', '2014-04-24', '11:51:03', '2014-04-24 06:21:03', 1, 'Order'),
(50, 2, '50', '2014-05-07', '11:34:31', '2014-05-07', '11:34:31', '2014-05-07 06:04:31', 1, 'test1'),
(51, 18, '51', '2014-05-09', '08:56:29', '2014-05-09', '08:56:29', '2014-05-09 03:26:29', 1, ''),
(52, 10, '52', '2014-05-12', '13:40:09', '2014-05-12', '13:40:09', '2014-05-12 08:10:09', 1, 'Add'),
(53, 10, '53', '2014-05-12', '13:40:27', '2014-05-12', '13:40:27', '2014-05-12 08:10:27', 1, ''),
(54, 10, '54', '2014-05-12', '13:48:15', '2014-05-12', '13:48:15', '2014-05-12 08:18:15', 1, 'Add'),
(55, 10, '55', '2014-05-16', '14:34:28', '2014-05-16', '14:34:28', '2014-05-16 09:04:28', 1, 'Stock'),
(56, 10, '56', '2014-05-20', '10:28:02', '2014-05-20', '10:28:02', '2014-05-20 04:58:02', 1, 'Stock'),
(57, 10, '57', '2014-05-21', '10:33:56', '2014-05-21', '10:33:56', '2014-05-21 05:03:56', 1, 'stock'),
(58, 10, '58', '2014-05-21', '10:39:12', '2014-05-21', '10:39:12', '2014-05-21 05:09:12', 1, 'Stock'),
(59, 18, '59', '2014-05-21', '10:43:53', '2014-05-21', '10:43:53', '2014-05-21 05:13:53', 1, ''),
(60, 2, '60', '2014-05-21', '17:35:58', '2014-05-21', '17:35:58', '2014-05-21 12:05:58', 1, ''),
(61, 10, '61', '2014-05-22', '11:47:28', '2014-05-22', '11:47:28', '2014-05-22 06:17:28', 1, ''),
(62, 10, '62', '2014-05-23', '10:02:13', '2014-05-23', '10:02:13', '2014-05-23 04:32:13', 1, 'Stock'),
(63, 10, '63', '2014-05-23', '10:07:22', '2014-05-23', '10:07:22', '2014-05-23 04:37:22', 1, 'Stock'),
(64, 10, '64', '2014-05-16', '11:29:15', '2014-05-23', '11:29:15', '2014-05-23 05:59:15', 1, ''),
(65, 10, '65', '2014-05-23', '11:32:06', '2014-05-23', '11:32:06', '2014-05-23 06:02:06', 1, 'stock'),
(66, 10, '66', '2014-05-23', '11:51:41', '2014-05-23', '11:51:41', '2014-05-23 06:21:41', 1, 'Stock'),
(67, 10, '67', '2014-05-29', '12:00:08', '2014-05-29', '12:00:08', '2014-05-29 06:30:08', 1, '');

-- --------------------------------------------------------

--
-- Table structure for table `tbl_purchase_order_has_products`
--

CREATE TABLE IF NOT EXISTS `tbl_purchase_order_has_products` (
  `idl_purchase_order_has_products` int(11) NOT NULL AUTO_INCREMENT,
  `id_purchase_order` int(11) NOT NULL,
  `id_products` int(11) NOT NULL,
  `item_qty` decimal(20,2) NOT NULL,
  `product_discount` decimal(20,2) NOT NULL DEFAULT '0.00',
  `added_date` date NOT NULL,
  `added_time` time NOT NULL,
  `added_timestamp` timestamp NOT NULL DEFAULT CURRENT_TIMESTAMP ON UPDATE CURRENT_TIMESTAMP,
  `item_status` tinyint(4) NOT NULL DEFAULT '1',
  PRIMARY KEY (`idl_purchase_order_has_products`),
  KEY `fk_tbl_purchase_order_has_item_tbl_purchase_order1` (`id_purchase_order`),
  KEY `fk_tbl_purchase_order_has_products_tbl_products1` (`id_products`)
) ENGINE=InnoDB  DEFAULT CHARSET=latin1 AUTO_INCREMENT=285 ;

--
-- Dumping data for table `tbl_purchase_order_has_products`
--

INSERT INTO `tbl_purchase_order_has_products` (`idl_purchase_order_has_products`, `id_purchase_order`, `id_products`, `item_qty`, `product_discount`, `added_date`, `added_time`, `added_timestamp`, `item_status`) VALUES
(1, 17, 710, '180.00', '0.00', '2014-01-10', '09:48:25', '2014-01-10 04:18:25', 1),
(2, 17, 711, '119.00', '0.00', '2014-01-10', '09:48:25', '2014-01-10 04:18:25', 1),
(3, 18, 486, '205.00', '0.00', '2014-01-20', '14:14:53', '2014-01-20 08:44:53', 1),
(4, 19, 1, '9.00', '0.00', '2014-01-20', '15:29:05', '2014-01-20 09:59:05', 1),
(5, 20, 496, '50.00', '0.00', '2014-01-21', '12:52:23', '2014-01-21 07:22:23', 1),
(6, 21, 720, '8.00', '0.00', '2014-02-03', '16:12:13', '2014-02-03 10:42:13', 1),
(7, 22, 497, '110.00', '0.00', '2014-02-19', '13:39:48', '2014-02-19 08:09:48', 1),
(8, 22, 687, '136.00', '0.00', '2014-02-19', '13:39:48', '2014-02-19 08:09:48', 1),
(9, 22, 668, '21.00', '0.00', '2014-02-19', '13:39:48', '2014-02-19 08:09:48', 1),
(10, 22, 463, '18.00', '0.00', '2014-02-19', '13:39:48', '2014-02-19 08:09:48', 1),
(11, 22, 509, '156.00', '0.00', '2014-02-19', '13:39:48', '2014-02-19 08:09:48', 1),
(12, 22, 634, '15.00', '0.00', '2014-02-19', '13:39:48', '2014-02-19 08:09:48', 1),
(13, 22, 635, '13.00', '0.00', '2014-02-19', '13:39:48', '2014-02-19 08:09:48', 1),
(14, 22, 641, '57.00', '0.00', '2014-02-19', '13:39:48', '2014-02-19 08:09:48', 1),
(15, 22, 688, '113.00', '0.00', '2014-02-19', '13:39:48', '2014-02-19 08:09:48', 1),
(16, 22, 661, '15.00', '0.00', '2014-02-19', '13:39:48', '2014-02-19 08:09:48', 1),
(17, 22, 637, '54.00', '0.00', '2014-02-19', '13:39:48', '2014-02-19 08:09:48', 1),
(18, 22, 478, '21.00', '0.00', '2014-02-19', '13:39:48', '2014-02-19 08:09:48', 1),
(19, 22, 720, '41.00', '0.00', '2014-02-19', '13:39:48', '2014-02-19 08:09:48', 1),
(20, 22, 485, '86.00', '0.00', '2014-02-19', '13:39:48', '2014-02-19 08:09:48', 1),
(21, 22, 611, '7.00', '0.00', '2014-02-19', '13:39:48', '2014-02-19 08:09:48', 1),
(22, 22, 474, '180.00', '0.00', '2014-02-19', '13:39:48', '2014-02-19 08:09:48', 1),
(23, 22, 182, '585.00', '0.00', '2014-02-19', '13:39:48', '2014-02-19 08:09:48', 1),
(24, 23, 473, '73.00', '0.00', '2014-02-19', '13:49:13', '2014-02-19 08:19:13', 1),
(25, 23, 590, '43.00', '0.00', '2014-02-19', '13:49:13', '2014-02-19 08:19:13', 1),
(26, 23, 486, '95.00', '0.00', '2014-02-19', '13:49:13', '2014-02-19 08:19:13', 1),
(27, 23, 614, '34.00', '0.00', '2014-02-19', '13:49:13', '2014-02-19 08:19:13', 1),
(28, 23, 676, '160.00', '0.00', '2014-02-19', '13:49:13', '2014-02-19 08:19:13', 1),
(29, 23, 673, '28.00', '0.00', '2014-02-19', '13:49:13', '2014-02-19 08:19:13', 1),
(30, 23, 674, '70.00', '0.00', '2014-02-19', '13:49:13', '2014-02-19 08:19:13', 1),
(31, 23, 671, '135.00', '0.00', '2014-02-19', '13:49:13', '2014-02-19 08:19:13', 1),
(32, 23, 618, '88.00', '0.00', '2014-02-19', '13:49:13', '2014-02-19 08:19:13', 1),
(33, 23, 701, '205.00', '0.00', '2014-02-19', '13:49:13', '2014-02-19 08:19:13', 1),
(34, 23, 710, '103.00', '0.00', '2014-02-19', '13:49:13', '2014-02-19 08:19:13', 1),
(35, 23, 711, '41.00', '0.00', '2014-02-19', '13:49:13', '2014-02-19 08:19:13', 1),
(36, 24, 694, '110.00', '0.00', '2014-02-19', '15:18:15', '2014-02-19 09:48:15', 1),
(37, 24, 692, '16.00', '0.00', '2014-02-19', '15:18:15', '2014-02-19 09:48:15', 1),
(38, 24, 682, '53.00', '0.00', '2014-02-19', '15:18:15', '2014-02-19 09:48:15', 1),
(39, 24, 493, '38.00', '0.00', '2014-02-19', '15:18:15', '2014-02-19 09:48:15', 1),
(40, 24, 689, '86.00', '0.00', '2014-02-19', '15:18:15', '2014-02-19 09:48:15', 1),
(41, 24, 465, '86.00', '0.00', '2014-02-19', '15:18:15', '2014-02-19 09:48:15', 1),
(42, 24, 480, '564.00', '0.00', '2014-02-19', '15:18:15', '2014-02-19 09:48:15', 1),
(43, 24, 630, '80.00', '0.00', '2014-02-19', '15:18:15', '2014-02-19 09:48:15', 1),
(44, 24, 730, '169.00', '0.00', '2014-02-19', '15:18:15', '2014-02-19 09:48:15', 1),
(45, 24, 481, '125.00', '0.00', '2014-02-19', '15:18:15', '2014-02-19 09:48:15', 1),
(46, 24, 483, '280.00', '0.00', '2014-02-19', '15:18:15', '2014-02-19 09:48:15', 1),
(47, 24, 470, '27.00', '0.00', '2014-02-19', '15:18:15', '2014-02-19 09:48:16', 1),
(48, 24, 457, '10.00', '0.00', '2014-02-19', '15:18:15', '2014-02-19 09:48:16', 1),
(49, 24, 472, '40.00', '0.00', '2014-02-19', '15:18:16', '2014-02-19 09:48:16', 1),
(50, 24, 631, '127.00', '0.00', '2014-02-19', '15:18:16', '2014-02-19 09:48:16', 1),
(51, 24, 686, '101.00', '0.00', '2014-02-19', '15:18:16', '2014-02-19 09:48:16', 1),
(52, 24, 599, '155.00', '0.00', '2014-02-19', '15:18:16', '2014-02-19 09:48:16', 1),
(53, 24, 690, '96.00', '0.00', '2014-02-19', '15:18:16', '2014-02-19 09:48:16', 1),
(54, 24, 703, '113.00', '0.00', '2014-02-19', '15:18:16', '2014-02-19 09:48:16', 1),
(55, 25, 8, '78.00', '0.00', '2014-02-25', '12:46:59', '2014-02-25 07:16:59', 1),
(56, 25, 7, '27.00', '0.00', '2014-02-25', '12:46:59', '2014-02-25 07:16:59', 1),
(57, 25, 6, '18.00', '0.00', '2014-02-25', '12:46:59', '2014-02-25 07:16:59', 1),
(58, 25, 4, '28.00', '0.00', '2014-02-25', '12:46:59', '2014-02-25 07:16:59', 1),
(59, 25, 5, '1.00', '0.00', '2014-02-25', '12:46:59', '2014-02-25 07:16:59', 1),
(60, 25, 13, '2.00', '0.00', '2014-02-25', '12:46:59', '2014-02-25 07:16:59', 1),
(61, 25, 11, '1.00', '0.00', '2014-02-25', '12:46:59', '2014-02-25 07:16:59', 1),
(62, 25, 2, '2.00', '0.00', '2014-02-25', '12:46:59', '2014-02-25 07:16:59', 1),
(63, 25, 14, '262.00', '0.00', '2014-02-25', '12:46:59', '2014-02-25 07:16:59', 1),
(64, 25, 15, '2.00', '0.00', '2014-02-25', '12:46:59', '2014-02-25 07:16:59', 1),
(65, 25, 1, '1.00', '0.00', '2014-02-25', '12:46:59', '2014-02-25 07:16:59', 1),
(66, 26, 476, '180.00', '0.00', '2014-02-26', '13:57:58', '2014-02-26 08:27:58', 1),
(67, 27, 487, '585.00', '0.00', '2014-02-26', '14:13:53', '2014-02-26 08:43:53', 1),
(68, 27, 613, '43.00', '0.00', '2014-02-26', '14:13:53', '2014-02-26 08:43:53', 1),
(69, 28, 103, '1.00', '0.00', '2014-02-28', '12:11:29', '2014-02-28 06:41:29', 1),
(70, 29, 682, '56.00', '0.00', '2014-03-08', '20:46:52', '2014-03-08 15:16:52', 1),
(71, 29, 614, '138.00', '0.00', '2014-03-08', '20:46:52', '2014-03-08 15:16:52', 1),
(72, 29, 469, '160.00', '0.00', '2014-03-08', '20:46:52', '2014-03-08 15:16:52', 1),
(73, 29, 671, '127.00', '0.00', '2014-03-08', '20:46:52', '2014-03-08 15:16:52', 1),
(74, 29, 481, '12.00', '0.00', '2014-03-08', '20:46:52', '2014-03-08 15:16:52', 1),
(75, 29, 687, '150.00', '0.00', '2014-03-08', '20:46:52', '2014-03-08 15:16:52', 1),
(76, 29, 612, '5.00', '0.00', '2014-03-08', '20:46:52', '2014-03-08 15:16:52', 1),
(77, 29, 493, '19.00', '0.00', '2014-03-08', '20:46:52', '2014-03-08 15:16:52', 1),
(78, 29, 703, '199.00', '0.00', '2014-03-08', '20:46:52', '2014-03-08 15:16:52', 1),
(79, 29, 478, '16.00', '0.00', '2014-03-08', '20:46:52', '2014-03-08 15:16:52', 1),
(80, 30, 686, '100.00', '0.00', '2014-03-08', '21:02:36', '2014-03-08 15:32:36', 1),
(81, 30, 711, '51.00', '0.00', '2014-03-08', '21:02:36', '2014-03-08 15:32:36', 1),
(82, 30, 701, '50.00', '0.00', '2014-03-08', '21:02:36', '2014-03-08 15:32:36', 1),
(83, 30, 690, '265.00', '0.00', '2014-03-08', '21:02:36', '2014-03-08 15:32:36', 1),
(84, 30, 688, '227.00', '0.00', '2014-03-08', '21:02:36', '2014-03-08 15:32:36', 1),
(85, 30, 635, '16.00', '0.00', '2014-03-08', '21:02:36', '2014-03-08 15:32:36', 1),
(86, 30, 509, '15.00', '0.00', '2014-03-08', '21:02:36', '2014-03-08 15:32:36', 1),
(87, 30, 674, '10.00', '0.00', '2014-03-08', '21:02:36', '2014-03-08 15:32:36', 1),
(88, 30, 634, '2.00', '0.00', '2014-03-08', '21:02:36', '2014-03-08 15:32:36', 1),
(89, 30, 673, '38.00', '0.00', '2014-03-08', '21:02:36', '2014-03-08 15:32:36', 1),
(90, 30, 613, '17.00', '0.00', '2014-03-08', '21:02:36', '2014-03-08 15:32:36', 1),
(91, 30, 676, '16.00', '0.00', '2014-03-08', '21:02:36', '2014-03-08 15:32:36', 1),
(92, 30, 631, '21.00', '0.00', '2014-03-08', '21:02:36', '2014-03-08 15:32:36', 1),
(93, 30, 485, '24.00', '0.00', '2014-03-08', '21:02:36', '2014-03-08 15:32:36', 1),
(94, 31, 668, '27.00', '0.00', '2014-03-10', '14:42:58', '2014-03-10 09:12:58', 1),
(95, 31, 463, '6.00', '0.00', '2014-03-10', '14:42:58', '2014-03-10 09:12:58', 1),
(96, 31, 599, '30.00', '0.00', '2014-03-10', '14:42:58', '2014-03-10 09:12:58', 1),
(97, 31, 496, '32.00', '0.00', '2014-03-10', '14:42:58', '2014-03-10 09:12:58', 1),
(98, 31, 477, '16.00', '0.00', '2014-03-10', '14:42:58', '2014-03-10 09:12:58', 1),
(99, 31, 694, '51.00', '0.00', '2014-03-10', '14:42:58', '2014-03-10 09:12:58', 1),
(100, 31, 678, '12.00', '0.00', '2014-03-10', '14:42:58', '2014-03-10 09:12:58', 1),
(102, 32, 480, '330.00', '0.00', '2014-03-10', '15:59:17', '2014-03-10 10:29:17', 1),
(103, 32, 630, '75.00', '0.00', '2014-03-10', '15:59:17', '2014-03-10 10:29:17', 1),
(104, 32, 689, '80.00', '0.00', '2014-03-10', '15:59:17', '2014-03-10 10:29:17', 1),
(105, 32, 486, '300.00', '0.00', '2014-03-10', '15:59:17', '2014-03-10 10:29:17', 1),
(106, 32, 8, '30.00', '0.00', '2014-03-10', '15:59:17', '2014-03-10 10:29:17', 1),
(107, 32, 467, '16.00', '0.00', '2014-03-10', '15:59:17', '2014-03-10 10:29:17', 1),
(108, 32, 44, '20.00', '0.00', '2014-03-10', '15:59:17', '2014-03-10 10:29:17', 1),
(109, 32, 487, '39.00', '0.00', '2014-03-10', '15:59:17', '2014-03-10 10:29:17', 1),
(110, 33, 14, '126.00', '0.00', '2014-03-11', '15:49:53', '2014-03-11 10:19:53', 1),
(111, 34, 2, '1.00', '0.00', '2014-03-11', '15:56:13', '2014-03-11 10:26:13', 1),
(112, 34, 1, '1.00', '0.00', '2014-03-11', '15:56:13', '2014-03-11 10:26:13', 1),
(113, 34, 6, '8.00', '0.00', '2014-03-11', '15:56:13', '2014-03-11 10:26:13', 1),
(114, 34, 7, '22.00', '0.00', '2014-03-11', '15:56:13', '2014-03-11 10:26:13', 1),
(115, 34, 4, '49.00', '0.00', '2014-03-11', '15:56:13', '2014-03-11 10:26:13', 1),
(116, 34, 5, '4.00', '0.00', '2014-03-11', '15:56:13', '2014-03-11 10:26:13', 1),
(117, 35, 2, '15.00', '0.00', '2014-03-12', '10:15:34', '2014-03-12 04:45:34', 1),
(118, 35, 457, '4.00', '0.00', '2014-03-12', '10:15:34', '2014-03-12 04:45:34', 1),
(119, 35, 469, '30.00', '0.00', '2014-03-12', '10:15:34', '2014-03-12 04:45:34', 1),
(120, 35, 826, '1.00', '0.00', '2014-03-12', '10:15:34', '2014-03-12 04:45:34', 1),
(121, 36, 8, '60.00', '0.00', '2014-03-25', '13:47:56', '2014-03-25 08:17:56', 1),
(122, 36, 14, '480.00', '0.00', '2014-03-25', '13:47:56', '2014-03-25 08:17:56', 1),
(123, 36, 15, '12.00', '0.00', '2014-03-25', '13:47:56', '2014-03-25 08:17:56', 1),
(124, 37, 694, '70.00', '0.00', '2014-03-26', '19:01:33', '2014-03-26 13:31:33', 1),
(125, 37, 614, '220.00', '0.00', '2014-03-26', '19:01:33', '2014-03-26 13:31:33', 1),
(126, 37, 676, '19.00', '0.00', '2014-03-26', '19:01:33', '2014-03-26 13:31:33', 1),
(127, 37, 457, '10.00', '0.00', '2014-03-26', '19:01:33', '2014-03-26 13:31:33', 1),
(128, 37, 674, '10.00', '0.00', '2014-03-26', '19:01:33', '2014-03-26 13:31:33', 1),
(129, 37, 673, '59.00', '0.00', '2014-03-26', '19:01:33', '2014-03-26 13:31:33', 1),
(130, 37, 493, '67.00', '0.00', '2014-03-26', '19:01:33', '2014-03-26 13:31:33', 1),
(131, 37, 634, '21.00', '0.00', '2014-03-26', '19:01:33', '2014-03-26 13:31:33', 1),
(132, 37, 690, '190.00', '0.00', '2014-03-26', '19:01:33', '2014-03-26 13:31:33', 1),
(133, 37, 703, '544.00', '0.00', '2014-03-26', '19:01:33', '2014-03-26 13:31:33', 1),
(134, 37, 476, '90.00', '0.00', '2014-03-26', '19:01:33', '2014-03-26 13:31:33', 1),
(135, 37, 498, '61.00', '0.00', '2014-03-26', '19:01:33', '2014-03-26 13:31:33', 1),
(136, 37, 613, '39.00', '0.00', '2014-03-26', '19:01:33', '2014-03-26 13:31:33', 1),
(137, 37, 701, '90.00', '0.00', '2014-03-26', '19:01:33', '2014-03-26 13:31:33', 1),
(138, 37, 480, '420.00', '0.00', '2014-03-26', '19:01:33', '2014-03-26 13:31:33', 1),
(139, 37, 599, '210.00', '0.00', '2014-03-26', '19:01:33', '2014-03-26 13:31:33', 1),
(140, 37, 711, '198.00', '0.00', '2014-03-26', '19:01:33', '2014-03-26 13:31:33', 1),
(141, 37, 472, '103.00', '0.00', '2014-03-26', '19:01:33', '2014-03-26 13:31:33', 1),
(142, 37, 676, '40.00', '0.00', '2014-03-26', '19:01:33', '2014-03-26 13:31:33', 1),
(143, 38, 668, '24.00', '0.00', '2014-03-26', '19:18:19', '2014-03-26 13:48:19', 1),
(144, 38, 478, '9.00', '0.00', '2014-03-26', '19:18:19', '2014-03-26 13:48:19', 1),
(145, 38, 509, '90.00', '0.00', '2014-03-26', '19:18:19', '2014-03-26 13:48:19', 1),
(146, 38, 686, '120.00', '0.00', '2014-03-26', '19:18:19', '2014-03-26 13:48:19', 1),
(147, 38, 692, '10.00', '0.00', '2014-03-26', '19:18:19', '2014-03-26 13:48:19', 1),
(148, 38, 496, '50.00', '0.00', '2014-03-26', '19:18:19', '2014-03-26 13:48:19', 1),
(149, 38, 687, '210.00', '0.00', '2014-03-26', '19:18:19', '2014-03-26 13:48:19', 1),
(150, 38, 688, '433.00', '0.00', '2014-03-26', '19:18:19', '2014-03-26 13:48:19', 1),
(151, 38, 473, '120.00', '0.00', '2014-03-26', '19:18:19', '2014-03-26 13:48:20', 1),
(152, 38, 485, '210.00', '0.00', '2014-03-26', '19:18:19', '2014-03-26 13:48:20', 1),
(153, 38, 469, '73.00', '0.00', '2014-03-26', '19:18:20', '2014-03-26 13:48:20', 1),
(154, 38, 707, '27.00', '0.00', '2014-03-26', '19:18:20', '2014-03-26 13:48:20', 1),
(155, 38, 477, '21.00', '0.00', '2014-03-26', '19:18:20', '2014-03-26 13:48:20', 1),
(156, 38, 481, '10.00', '0.00', '2014-03-26', '19:18:20', '2014-03-26 13:48:20', 1),
(157, 38, 671, '49.00', '0.00', '2014-03-26', '19:18:20', '2014-03-26 13:48:20', 1),
(159, 39, 668, '24.00', '0.00', '2014-03-26', '19:18:20', '2014-03-26 13:48:20', 1),
(160, 39, 478, '9.00', '0.00', '2014-03-26', '19:18:20', '2014-03-26 13:48:20', 1),
(161, 39, 509, '90.00', '0.00', '2014-03-26', '19:18:20', '2014-03-26 13:48:20', 1),
(162, 39, 686, '120.00', '0.00', '2014-03-26', '19:18:20', '2014-03-26 13:48:20', 1),
(163, 39, 692, '10.00', '0.00', '2014-03-26', '19:18:20', '2014-03-26 13:48:20', 1),
(164, 39, 496, '50.00', '0.00', '2014-03-26', '19:18:20', '2014-03-26 13:48:20', 1),
(165, 39, 687, '210.00', '0.00', '2014-03-26', '19:18:20', '2014-03-26 13:48:20', 1),
(166, 39, 688, '433.00', '0.00', '2014-03-26', '19:18:20', '2014-03-26 13:48:20', 1),
(167, 39, 473, '120.00', '0.00', '2014-03-26', '19:18:20', '2014-03-26 13:48:20', 1),
(168, 39, 485, '210.00', '0.00', '2014-03-26', '19:18:20', '2014-03-26 13:48:20', 1),
(169, 39, 469, '73.00', '0.00', '2014-03-26', '19:18:20', '2014-03-26 13:48:20', 1),
(170, 39, 707, '27.00', '0.00', '2014-03-26', '19:18:20', '2014-03-26 13:48:20', 1),
(171, 39, 477, '21.00', '0.00', '2014-03-26', '19:18:20', '2014-03-26 13:48:20', 1),
(172, 39, 481, '10.00', '0.00', '2014-03-26', '19:18:20', '2014-03-26 13:48:20', 1),
(173, 39, 671, '49.00', '0.00', '2014-03-26', '19:18:20', '2014-03-26 13:48:20', 1),
(175, 40, 8, '107.00', '0.00', '2014-03-26', '19:24:38', '2014-03-26 13:54:38', 1),
(176, 40, 6, '41.00', '0.00', '2014-03-26', '19:24:38', '2014-03-26 13:54:38', 1),
(177, 40, 7, '32.00', '0.00', '2014-03-26', '19:24:38', '2014-03-26 13:54:38', 1),
(178, 40, 5, '61.00', '0.00', '2014-03-26', '19:24:38', '2014-03-26 13:54:38', 1),
(179, 40, 4, '62.00', '0.00', '2014-03-26', '19:24:38', '2014-03-26 13:54:38', 1),
(180, 40, 14, '504.00', '0.00', '2014-03-26', '19:24:38', '2014-03-26 13:54:38', 1),
(181, 40, 15, '139.00', '0.00', '2014-03-26', '19:24:38', '2014-03-26 13:54:38', 1),
(183, 41, 8, '80.00', '0.00', '2014-03-31', '14:21:00', '2014-03-31 08:51:00', 1),
(184, 41, 14, '480.00', '0.00', '2014-03-31', '14:21:00', '2014-03-31 08:51:00', 1),
(185, 41, 862, '1.00', '0.00', '2014-03-31', '14:21:00', '2014-03-31 08:51:00', 1),
(186, 42, 1, '23.00', '0.00', '2014-04-01', '09:27:47', '2014-04-01 03:57:47', 1),
(187, 42, 2, '20.00', '0.00', '2014-04-01', '09:27:47', '2014-04-01 03:57:47', 1),
(188, 42, 8, '100.00', '0.00', '2014-04-01', '09:27:47', '2014-04-01 03:57:47', 1),
(189, 42, 682, '100.00', '0.00', '2014-04-01', '09:27:47', '2014-04-01 03:57:47', 1),
(190, 42, 674, '100.00', '0.00', '2014-04-01', '09:27:47', '2014-04-01 03:57:47', 1),
(191, 42, 613, '50.00', '0.00', '2014-04-01', '09:27:47', '2014-04-01 03:57:47', 1),
(192, 42, 481, '150.00', '0.00', '2014-04-01', '09:27:47', '2014-04-01 03:57:47', 1),
(193, 42, 470, '30.00', '0.00', '2014-04-01', '09:27:47', '2014-04-01 03:57:47', 1),
(194, 42, 363, '50.00', '0.00', '2014-04-01', '09:27:47', '2014-04-01 03:57:47', 1),
(195, 42, 376, '50.00', '0.00', '2014-04-01', '09:27:47', '2014-04-01 03:57:47', 1),
(196, 42, 386, '5.00', '0.00', '2014-04-01', '09:27:47', '2014-04-01 03:57:47', 1),
(197, 42, 403, '50.00', '0.00', '2014-04-01', '09:27:47', '2014-04-01 03:57:47', 1),
(199, 43, 483, '60.00', '0.00', '2014-04-01', '09:56:44', '2014-04-01 04:26:44', 1),
(200, 43, 470, '22.00', '0.00', '2014-04-01', '09:56:44', '2014-04-01 04:26:44', 1),
(201, 43, 465, '60.00', '0.00', '2014-04-01', '09:56:44', '2014-04-01 04:26:44', 1),
(202, 43, 689, '310.00', '0.00', '2014-04-01', '09:56:44', '2014-04-01 04:26:44', 1),
(203, 43, 484, '280.00', '0.00', '2014-04-01', '09:56:44', '2014-04-01 04:26:44', 1),
(204, 43, 1, '5.00', '0.00', '2014-04-01', '09:56:44', '2014-04-01 04:26:44', 1),
(205, 43, 749, '250.00', '0.00', '2014-04-01', '09:56:44', '2014-04-01 04:26:44', 1),
(206, 43, 750, '190.00', '0.00', '2014-04-01', '09:56:44', '2014-04-01 04:26:44', 1),
(207, 43, 11, '2.00', '0.00', '2014-04-01', '09:56:44', '2014-04-01 04:26:44', 1),
(208, 44, 14, '480.00', '0.00', '2014-04-01', '12:17:44', '2014-04-01 06:47:44', 1),
(209, 45, 8, '1.00', '0.00', '2014-04-02', '14:29:19', '2014-04-02 08:59:19', 1),
(210, 46, 635, '53.00', '0.00', '2014-04-03', '09:04:50', '2014-04-03 03:34:50', 1),
(211, 47, 8, '1.00', '0.00', '2014-04-03', '16:53:30', '2014-04-03 11:23:30', 1),
(212, 48, 800, '1.00', '0.00', '2014-04-11', '10:27:14', '2014-04-11 04:57:14', 1),
(216, 49, 916, '4.00', '0.00', '2014-04-24', '11:51:03', '2014-04-24 06:21:03', 1),
(217, 50, 8, '2.00', '0.00', '2014-05-07', '11:34:31', '2014-05-07 06:04:31', 1),
(218, 51, 12, '1.00', '0.00', '2014-05-09', '08:56:29', '2014-05-09 03:26:29', 1),
(219, 52, 8, '1.00', '0.00', '2014-05-12', '13:40:09', '2014-05-12 08:10:09', 1),
(220, 53, 346, '1.00', '0.00', '2014-05-12', '13:40:27', '2014-05-12 08:10:27', 1),
(221, 54, 687, '50.00', '0.00', '2014-05-12', '13:48:15', '2014-05-12 08:18:15', 1),
(222, 54, 682, '50.00', '0.00', '2014-05-12', '13:48:15', '2014-05-12 08:18:15', 1),
(223, 54, 467, '50.00', '0.00', '2014-05-12', '13:48:15', '2014-05-12 08:18:15', 1),
(224, 54, 480, '1000.00', '0.00', '2014-05-12', '13:48:15', '2014-05-12 08:18:15', 1),
(225, 54, 481, '150.00', '0.00', '2014-05-12', '13:48:15', '2014-05-12 08:18:15', 1),
(226, 54, 469, '150.00', '0.00', '2014-05-12', '13:48:15', '2014-05-12 08:18:15', 1),
(227, 54, 457, '12.00', '0.00', '2014-05-12', '13:48:15', '2014-05-12 08:18:15', 1),
(228, 54, 611, '10.00', '0.00', '2014-05-12', '13:48:15', '2014-05-12 08:18:15', 1),
(229, 54, 631, '100.00', '0.00', '2014-05-12', '13:48:15', '2014-05-12 08:18:15', 1),
(230, 54, 686, '100.00', '0.00', '2014-05-12', '13:48:15', '2014-05-12 08:18:15', 1),
(231, 54, 614, '150.00', '0.00', '2014-05-12', '13:48:15', '2014-05-12 08:18:15', 1),
(232, 54, 599, '100.00', '0.00', '2014-05-12', '13:48:15', '2014-05-12 08:18:15', 1),
(233, 54, 674, '50.00', '0.00', '2014-05-12', '13:48:15', '2014-05-12 08:18:15', 1),
(234, 54, 690, '200.00', '0.00', '2014-05-12', '13:48:15', '2014-05-12 08:18:15', 1),
(235, 54, 700, '100.00', '0.00', '2014-05-12', '13:48:15', '2014-05-12 08:18:15', 1),
(236, 55, 746, '2.00', '0.00', '2014-05-16', '14:34:28', '2014-05-16 09:04:28', 1),
(237, 55, 751, '2.00', '0.00', '2014-05-16', '14:34:28', '2014-05-16 09:04:28', 1),
(238, 56, 8, '50.00', '0.00', '2014-05-20', '10:28:02', '2014-05-20 04:58:02', 1),
(239, 56, 682, '50.00', '0.00', '2014-05-20', '10:28:02', '2014-05-20 04:58:02', 1),
(240, 56, 614, '150.00', '0.00', '2014-05-20', '10:28:02', '2014-05-20 04:58:02', 1),
(241, 56, 674, '100.00', '0.00', '2014-05-20', '10:28:02', '2014-05-20 04:58:02', 1),
(242, 56, 690, '500.00', '0.00', '2014-05-20', '10:28:02', '2014-05-20 04:58:02', 1),
(243, 56, 630, '100.00', '0.00', '2014-05-20', '10:28:02', '2014-05-20 04:58:02', 1),
(244, 56, 730, '100.00', '0.00', '2014-05-20', '10:28:02', '2014-05-20 04:58:02', 1),
(245, 57, 682, '50.00', '0.00', '2014-05-21', '10:33:56', '2014-05-21 05:03:56', 1),
(246, 57, 614, '150.00', '0.00', '2014-05-21', '10:33:56', '2014-05-21 05:03:56', 1),
(247, 57, 674, '100.00', '0.00', '2014-05-21', '10:33:56', '2014-05-21 05:03:56', 1),
(248, 57, 690, '500.00', '0.00', '2014-05-21', '10:33:56', '2014-05-21 05:03:56', 1),
(249, 57, 630, '100.00', '0.00', '2014-05-21', '10:33:56', '2014-05-21 05:03:56', 1),
(250, 57, 730, '100.00', '0.00', '2014-05-21', '10:33:56', '2014-05-21 05:03:56', 1),
(251, 58, 890, '9.00', '0.00', '2014-05-21', '10:39:12', '2014-05-21 05:09:12', 1),
(252, 59, 796, '1.00', '0.00', '2014-05-21', '10:43:53', '2014-05-21 05:13:53', 1),
(253, 60, 8, '50.00', '0.00', '2014-05-21', '17:35:58', '2014-05-21 12:05:58', 1),
(254, 60, 1, '15.00', '0.00', '2014-05-21', '17:35:58', '2014-05-21 12:05:58', 1),
(255, 60, 2, '5.00', '0.00', '2014-05-21', '17:35:58', '2014-05-21 12:05:58', 1),
(256, 60, 4, '75.00', '0.00', '2014-05-21', '17:35:58', '2014-05-21 12:05:58', 1),
(257, 60, 5, '75.00', '0.00', '2014-05-21', '17:35:58', '2014-05-21 12:05:58', 1),
(258, 60, 879, '2.00', '0.00', '2014-05-21', '17:35:58', '2014-05-21 12:05:58', 1),
(259, 60, 884, '1.00', '0.00', '2014-05-21', '17:35:58', '2014-05-21 12:05:58', 1),
(260, 60, 457, '20.00', '0.00', '2014-05-21', '17:35:58', '2014-05-21 12:05:58', 1),
(261, 60, 472, '30.00', '0.00', '2014-05-21', '17:35:58', '2014-05-21 12:05:58', 1),
(262, 60, 486, '50.00', '0.00', '2014-05-21', '17:35:58', '2014-05-21 12:05:58', 1),
(263, 60, 686, '200.00', '0.00', '2014-05-21', '17:35:58', '2014-05-21 12:05:58', 1),
(264, 60, 673, '100.00', '0.00', '2014-05-21', '17:35:58', '2014-05-21 12:05:58', 1),
(265, 60, 619, '100.00', '0.00', '2014-05-21', '17:35:58', '2014-05-21 12:05:58', 1),
(266, 60, 690, '200.00', '0.00', '2014-05-21', '17:35:58', '2014-05-21 12:05:58', 1),
(267, 60, 710, '200.00', '0.00', '2014-05-21', '17:35:58', '2014-05-21 12:05:58', 1),
(268, 60, 700, '200.00', '0.00', '2014-05-21', '17:35:58', '2014-05-21 12:05:58', 1),
(269, 60, 701, '100.00', '0.00', '2014-05-21', '17:35:58', '2014-05-21 12:05:58', 1),
(270, 61, 8, '10.00', '0.00', '2014-05-22', '11:47:28', '2014-05-22 06:17:28', 1),
(271, 61, 155, '8.00', '0.00', '2014-05-22', '11:47:28', '2014-05-22 06:17:28', 1),
(272, 62, 707, '26.00', '0.00', '2014-05-23', '10:02:13', '2014-05-23 04:32:13', 1),
(273, 63, 469, '13.00', '0.00', '2014-05-23', '10:07:22', '2014-05-23 04:37:22', 1),
(274, 63, 468, '40.00', '0.00', '2014-05-23', '10:07:22', '2014-05-23 04:37:22', 1),
(275, 63, 498, '23.00', '0.00', '2014-05-23', '10:07:22', '2014-05-23 04:37:22', 1),
(276, 63, 667, '3.00', '0.00', '2014-05-23', '10:07:22', '2014-05-23 04:37:22', 1),
(277, 63, 620, '38.00', '0.00', '2014-05-23', '10:07:22', '2014-05-23 04:37:22', 1),
(278, 63, 700, '100.00', '0.00', '2014-05-23', '10:07:22', '2014-05-23 04:37:22', 1),
(279, 63, 709, '190.00', '0.00', '2014-05-23', '10:07:22', '2014-05-23 04:37:22', 1),
(280, 64, 489, '600.00', '0.00', '2014-05-23', '11:29:15', '2014-05-23 05:59:15', 1),
(281, 65, 489, '600.00', '0.00', '2014-05-23', '11:32:06', '2014-05-23 06:02:06', 1),
(282, 66, 486, '300.00', '0.00', '2014-05-23', '11:51:41', '2014-05-23 06:21:41', 1),
(283, 67, 8, '10.00', '0.00', '2014-05-29', '12:00:08', '2014-05-29 06:30:08', 1),
(284, 67, 226, '50.00', '0.00', '2014-05-29', '12:00:08', '2014-05-29 06:30:08', 1);

-- --------------------------------------------------------

--
-- Table structure for table `tbl_return_note`
--

CREATE TABLE IF NOT EXISTS `tbl_return_note` (
  `id_return_note` int(11) NOT NULL AUTO_INCREMENT,
  `id_employee_has_place` int(11) NOT NULL,
  `id_outlet_has_branch` int(11) NOT NULL,
  `id_sales_order` int(11) DEFAULT NULL,
  `return_note_code` varchar(100) DEFAULT NULL,
  `return_note_remark` text,
  `return_note_status` tinyint(4) NOT NULL DEFAULT '1',
  `added_date` date DEFAULT NULL,
  `added_time` time DEFAULT NULL,
  `added_timestamp` timestamp NOT NULL DEFAULT CURRENT_TIMESTAMP ON UPDATE CURRENT_TIMESTAMP,
  PRIMARY KEY (`id_return_note`),
  KEY `fk_tbl_return_note_tbl_employee_has_place1` (`id_employee_has_place`),
  KEY `fk_tbl_return_note_tbl_outlet_has_branch1` (`id_outlet_has_branch`),
  KEY `fk_tbl_return_note_tbl_sales_order1` (`id_sales_order`)
) ENGINE=InnoDB  DEFAULT CHARSET=latin1 AUTO_INCREMENT=23 ;

--
-- Dumping data for table `tbl_return_note`
--

INSERT INTO `tbl_return_note` (`id_return_note`, `id_employee_has_place`, `id_outlet_has_branch`, `id_sales_order`, `return_note_code`, `return_note_remark`, `return_note_status`, `added_date`, `added_time`, `added_timestamp`) VALUES
(2, 2, 234, 25, NULL, NULL, 1, '2014-02-10', '09:42:23', '2014-02-10 04:12:23'),
(3, 2, 60, 27, NULL, NULL, 1, '2014-02-21', '10:25:01', '2014-02-21 04:55:01'),
(4, 2, 60, 28, NULL, NULL, 1, '2014-02-21', '11:20:10', '2014-02-21 05:50:10'),
(5, 2, 125, 29, NULL, NULL, 1, '2014-02-21', '11:48:09', '2014-02-21 06:18:09'),
(8, 2, 84, 32, NULL, NULL, 1, '2014-02-21', '14:29:38', '2014-02-21 08:59:38'),
(9, 2, 41, 33, NULL, NULL, 1, '2014-02-21', '14:31:44', '2014-02-21 09:01:44'),
(10, 2, 234, 34, NULL, NULL, 1, '2014-02-21', '15:25:21', '2014-02-21 09:55:21'),
(11, 2, 234, 35, NULL, NULL, 1, '2014-02-21', '15:39:22', '2014-02-21 10:09:22'),
(15, 2, 72, 53, NULL, NULL, 1, '2014-02-27', '12:22:35', '2014-02-27 06:52:35'),
(16, 2, 72, 54, NULL, NULL, 1, '2014-02-27', '12:32:32', '2014-02-27 07:02:32'),
(17, 2, 56, 75, NULL, NULL, 1, '2014-03-11', '08:35:05', '2014-03-11 03:05:05'),
(18, 2, 47, 78, NULL, NULL, 1, '2014-03-11', '09:42:23', '2014-03-11 04:12:23'),
(19, 2, 41, 99, NULL, NULL, 1, '2014-03-28', '10:12:42', '2014-03-28 04:42:42'),
(20, 2, 129, 118, NULL, NULL, 1, '2014-04-11', '14:23:02', '2014-04-11 08:53:02'),
(21, 2, 74, 123, NULL, NULL, 1, '2014-04-24', '10:51:43', '2014-04-24 05:21:43'),
(22, 2, 82, 174, NULL, NULL, 1, '2014-05-13', '11:43:30', '2014-05-13 06:13:30');

-- --------------------------------------------------------

--
-- Table structure for table `tbl_return_note_product`
--

CREATE TABLE IF NOT EXISTS `tbl_return_note_product` (
  `id_return_note_product` int(11) NOT NULL AUTO_INCREMENT,
  `id_return_note` int(11) NOT NULL,
  `id_return_type` int(11) NOT NULL,
  `id_products` int(11) NOT NULL,
  `return_price` decimal(20,2) NOT NULL DEFAULT '0.00',
  `return_product_qty` decimal(20,2) NOT NULL DEFAULT '0.00',
  `return_invoice_no` varchar(45) NOT NULL,
  `discount` decimal(20,2) NOT NULL,
  `return_product_status` tinyint(4) NOT NULL DEFAULT '1',
  `added_date` date NOT NULL,
  `added_time` time NOT NULL,
  `added_timestamp` timestamp NULL DEFAULT CURRENT_TIMESTAMP ON UPDATE CURRENT_TIMESTAMP,
  `return_remaks` varchar(500) NOT NULL,
  PRIMARY KEY (`id_return_note_product`),
  KEY `fk_tbl_return_note_product_tbl_return_note1` (`id_return_note`),
  KEY `fk_tbl_return_note_product_tbl_return_type1` (`id_return_type`),
  KEY `fk_tbl_return_note_product_tbl_products1` (`id_products`)
) ENGINE=InnoDB  DEFAULT CHARSET=latin1 AUTO_INCREMENT=67 ;

--
-- Dumping data for table `tbl_return_note_product`
--

INSERT INTO `tbl_return_note_product` (`id_return_note_product`, `id_return_note`, `id_return_type`, `id_products`, `return_price`, `return_product_qty`, `return_invoice_no`, `discount`, `return_product_status`, `added_date`, `added_time`, `added_timestamp`, `return_remaks`) VALUES
(2, 2, 1, 8, '11190.00', '5.00', '', '0.00', 1, '2014-02-10', '09:42:23', '2014-02-10 04:12:23', ''),
(3, 3, 1, 326, '1334.00', '3.00', '', '348.00', 1, '2014-02-21', '10:25:01', '2014-02-21 04:55:01', ''),
(4, 3, 1, 246, '207.00', '4.00', '', '72.00', 1, '2014-02-21', '10:25:01', '2014-02-21 04:55:01', ''),
(5, 3, 1, 338, '441.60', '3.00', '', '115.20', 1, '2014-02-21', '10:25:01', '2014-02-21 04:55:01', ''),
(6, 3, 1, 229, '483.00', '3.00', '', '126.00', 1, '2014-02-21', '10:25:01', '2014-02-21 04:55:01', ''),
(7, 3, 1, 259, '414.00', '2.00', '', '72.00', 1, '2014-02-21', '10:25:01', '2014-02-21 04:55:01', ''),
(8, 3, 1, 286, '1104.00', '3.00', '', '288.00', 1, '2014-02-21', '10:25:01', '2014-02-21 04:55:01', ''),
(9, 3, 1, 255, '253.00', '18.00', '', '396.00', 1, '2014-02-21', '10:25:01', '2014-02-21 04:55:01', ''),
(10, 3, 1, 258, '23.00', '8.00', '', '16.00', 1, '2014-02-21', '10:25:01', '2014-02-21 04:55:01', ''),
(11, 3, 1, 277, '1449.00', '1.00', '', '126.00', 1, '2014-02-21', '10:25:01', '2014-02-21 04:55:01', ''),
(12, 3, 1, 276, '1334.00', '1.00', '', '116.00', 1, '2014-02-21', '10:25:01', '2014-02-21 04:55:01', ''),
(13, 3, 1, 322, '331.20', '1.00', '', '28.80', 1, '2014-02-21', '10:25:01', '2014-02-21 04:55:01', ''),
(14, 3, 1, 264, '207.00', '2.00', '', '36.00', 1, '2014-02-21', '10:25:01', '2014-02-21 04:55:01', ''),
(15, 4, 1, 674, '266.50', '2.00', '', '117.00', 1, '2014-02-21', '11:20:10', '2014-02-21 05:50:10', ''),
(16, 4, 1, 493, '676.50', '1.00', '', '148.50', 1, '2014-02-21', '11:20:10', '2014-02-21 05:50:10', ''),
(17, 4, 1, 673, '246.00', '1.00', '', '54.00', 1, '2014-02-21', '11:20:10', '2014-02-21 05:50:10', ''),
(18, 4, 1, 614, '246.00', '4.00', '', '216.00', 1, '2014-02-21', '11:20:10', '2014-02-21 05:50:10', ''),
(19, 4, 1, 496, '237.80', '2.00', '', '104.40', 1, '2014-02-21', '11:20:10', '2014-02-21 05:50:10', ''),
(20, 4, 1, 599, '226.32', '3.00', '', '149.04', 1, '2014-02-21', '11:20:10', '2014-02-21 05:50:10', ''),
(21, 4, 1, 470, '180.40', '2.00', '', '79.20', 1, '2014-02-21', '11:20:10', '2014-02-21 05:50:10', ''),
(22, 4, 1, 465, '147.60', '2.00', '', '64.80', 1, '2014-02-21', '11:20:10', '2014-02-21 05:50:10', ''),
(23, 4, 1, 477, '123.00', '2.00', '', '54.00', 1, '2014-02-21', '11:20:10', '2014-02-21 05:50:10', ''),
(24, 4, 1, 703, '118.90', '8.00', '', '208.80', 1, '2014-02-21', '11:20:10', '2014-02-21 05:50:10', ''),
(25, 4, 1, 467, '143.50', '2.00', '', '63.00', 1, '2014-02-21', '11:20:10', '2014-02-21 05:50:10', ''),
(26, 4, 1, 694, '69.70', '6.00', '', '91.80', 1, '2014-02-21', '11:20:10', '2014-02-21 05:50:10', ''),
(27, 4, 1, 668, '205.00', '1.00', '', '45.00', 1, '2014-02-21', '11:20:10', '2014-02-21 05:50:10', ''),
(28, 4, 1, 478, '500.20', '1.00', '', '109.80', 1, '2014-02-21', '11:20:10', '2014-02-21 05:50:10', ''),
(29, 5, 1, 1, '22900.00', '2.00', '', '0.00', 1, '2014-02-21', '11:48:09', '2014-02-21 06:18:09', ''),
(33, 8, 1, 8, '10060.00', '15.00', '', '16950.00', 1, '2014-02-21', '14:29:38', '2014-02-21 08:59:38', ''),
(34, 8, 1, 2, '15500.00', '2.00', '', '6600.00', 1, '2014-02-21', '14:29:38', '2014-02-21 08:59:38', ''),
(35, 9, 1, 277, '1417.50', '4.00', '', '630.00', 1, '2014-02-21', '14:31:44', '2014-02-21 09:01:44', ''),
(36, 10, 1, 8, '10090.00', '12.00', '', '13200.00', 1, '2014-02-21', '15:25:21', '2014-02-21 09:55:21', ''),
(37, 11, 1, 8, '10090.00', '12.00', '', '13200.00', 1, '2014-02-21', '15:39:22', '2014-02-21 10:09:22', ''),
(44, 15, 1, 6, '890.00', '1.00', '', '0.00', 1, '2014-02-27', '12:22:35', '2014-02-27 06:52:35', ''),
(45, 15, 1, 7, '1000.00', '1.00', '', '0.00', 1, '2014-02-27', '12:22:35', '2014-02-27 06:52:35', ''),
(46, 16, 1, 7, '1000.00', '1.00', '', '0.00', 1, '2014-02-27', '12:32:32', '2014-02-27 07:02:32', ''),
(47, 16, 1, 6, '890.00', '1.00', '', '0.00', 1, '2014-02-27', '12:32:32', '2014-02-27 07:02:32', ''),
(48, 17, 1, 1, '20900.00', '5.00', '', '0.00', 1, '2014-03-11', '08:35:05', '2014-03-11 03:05:05', ''),
(49, 18, 1, 1, '20900.00', '3.00', '', '0.00', 1, '2014-03-11', '09:42:23', '2014-03-11 04:12:23', ''),
(50, 19, 1, 7, '1000.00', '1.00', '', '0.00', 1, '2014-03-28', '10:12:42', '2014-03-28 04:42:42', ''),
(51, 20, 1, 7, '1000.00', '1.00', '', '0.00', 1, '2014-04-11', '14:23:02', '2014-04-11 08:53:02', ''),
(52, 20, 1, 6, '890.00', '3.00', '', '0.00', 1, '2014-04-11', '14:23:02', '2014-04-11 08:53:02', ''),
(53, 20, 1, 5, '600.00', '1.00', '', '0.00', 1, '2014-04-11', '14:23:02', '2014-04-11 08:53:02', ''),
(54, 21, 1, 671, '220.00', '20.00', '', '0.00', 1, '2014-04-24', '10:51:43', '2014-04-24 05:21:43', ''),
(55, 22, 1, 611, '410.00', '2.00', '', '0.00', 1, '2014-05-13', '11:43:30', '2014-05-13 06:13:30', ''),
(56, 22, 1, 720, '717.50', '3.00', '', '0.00', 1, '2014-05-13', '11:43:30', '2014-05-13 06:13:30', ''),
(57, 22, 1, 476, '54.12', '11.00', '', '0.00', 1, '2014-05-13', '11:43:30', '2014-05-13 06:13:30', ''),
(58, 22, 1, 674, '266.50', '5.00', '', '0.00', 1, '2014-05-13', '11:43:30', '2014-05-13 06:13:30', ''),
(59, 22, 1, 613, '188.60', '6.00', '', '0.00', 1, '2014-05-13', '11:43:30', '2014-05-13 06:13:30', ''),
(60, 22, 1, 710, '44.28', '9.00', '', '0.00', 1, '2014-05-13', '11:43:30', '2014-05-13 06:13:30', ''),
(61, 22, 1, 671, '225.50', '6.00', '', '0.00', 1, '2014-05-13', '11:43:30', '2014-05-13 06:13:30', ''),
(62, 22, 1, 632, '44.28', '1.00', '', '0.00', 1, '2014-05-13', '11:43:30', '2014-05-13 06:13:30', ''),
(63, 22, 1, 703, '118.90', '7.00', '', '0.00', 1, '2014-05-13', '11:43:30', '2014-05-13 06:13:30', ''),
(64, 22, 1, 687, '49.20', '10.00', '', '0.00', 1, '2014-05-13', '11:43:30', '2014-05-13 06:13:30', ''),
(65, 22, 1, 484, '9.84', '74.00', '', '0.00', 1, '2014-05-13', '11:43:30', '2014-05-13 06:13:30', ''),
(66, 22, 1, 676, '147.60', '10.00', '', '0.00', 1, '2014-05-13', '11:43:30', '2014-05-13 06:13:30', '');

-- --------------------------------------------------------

--
-- Table structure for table `tbl_return_type`
--

CREATE TABLE IF NOT EXISTS `tbl_return_type` (
  `id_return_type` int(11) NOT NULL AUTO_INCREMENT,
  `return_type` varchar(100) NOT NULL,
  `return_type_remark` varchar(500) DEFAULT NULL,
  `return_type_status` tinyint(4) NOT NULL DEFAULT '1',
  `added_date` date NOT NULL,
  `added_time` time NOT NULL,
  `added_timestamp` timestamp NOT NULL DEFAULT CURRENT_TIMESTAMP ON UPDATE CURRENT_TIMESTAMP,
  PRIMARY KEY (`id_return_type`)
) ENGINE=InnoDB  DEFAULT CHARSET=latin1 AUTO_INCREMENT=3 ;

--
-- Dumping data for table `tbl_return_type`
--

INSERT INTO `tbl_return_type` (`id_return_type`, `return_type`, `return_type_remark`, `return_type_status`, `added_date`, `added_time`, `added_timestamp`) VALUES
(1, 'Sales Return', NULL, 1, '2013-12-13', '09:18:59', '2013-12-13 13:16:44'),
(2, 'Market Return', NULL, 1, '2013-12-13', '09:18:59', '2013-12-13 13:17:44');

-- --------------------------------------------------------

--
-- Table structure for table `tbl_sales_order`
--

CREATE TABLE IF NOT EXISTS `tbl_sales_order` (
  `id_sales_order` int(11) NOT NULL AUTO_INCREMENT,
  `id_employee_has_place` int(11) NOT NULL,
  `id_outlet_has_branch` int(11) NOT NULL,
  `sales_order_code` varchar(100) DEFAULT 'N/A',
  `sales_order_remark` text,
  `sales_order_status` tinyint(4) NOT NULL DEFAULT '1',
  `added_date` date DEFAULT NULL,
  `added_time` time DEFAULT NULL,
  `added_timestamp` timestamp NOT NULL DEFAULT CURRENT_TIMESTAMP ON UPDATE CURRENT_TIMESTAMP,
  PRIMARY KEY (`id_sales_order`),
  KEY `fk_tbl_sales_order_tbl_employee_has_place2` (`id_employee_has_place`),
  KEY `fk_tbl_sales_order_tbl_outlet_has_branch1` (`id_outlet_has_branch`)
) ENGINE=InnoDB  DEFAULT CHARSET=latin1 AUTO_INCREMENT=204 ;

--
-- Dumping data for table `tbl_sales_order`
--

INSERT INTO `tbl_sales_order` (`id_sales_order`, `id_employee_has_place`, `id_outlet_has_branch`, `sales_order_code`, `sales_order_remark`, `sales_order_status`, `added_date`, `added_time`, `added_timestamp`) VALUES
(1, 2, 53, 'N/A', NULL, 1, '2014-01-10', '11:04:43', '2014-01-10 05:37:46'),
(2, 2, 53, 'N/A', NULL, 1, '2014-01-10', '11:19:15', '2014-01-10 05:52:22'),
(3, 2, 56, 'N/A', NULL, 1, '2014-01-10', '12:29:55', '2014-01-10 07:03:01'),
(4, 2, 36, 'N/A', NULL, 1, '2014-01-20', '02:36:41', '2014-01-20 09:12:23'),
(5, 2, 125, 'N/A', NULL, 1, '2014-01-21', '12:46:19', '2014-01-21 07:23:42'),
(6, 2, 34, 'N/A', NULL, 1, '2014-01-21', '01:17:34', '2014-01-21 07:51:01'),
(7, 2, 66, 'N/A', NULL, 1, '2014-01-22', '03:21:26', '2014-01-22 09:54:51'),
(8, 2, 49, 'N/A', NULL, 1, '2014-01-23', '11:43:02', '2014-01-23 06:16:39'),
(11, 2, 60, 'N/A', NULL, 0, '2014-01-28', '09:48:12', '2014-01-28 05:58:01'),
(12, 2, 94, 'N/A', NULL, 1, '2014-01-28', '11:23:30', '2014-01-28 05:57:09'),
(13, 2, 129, 'N/A', NULL, 0, '2014-01-28', '12:48:11', '2014-01-28 10:19:46'),
(14, 2, 49, 'N/A', NULL, 1, '2014-01-31', '10:36:49', '2014-01-31 05:10:32'),
(15, 2, 56, 'N/A', NULL, 1, '2014-01-31', '12:57:04', '2014-01-31 07:30:48'),
(16, 2, 60, 'N/A', NULL, 1, '2014-01-31', '06:54:37', '2014-01-31 13:28:41'),
(17, 2, 70, 'N/A', NULL, 0, '2014-02-03', '10:48:12', '2014-02-03 05:28:52'),
(19, 2, 70, 'N/A', NULL, 1, '2014-02-03', '11:03:21', '2014-02-03 05:33:21'),
(20, 2, 130, 'N/A', NULL, 0, '2014-02-03', '11:17:28', '2014-02-03 05:48:14'),
(21, 2, 130, 'N/A', NULL, 1, '2014-02-03', '11:20:22', '2014-02-03 05:50:22'),
(23, 2, 51, 'N/A', NULL, 1, '2014-02-06', '14:49:33', '2014-02-06 09:19:33'),
(24, 2, 41, 'N/A', NULL, 0, '2014-02-06', '03:51:37', '2014-02-06 10:31:00'),
(25, 2, 234, 'N/A', '', 1, '2014-02-10', '09:42:23', '2014-02-10 04:12:23'),
(26, 2, 235, 'N/A', NULL, 1, '2014-02-20', '12:05:31', '2014-02-20 06:40:32'),
(27, 2, 60, 'N/A', '', 1, '2014-02-21', '10:25:01', '2014-02-21 04:55:01'),
(28, 2, 60, 'N/A', '', 1, '2014-02-21', '11:20:10', '2014-02-21 05:50:10'),
(29, 2, 125, 'N/A', '', 1, '2014-02-21', '11:48:09', '2014-02-21 06:18:09'),
(32, 2, 84, 'N/A', '', 1, '2014-02-21', '14:29:38', '2014-02-21 08:59:38'),
(33, 2, 41, 'N/A', '', 1, '2014-02-21', '14:31:44', '2014-02-21 09:01:44'),
(34, 2, 234, 'N/A', '', 0, '2014-02-21', '15:25:21', '2014-02-21 09:56:04'),
(35, 2, 234, 'N/A', '', 1, '2014-02-21', '15:39:22', '2014-02-21 10:09:22'),
(36, 2, 33, 'N/A', NULL, 1, '2014-02-21', '08:48:53', '2014-02-24 08:18:08'),
(37, 2, 236, 'N/A', NULL, 0, '2014-02-24', '03:37:12', '2014-02-26 03:46:31'),
(38, 2, 236, 'N/A', NULL, 1, '2014-02-25', '09:18:28', '2014-02-25 04:07:25'),
(40, 2, 56, 'N/A', NULL, 1, '2014-02-26', '08:31:14', '2014-02-26 03:05:45'),
(41, 10, 132, 'N/A', '', 0, '2014-02-26', '11:29:10', '2014-02-26 06:00:06'),
(42, 11, 162, 'N/A', NULL, 1, '2014-02-26', '11:56:39', '2014-04-04 10:37:44'),
(46, 2, 58, 'N/A', '', 1, '2014-02-26', '12:29:00', '2014-02-26 06:59:00'),
(47, 11, 239, 'N/A', NULL, 1, '2014-02-26', '01:13:17', '2014-04-04 10:37:57'),
(48, 2, 54, 'N/A', NULL, 1, '2014-02-27', '09:45:40', '2014-02-27 04:20:31'),
(49, 10, 132, 'N/A', '', 0, '2014-02-27', '10:44:19', '2014-02-27 05:17:59'),
(53, 2, 72, 'N/A', '', 0, '2014-02-27', '12:22:35', '2014-02-27 06:53:41'),
(54, 2, 72, 'N/A', '', 1, '2014-02-27', '12:32:32', '2014-02-27 07:02:32'),
(55, 10, 194, 'N/A', NULL, 0, '2014-02-28', '11:39:10', '2014-03-04 05:02:45'),
(56, 2, 70, 'N/A', NULL, 1, '2014-03-03', '11:02:42', '2014-03-03 05:37:25'),
(57, 2, 70, 'N/A', NULL, 1, '2014-03-03', '11:10:43', '2014-03-03 05:45:22'),
(58, 2, 36, 'N/A', NULL, 1, '2014-03-03', '11:41:54', '2014-03-03 06:16:41'),
(59, 2, 30, 'N/A', NULL, 1, '2014-03-03', '12:14:40', '2014-03-03 06:49:24'),
(60, 2, 26, 'N/A', NULL, 1, '2014-03-03', '12:59:47', '2014-03-03 07:34:45'),
(61, 2, 47, 'N/A', NULL, 1, '2014-03-04', '08:17:40', '2014-03-04 02:52:19'),
(62, 11, 187, 'N/A', '', 1, '2014-03-05', '09:39:17', '2014-04-04 10:38:26'),
(63, 11, 162, 'N/A', '', 1, '2014-03-05', '10:07:53', '2014-04-04 10:38:12'),
(65, 9, 41, 'N/A', NULL, 0, '2014-03-05', '01:28:26', '2014-03-05 08:06:36'),
(66, 2, 129, 'N/A', '', 1, '2014-03-05', '13:36:03', '2014-03-05 08:06:03'),
(67, 2, 89, 'N/A', '', 1, '2014-03-05', '13:49:08', '2014-03-05 08:19:08'),
(68, 2, 129, 'N/A', '', 1, '2014-03-05', '13:53:26', '2014-03-05 08:23:26'),
(69, 2, 74, 'N/A', NULL, 0, '2014-03-05', '02:24:38', '2014-03-05 09:04:19'),
(70, 9, 46, 'N/A', NULL, 0, '2014-03-05', '02:31:07', '2014-03-05 09:10:48'),
(71, 9, 46, 'N/A', NULL, 0, '2014-03-05', '03:36:04', '2014-03-05 10:50:41'),
(72, 2, 129, 'N/A', '', 1, '2014-03-07', '14:26:48', '2014-03-07 08:56:48'),
(73, 2, 71, 'N/A', '', 1, '2014-03-10', '15:58:35', '2014-03-10 10:28:35'),
(74, 2, 129, 'N/A', '', 1, '2014-03-10', '16:07:11', '2014-03-10 10:37:11'),
(75, 2, 56, 'N/A', '', 1, '2014-03-11', '08:35:05', '2014-03-11 03:05:05'),
(76, 2, 56, 'N/A', '', 1, '2014-03-11', '08:37:17', '2014-03-11 03:07:17'),
(77, 2, 56, 'N/A', '', 1, '2014-03-11', '08:37:18', '2014-03-11 03:07:18'),
(78, 2, 47, 'N/A', '', 1, '2014-03-11', '09:42:23', '2014-03-11 04:12:23'),
(79, 2, 56, 'N/A', '', 1, '2014-03-11', '09:44:06', '2014-03-11 04:14:06'),
(80, 2, 129, 'N/A', '', 1, '2014-03-11', '10:45:02', '2014-03-11 05:15:02'),
(81, 2, 129, 'N/A', '', 1, '2014-03-11', '10:46:19', '2014-03-11 05:16:19'),
(82, 15, 272, 'N/A', NULL, 0, '2014-03-11', '12:34:26', '2014-03-11 07:18:07'),
(83, 14, 243, 'N/A', NULL, 0, '2014-03-11', '12:39:00', '2014-03-11 07:17:55'),
(84, 14, 291, 'N/A', NULL, 1, '2014-03-11', '01:36:35', '2014-03-11 08:14:30'),
(85, 2, 129, 'N/A', '', 1, '2014-03-11', '14:47:09', '2014-03-11 09:17:09'),
(86, 2, 129, 'N/A', '', 0, '2014-03-11', '15:09:16', '2014-03-12 05:52:28'),
(87, 15, 248, 'N/A', NULL, 1, '2014-03-14', '07:57:44', '2014-03-14 02:35:55'),
(88, 2, 129, 'N/A', '', 1, '2014-03-14', '11:11:09', '2014-03-14 05:41:09'),
(89, 15, 267, 'N/A', NULL, 1, '2014-03-14', '12:15:09', '2014-03-14 06:55:36'),
(90, 2, 96, 'N/A', '', 1, '2014-03-19', '11:04:20', '2014-03-19 05:34:20'),
(91, 2, 96, 'N/A', '', 1, '2014-03-19', '11:07:27', '2014-03-19 05:37:27'),
(92, 15, 293, 'N/A', NULL, 1, '2014-03-20', '02:11:44', '2014-03-20 08:50:01'),
(93, 15, 248, 'N/A', NULL, 1, '2014-03-25', '01:08:17', '2014-03-25 07:47:31'),
(94, 15, 344, 'N/A', NULL, 1, '2014-03-25', '01:17:55', '2014-03-25 07:56:19'),
(95, 15, 293, 'N/A', NULL, 1, '2014-03-26', '11:44:05', '2014-03-26 06:23:03'),
(96, 18, 294, 'N/A', '', 0, '2014-03-27', '10:03:57', '2014-04-24 09:30:10'),
(97, 19, 300, 'N/A', NULL, 0, '2014-03-27', '11:00:09', '2014-03-27 06:59:20'),
(98, 15, 240, 'N/A', NULL, 1, '2014-03-27', '04:41:14', '2014-03-27 11:19:43'),
(99, 2, 41, 'N/A', '', 1, '2014-03-28', '10:12:42', '2014-03-28 04:42:42'),
(100, 2, 41, 'N/A', '', 1, '2014-03-28', '10:19:47', '2014-03-28 04:49:47'),
(101, 15, 345, 'N/A', NULL, 1, '2014-03-31', '11:31:34', '2014-03-31 07:03:55'),
(102, 15, 286, 'N/A', NULL, 1, '2014-03-31', '01:28:36', '2014-03-31 08:07:13'),
(103, 15, 254, 'N/A', NULL, 1, '2014-03-31', '05:34:02', '2014-03-31 12:12:42'),
(104, 15, 254, 'N/A', NULL, 1, '2014-03-31', '05:35:11', '2014-03-31 12:13:49'),
(105, 15, 248, 'N/A', NULL, 1, '2014-03-31', '05:53:51', '2014-03-31 12:32:28'),
(106, 15, 259, 'N/A', NULL, 1, '2014-03-31', '07:36:02', '2014-03-31 14:14:57'),
(107, 15, 293, 'N/A', NULL, 1, '2014-03-31', '07:38:15', '2014-03-31 14:16:53'),
(108, 15, 281, 'N/A', NULL, 1, '2014-03-31', '07:43:56', '2014-03-31 14:22:37'),
(109, 19, 328, 'N/A', NULL, 0, '2014-03-28', '05:10:01', '2014-04-24 09:31:58'),
(110, 19, 328, 'N/A', NULL, 0, '2014-04-02', '10:40:01', '2014-04-07 05:09:10'),
(111, 19, 333, 'N/A', NULL, 0, '2014-04-02', '10:44:11', '2014-04-24 09:32:12'),
(112, 18, 295, 'N/A', '', 0, '2014-04-02', '13:44:32', '2014-04-02 09:03:34'),
(113, 18, 295, 'N/A', '', 1, '2014-04-02', '14:00:40', '2014-04-02 08:30:40'),
(114, 19, 339, 'N/A', NULL, 0, '2014-04-08', '10:01:14', '2014-04-24 09:32:32'),
(115, 10, 132, 'N/A', '', 1, '2014-04-08', '11:01:21', '2014-04-08 05:31:21'),
(116, 2, 74, 'N/A', '', 1, '2014-04-09', '12:01:56', '2014-04-09 06:31:56'),
(117, 18, 339, 'N/A', '', 0, '2014-04-11', '08:32:32', '2014-04-24 09:31:00'),
(118, 2, 129, 'N/A', '', 1, '2014-04-11', '14:23:02', '2014-04-11 08:53:02'),
(119, 19, 312, 'N/A', NULL, 0, '2014-04-21', '11:06:53', '2014-04-24 09:32:50'),
(120, 19, 312, 'N/A', NULL, 1, '2014-04-21', '03:17:09', '2014-04-21 11:25:11'),
(121, 2, 129, 'N/A', '', 1, '2014-04-23', '15:26:22', '2014-04-23 09:56:22'),
(122, 20, 38, 'N/A', NULL, 1, '2014-04-23', '04:25:57', '2014-04-23 11:02:14'),
(123, 2, 74, 'N/A', '', 1, '2014-04-24', '10:51:43', '2014-04-24 05:21:43'),
(124, 2, 33, 'N/A', '', 0, '2014-04-24', '15:41:11', '2014-04-24 11:03:14'),
(125, 2, 33, 'N/A', '', 0, '2014-04-24', '16:42:12', '2014-04-25 04:43:40'),
(126, 18, 296, 'N/A', '', 1, '2014-04-24', '22:10:13', '2014-04-24 16:40:13'),
(127, 18, 295, 'N/A', '', 1, '2014-04-24', '22:25:28', '2014-04-24 16:55:28'),
(128, 18, 295, 'N/A', '', 1, '2014-04-24', '22:43:32', '2014-04-24 17:13:32'),
(129, 2, 33, 'N/A', '', 1, '2014-04-25', '10:21:47', '2014-04-25 04:51:47'),
(130, 2, 33, 'N/A', '', 1, '2014-04-25', '10:36:43', '2014-04-25 05:06:43'),
(131, 2, 129, 'N/A', '', 0, '2014-04-25', '10:58:23', '2014-04-25 05:29:46'),
(132, 2, 129, 'N/A', '', 1, '2014-04-25', '11:07:08', '2014-04-25 05:37:08'),
(133, 19, 331, 'N/A', NULL, 1, '2014-04-25', '01:28:52', '2014-04-25 08:05:10'),
(134, 19, 334, 'N/A', NULL, 1, '2014-04-25', '01:39:44', '2014-04-25 08:16:27'),
(135, 19, 328, 'N/A', NULL, 1, '2014-04-25', '04:13:39', '2014-04-25 10:50:01'),
(136, 20, 58, 'N/A', NULL, 1, '2014-04-28', '11:21:08', '2014-04-28 05:57:35'),
(137, 2, 113, 'N/A', '', 1, '2014-04-28', '14:58:47', '2014-04-28 09:28:47'),
(138, 2, 129, 'N/A', '', 1, '2014-04-28', '15:05:20', '2014-04-28 09:35:20'),
(145, 2, 129, 'N/A', '', 1, '2014-04-28', '15:16:05', '2014-04-28 09:46:05'),
(146, 2, 129, 'N/A', '', 1, '2014-04-28', '15:22:05', '2014-04-28 09:52:05'),
(154, 2, 129, 'N/A', '', 1, '2014-04-29', '13:26:48', '2014-04-29 07:56:48'),
(155, 2, 71, 'N/A', '', 1, '2014-04-29', '13:33:31', '2014-04-29 08:03:31'),
(156, 2, 71, 'N/A', '', 1, '2014-04-29', '13:33:40', '2014-04-29 08:03:40'),
(157, 19, 294, 'N/A', NULL, 1, '2014-04-30', '12:04:40', '2014-04-30 06:42:41'),
(158, 19, 315, 'N/A', NULL, 1, '2014-04-30', '04:31:33', '2014-04-30 11:08:01'),
(159, 19, 327, 'N/A', NULL, 1, '2014-05-02', '12:50:20', '2014-05-02 07:26:52'),
(160, 2, 79, 'N/A', '', 1, '2014-05-03', '09:25:57', '2014-05-03 03:55:57'),
(161, 11, 191, 'N/A', NULL, 1, '2014-05-06', '02:24:23', '2014-05-06 09:01:01'),
(162, 11, 194, 'N/A', NULL, 1, '2014-05-06', '02:35:24', '2014-05-06 09:12:04'),
(163, 11, 195, 'N/A', NULL, 1, '2014-05-06', '02:48:16', '2014-05-06 09:24:56'),
(164, 11, 221, 'N/A', NULL, 1, '2014-05-06', '03:06:29', '2014-05-06 09:43:08'),
(165, 11, 135, 'N/A', NULL, 1, '2014-05-07', '08:45:54', '2014-05-07 03:22:33'),
(166, 11, 195, 'N/A', NULL, 1, '2014-05-07', '09:53:11', '2014-05-07 04:29:52'),
(167, 11, 189, 'N/A', NULL, 1, '2014-05-07', '10:46:42', '2014-05-07 05:23:23'),
(168, 11, 189, 'N/A', NULL, 1, '2014-05-07', '11:22:07', '2014-05-07 05:58:46'),
(169, 2, 33, 'N/A', '', 1, '2014-05-07', '14:16:32', '2014-05-07 08:46:32'),
(170, 2, 33, 'N/A', '', 1, '2014-05-07', '14:28:08', '2014-05-07 08:58:08'),
(171, 19, 298, 'N/A', NULL, 1, '2014-05-08', '11:48:56', '2014-05-08 06:25:38'),
(172, 11, 195, 'N/A', NULL, 1, '2014-05-08', '02:50:53', '2014-05-08 09:27:39'),
(173, 10, 132, 'N/A', '', 1, '2014-05-08', '15:46:29', '2014-05-08 10:16:29'),
(174, 2, 82, 'N/A', '', 1, '2014-05-13', '11:43:30', '2014-05-13 06:13:30'),
(175, 2, 129, 'N/A', '', 1, '2014-05-13', '11:45:00', '2014-05-13 06:15:00'),
(176, 2, 109, 'N/A', '', 1, '2014-05-13', '11:50:32', '2014-05-13 06:20:32'),
(177, 18, 318, 'N/A', '', 1, '2014-05-13', '12:48:59', '2014-05-13 07:18:59'),
(178, 2, 129, 'N/A', '', 1, '2014-05-13', '14:49:46', '2014-05-13 09:19:46'),
(179, 2, 129, 'N/A', '', 1, '2014-05-13', '14:55:14', '2014-05-13 09:25:14'),
(180, 27, 84, 'N/A', NULL, 1, '2014-05-13', '02:56:28', '2014-05-13 09:33:40'),
(181, 2, 129, 'N/A', '', 1, '2014-05-13', '15:12:18', '2014-05-13 09:42:19'),
(182, 19, 311, 'N/A', NULL, 1, '2014-05-16', '09:25:54', '2014-05-16 04:02:54'),
(183, 27, 94, 'N/A', NULL, 1, '2014-05-16', '12:15:15', '2014-05-16 10:23:15'),
(184, 27, 94, 'N/A', NULL, 1, '2014-05-16', '12:32:16', '2014-05-16 10:36:30'),
(185, 27, 92, 'N/A', NULL, 1, '2014-05-16', '04:28:45', '2014-05-16 11:05:39'),
(186, 2, 41, 'N/A', '', 0, '2014-05-19', '09:50:57', '2014-05-19 04:51:32'),
(187, 2, 74, 'N/A', '', 1, '2014-05-19', '09:59:11', '2014-05-19 04:29:11'),
(188, 2, 41, 'N/A', '', 1, '2014-05-19', '10:30:38', '2014-05-19 05:00:38'),
(189, 15, 344, 'N/A', NULL, 1, '2014-05-20', '01:31:30', '2014-05-20 08:20:57'),
(190, 15, 345, 'N/A', NULL, 1, '2014-05-20', '01:34:56', '2014-05-20 08:22:23'),
(191, 15, 292, 'N/A', NULL, 1, '2014-05-20', '01:36:17', '2014-05-20 08:23:32'),
(192, 2, 33, 'N/A', '', 1, '2014-05-21', '10:17:42', '2014-05-21 04:47:42'),
(193, 11, 193, 'N/A', NULL, 1, '2014-05-21', '11:31:19', '2014-05-21 06:08:26'),
(194, 11, 135, 'N/A', NULL, 1, '2014-05-21', '12:01:30', '2014-05-21 06:38:37'),
(195, 11, 135, 'N/A', NULL, 1, '2014-05-21', '12:17:24', '2014-05-21 06:54:27'),
(196, 11, 193, 'N/A', NULL, 1, '2014-05-21', '02:43:35', '2014-05-21 09:20:43'),
(197, 11, 138, 'N/A', NULL, 1, '2014-05-21', '02:48:21', '2014-05-21 09:25:27'),
(198, 10, 132, 'N/A', '', 1, '2014-05-22', '11:57:40', '2014-05-22 06:27:40'),
(199, 2, 59, 'N/A', '', 1, '2014-05-22', '12:10:34', '2014-05-22 06:40:34'),
(200, 11, 190, 'N/A', NULL, 1, '2014-05-22', '04:16:19', '2014-05-22 10:53:26'),
(201, 11, 188, 'N/A', NULL, 1, '2014-06-03', '09:39:52', '2014-06-03 04:06:26'),
(202, 11, 189, 'N/A', NULL, 1, '2014-06-03', '09:51:03', '2014-06-03 10:34:52'),
(203, 11, 134, 'N/A', NULL, 1, '2014-06-03', '12:05:41', '2014-06-03 10:35:39');

-- --------------------------------------------------------

--
-- Table structure for table `tbl_sales_order_products`
--

CREATE TABLE IF NOT EXISTS `tbl_sales_order_products` (
  `id_sales_order_products` int(11) NOT NULL AUTO_INCREMENT,
  `id_sales_order` int(11) NOT NULL,
  `id_products` int(11) NOT NULL,
  `product_qty` decimal(20,2) NOT NULL DEFAULT '0.00',
  `product_price` decimal(20,2) NOT NULL DEFAULT '0.00',
  `sales_order_products_status` tinyint(4) NOT NULL DEFAULT '1',
  `added_date` date DEFAULT NULL,
  `added_time` time DEFAULT NULL,
  `added_timestamp` timestamp NOT NULL DEFAULT CURRENT_TIMESTAMP ON UPDATE CURRENT_TIMESTAMP,
  `free_qty` decimal(20,2) NOT NULL DEFAULT '0.00',
  `discount` decimal(20,2) NOT NULL DEFAULT '0.00',
  PRIMARY KEY (`id_sales_order_products`),
  KEY `fk_tbl_sales_order_products_tbl_products1` (`id_products`),
  KEY `fk_tbl_sales_order_products_tbl_sales_order1` (`id_sales_order`)
) ENGINE=InnoDB  DEFAULT CHARSET=latin1 AUTO_INCREMENT=469 ;

--
-- Dumping data for table `tbl_sales_order_products`
--

INSERT INTO `tbl_sales_order_products` (`id_sales_order_products`, `id_sales_order`, `id_products`, `product_qty`, `product_price`, `sales_order_products_status`, `added_date`, `added_time`, `added_timestamp`, `free_qty`, `discount`) VALUES
(1, 1, 687, '30.00', '48.00', 1, '2014-01-10', '11:04:43', '2014-01-10 05:37:46', '0.00', '360.00'),
(2, 1, 494, '50.00', '116.00', 1, '2014-01-10', '11:04:43', '2014-01-10 05:37:46', '0.00', '1450.00'),
(3, 2, 494, '50.00', '118.90', 1, '2014-01-10', '11:19:15', '2014-01-10 05:52:22', '0.00', '1305.00'),
(4, 2, 687, '30.00', '49.20', 1, '2014-01-10', '11:19:15', '2014-01-10 05:52:22', '0.00', '324.00'),
(5, 3, 690, '20.00', '152.52', 1, '2014-01-10', '12:29:55', '2014-01-10 07:03:01', '0.00', '669.60'),
(6, 3, 483, '20.00', '9.02', 1, '2014-01-10', '12:29:55', '2014-01-10 07:03:01', '0.00', '39.60'),
(7, 4, 614, '10.00', '249.00', 1, '2014-01-20', '02:36:41', '2014-01-20 09:12:23', '0.00', '510.00'),
(8, 4, 682, '10.00', '311.25', 1, '2014-01-20', '02:36:41', '2014-01-20 09:12:23', '0.00', '637.50'),
(9, 4, 494, '20.00', '120.35', 1, '2014-01-20', '02:36:41', '2014-01-20 09:12:23', '0.00', '493.00'),
(10, 4, 486, '100.00', '4.98', 1, '2014-01-20', '02:36:41', '2014-01-20 09:12:23', '0.00', '102.00'),
(11, 4, 676, '10.00', '149.40', 1, '2014-01-20', '02:36:41', '2014-01-20 09:12:23', '0.00', '306.00'),
(12, 4, 686, '10.00', '41.50', 1, '2014-01-20', '02:36:41', '2014-01-20 09:12:23', '0.00', '85.00'),
(13, 4, 710, '20.00', '44.82', 1, '2014-01-20', '02:36:41', '2014-01-20 09:12:23', '0.00', '183.60'),
(14, 4, 711, '10.00', '290.50', 1, '2014-01-20', '02:36:41', '2014-01-20 09:12:23', '0.00', '595.00'),
(15, 4, 476, '10.00', '54.78', 1, '2014-01-20', '02:36:41', '2014-01-20 09:12:23', '0.00', '112.20'),
(16, 4, 688, '10.00', '18.26', 1, '2014-01-20', '02:36:41', '2014-01-20 09:12:23', '0.00', '37.40'),
(17, 4, 286, '5.00', '1116.00', 1, '2014-01-20', '02:36:41', '2014-01-20 09:12:23', '0.00', '420.00'),
(18, 4, 206, '5.00', '325.50', 1, '2014-01-20', '02:36:41', '2014-01-20 09:12:23', '0.00', '122.50'),
(19, 4, 457, '1.00', '4523.50', 1, '2014-01-20', '02:36:41', '2014-01-20 09:12:23', '0.00', '926.50'),
(20, 5, 1, '2.00', '20900.00', 1, '2014-01-21', '12:46:19', '2014-01-21 07:23:42', '0.00', '4000.00'),
(21, 6, 674, '10.00', '266.50', 1, '2014-01-21', '01:17:34', '2014-01-21 07:51:01', '0.00', '585.00'),
(22, 6, 673, '20.00', '246.00', 1, '2014-01-21', '01:17:34', '2014-01-21 07:51:01', '0.00', '1080.00'),
(23, 6, 710, '20.00', '44.28', 1, '2014-01-21', '01:17:34', '2014-01-21 07:51:01', '0.00', '194.40'),
(24, 6, 599, '20.00', '226.32', 1, '2014-01-21', '01:17:34', '2014-01-21 07:51:01', '0.00', '993.60'),
(25, 6, 480, '20.00', '77.90', 1, '2014-01-21', '01:17:34', '2014-01-21 07:51:01', '0.00', '342.00'),
(26, 6, 493, '5.00', '676.50', 1, '2014-01-21', '01:17:34', '2014-01-21 07:51:01', '0.00', '742.50'),
(27, 6, 496, '10.00', '237.80', 1, '2014-01-21', '01:17:34', '2014-01-21 07:51:01', '0.00', '522.00'),
(28, 6, 686, '10.00', '41.00', 1, '2014-01-21', '01:17:34', '2014-01-21 07:51:01', '0.00', '90.00'),
(29, 6, 494, '10.00', '118.90', 1, '2014-01-21', '01:17:34', '2014-01-21 07:51:01', '0.00', '261.00'),
(30, 7, 710, '100.00', '44.28', 1, '2014-01-22', '03:21:26', '2014-01-22 09:54:51', '0.00', '972.00'),
(31, 7, 674, '50.00', '266.50', 1, '2014-01-22', '03:21:26', '2014-01-22 09:54:51', '0.00', '2925.00'),
(32, 8, 14, '24.00', '550.00', 1, '2014-01-23', '11:43:02', '2014-01-23 06:16:39', '0.00', '1200.00'),
(33, 8, 457, '1.00', '4469.00', 1, '2014-01-23', '11:43:02', '2014-01-23 06:16:39', '0.00', '981.00'),
(36, 11, 486, '100.00', '4.92', 1, '2014-01-28', '09:48:12', '2014-01-28 04:21:43', '0.00', '108.00'),
(37, 12, 469, '12.00', '69.70', 1, '2014-01-28', '11:23:30', '2014-01-28 05:57:09', '0.00', '183.60'),
(38, 12, 493, '3.00', '676.50', 1, '2014-01-28', '11:23:30', '2014-01-28 05:57:09', '0.00', '445.50'),
(39, 12, 690, '12.00', '152.52', 1, '2014-01-28', '11:23:30', '2014-01-28 05:57:09', '0.00', '401.76'),
(40, 12, 671, '12.00', '225.50', 1, '2014-01-28', '11:23:30', '2014-01-28 05:57:09', '0.00', '594.00'),
(41, 12, 599, '12.00', '226.32', 1, '2014-01-28', '11:23:30', '2014-01-28 05:57:09', '0.00', '596.16'),
(42, 12, 483, '24.00', '9.02', 1, '2014-01-28', '11:23:30', '2014-01-28 05:57:09', '0.00', '47.52'),
(43, 12, 676, '12.00', '147.60', 1, '2014-01-28', '11:23:30', '2014-01-28 05:57:09', '0.00', '388.80'),
(44, 12, 496, '2.00', '237.80', 1, '2014-01-28', '11:23:30', '2014-01-28 05:57:09', '0.00', '104.40'),
(45, 13, 486, '10.00', '4.80', 1, '2014-01-28', '12:48:11', '2014-01-28 07:21:46', '0.00', '12.00'),
(46, 14, 369, '1.00', '1545.60', 1, '2014-01-31', '10:36:49', '2014-01-31 05:10:32', '0.00', '134.40'),
(47, 14, 403, '5.00', '625.60', 1, '2014-01-31', '10:36:49', '2014-01-31 05:10:32', '0.00', '272.00'),
(48, 15, 244, '10.00', '142.60', 1, '2014-01-31', '12:57:04', '2014-01-31 07:30:48', '0.00', '124.00'),
(49, 15, 710, '20.00', '44.28', 1, '2014-01-31', '12:57:04', '2014-01-31 07:30:48', '0.00', '194.40'),
(50, 16, 682, '10.00', '307.50', 1, '2014-01-31', '06:54:37', '2014-01-31 13:28:41', '0.00', '675.00'),
(51, 17, 682, '20.00', '357.00', 1, '2014-02-03', '10:48:12', '2014-02-03 05:18:12', '0.00', '360.00'),
(53, 19, 682, '20.00', '307.50', 1, '2014-02-03', '11:03:21', '2014-02-03 05:33:21', '0.00', '1350.00'),
(54, 20, 710, '10.00', '44.82', 1, '2014-02-03', '11:17:28', '2014-02-03 05:47:28', '0.00', '91.80'),
(55, 20, 632, '0.00', '45.00', 1, '2014-02-03', '11:17:28', '2014-02-03 05:47:28', '0.00', '0.00'),
(56, 21, 710, '10.00', '44.82', 1, '2014-02-03', '11:20:22', '2014-02-03 05:50:22', '0.00', '91.80'),
(57, 21, 632, '10.00', '44.82', 1, '2014-02-03', '11:20:22', '2014-02-03 05:50:22', '0.00', '91.80'),
(58, 21, 711, '10.00', '290.50', 1, '2014-02-03', '11:20:22', '2014-02-03 05:50:22', '0.00', '595.00'),
(59, 21, 614, '10.00', '249.00', 1, '2014-02-03', '11:20:22', '2014-02-03 05:50:22', '0.00', '510.00'),
(61, 23, 277, '5.00', '1449.00', 1, '2014-02-06', '14:49:33', '2014-02-06 09:19:33', '0.00', '630.00'),
(62, 23, 599, '15.00', '226.32', 1, '2014-02-06', '14:49:33', '2014-02-06 09:19:33', '0.00', '745.20'),
(63, 24, 493, '2.00', '825.00', 1, '2014-02-06', '03:51:37', '2014-02-06 10:25:32', '0.00', '0.00'),
(64, 26, 674, '5.00', '269.75', 1, '2014-02-20', '12:05:31', '2014-02-20 06:40:32', '0.00', '276.25'),
(65, 26, 599, '5.00', '229.08', 1, '2014-02-20', '12:05:31', '2014-02-20 06:40:32', '0.00', '234.60'),
(66, 26, 614, '5.00', '249.00', 1, '2014-02-20', '12:05:31', '2014-02-20 06:40:32', '0.00', '255.00'),
(67, 26, 480, '10.00', '78.85', 1, '2014-02-20', '12:05:31', '2014-02-20 06:40:32', '0.00', '161.50'),
(68, 26, 476, '5.00', '54.78', 1, '2014-02-20', '12:05:31', '2014-02-20 06:40:32', '0.00', '56.10'),
(69, 26, 8, '3.00', '10090.00', 1, '2014-02-20', '12:05:31', '2014-02-20 06:40:32', '0.00', '3300.00'),
(70, 36, 599, '30.00', '226.32', 1, '2014-02-21', '08:48:53', '2014-02-24 08:18:08', '0.00', '1490.40'),
(71, 37, 8, '5.00', '10090.00', 1, '2014-02-24', '03:37:12', '2014-02-25 04:07:24', '0.00', '5500.00'),
(72, 38, 8, '5.00', '10090.00', 1, '2014-02-25', '09:18:28', '2014-02-25 04:07:25', '0.00', '5500.00'),
(73, 38, 476, '30.00', '54.12', 1, '2014-02-25', '09:18:28', '2014-02-25 04:07:25', '0.00', '356.40'),
(74, 38, 632, '15.00', '44.28', 1, '2014-02-25', '09:18:28', '2014-02-25 04:07:25', '0.00', '145.80'),
(75, 38, 486, '20.00', '4.92', 1, '2014-02-25', '09:18:28', '2014-02-25 04:07:25', '0.00', '21.60'),
(80, 40, 1, '5.00', '20900.00', 1, '2014-02-26', '08:31:14', '2014-02-26 03:05:45', '0.00', '10000.00'),
(81, 41, 8, '1.00', '10294.80', 1, '2014-02-26', '11:29:10', '2014-02-26 05:59:10', '0.00', '895.20'),
(82, 42, 8, '2.00', '10590.00', 1, '2014-02-26', '11:56:39', '2014-02-26 06:31:16', '0.00', '1200.00'),
(83, 42, 6, '3.00', '840.00', 1, '2014-02-26', '11:56:39', '2014-02-26 06:31:16', '0.00', '450.00'),
(84, 42, 7, '13.00', '1000.00', 1, '2014-02-26', '11:56:39', '2014-02-26 06:31:16', '0.00', '2600.00'),
(85, 42, 4, '3.00', '446.25', 1, '2014-02-26', '11:56:39', '2014-02-26 06:31:16', '0.00', '236.25'),
(91, 46, 599, '20.00', '226.32', 1, '2014-02-26', '12:29:00', '2014-02-26 06:59:00', '0.00', '993.60'),
(92, 46, 674, '20.00', '266.50', 1, '2014-02-26', '12:29:00', '2014-02-26 06:59:00', '0.00', '1170.00'),
(93, 46, 703, '20.00', '118.90', 1, '2014-02-26', '12:29:00', '2014-02-26 06:59:00', '0.00', '522.00'),
(94, 46, 690, '20.00', '152.52', 1, '2014-02-26', '12:29:00', '2014-02-26 06:59:00', '0.00', '669.60'),
(95, 46, 613, '6.00', '188.60', 1, '2014-02-26', '12:29:00', '2014-02-26 06:59:00', '0.00', '248.40'),
(96, 47, 463, '1.00', '114.75', 1, '2014-02-26', '01:13:17', '2014-02-26 07:47:51', '0.00', '20.25'),
(97, 47, 480, '4.00', '80.75', 1, '2014-02-26', '01:13:17', '2014-02-26 07:47:51', '0.00', '57.00'),
(98, 47, 14, '24.00', '550.00', 1, '2014-02-26', '01:13:17', '2014-02-26 07:47:51', '0.00', '1200.00'),
(99, 48, 614, '20.00', '240.00', 1, '2014-02-27', '09:45:40', '2014-02-27 04:20:31', '0.00', '1200.00'),
(100, 48, 480, '100.00', '76.00', 1, '2014-02-27', '09:45:40', '2014-02-27 04:20:31', '0.00', '1900.00'),
(101, 48, 493, '10.00', '660.00', 1, '2014-02-27', '09:45:40', '2014-02-27 04:20:31', '0.00', '1650.00'),
(102, 49, 8, '1.00', '10294.80', 1, '2014-02-27', '10:44:19', '2014-02-27 05:14:19', '0.00', '895.20'),
(104, 55, 487, '10.00', '5.52', 1, '2014-02-28', '11:39:10', '2014-02-28 06:18:53', '0.00', '4.80'),
(105, 56, 599, '20.00', '220.80', 1, '2014-03-03', '11:02:42', '2014-03-03 05:37:25', '0.00', '1104.00'),
(106, 56, 668, '6.00', '200.00', 1, '2014-03-03', '11:02:42', '2014-03-03 05:37:25', '0.00', '300.00'),
(107, 56, 620, '20.00', '75.20', 1, '2014-03-03', '11:02:42', '2014-03-03 05:37:25', '0.00', '376.00'),
(108, 56, 671, '20.00', '220.00', 1, '2014-03-03', '11:02:42', '2014-03-03 05:37:25', '0.00', '1100.00'),
(109, 56, 690, '20.00', '148.80', 1, '2014-03-03', '11:02:42', '2014-03-03 05:37:25', '0.00', '744.00'),
(110, 56, 711, '5.00', '280.00', 1, '2014-03-03', '11:02:42', '2014-03-03 05:37:25', '0.00', '350.00'),
(111, 56, 476, '20.00', '52.80', 1, '2014-03-03', '11:02:42', '2014-03-03 05:37:25', '0.00', '264.00'),
(112, 56, 496, '5.00', '232.00', 1, '2014-03-03', '11:02:42', '2014-03-03 05:37:25', '0.00', '290.00'),
(113, 57, 8, '3.00', '10090.00', 1, '2014-03-03', '11:10:43', '2014-03-03 05:45:22', '0.00', '3300.00'),
(114, 58, 481, '20.00', '28.70', 1, '2014-03-03', '11:41:54', '2014-03-03 06:16:41', '0.00', '126.00'),
(115, 58, 641, '20.00', '78.72', 1, '2014-03-03', '11:41:54', '2014-03-03 06:16:41', '0.00', '345.60'),
(116, 58, 619, '20.00', '12.30', 1, '2014-03-03', '11:41:54', '2014-03-03 06:16:41', '0.00', '54.00'),
(117, 58, 690, '10.00', '152.52', 1, '2014-03-03', '11:41:54', '2014-03-03 06:16:41', '0.00', '334.80'),
(118, 58, 403, '3.00', '625.60', 1, '2014-03-03', '11:41:54', '2014-03-03 06:16:41', '0.00', '163.20'),
(119, 58, 363, '3.00', '386.40', 1, '2014-03-03', '11:41:54', '2014-03-03 06:16:41', '0.00', '100.80'),
(120, 59, 1, '1.00', '20900.00', 1, '2014-03-03', '12:14:40', '2014-03-03 06:49:24', '0.00', '2000.00'),
(121, 60, 480, '50.00', '77.90', 1, '2014-03-03', '12:59:47', '2014-03-03 07:34:45', '0.00', '855.00'),
(122, 60, 671, '5.00', '225.50', 1, '2014-03-03', '12:59:47', '2014-03-03 07:34:45', '0.00', '247.50'),
(123, 60, 682, '3.00', '307.50', 1, '2014-03-03', '12:59:47', '2014-03-03 07:34:45', '0.00', '202.50'),
(124, 60, 620, '10.00', '77.08', 1, '2014-03-03', '12:59:47', '2014-03-03 07:34:45', '0.00', '169.20'),
(125, 60, 632, '20.00', '44.28', 1, '2014-03-03', '12:59:47', '2014-03-03 07:34:45', '0.00', '194.40'),
(126, 60, 641, '5.00', '78.72', 1, '2014-03-03', '12:59:47', '2014-03-03 07:34:45', '0.00', '86.40'),
(127, 60, 613, '6.00', '188.60', 1, '2014-03-03', '12:59:47', '2014-03-03 07:34:45', '0.00', '248.40'),
(128, 60, 457, '2.00', '4469.00', 1, '2014-03-03', '12:59:47', '2014-03-03 07:34:45', '0.00', '1962.00'),
(129, 60, 286, '2.00', '1104.00', 1, '2014-03-03', '12:59:47', '2014-03-03 07:34:45', '0.00', '192.00'),
(130, 60, 277, '2.00', '1449.00', 1, '2014-03-03', '12:59:47', '2014-03-03 07:34:45', '0.00', '252.00'),
(131, 60, 206, '2.00', '322.00', 1, '2014-03-03', '12:59:47', '2014-03-03 07:34:45', '0.00', '56.00'),
(132, 60, 246, '2.00', '207.00', 1, '2014-03-03', '12:59:47', '2014-03-03 07:34:45', '0.00', '36.00'),
(133, 60, 255, '3.00', '253.00', 1, '2014-03-03', '12:59:47', '2014-03-03 07:34:46', '0.00', '66.00'),
(134, 60, 229, '2.00', '483.00', 1, '2014-03-03', '12:59:47', '2014-03-03 07:34:46', '0.00', '84.00'),
(135, 60, 403, '3.00', '625.60', 1, '2014-03-03', '12:59:47', '2014-03-03 07:34:46', '0.00', '163.20'),
(136, 60, 361, '3.00', '515.20', 1, '2014-03-03', '12:59:47', '2014-03-03 07:34:46', '0.00', '134.40'),
(137, 60, 363, '3.00', '386.40', 1, '2014-03-03', '12:59:47', '2014-03-03 07:34:46', '0.00', '100.80'),
(138, 61, 1, '3.00', '20900.00', 1, '2014-03-04', '08:17:40', '2014-03-04 02:52:19', '0.00', '6000.00'),
(139, 62, 7, '12.00', '1000.00', 1, '2014-03-05', '09:39:17', '2014-03-05 04:09:17', '0.00', '2400.00'),
(140, 63, 4, '10.00', '446.25', 1, '2014-03-05', '10:07:53', '2014-03-05 04:37:53', '0.00', '787.50'),
(142, 65, 8, '1.00', '11190.00', 1, '2014-03-05', '01:28:26', '2014-03-05 08:04:21', '0.00', '0.00'),
(143, 66, 8, '4.00', '10090.00', 1, '2014-03-05', '13:36:03', '2014-03-05 08:06:03', '0.00', '4400.00'),
(144, 67, 480, '100.00', '80.75', 1, '2014-03-05', '13:49:08', '2014-03-05 08:19:08', '0.00', '1425.00'),
(145, 67, 690, '20.00', '158.10', 1, '2014-03-05', '13:49:08', '2014-03-05 08:19:08', '0.00', '558.00'),
(146, 67, 483, '50.00', '9.35', 1, '2014-03-05', '13:49:08', '2014-03-05 08:19:08', '0.00', '82.50'),
(147, 68, 403, '1.00', '612.00', 1, '2014-03-05', '13:53:26', '2014-03-05 08:23:26', '0.00', '68.00'),
(148, 69, 8, '1.00', '11190.00', 1, '2014-03-05', '02:24:38', '2014-03-05 09:00:33', '0.00', '0.00'),
(149, 70, 8, '1.00', '11190.00', 1, '2014-03-05', '02:31:07', '2014-03-05 09:07:01', '0.00', '0.00'),
(150, 71, 8, '1.00', '11190.00', 1, '2014-03-05', '03:36:04', '2014-03-05 10:11:58', '0.00', '0.00'),
(151, 72, 4, '15.00', '420.00', 1, '2014-03-07', '14:26:48', '2014-03-07 08:56:48', '0.00', '1575.00'),
(152, 73, 599, '20.00', '226.32', 1, '2014-03-10', '15:58:35', '2014-03-10 10:28:35', '0.00', '993.60'),
(153, 73, 632, '50.00', '44.28', 1, '2014-03-10', '15:58:35', '2014-03-10 10:28:35', '0.00', '486.00'),
(154, 73, 614, '20.00', '246.00', 1, '2014-03-10', '15:58:35', '2014-03-10 10:28:35', '0.00', '1080.00'),
(155, 73, 673, '20.00', '246.00', 1, '2014-03-10', '15:58:35', '2014-03-10 10:28:35', '0.00', '1080.00'),
(156, 73, 613, '20.00', '188.60', 1, '2014-03-10', '15:58:35', '2014-03-10 10:28:35', '0.00', '828.00'),
(157, 74, 1, '1.00', '20900.00', 1, '2014-03-10', '16:07:11', '2014-03-10 10:37:11', '0.00', '2000.00'),
(158, 76, 1, '2.00', '20900.00', 1, '2014-03-11', '08:37:17', '2014-03-11 03:07:17', '0.00', '4000.00'),
(159, 77, 1, '2.00', '20900.00', 1, '2014-03-11', '08:37:18', '2014-03-11 03:07:18', '0.00', '4000.00'),
(160, 79, 1, '3.00', '20900.00', 1, '2014-03-11', '09:44:06', '2014-03-11 04:14:06', '0.00', '6000.00'),
(161, 80, 480, '50.00', '76.00', 1, '2014-03-11', '10:45:02', '2014-03-11 05:15:02', '0.00', '950.00'),
(162, 80, 614, '10.00', '246.00', 1, '2014-03-11', '10:45:02', '2014-03-11 05:15:02', '0.00', '540.00'),
(163, 81, 480, '50.00', '76.00', 1, '2014-03-11', '10:46:19', '2014-03-11 05:16:19', '0.00', '950.00'),
(164, 81, 614, '10.00', '240.00', 1, '2014-03-11', '10:46:19', '2014-03-11 05:16:19', '0.00', '600.00'),
(165, 82, 630, '1.00', '67.50', 1, '2014-03-11', '12:34:26', '2014-03-11 07:12:28', '0.00', '7.50'),
(166, 82, 8, '1.00', '10071.00', 1, '2014-03-11', '12:34:26', '2014-03-11 07:12:28', '0.00', '1119.00'),
(167, 82, 711, '5.00', '287.00', 1, '2014-03-11', '12:34:26', '2014-03-11 07:12:28', '0.00', '315.00'),
(168, 82, 687, '20.00', '49.20', 1, '2014-03-11', '12:34:26', '2014-03-11 07:12:28', '0.00', '216.00'),
(169, 83, 711, '1.00', '350.00', 1, '2014-03-11', '12:39:00', '2014-03-11 07:16:51', '0.00', '0.00'),
(170, 84, 480, '10.00', '77.90', 1, '2014-03-11', '01:36:35', '2014-03-11 08:14:30', '0.00', '171.00'),
(171, 85, 566, '0.00', '0.00', 1, '2014-03-11', '14:47:09', '2014-03-11 09:17:09', '0.00', '0.00'),
(172, 86, 635, '10.00', '180.00', 1, '2014-03-11', '15:09:16', '2014-03-11 09:39:16', '0.00', '450.00'),
(173, 87, 671, '15.00', '220.00', 1, '2014-03-14', '07:57:44', '2014-03-14 02:35:55', '0.00', '825.00'),
(174, 87, 480, '50.00', '76.00', 1, '2014-03-14', '07:57:44', '2014-03-14 02:35:55', '0.00', '950.00'),
(175, 87, 674, '10.00', '260.00', 1, '2014-03-14', '07:57:44', '2014-03-14 02:35:55', '0.00', '650.00'),
(176, 88, 599, '32.00', '220.80', 1, '2014-03-14', '11:11:09', '2014-03-14 05:41:09', '0.00', '1766.40'),
(177, 88, 480, '20.00', '76.00', 1, '2014-03-14', '11:11:09', '2014-03-14 05:41:09', '0.00', '380.00'),
(178, 88, 673, '13.00', '240.00', 1, '2014-03-14', '11:11:09', '2014-03-14 05:41:09', '0.00', '780.00'),
(179, 88, 671, '20.00', '220.00', 1, '2014-03-14', '11:11:09', '2014-03-14 05:41:09', '0.00', '1100.00'),
(180, 88, 486, '20.00', '4.80', 1, '2014-03-14', '11:11:09', '2014-03-14 05:41:09', '0.00', '24.00'),
(181, 88, 493, '10.00', '660.00', 1, '2014-03-14', '11:11:09', '2014-03-14 05:41:09', '0.00', '1650.00'),
(182, 88, 457, '2.00', '4360.00', 1, '2014-03-14', '11:11:09', '2014-03-14 05:41:09', '0.00', '2180.00'),
(183, 89, 487, '10.00', '4.92', 1, '2014-03-14', '12:15:09', '2014-03-14 06:55:36', '0.00', '10.80'),
(184, 91, 363, '6.00', '386.40', 1, '2014-03-19', '11:07:27', '2014-03-19 05:37:27', '0.00', '201.60'),
(185, 91, 244, '3.00', '142.60', 1, '2014-03-19', '11:07:27', '2014-03-19 05:37:27', '0.00', '37.20'),
(186, 91, 277, '2.00', '1449.00', 1, '2014-03-19', '11:07:27', '2014-03-19 05:37:27', '0.00', '252.00'),
(187, 91, 230, '1.00', '529.00', 1, '2014-03-19', '11:07:27', '2014-03-19 05:37:27', '0.00', '46.00'),
(188, 92, 2, '5.00', '15000.00', 1, '2014-03-20', '02:11:44', '2014-03-20 08:50:01', '0.00', '19000.00'),
(189, 93, 14, '120.00', '540.00', 1, '2014-03-25', '01:08:17', '2014-03-25 07:47:31', '0.00', '7200.00'),
(190, 94, 8, '20.00', '9990.00', 1, '2014-03-25', '01:17:55', '2014-03-25 07:56:19', '0.00', '24000.00'),
(191, 95, 14, '120.00', '540.00', 1, '2014-03-26', '11:44:05', '2014-03-26 06:23:03', '0.00', '7200.00'),
(192, 96, 8, '1.00', '10071.00', 1, '2014-03-27', '10:03:57', '2014-03-27 04:33:57', '0.00', '1119.00'),
(193, 97, 485, '10.00', '24.80', 1, '2014-03-27', '11:00:09', '2014-03-27 05:35:57', '0.00', '62.00'),
(194, 98, 14, '120.00', '540.00', 1, '2014-03-27', '04:41:14', '2014-03-27 11:19:43', '0.00', '7200.00'),
(195, 100, 613, '10.00', '184.00', 1, '2014-03-28', '10:19:47', '2014-03-28 04:49:47', '0.00', '460.00'),
(196, 100, 614, '20.00', '240.00', 1, '2014-03-28', '10:19:47', '2014-03-28 04:49:47', '0.00', '1200.00'),
(197, 100, 690, '25.00', '148.80', 1, '2014-03-28', '10:19:47', '2014-03-28 04:49:47', '0.00', '930.00'),
(198, 101, 8, '20.00', '9990.00', 1, '2014-03-31', '11:31:34', '2014-03-31 07:03:55', '0.00', '24000.00'),
(199, 102, 8, '20.00', '9990.00', 1, '2014-03-31', '01:28:36', '2014-03-31 08:07:13', '0.00', '24000.00'),
(200, 103, 14, '120.00', '540.00', 1, '2014-03-31', '05:34:02', '2014-03-31 12:12:42', '0.00', '7200.00'),
(201, 104, 8, '20.00', '9990.00', 1, '2014-03-31', '05:35:11', '2014-03-31 12:13:49', '0.00', '24000.00'),
(202, 105, 8, '20.00', '9990.00', 1, '2014-03-31', '05:53:51', '2014-03-31 12:32:28', '0.00', '24000.00'),
(203, 106, 8, '20.00', '9990.00', 1, '2014-03-31', '07:36:02', '2014-03-31 14:14:57', '0.00', '24000.00'),
(204, 107, 8, '20.00', '9990.00', 1, '2014-03-31', '07:38:15', '2014-03-31 14:16:53', '0.00', '24000.00'),
(205, 108, 8, '20.00', '9990.00', 1, '2014-03-31', '07:43:56', '2014-03-31 14:22:37', '0.00', '24000.00'),
(206, 109, 493, '6.00', '660.00', 1, '2014-03-28', '05:10:01', '2014-04-02 05:15:36', '0.00', '990.00'),
(207, 110, 493, '6.00', '660.00', 1, '2014-04-02', '10:40:01', '2014-04-02 05:15:37', '0.00', '990.00'),
(208, 111, 493, '6.00', '660.00', 1, '2014-04-02', '10:44:11', '2014-04-02 05:19:44', '0.00', '990.00'),
(209, 111, 682, '12.00', '300.00', 1, '2014-04-02', '10:44:11', '2014-04-02 05:19:44', '0.00', '900.00'),
(210, 112, 8, '4.00', '10190.00', 1, '2014-04-02', '13:44:32', '2014-04-02 08:14:32', '0.00', '4000.00'),
(211, 113, 8, '4.00', '10190.00', 1, '2014-04-02', '14:00:40', '2014-04-02 08:30:40', '0.00', '4000.00'),
(212, 114, 2, '3.00', '15000.00', 1, '2014-04-08', '10:01:14', '2014-04-08 04:37:10', '0.00', '11400.00'),
(213, 114, 749, '30.00', '1440.00', 1, '2014-04-08', '10:01:14', '2014-04-08 04:37:10', '0.00', '4800.00'),
(214, 115, 8, '1.00', '11190.00', 1, '2014-04-08', '11:01:21', '2014-04-08 05:31:21', '0.00', '0.00'),
(215, 116, 481, '50.00', '28.00', 1, '2014-04-09', '12:01:56', '2014-04-09 06:31:56', '0.00', '350.00'),
(216, 116, 614, '30.00', '240.00', 1, '2014-04-09', '12:01:56', '2014-04-09 06:31:56', '0.00', '1800.00'),
(217, 116, 690, '30.00', '148.80', 1, '2014-04-09', '12:01:56', '2014-04-09 06:31:56', '0.00', '1116.00'),
(218, 116, 676, '30.00', '144.00', 1, '2014-04-09', '12:01:56', '2014-04-09 06:31:56', '0.00', '1080.00'),
(219, 116, 465, '25.00', '144.00', 1, '2014-04-09', '12:01:56', '2014-04-09 06:31:56', '0.00', '900.00'),
(220, 116, 671, '50.00', '220.00', 1, '2014-04-09', '12:01:56', '2014-04-09 06:31:56', '0.00', '2750.00'),
(221, 116, 477, '30.00', '120.00', 1, '2014-04-09', '12:01:56', '2014-04-09 06:31:56', '0.00', '900.00'),
(222, 116, 485, '30.00', '24.80', 1, '2014-04-09', '12:01:56', '2014-04-09 06:31:56', '0.00', '186.00'),
(223, 117, 480, '20.00', '76.00', 1, '2014-04-11', '08:32:32', '2014-04-11 03:02:32', '0.00', '380.00'),
(224, 117, 711, '20.00', '280.00', 1, '2014-04-11', '08:32:32', '2014-04-11 03:02:32', '0.00', '1400.00'),
(225, 117, 614, '6.00', '240.00', 1, '2014-04-11', '08:32:32', '2014-04-11 03:02:32', '0.00', '360.00'),
(226, 117, 682, '6.00', '300.00', 1, '2014-04-11', '08:32:32', '2014-04-11 03:02:32', '0.00', '450.00'),
(227, 117, 668, '3.00', '200.00', 1, '2014-04-11', '08:32:32', '2014-04-11 03:02:32', '0.00', '150.00'),
(228, 117, 478, '3.00', '488.00', 1, '2014-04-11', '08:32:32', '2014-04-11 03:02:32', '0.00', '366.00'),
(229, 118, 11, '1.00', '17500.00', 1, '2014-04-11', '14:23:02', '2014-04-11 08:53:02', '0.00', '2000.00'),
(230, 119, 711, '10.00', '280.00', 1, '2014-04-21', '11:06:53', '2014-04-21 09:20:51', '0.00', '700.00'),
(231, 119, 599, '10.00', '220.80', 1, '2014-04-21', '11:06:53', '2014-04-21 09:20:51', '0.00', '552.00'),
(232, 120, 711, '10.00', '280.00', 1, '2014-04-21', '03:17:09', '2014-04-21 11:25:11', '0.00', '700.00'),
(233, 120, 599, '10.00', '220.80', 1, '2014-04-21', '03:17:09', '2014-04-21 11:25:12', '0.00', '552.00'),
(234, 121, 361, '1.00', '504.00', 1, '2014-04-23', '15:26:22', '2014-04-23 09:56:22', '0.00', '56.00'),
(235, 121, 614, '20.00', '240.00', 1, '2014-04-23', '15:26:22', '2014-04-23 09:56:22', '0.00', '1200.00'),
(236, 121, 711, '10.00', '280.00', 1, '2014-04-23', '15:26:22', '2014-04-23 09:56:22', '0.00', '700.00'),
(237, 121, 674, '10.00', '260.00', 1, '2014-04-23', '15:26:22', '2014-04-23 09:56:22', '0.00', '650.00'),
(238, 122, 485, '1.00', '31.00', 1, '2014-04-23', '04:25:57', '2014-04-23 11:02:14', '0.00', '0.00'),
(239, 124, 694, '25.00', '85.00', 1, '2014-04-24', '15:41:11', '2014-04-24 10:11:11', '0.00', '0.00'),
(240, 124, 632, '50.00', '54.00', 1, '2014-04-24', '15:41:11', '2014-04-24 10:11:11', '0.00', '0.00'),
(241, 124, 711, '15.00', '350.00', 1, '2014-04-24', '15:41:11', '2014-04-24 10:11:11', '0.00', '0.00'),
(242, 124, 690, '15.00', '186.00', 1, '2014-04-24', '15:41:11', '2014-04-24 10:11:11', '0.00', '0.00'),
(243, 124, 676, '25.00', '180.00', 1, '2014-04-24', '15:41:11', '2014-04-24 10:11:11', '0.00', '0.00'),
(244, 124, 496, '10.00', '290.00', 1, '2014-04-24', '15:41:11', '2014-04-24 10:11:11', '0.00', '0.00'),
(245, 124, 469, '12.00', '85.00', 1, '2014-04-24', '15:41:11', '2014-04-24 10:11:11', '0.00', '0.00'),
(246, 124, 634, '3.00', '375.00', 1, '2014-04-24', '15:41:11', '2014-04-24 10:11:11', '0.00', '0.00'),
(247, 124, 509, '10.00', '50.00', 1, '2014-04-24', '15:41:11', '2014-04-24 10:11:11', '0.00', '0.00'),
(248, 125, 676, '25.00', '147.60', 1, '2014-04-24', '16:42:12', '2014-04-24 11:12:12', '0.00', '810.00'),
(249, 125, 694, '25.00', '69.70', 1, '2014-04-24', '16:42:12', '2014-04-24 11:12:12', '0.00', '382.50'),
(250, 125, 632, '50.00', '44.28', 1, '2014-04-24', '16:42:12', '2014-04-24 11:12:12', '0.00', '486.00'),
(251, 125, 711, '15.00', '287.00', 1, '2014-04-24', '16:42:12', '2014-04-24 11:12:12', '0.00', '945.00'),
(252, 125, 690, '15.00', '184.14', 1, '2014-04-24', '16:42:12', '2014-04-24 11:12:12', '0.00', '27.90'),
(253, 125, 496, '10.00', '237.80', 1, '2014-04-24', '16:42:12', '2014-04-24 11:12:12', '0.00', '522.00'),
(254, 125, 637, '12.00', '78.72', 1, '2014-04-24', '16:42:12', '2014-04-24 11:12:12', '0.00', '207.36'),
(255, 125, 634, '3.00', '307.50', 1, '2014-04-24', '16:42:12', '2014-04-24 11:12:12', '0.00', '202.50'),
(256, 125, 509, '10.00', '41.00', 1, '2014-04-24', '16:42:12', '2014-04-24 11:12:12', '0.00', '90.00'),
(257, 126, 682, '20.00', '300.00', 1, '2014-04-24', '22:10:13', '2014-04-24 16:40:13', '0.00', '1500.00'),
(258, 126, 480, '50.00', '76.00', 1, '2014-04-24', '22:10:13', '2014-04-24 16:40:13', '0.00', '950.00'),
(259, 126, 614, '25.00', '240.00', 1, '2014-04-24', '22:10:13', '2014-04-24 16:40:13', '0.00', '1500.00'),
(260, 126, 686, '25.00', '40.00', 1, '2014-04-24', '22:10:13', '2014-04-24 16:40:13', '0.00', '250.00'),
(261, 127, 716, '4.00', '700.00', 1, '2014-04-24', '22:25:28', '2014-04-29 08:48:20', '0.00', '640.00'),
(262, 127, 674, '6.00', '260.00', 1, '2014-04-24', '22:25:28', '2014-04-24 16:55:28', '0.00', '390.00'),
(263, 127, 711, '20.00', '280.00', 1, '2014-04-24', '22:25:28', '2014-04-24 16:55:28', '0.00', '1400.00'),
(264, 127, 470, '10.00', '176.00', 1, '2014-04-24', '22:25:28', '2014-04-24 16:55:28', '0.00', '440.00'),
(265, 127, 465, '10.00', '144.00', 1, '2014-04-24', '22:25:28', '2014-04-24 16:55:28', '0.00', '360.00'),
(266, 127, 703, '10.00', '116.00', 1, '2014-04-24', '22:25:28', '2014-04-24 16:55:28', '0.00', '290.00'),
(267, 127, 483, '12.00', '8.80', 1, '2014-04-24', '22:25:28', '2014-04-24 16:55:28', '0.00', '26.40'),
(268, 127, 686, '20.00', '40.00', 1, '2014-04-24', '22:25:28', '2014-04-24 16:55:28', '0.00', '200.00'),
(269, 128, 493, '4.00', '660.00', 1, '2014-04-24', '22:43:32', '2014-04-24 17:13:32', '0.00', '660.00'),
(270, 128, 674, '6.00', '260.00', 1, '2014-04-24', '22:43:32', '2014-04-24 17:13:32', '0.00', '390.00'),
(271, 128, 711, '20.00', '280.00', 1, '2014-04-24', '22:43:32', '2014-04-24 17:13:32', '0.00', '1400.00'),
(272, 128, 470, '10.00', '176.00', 1, '2014-04-24', '22:43:32', '2014-04-24 17:13:32', '0.00', '440.00'),
(273, 128, 465, '10.00', '144.00', 1, '2014-04-24', '22:43:32', '2014-04-24 17:13:32', '0.00', '360.00'),
(274, 128, 703, '10.00', '116.00', 1, '2014-04-24', '22:43:32', '2014-04-24 17:13:32', '0.00', '290.00'),
(275, 128, 483, '12.00', '8.80', 1, '2014-04-24', '22:43:32', '2014-04-24 17:13:32', '0.00', '26.40'),
(276, 128, 686, '20.00', '40.00', 1, '2014-04-24', '22:43:32', '2014-04-24 17:13:32', '0.00', '200.00'),
(277, 129, 694, '25.00', '69.70', 1, '2014-04-25', '10:21:47', '2014-04-25 04:51:47', '0.00', '382.50'),
(278, 129, 632, '50.00', '44.28', 1, '2014-04-25', '10:21:47', '2014-04-25 04:51:47', '0.00', '486.00'),
(279, 129, 711, '15.00', '287.00', 1, '2014-04-25', '10:21:47', '2014-04-25 04:51:47', '0.00', '945.00'),
(280, 129, 690, '15.00', '152.52', 1, '2014-04-25', '10:21:47', '2014-04-25 04:51:47', '0.00', '502.20'),
(281, 129, 676, '25.00', '147.60', 1, '2014-04-25', '10:21:47', '2014-04-25 04:51:47', '0.00', '810.00'),
(282, 129, 496, '10.00', '237.80', 1, '2014-04-25', '10:21:47', '2014-04-25 04:51:47', '0.00', '522.00'),
(283, 129, 469, '12.00', '69.70', 1, '2014-04-25', '10:21:47', '2014-04-25 04:51:47', '0.00', '183.60'),
(284, 129, 634, '3.00', '307.50', 1, '2014-04-25', '10:21:47', '2014-04-25 04:51:47', '0.00', '202.50'),
(285, 129, 509, '10.00', '41.00', 1, '2014-04-25', '10:21:47', '2014-04-25 04:51:47', '0.00', '90.00'),
(286, 130, 671, '15.00', '225.50', 1, '2014-04-25', '10:36:43', '2014-04-25 05:06:43', '0.00', '742.50'),
(287, 131, 682, '20.00', '375.00', 1, '2014-04-25', '10:58:23', '2014-04-25 05:28:23', '0.00', '0.00'),
(288, 132, 682, '20.00', '300.00', 1, '2014-04-25', '11:07:08', '2014-04-25 05:37:08', '0.00', '1500.00'),
(289, 132, 694, '10.00', '68.00', 1, '2014-04-25', '11:07:08', '2014-04-25 05:37:08', '0.00', '170.00'),
(290, 133, 711, '50.00', '280.00', 1, '2014-04-25', '01:28:52', '2014-04-25 08:05:10', '0.00', '3500.00'),
(291, 133, 674, '20.00', '260.00', 1, '2014-04-25', '01:28:52', '2014-04-25 08:05:10', '0.00', '1300.00'),
(292, 133, 480, '50.00', '76.00', 1, '2014-04-25', '01:28:52', '2014-04-25 08:05:10', '0.00', '950.00'),
(293, 133, 703, '10.00', '116.00', 1, '2014-04-25', '01:28:52', '2014-04-25 08:05:10', '0.00', '290.00'),
(294, 133, 682, '10.00', '300.00', 1, '2014-04-25', '01:28:52', '2014-04-25 08:05:10', '0.00', '750.00'),
(295, 133, 363, '10.00', '378.00', 1, '2014-04-25', '01:28:52', '2014-04-25 08:05:10', '0.00', '420.00'),
(296, 134, 8, '3.00', '10890.00', 1, '2014-04-25', '01:39:44', '2014-04-25 08:16:27', '0.00', '3300.00'),
(297, 135, 493, '6.00', '660.00', 1, '2014-04-25', '04:13:39', '2014-04-25 10:50:01', '0.00', '990.00'),
(298, 135, 480, '50.00', '76.00', 1, '2014-04-25', '04:13:39', '2014-04-25 10:50:01', '0.00', '950.00'),
(299, 135, 599, '50.00', '220.80', 1, '2014-04-25', '04:13:39', '2014-04-25 10:50:01', '0.00', '2760.00'),
(300, 135, 690, '50.00', '148.80', 1, '2014-04-25', '04:13:39', '2014-04-25 10:50:01', '0.00', '1860.00'),
(301, 135, 711, '50.00', '280.00', 1, '2014-04-25', '04:13:39', '2014-04-25 10:50:01', '0.00', '3500.00'),
(302, 135, 485, '25.00', '24.80', 1, '2014-04-25', '04:13:39', '2014-04-25 10:50:01', '0.00', '155.00'),
(303, 135, 465, '6.00', '144.00', 1, '2014-04-25', '04:13:39', '2014-04-25 10:50:01', '0.00', '216.00'),
(304, 135, 682, '20.00', '300.00', 1, '2014-04-25', '04:13:39', '2014-04-25 10:50:01', '0.00', '1500.00'),
(305, 135, 496, '6.00', '232.00', 1, '2014-04-25', '04:13:39', '2014-04-25 10:50:01', '0.00', '348.00'),
(306, 135, 687, '20.00', '48.00', 1, '2014-04-25', '04:13:39', '2014-04-25 10:50:01', '0.00', '240.00'),
(307, 136, 671, '30.00', '225.50', 1, '2014-04-28', '11:21:08', '2014-04-28 05:57:35', '0.00', '1485.00'),
(308, 136, 599, '30.00', '226.32', 1, '2014-04-28', '11:21:08', '2014-04-28 05:57:35', '0.00', '1490.40'),
(309, 136, 641, '10.00', '78.72', 1, '2014-04-28', '11:21:08', '2014-04-28 05:57:35', '0.00', '172.80'),
(310, 136, 676, '30.00', '147.60', 1, '2014-04-28', '11:21:08', '2014-04-28 05:57:35', '0.00', '972.00'),
(311, 136, 668, '6.00', '205.00', 1, '2014-04-28', '11:21:08', '2014-04-28 05:57:35', '0.00', '270.00'),
(312, 136, 690, '18.00', '152.52', 1, '2014-04-28', '11:21:08', '2014-04-28 05:57:35', '0.00', '602.64'),
(313, 136, 692, '10.00', '49.20', 1, '2014-04-28', '11:21:08', '2014-04-28 05:57:35', '0.00', '108.00'),
(314, 136, 496, '10.00', '237.80', 1, '2014-04-28', '11:21:08', '2014-04-28 05:57:35', '0.00', '522.00'),
(315, 136, 469, '30.00', '69.70', 1, '2014-04-28', '11:21:08', '2014-04-28 05:57:35', '0.00', '459.00'),
(316, 136, 614, '10.00', '246.00', 1, '2014-04-28', '11:21:08', '2014-04-28 05:57:35', '0.00', '540.00'),
(324, 154, 686, '20.00', '40.00', 1, '2014-04-29', '13:26:48', '2014-04-29 07:56:48', '0.00', '200.00'),
(325, 154, 671, '20.00', '220.00', 1, '2014-04-29', '13:26:48', '2014-04-29 07:56:48', '0.00', '1100.00'),
(326, 154, 7, '1.00', '1000.00', 1, '2014-04-29', '13:26:48', '2014-04-29 07:56:48', '0.00', '200.00'),
(327, 155, 703, '20.00', '118.90', 1, '2014-04-29', '13:33:31', '2014-04-29 08:03:31', '0.00', '522.00'),
(328, 155, 682, '6.00', '307.50', 1, '2014-04-29', '13:33:31', '2014-04-29 08:03:31', '0.00', '405.00'),
(329, 155, 493, '6.00', '676.50', 1, '2014-04-29', '13:33:31', '2014-04-29 08:03:31', '0.00', '891.00'),
(330, 156, 703, '20.00', '118.90', 1, '2014-04-29', '13:33:40', '2014-04-29 08:03:40', '0.00', '522.00'),
(331, 156, 682, '6.00', '307.50', 1, '2014-04-29', '13:33:40', '2014-04-29 08:03:40', '0.00', '405.00'),
(332, 156, 493, '6.00', '676.50', 1, '2014-04-29', '13:33:40', '2014-04-29 08:03:40', '0.00', '891.00'),
(333, 157, 682, '12.00', '300.00', 1, '2014-04-30', '12:04:40', '2014-04-30 06:42:41', '0.00', '900.00'),
(334, 158, 480, '50.00', '76.00', 1, '2014-04-30', '04:31:33', '2014-04-30 11:08:01', '0.00', '950.00'),
(335, 158, 493, '6.00', '660.00', 1, '2014-04-30', '04:31:33', '2014-04-30 11:08:01', '0.00', '990.00'),
(336, 158, 634, '5.00', '300.00', 1, '2014-04-30', '04:31:33', '2014-04-30 11:08:01', '0.00', '375.00'),
(337, 158, 688, '20.00', '17.60', 1, '2014-04-30', '04:31:33', '2014-04-30 11:08:01', '0.00', '88.00'),
(338, 158, 689, '20.00', '8.00', 1, '2014-04-30', '04:31:33', '2014-04-30 11:08:01', '0.00', '40.00'),
(339, 158, 509, '10.00', '40.00', 1, '2014-04-30', '04:31:33', '2014-04-30 11:08:01', '0.00', '100.00'),
(340, 159, 476, '10.00', '52.80', 1, '2014-05-02', '12:50:20', '2014-05-02 07:26:52', '0.00', '132.00'),
(341, 159, 711, '6.00', '280.00', 1, '2014-05-02', '12:50:20', '2014-05-02 07:26:52', '0.00', '420.00'),
(342, 159, 469, '10.00', '68.00', 1, '2014-05-02', '12:50:20', '2014-05-02 07:26:52', '0.00', '170.00'),
(343, 159, 599, '6.00', '220.80', 1, '2014-05-02', '12:50:20', '2014-05-02 07:26:52', '0.00', '331.20'),
(344, 159, 363, '10.00', '378.00', 1, '2014-05-02', '12:50:20', '2014-05-02 07:26:52', '0.00', '420.00'),
(345, 159, 403, '6.00', '612.00', 1, '2014-05-02', '12:50:20', '2014-05-02 07:26:52', '0.00', '408.00'),
(346, 160, 614, '10.00', '240.00', 1, '2014-05-03', '09:25:57', '2014-05-03 03:55:57', '0.00', '600.00'),
(347, 160, 599, '10.00', '220.80', 1, '2014-05-03', '09:25:57', '2014-05-03 03:55:57', '0.00', '552.00'),
(348, 160, 682, '6.00', '300.00', 1, '2014-05-03', '09:25:57', '2014-05-03 03:55:57', '0.00', '450.00'),
(349, 160, 486, '25.00', '4.80', 1, '2014-05-03', '09:25:57', '2014-05-03 03:55:57', '0.00', '30.00'),
(350, 160, 613, '6.00', '184.00', 1, '2014-05-03', '09:25:57', '2014-05-03 03:55:57', '0.00', '276.00'),
(351, 160, 711, '6.00', '280.00', 1, '2014-05-03', '09:25:57', '2014-05-03 03:55:57', '0.00', '420.00'),
(352, 160, 671, '6.00', '220.00', 1, '2014-05-03', '09:25:57', '2014-05-03 03:55:57', '0.00', '330.00'),
(353, 160, 476, '12.00', '52.80', 1, '2014-05-03', '09:25:57', '2014-05-03 03:55:57', '0.00', '158.40'),
(354, 160, 206, '3.00', '322.00', 1, '2014-05-03', '09:25:57', '2014-05-03 03:55:57', '0.00', '84.00'),
(355, 160, 255, '6.00', '253.00', 1, '2014-05-03', '09:25:57', '2014-05-03 03:55:57', '0.00', '132.00'),
(356, 161, 497, '1.00', '160.00', 1, '2014-05-06', '02:24:23', '2014-05-06 09:01:01', '0.00', '0.00'),
(357, 161, 8, '1.00', '11990.00', 1, '2014-05-06', '02:24:23', '2014-05-06 09:01:01', '0.00', '0.00'),
(358, 162, 673, '1.00', '300.00', 1, '2014-05-06', '02:35:24', '2014-05-06 09:12:04', '0.00', '0.00'),
(359, 162, 497, '1.00', '160.00', 1, '2014-05-06', '02:35:24', '2014-05-06 09:12:04', '0.00', '0.00'),
(360, 163, 497, '1.00', '160.00', 1, '2014-05-06', '02:48:16', '2014-05-06 09:24:56', '0.00', '0.00'),
(361, 163, 673, '2.00', '300.00', 1, '2014-05-06', '02:48:16', '2014-05-06 09:24:56', '0.00', '0.00'),
(362, 164, 673, '2.00', '290.00', 1, '2014-05-06', '03:06:29', '2014-05-06 09:43:08', '0.00', '20.00'),
(363, 165, 673, '2.00', '290.00', 1, '2014-05-07', '08:45:54', '2014-05-07 03:22:33', '0.00', '20.00'),
(364, 166, 8, '1.00', '10791.00', 1, '2014-05-07', '09:53:11', '2014-05-07 04:29:52', '0.00', '1199.00'),
(365, 167, 8, '1.00', '10791.00', 1, '2014-05-07', '10:46:42', '2014-05-07 05:23:23', '0.00', '1199.00'),
(366, 168, 8, '1.00', '10791.00', 1, '2014-05-07', '11:22:07', '2014-05-07 05:58:46', '0.00', '1199.00'),
(367, 169, 671, '15.00', '225.50', 1, '2014-05-07', '14:16:32', '2014-05-07 08:46:32', '0.00', '742.50'),
(368, 170, 671, '15.00', '225.50', 1, '2014-05-07', '14:28:08', '2014-05-07 08:58:08', '0.00', '742.50'),
(369, 170, 457, '2.00', '4469.00', 1, '2014-05-07', '14:28:08', '2014-05-07 08:58:08', '0.00', '1962.00'),
(370, 171, 2, '1.00', '15000.00', 1, '2014-05-08', '11:48:56', '2014-05-08 06:25:38', '0.00', '3800.00'),
(371, 172, 8, '1.00', '11980.00', 1, '2014-05-08', '02:50:53', '2014-05-08 09:27:39', '0.00', '10.00'),
(372, 173, 497, '2.00', '160.00', 1, '2014-05-08', '15:46:29', '2014-05-08 10:16:29', '0.00', '0.00'),
(373, 175, 286, '0.00', '0.00', 1, '2014-05-13', '11:45:00', '2014-05-13 06:15:00', '0.00', '0.00'),
(374, 176, 674, '10.00', '269.75', 1, '2014-05-13', '11:50:32', '2014-05-13 06:20:32', '0.00', '552.50'),
(375, 176, 671, '10.00', '228.25', 1, '2014-05-13', '11:50:32', '2014-05-13 06:20:32', '0.00', '467.50'),
(376, 176, 599, '10.00', '229.08', 1, '2014-05-13', '11:50:32', '2014-05-13 06:20:32', '0.00', '469.20'),
(377, 177, 2, '2.00', '15000.00', 1, '2014-05-13', '12:48:59', '2014-05-13 07:18:59', '0.00', '7600.00'),
(378, 178, 682, '2.00', '307.50', 1, '2014-05-13', '14:49:46', '2014-05-13 09:19:46', '0.00', '135.00'),
(379, 178, 694, '4.00', '69.70', 1, '2014-05-13', '14:49:46', '2014-05-13 09:19:46', '0.00', '61.20'),
(380, 178, 711, '2.00', '287.00', 1, '2014-05-13', '14:49:46', '2014-05-13 09:19:46', '0.00', '126.00'),
(381, 178, 599, '4.00', '226.32', 1, '2014-05-13', '14:49:46', '2014-05-13 09:19:46', '0.00', '198.72'),
(382, 178, 496, '2.00', '237.80', 1, '2014-05-13', '14:49:46', '2014-05-13 09:19:46', '0.00', '104.40'),
(383, 178, 692, '4.00', '49.20', 1, '2014-05-13', '14:49:46', '2014-05-13 09:19:46', '0.00', '43.20'),
(384, 178, 671, '2.00', '225.50', 1, '2014-05-13', '14:49:46', '2014-05-13 09:19:46', '0.00', '99.00'),
(385, 178, 470, '4.00', '180.40', 1, '2014-05-13', '14:49:46', '2014-05-13 09:19:46', '0.00', '158.40'),
(386, 178, 476, '5.00', '54.12', 1, '2014-05-13', '14:49:46', '2014-05-13 09:19:46', '0.00', '59.40'),
(387, 178, 674, '2.00', '266.50', 1, '2014-05-13', '14:49:46', '2014-05-13 09:19:46', '0.00', '117.00'),
(388, 178, 493, '2.00', '676.50', 1, '2014-05-13', '14:49:46', '2014-05-13 09:19:46', '0.00', '297.00'),
(389, 179, 277, '1.00', '1449.00', 1, '2014-05-13', '14:55:14', '2014-05-13 09:25:14', '0.00', '126.00'),
(390, 179, 244, '2.00', '142.60', 1, '2014-05-13', '14:55:14', '2014-05-13 09:25:14', '0.00', '24.80'),
(391, 180, 711, '6.00', '287.00', 1, '2014-05-13', '02:56:28', '2014-05-13 09:33:40', '0.00', '378.00'),
(392, 180, 690, '6.00', '152.52', 1, '2014-05-13', '02:56:28', '2014-05-13 09:33:40', '0.00', '200.88'),
(393, 180, 481, '10.00', '28.70', 1, '2014-05-13', '02:56:28', '2014-05-13 09:33:40', '0.00', '63.00'),
(394, 180, 483, '20.00', '9.02', 1, '2014-05-13', '02:56:28', '2014-05-13 09:33:40', '0.00', '39.60'),
(395, 180, 632, '10.00', '44.28', 1, '2014-05-13', '02:56:28', '2014-05-13 09:33:40', '0.00', '97.20'),
(396, 180, 484, '10.00', '9.84', 1, '2014-05-13', '02:56:28', '2014-05-13 09:33:40', '0.00', '21.60'),
(397, 180, 599, '4.00', '226.32', 1, '2014-05-13', '02:56:28', '2014-05-13 09:33:40', '0.00', '198.72'),
(398, 181, 403, '1.00', '612.00', 1, '2014-05-13', '15:12:18', '2014-05-13 09:42:19', '0.00', '68.00'),
(399, 182, 711, '15.00', '280.00', 1, '2014-05-16', '09:25:54', '2014-05-16 04:02:54', '0.00', '1050.00'),
(400, 182, 690, '15.00', '148.80', 1, '2014-05-16', '09:25:54', '2014-05-16 04:02:54', '0.00', '558.00'),
(401, 182, 599, '20.00', '220.80', 1, '2014-05-16', '09:25:54', '2014-05-16 04:02:54', '0.00', '1104.00'),
(402, 182, 614, '10.00', '240.00', 1, '2014-05-16', '09:25:54', '2014-05-16 04:02:54', '0.00', '600.00'),
(403, 182, 703, '20.00', '116.00', 1, '2014-05-16', '09:25:54', '2014-05-16 04:02:54', '0.00', '580.00'),
(404, 182, 480, '20.00', '76.00', 1, '2014-05-16', '09:25:54', '2014-05-16 04:02:54', '0.00', '380.00'),
(405, 182, 635, '5.00', '180.00', 1, '2014-05-16', '09:25:54', '2014-05-16 04:02:54', '0.00', '225.00'),
(406, 182, 687, '20.00', '48.00', 1, '2014-05-16', '09:25:54', '2014-05-16 04:02:54', '0.00', '240.00'),
(407, 183, 710, '19.00', '44.28', 1, '2014-05-16', '12:15:15', '2014-05-16 10:23:15', '0.00', '184.68'),
(408, 183, 674, '12.00', '266.50', 1, '2014-05-16', '12:15:15', '2014-05-16 10:23:15', '0.00', '702.00'),
(409, 183, 632, '24.00', '44.28', 1, '2014-05-16', '12:15:15', '2014-05-16 10:23:15', '0.00', '233.28'),
(410, 183, 483, '24.00', '9.02', 1, '2014-05-16', '12:15:15', '2014-05-16 10:23:15', '0.00', '47.52'),
(411, 183, 469, '12.00', '69.70', 1, '2014-05-16', '12:15:15', '2014-05-16 10:23:15', '0.00', '183.60'),
(412, 183, 682, '12.00', '307.50', 1, '2014-05-16', '12:15:15', '2014-05-16 10:23:15', '0.00', '810.00'),
(413, 184, 710, '19.00', '44.28', 1, '2014-05-16', '12:32:16', '2014-05-16 10:36:30', '0.00', '184.68'),
(414, 184, 483, '24.00', '9.02', 1, '2014-05-16', '12:32:16', '2014-05-16 10:36:30', '0.00', '47.52'),
(415, 184, 674, '12.00', '266.50', 1, '2014-05-16', '12:32:16', '2014-05-16 10:36:30', '0.00', '702.00'),
(416, 184, 682, '12.00', '307.50', 1, '2014-05-16', '12:32:16', '2014-05-16 10:36:30', '0.00', '810.00'),
(417, 184, 632, '36.00', '44.28', 1, '2014-05-16', '12:32:16', '2014-05-16 10:36:30', '0.00', '349.92'),
(418, 185, 494, '6.00', '118.90', 1, '2014-05-16', '04:28:45', '2014-05-16 11:05:39', '0.00', '156.60'),
(419, 185, 632, '10.00', '44.28', 1, '2014-05-16', '04:28:45', '2014-05-16 11:05:39', '0.00', '97.20'),
(420, 185, 690, '10.00', '152.52', 1, '2014-05-16', '04:28:45', '2014-05-16 11:05:39', '0.00', '334.80'),
(421, 185, 476, '10.00', '54.12', 1, '2014-05-16', '04:28:45', '2014-05-16 11:05:39', '0.00', '118.80'),
(422, 186, 614, '10.00', '240.00', 1, '2014-05-19', '09:50:57', '2014-05-19 04:20:57', '0.00', '600.00'),
(423, 186, 599, '10.00', '220.80', 1, '2014-05-19', '09:50:57', '2014-05-19 04:20:57', '0.00', '552.00'),
(424, 186, 480, '200.00', '76.00', 1, '2014-05-19', '09:50:57', '2014-05-19 04:20:57', '0.00', '3800.00'),
(425, 186, 476, '30.00', '52.80', 1, '2014-05-19', '09:50:57', '2014-05-19 04:20:57', '0.00', '396.00'),
(426, 186, 493, '10.00', '660.00', 1, '2014-05-19', '09:50:57', '2014-05-19 04:20:57', '0.00', '1650.00'),
(427, 186, 477, '15.00', '120.00', 1, '2014-05-19', '09:50:57', '2014-05-19 04:20:57', '0.00', '450.00'),
(428, 187, 599, '50.00', '220.80', 1, '2014-05-19', '09:59:11', '2014-05-19 04:29:11', '0.00', '2760.00'),
(429, 187, 465, '10.00', '144.00', 1, '2014-05-19', '09:59:11', '2014-05-19 04:29:11', '0.00', '360.00'),
(430, 187, 694, '50.00', '68.00', 1, '2014-05-19', '09:59:11', '2014-05-19 04:29:11', '0.00', '850.00'),
(431, 188, 614, '10.00', '240.00', 1, '2014-05-19', '10:30:38', '2014-05-19 05:00:38', '0.00', '600.00'),
(432, 188, 599, '20.00', '220.80', 1, '2014-05-19', '10:30:38', '2014-05-19 05:00:38', '0.00', '1104.00'),
(433, 188, 480, '200.00', '76.00', 1, '2014-05-19', '10:30:38', '2014-05-19 05:00:38', '0.00', '3800.00'),
(434, 188, 476, '30.00', '52.80', 1, '2014-05-19', '10:30:38', '2014-05-19 05:00:38', '0.00', '396.00'),
(435, 188, 493, '10.00', '660.00', 1, '2014-05-19', '10:30:38', '2014-05-19 05:00:38', '0.00', '1650.00'),
(436, 188, 477, '15.00', '120.00', 1, '2014-05-19', '10:30:38', '2014-05-19 05:00:38', '0.00', '450.00'),
(437, 189, 690, '30.00', '148.80', 1, '2014-05-20', '01:31:30', '2014-05-20 08:20:57', '0.00', '1116.00'),
(438, 189, 480, '100.00', '76.00', 1, '2014-05-20', '01:31:30', '2014-05-20 08:20:57', '0.00', '1900.00'),
(439, 190, 630, '50.00', '60.00', 1, '2014-05-20', '01:34:56', '2014-05-20 08:22:23', '0.00', '750.00'),
(440, 190, 635, '10.00', '180.00', 1, '2014-05-20', '01:34:56', '2014-05-20 08:22:23', '0.00', '450.00'),
(441, 191, 2, '3.00', '14750.00', 1, '2014-05-20', '01:36:17', '2014-05-20 08:23:32', '0.00', '12150.00'),
(442, 192, 682, '30.00', '307.50', 1, '2014-05-21', '10:17:42', '2014-05-21 04:47:42', '0.00', '2025.00'),
(443, 193, 673, '1.00', '300.00', 1, '2014-05-21', '11:31:19', '2014-05-21 06:08:26', '0.00', '0.00'),
(444, 193, 497, '1.00', '160.00', 1, '2014-05-21', '11:31:19', '2014-05-21 06:08:26', '0.00', '0.00'),
(445, 194, 8, '1.00', '11290.00', 1, '2014-05-21', '12:01:30', '2014-05-21 06:38:37', '0.00', '700.00'),
(446, 195, 8, '1.00', '11990.00', 1, '2014-05-21', '12:17:24', '2014-05-21 06:54:27', '0.00', '0.00'),
(447, 196, 8, '1.00', '11290.00', 1, '2014-05-21', '02:43:35', '2014-05-21 09:20:43', '0.00', '700.00'),
(448, 197, 8, '1.00', '11490.00', 1, '2014-05-21', '02:48:21', '2014-05-21 09:25:27', '0.00', '500.00'),
(449, 198, 8, '1.00', '9831.80', 1, '2014-05-22', '11:57:40', '2014-05-22 06:27:40', '0.00', '2158.20'),
(450, 199, 480, '0.00', '0.00', 1, '2014-05-22', '12:10:34', '2014-05-22 06:40:34', '0.00', '0.00'),
(451, 200, 8, '2.00', '5990.00', 1, '2014-05-22', '04:16:19', '2014-05-22 10:53:26', '0.00', '12000.00'),
(452, 201, 485, '6.00', '31.00', 1, '2014-06-03', '09:39:52', '2014-06-03 04:06:26', '0.00', '0.00'),
(453, 202, 730, '2.00', '70.00', 1, '2014-06-03', '09:51:03', '2014-06-03 10:34:52', '0.00', '0.00'),
(454, 203, 498, '1.00', '600.00', 1, '2014-06-03', '12:05:41', '2014-06-03 10:35:39', '0.00', '0.00'),
(455, 203, 493, '1.00', '825.00', 1, '2014-06-03', '12:05:41', '2014-06-03 10:35:39', '0.00', '0.00'),
(456, 203, 711, '1.00', '350.00', 1, '2014-06-03', '12:05:41', '2014-06-03 10:35:39', '0.00', '0.00'),
(457, 203, 485, '1.00', '31.00', 1, '2014-06-03', '12:05:41', '2014-06-03 10:35:39', '0.00', '0.00'),
(458, 203, 631, '1.00', '54.00', 1, '2014-06-03', '12:05:41', '2014-06-03 10:35:39', '0.00', '0.00'),
(459, 203, 703, '1.00', '145.00', 1, '2014-06-03', '12:05:41', '2014-06-03 10:35:39', '0.00', '0.00'),
(460, 203, 599, '1.00', '276.00', 1, '2014-06-03', '12:05:41', '2014-06-03 10:35:39', '0.00', '0.00'),
(461, 203, 730, '1.00', '70.00', 1, '2014-06-03', '12:05:41', '2014-06-03 10:35:39', '0.00', '0.00'),
(462, 203, 630, '1.00', '75.00', 1, '2014-06-03', '12:05:41', '2014-06-03 10:35:39', '0.00', '0.00'),
(463, 203, 709, '1.00', '250.00', 1, '2014-06-03', '12:05:41', '2014-06-03 10:35:39', '0.00', '0.00'),
(464, 203, 674, '1.00', '325.00', 1, '2014-06-03', '12:05:41', '2014-06-03 10:35:39', '0.00', '0.00'),
(465, 203, 614, '1.00', '300.00', 1, '2014-06-03', '12:05:41', '2014-06-03 10:35:39', '0.00', '0.00'),
(466, 203, 676, '1.00', '180.00', 1, '2014-06-03', '12:05:41', '2014-06-03 10:35:39', '0.00', '0.00'),
(467, 203, 661, '1.00', '42.00', 1, '2014-06-03', '12:05:41', '2014-06-03 10:35:39', '0.00', '0.00'),
(468, 203, 465, '1.00', '180.00', 1, '2014-06-03', '12:05:41', '2014-06-03 10:35:39', '0.00', '0.00');

-- --------------------------------------------------------

--
-- Table structure for table `tbl_stock`
--

CREATE TABLE IF NOT EXISTS `tbl_stock` (
  `id_stock` int(11) NOT NULL AUTO_INCREMENT,
  `id_store` int(11) NOT NULL DEFAULT '0',
  `id_products` int(11) NOT NULL DEFAULT '0',
  `stock_status` tinyint(1) NOT NULL DEFAULT '1',
  `added_date` date NOT NULL DEFAULT '0000-00-00',
  `added_time` time NOT NULL DEFAULT '00:00:00',
  `added_timestamp` timestamp NOT NULL DEFAULT CURRENT_TIMESTAMP ON UPDATE CURRENT_TIMESTAMP,
  `qty` decimal(20,2) NOT NULL DEFAULT '0.00',
  `min_level` int(11) NOT NULL DEFAULT '0',
  PRIMARY KEY (`id_stock`),
  KEY `fk_tbl_stock_tbl_store1` (`id_store`),
  KEY `fk_tbl_stock_tbl_products1` (`id_products`)
) ENGINE=InnoDB  DEFAULT CHARSET=latin1 AUTO_INCREMENT=927 ;

--
-- Dumping data for table `tbl_stock`
--

INSERT INTO `tbl_stock` (`id_stock`, `id_store`, `id_products`, `stock_status`, `added_date`, `added_time`, `added_timestamp`, `qty`, `min_level`) VALUES
(45, 4, 1, 1, '2014-01-20', '15:30:28', '2014-04-02 06:42:47', '3.00', 2),
(46, 4, 2, 1, '2013-12-30', '10:19:01', '2014-04-22 08:22:11', '2.00', 3),
(47, 4, 3, 1, '2013-12-30', '10:19:01', '2014-01-09 14:07:49', '0.00', 0),
(48, 4, 4, 1, '2013-12-30', '10:19:01', '2014-03-07 08:56:48', '35.00', 0),
(49, 4, 5, 1, '2013-12-30', '10:19:01', '2014-04-11 08:53:02', '1.00', 0),
(50, 4, 6, 1, '2013-12-30', '10:19:01', '2014-04-11 08:53:02', '4.00', 0),
(51, 4, 7, 1, '2013-12-30', '10:19:01', '2014-04-29 07:56:48', '4.00', 0),
(52, 4, 8, 1, '2013-12-30', '10:19:01', '2014-03-05 10:50:41', '17.00', 0),
(53, 4, 9, 1, '2013-12-30', '10:19:01', '2014-01-09 14:07:49', '0.00', 0),
(54, 4, 10, 1, '2013-12-30', '10:19:01', '2014-01-09 14:07:49', '0.00', 0),
(55, 4, 11, 1, '2013-12-30', '10:19:01', '2014-04-11 08:53:02', '2.00', 0),
(56, 4, 12, 1, '2013-12-30', '10:19:01', '2014-01-09 14:07:49', '0.00', 0),
(57, 4, 13, 1, '2013-12-30', '10:19:01', '2014-01-09 14:07:49', '0.00', 0),
(58, 4, 14, 1, '2013-12-30', '10:19:01', '2014-02-03 08:05:50', '168.00', 0),
(59, 4, 15, 1, '2013-12-30', '10:19:01', '2014-01-09 14:07:49', '0.00', 0),
(60, 4, 16, 1, '2013-12-30', '10:19:01', '2014-01-09 14:07:49', '0.00', 0),
(61, 4, 17, 1, '2013-12-30', '10:19:01', '2014-01-09 14:07:49', '0.00', 0),
(62, 4, 18, 1, '2013-12-30', '10:19:01', '2014-01-09 14:07:49', '0.00', 0),
(63, 4, 19, 1, '2013-12-30', '10:19:01', '2014-01-09 14:07:49', '0.00', 0),
(64, 4, 20, 1, '2013-12-30', '10:19:01', '2014-01-09 14:07:49', '0.00', 0),
(65, 4, 21, 1, '2013-12-30', '10:19:01', '2014-01-09 14:07:49', '0.00', 0),
(66, 4, 22, 1, '2013-12-30', '10:19:01', '2014-01-09 14:07:49', '0.00', 0),
(67, 4, 23, 1, '2013-12-30', '10:19:01', '2014-01-09 14:07:49', '0.00', 0),
(68, 4, 24, 1, '2013-12-30', '10:19:01', '2014-01-09 14:32:23', '32.00', 0),
(69, 4, 25, 1, '2013-12-30', '10:19:01', '2014-01-09 14:07:49', '0.00', 0),
(70, 4, 26, 1, '2013-12-30', '10:19:01', '2014-01-09 14:07:49', '0.00', 0),
(71, 4, 27, 1, '2013-12-30', '10:19:01', '2014-01-09 14:07:49', '0.00', 0),
(72, 4, 28, 1, '2013-12-30', '10:19:01', '2014-01-09 14:07:49', '0.00', 0),
(73, 4, 29, 1, '2013-12-30', '10:19:01', '2014-01-09 14:07:49', '0.00', 0),
(74, 4, 30, 1, '2013-12-30', '10:19:01', '2014-01-09 14:07:49', '0.00', 0),
(75, 4, 31, 1, '2013-12-30', '10:19:01', '2014-01-09 14:07:49', '0.00', 0),
(76, 4, 32, 1, '2013-12-30', '10:19:01', '2014-01-09 14:07:49', '0.00', 0),
(77, 4, 33, 1, '2013-12-30', '10:19:01', '2014-01-09 14:07:49', '0.00', 0),
(78, 4, 34, 1, '2013-12-30', '10:19:01', '2014-01-09 14:07:49', '0.00', 0),
(79, 4, 35, 1, '2013-12-30', '10:19:01', '2014-01-09 14:07:49', '0.00', 0),
(80, 4, 36, 1, '2013-12-30', '10:19:01', '2014-01-09 14:07:49', '0.00', 0),
(81, 4, 37, 1, '2013-12-30', '10:19:01', '2014-01-09 14:07:49', '0.00', 0),
(82, 4, 38, 1, '2013-12-30', '10:19:01', '2014-01-09 14:07:49', '0.00', 0),
(83, 4, 39, 1, '2013-12-30', '10:19:01', '2014-01-09 14:07:49', '0.00', 0),
(84, 4, 40, 1, '2013-12-30', '10:19:01', '2014-01-09 14:07:49', '0.00', 0),
(85, 4, 41, 1, '2013-12-30', '10:19:01', '2014-01-09 14:07:49', '0.00', 0),
(86, 4, 42, 1, '2013-12-30', '10:19:01', '2014-01-09 14:07:49', '0.00', 0),
(87, 4, 43, 1, '2013-12-30', '10:19:01', '2014-01-09 14:07:49', '0.00', 0),
(88, 4, 44, 1, '2013-12-30', '10:19:01', '2014-01-09 14:07:49', '0.00', 0),
(89, 4, 45, 1, '2013-12-30', '10:19:01', '2014-01-09 14:07:49', '0.00', 0),
(90, 4, 46, 1, '2013-12-30', '10:19:01', '2014-01-09 14:07:49', '0.00', 0),
(91, 4, 47, 1, '2013-12-30', '10:19:01', '2014-01-09 14:07:49', '0.00', 0),
(92, 4, 48, 1, '2013-12-30', '10:19:01', '2014-01-09 14:07:49', '0.00', 0),
(93, 4, 49, 1, '2013-12-30', '10:19:01', '2014-01-09 14:07:49', '0.00', 0),
(94, 4, 50, 1, '2013-12-30', '10:19:01', '2014-01-09 14:07:49', '0.00', 0),
(95, 4, 51, 1, '2013-12-30', '10:19:01', '2014-01-09 14:07:49', '0.00', 0),
(96, 4, 52, 1, '2013-12-30', '10:19:01', '2014-01-09 14:07:49', '0.00', 0),
(97, 4, 53, 1, '2013-12-30', '10:19:01', '2014-01-09 14:07:49', '0.00', 0),
(98, 4, 54, 1, '2013-12-30', '10:19:01', '2014-02-05 10:59:03', '29.00', 0),
(99, 4, 55, 1, '2013-12-30', '10:19:01', '2014-01-09 14:07:49', '0.00', 0),
(100, 4, 56, 1, '2013-12-30', '10:19:01', '2014-01-09 14:07:49', '0.00', 0),
(101, 4, 57, 1, '2013-12-30', '10:19:01', '2014-01-09 14:07:49', '0.00', 0),
(102, 4, 58, 1, '2013-12-30', '10:19:01', '2014-01-09 14:07:49', '0.00', 0),
(103, 4, 59, 1, '2013-12-30', '10:19:01', '2014-01-09 14:07:49', '0.00', 0),
(104, 4, 60, 1, '2013-12-30', '10:19:01', '2014-01-09 14:07:49', '0.00', 0),
(105, 4, 61, 1, '2013-12-30', '10:19:01', '2014-01-09 14:07:49', '0.00', 0),
(106, 4, 62, 1, '2013-12-30', '10:19:01', '2014-01-09 14:07:49', '0.00', 0),
(107, 4, 63, 1, '2013-12-30', '10:19:01', '2014-01-09 14:07:49', '0.00', 0),
(108, 4, 64, 1, '2013-12-30', '10:19:01', '2014-01-09 14:07:49', '0.00', 0),
(109, 4, 65, 1, '2013-12-30', '10:19:01', '2014-01-09 14:07:49', '0.00', 0),
(110, 4, 66, 1, '2013-12-30', '10:19:01', '2014-01-09 14:07:49', '0.00', 0),
(111, 4, 67, 1, '2013-12-30', '10:19:01', '2014-01-09 14:07:49', '0.00', 0),
(112, 4, 68, 1, '2013-12-30', '10:19:01', '2014-01-09 14:07:49', '0.00', 0),
(113, 4, 69, 1, '2013-12-30', '10:19:01', '2014-01-09 14:07:49', '0.00', 0),
(114, 4, 70, 1, '2013-12-30', '10:19:01', '2014-01-09 14:07:49', '0.00', 0),
(115, 4, 71, 1, '2013-12-30', '10:19:01', '2014-01-09 14:07:49', '0.00', 0),
(116, 4, 72, 1, '2013-12-30', '10:19:01', '2014-01-09 14:07:49', '0.00', 0),
(117, 4, 73, 1, '2013-12-30', '10:19:01', '2014-01-09 14:07:49', '0.00', 0),
(118, 4, 74, 1, '2013-12-30', '10:19:01', '2014-01-09 14:07:49', '0.00', 0),
(119, 4, 75, 1, '2013-12-30', '10:19:01', '2014-01-09 14:07:49', '0.00', 0),
(120, 4, 76, 1, '2013-12-30', '10:19:01', '2014-01-09 14:07:49', '0.00', 0),
(121, 4, 77, 1, '2013-12-30', '10:19:01', '2014-01-09 14:07:49', '0.00', 0),
(122, 4, 78, 1, '2013-12-30', '10:19:01', '2014-01-09 14:07:49', '0.00', 0),
(123, 4, 79, 1, '2013-12-30', '10:19:01', '2014-01-09 14:07:49', '0.00', 0),
(124, 4, 80, 1, '2013-12-30', '10:19:01', '2014-01-09 14:07:49', '0.00', 0),
(125, 4, 81, 1, '2013-12-30', '10:19:01', '2014-01-09 14:07:49', '0.00', 0),
(126, 4, 82, 1, '2013-12-30', '10:19:01', '2014-01-09 14:07:49', '0.00', 0),
(127, 4, 83, 1, '2013-12-30', '10:19:01', '2014-01-09 14:07:49', '0.00', 0),
(128, 4, 84, 1, '2013-12-30', '10:19:01', '2014-01-09 14:07:49', '0.00', 0),
(129, 4, 85, 1, '2013-12-30', '10:19:01', '2014-01-09 14:07:49', '0.00', 0),
(130, 4, 86, 1, '2013-12-30', '10:19:01', '2014-01-09 14:07:49', '0.00', 0),
(131, 4, 87, 1, '2013-12-30', '10:19:01', '2014-01-09 14:07:49', '0.00', 0),
(132, 4, 88, 1, '2013-12-30', '10:19:01', '2014-01-09 14:07:49', '0.00', 0),
(133, 4, 89, 1, '2013-12-30', '10:19:01', '2014-01-09 14:07:49', '0.00', 0),
(134, 4, 90, 1, '2013-12-30', '10:19:01', '2014-01-09 14:07:49', '0.00', 0),
(135, 4, 91, 1, '2013-12-30', '10:19:01', '2014-01-09 14:07:49', '0.00', 0),
(136, 4, 92, 1, '2013-12-30', '10:19:01', '2014-01-09 14:07:49', '0.00', 0),
(137, 4, 93, 1, '2013-12-30', '10:19:01', '2014-01-09 14:07:49', '0.00', 0),
(138, 4, 94, 1, '2013-12-30', '10:19:01', '2014-01-09 14:07:49', '0.00', 0),
(139, 4, 95, 1, '2013-12-30', '10:19:01', '2014-01-09 14:07:49', '0.00', 0),
(140, 4, 96, 1, '2013-12-30', '10:19:01', '2014-01-09 14:07:49', '0.00', 0),
(141, 4, 97, 1, '2013-12-30', '10:19:01', '2014-01-09 14:07:49', '0.00', 0),
(142, 4, 98, 1, '2013-12-30', '10:19:01', '2014-01-09 14:07:49', '0.00', 0),
(143, 4, 99, 1, '2013-12-30', '10:19:01', '2014-01-09 14:07:49', '0.00', 0),
(144, 4, 100, 1, '2013-12-30', '10:19:01', '2014-01-09 14:07:49', '0.00', 0),
(145, 4, 101, 1, '2013-12-30', '10:19:01', '2014-01-09 14:07:49', '0.00', 0),
(146, 4, 102, 1, '2013-12-30', '10:19:01', '2014-01-09 14:07:49', '0.00', 0),
(147, 4, 103, 1, '2013-12-30', '10:19:01', '2014-01-09 14:07:49', '0.00', 0),
(148, 4, 104, 1, '2013-12-30', '10:19:01', '2014-01-09 14:07:49', '0.00', 0),
(149, 4, 105, 1, '2013-12-30', '10:19:01', '2014-01-09 14:07:49', '0.00', 0),
(150, 4, 106, 1, '2013-12-30', '10:19:01', '2014-01-09 14:07:49', '0.00', 0),
(151, 4, 107, 1, '2013-12-30', '10:19:01', '2014-01-09 14:07:49', '0.00', 0),
(152, 4, 108, 1, '2013-12-30', '10:19:01', '2014-01-09 14:07:49', '0.00', 0),
(153, 4, 109, 1, '2013-12-30', '10:19:01', '2014-01-09 14:07:49', '0.00', 0),
(154, 4, 110, 1, '2013-12-30', '10:19:01', '2014-01-09 14:07:49', '0.00', 0),
(155, 4, 111, 1, '2013-12-30', '10:19:01', '2014-01-09 14:07:49', '0.00', 0),
(156, 4, 112, 1, '2013-12-30', '10:19:01', '2014-01-09 14:07:49', '0.00', 0),
(157, 4, 113, 1, '2013-12-30', '10:19:01', '2014-01-09 14:07:49', '0.00', 0),
(158, 4, 114, 1, '2013-12-30', '10:19:01', '2014-01-09 14:07:49', '0.00', 0),
(159, 4, 115, 1, '2013-12-30', '10:19:01', '2014-01-09 14:07:49', '0.00', 0),
(160, 4, 116, 1, '2013-12-30', '10:19:01', '2014-01-09 14:07:49', '0.00', 0),
(161, 4, 117, 1, '2013-12-30', '10:19:01', '2014-01-09 14:07:49', '0.00', 0),
(162, 4, 118, 1, '2013-12-30', '10:19:01', '2014-01-09 14:07:49', '0.00', 0),
(163, 4, 119, 1, '2013-12-30', '10:19:01', '2014-01-09 14:07:49', '0.00', 0),
(164, 4, 120, 1, '2013-12-30', '10:19:01', '2014-01-09 14:07:49', '0.00', 0),
(165, 4, 121, 1, '2013-12-30', '10:19:01', '2014-01-09 14:07:49', '0.00', 0),
(166, 4, 122, 1, '2013-12-30', '10:19:01', '2014-01-09 14:07:49', '0.00', 0),
(167, 4, 123, 1, '2013-12-30', '10:19:01', '2014-01-09 14:07:49', '0.00', 0),
(168, 4, 124, 1, '2013-12-30', '10:19:01', '2014-01-09 14:07:49', '0.00', 0),
(169, 4, 125, 1, '2013-12-30', '10:19:01', '2014-01-09 14:07:49', '0.00', 0),
(170, 4, 126, 1, '2013-12-30', '10:19:01', '2014-01-09 14:07:49', '0.00', 0),
(171, 4, 127, 1, '2013-12-30', '10:19:01', '2014-01-09 14:07:49', '0.00', 0),
(172, 4, 128, 1, '2013-12-30', '10:19:01', '2014-01-09 14:07:49', '0.00', 0),
(173, 4, 129, 1, '2013-12-30', '10:19:01', '2014-01-09 14:07:49', '0.00', 0),
(174, 4, 130, 1, '2013-12-30', '10:19:01', '2014-01-09 14:07:49', '0.00', 0),
(175, 4, 131, 1, '2013-12-30', '10:19:01', '2014-01-09 14:07:49', '0.00', 0),
(176, 4, 132, 1, '2013-12-30', '10:19:01', '2014-01-09 14:07:49', '0.00', 0),
(177, 4, 133, 1, '2013-12-30', '10:19:01', '2014-01-09 14:07:49', '0.00', 0),
(178, 4, 134, 1, '2013-12-30', '10:19:01', '2014-01-09 14:07:49', '0.00', 0),
(179, 4, 135, 1, '2013-12-30', '10:19:01', '2014-01-09 14:07:49', '0.00', 0),
(180, 4, 136, 1, '2013-12-30', '10:19:01', '2014-01-09 14:07:49', '0.00', 0),
(181, 4, 137, 1, '2013-12-30', '10:19:01', '2014-01-09 14:07:49', '0.00', 0),
(182, 4, 138, 1, '2013-12-30', '10:19:01', '2014-01-09 14:07:49', '0.00', 0),
(183, 4, 139, 1, '2013-12-30', '10:19:01', '2014-01-09 14:07:49', '0.00', 0),
(184, 4, 140, 1, '2013-12-30', '10:19:01', '2014-01-09 14:07:49', '0.00', 0),
(185, 4, 141, 1, '2013-12-30', '10:19:01', '2014-01-09 14:07:49', '0.00', 0),
(186, 4, 142, 1, '2013-12-30', '10:19:01', '2014-01-09 14:07:49', '0.00', 0),
(187, 4, 143, 1, '2013-12-30', '10:19:01', '2014-01-09 15:17:45', '4.00', 0),
(188, 4, 144, 1, '2013-12-30', '10:19:01', '2014-01-09 14:07:49', '0.00', 0),
(189, 4, 145, 1, '2013-12-30', '10:19:01', '2014-01-09 14:07:49', '0.00', 0),
(190, 4, 146, 1, '2013-12-30', '10:19:01', '2014-01-09 14:07:49', '0.00', 0),
(191, 4, 147, 1, '2013-12-30', '10:19:01', '2014-01-09 14:07:49', '0.00', 0),
(192, 4, 148, 1, '2013-12-30', '10:19:01', '2014-01-09 14:07:49', '0.00', 0),
(193, 4, 149, 1, '2013-12-30', '10:19:01', '2014-01-09 14:07:49', '0.00', 0),
(194, 4, 150, 1, '2013-12-30', '10:19:01', '2014-01-09 14:07:49', '0.00', 0),
(195, 4, 151, 1, '2013-12-30', '10:19:01', '2014-01-09 14:07:49', '0.00', 0),
(196, 4, 152, 1, '2013-12-30', '10:19:01', '2014-01-09 14:07:49', '0.00', 0),
(197, 4, 153, 1, '2013-12-30', '10:19:01', '2014-01-09 14:07:49', '0.00', 0),
(198, 4, 154, 1, '2013-12-30', '10:19:01', '2014-01-09 14:07:49', '0.00', 0),
(199, 4, 155, 1, '2013-12-30', '10:19:01', '2014-01-09 14:07:49', '0.00', 0),
(200, 4, 156, 1, '2013-12-30', '10:19:01', '2014-01-09 14:07:49', '0.00', 0),
(201, 4, 157, 1, '2013-12-30', '10:19:01', '2014-01-09 14:07:49', '0.00', 0),
(202, 4, 158, 1, '2013-12-30', '10:19:01', '2014-01-09 14:07:49', '0.00', 0),
(203, 4, 159, 1, '2013-12-30', '10:19:01', '2014-01-09 14:07:49', '0.00', 0),
(204, 4, 160, 1, '2013-12-30', '10:19:01', '2014-01-09 14:07:49', '0.00', 0),
(205, 4, 161, 1, '2013-12-30', '10:19:01', '2014-01-09 14:07:49', '0.00', 0),
(206, 4, 162, 1, '2013-12-30', '10:19:01', '2014-01-09 14:07:49', '0.00', 0),
(207, 4, 163, 1, '2013-12-30', '10:19:01', '2014-01-09 14:07:49', '0.00', 0),
(208, 4, 164, 1, '2013-12-30', '10:19:01', '2014-01-09 14:07:49', '0.00', 0),
(209, 4, 165, 1, '2013-12-30', '10:19:01', '2014-01-09 14:07:49', '0.00', 0),
(210, 4, 166, 1, '2013-12-30', '10:19:01', '2014-01-09 14:07:49', '0.00', 0),
(211, 4, 167, 1, '2013-12-30', '10:19:01', '2014-01-09 14:07:49', '0.00', 0),
(212, 4, 168, 1, '2013-12-30', '10:19:01', '2014-01-09 14:07:49', '0.00', 0),
(213, 4, 169, 1, '2013-12-30', '10:19:01', '2014-01-09 14:07:49', '0.00', 0),
(214, 4, 170, 1, '2013-12-30', '10:19:01', '2014-01-09 14:07:49', '0.00', 0),
(215, 4, 171, 1, '2013-12-30', '10:19:01', '2014-01-09 14:07:49', '0.00', 0),
(216, 4, 172, 1, '2013-12-30', '10:19:01', '2014-01-09 14:07:49', '0.00', 0),
(217, 4, 173, 1, '2013-12-30', '10:19:01', '2014-01-09 14:07:49', '0.00', 0),
(218, 4, 174, 1, '2013-12-30', '10:19:01', '2014-01-09 14:07:49', '0.00', 0),
(219, 4, 175, 1, '2013-12-30', '10:19:01', '2014-01-09 14:07:49', '0.00', 0),
(220, 4, 176, 1, '2013-12-30', '10:19:01', '2014-01-09 14:07:49', '0.00', 0),
(221, 4, 177, 1, '2013-12-30', '10:19:01', '2014-01-09 14:07:49', '0.00', 0),
(222, 4, 178, 1, '2013-12-30', '10:19:01', '2014-01-09 14:07:49', '0.00', 0),
(223, 4, 179, 1, '2013-12-30', '10:19:01', '2014-01-09 14:07:49', '0.00', 0),
(224, 4, 180, 1, '2013-12-30', '10:19:01', '2014-01-09 14:07:49', '0.00', 0),
(225, 4, 181, 1, '2013-12-30', '10:19:01', '2014-01-09 14:07:49', '0.00', 0),
(226, 4, 182, 1, '2013-12-30', '10:19:01', '2014-01-09 14:07:49', '0.00', 0),
(227, 4, 183, 1, '2013-12-30', '10:19:01', '2014-01-09 14:07:49', '0.00', 0),
(228, 4, 184, 1, '2013-12-30', '10:19:01', '2014-01-09 14:07:49', '0.00', 0),
(229, 4, 185, 1, '2013-12-30', '10:19:01', '2014-01-09 14:07:49', '0.00', 0),
(230, 4, 186, 1, '2013-12-30', '10:19:01', '2014-01-09 14:07:49', '0.00', 0),
(231, 4, 187, 1, '2013-12-30', '10:19:01', '2014-01-09 14:07:49', '0.00', 0),
(232, 4, 188, 1, '2013-12-30', '10:19:01', '2014-01-09 14:07:49', '0.00', 0),
(233, 4, 189, 1, '2013-12-30', '10:19:01', '2014-01-09 14:07:49', '0.00', 0),
(234, 4, 190, 1, '2013-12-30', '10:19:01', '2014-01-09 14:07:49', '0.00', 0),
(235, 4, 191, 1, '2013-12-30', '10:19:01', '2014-01-09 14:07:49', '0.00', 0),
(236, 4, 192, 1, '2013-12-30', '10:19:01', '2014-01-09 14:07:49', '0.00', 0),
(237, 4, 193, 1, '2013-12-30', '10:19:01', '2014-01-09 14:07:49', '0.00', 0),
(238, 4, 194, 1, '2013-12-30', '10:19:01', '2014-01-09 14:07:49', '0.00', 0),
(239, 4, 195, 1, '2013-12-30', '10:19:01', '2014-01-09 14:07:49', '0.00', 0),
(240, 4, 196, 1, '2013-12-30', '10:19:01', '2014-01-09 14:07:49', '0.00', 0),
(241, 4, 197, 1, '2013-12-30', '10:19:01', '2014-01-09 14:07:49', '0.00', 0),
(242, 4, 198, 1, '2013-12-30', '10:19:01', '2014-01-09 14:07:49', '0.00', 0),
(243, 4, 199, 1, '2013-12-30', '10:19:01', '2014-01-09 14:07:49', '0.00', 0),
(244, 4, 200, 1, '2013-12-30', '10:19:01', '2014-01-09 14:07:49', '0.00', 0),
(245, 4, 201, 1, '2013-12-30', '10:19:01', '2014-01-09 14:07:49', '0.00', 0),
(246, 4, 202, 1, '2013-12-30', '10:19:01', '2014-01-09 14:07:49', '0.00', 0),
(247, 4, 203, 1, '2013-12-30', '10:19:01', '2014-01-09 14:07:49', '0.00', 0),
(248, 4, 204, 1, '2013-12-30', '10:19:01', '2014-01-09 14:07:49', '0.00', 0),
(249, 4, 205, 1, '2013-12-30', '10:19:01', '2014-01-09 14:07:49', '0.00', 0),
(250, 4, 206, 1, '2013-12-30', '10:19:01', '2014-05-03 03:55:57', '4.00', 0),
(251, 4, 207, 1, '2013-12-30', '10:19:01', '2014-01-09 14:07:49', '0.00', 0),
(252, 4, 208, 1, '2013-12-30', '10:19:01', '2014-01-09 14:07:49', '0.00', 0),
(253, 4, 209, 1, '2013-12-30', '10:19:01', '2014-01-09 14:07:49', '0.00', 0),
(254, 4, 210, 1, '2013-12-30', '10:19:01', '2014-01-09 14:07:49', '0.00', 0),
(255, 4, 211, 1, '2013-12-30', '10:19:01', '2014-01-09 14:07:49', '0.00', 0),
(256, 4, 212, 1, '2013-12-30', '10:19:01', '2014-01-09 14:07:49', '0.00', 0),
(257, 4, 213, 1, '2013-12-30', '10:19:01', '2014-01-09 14:07:49', '0.00', 0),
(258, 4, 214, 1, '2013-12-30', '10:19:01', '2014-01-09 14:07:49', '0.00', 0),
(259, 4, 215, 1, '2013-12-30', '10:19:01', '2014-01-09 14:07:49', '0.00', 0),
(260, 4, 216, 1, '2013-12-30', '10:19:01', '2014-01-09 14:07:49', '0.00', 0),
(261, 4, 217, 1, '2013-12-30', '10:19:01', '2014-01-09 14:07:49', '0.00', 0),
(262, 4, 218, 1, '2013-12-30', '10:19:01', '2014-01-09 14:07:49', '0.00', 0),
(263, 4, 219, 1, '2013-12-30', '10:19:01', '2014-01-09 14:07:49', '0.00', 0),
(264, 4, 220, 1, '2013-12-30', '10:19:01', '2014-01-09 14:07:49', '0.00', 0),
(265, 4, 221, 1, '2013-12-30', '10:19:01', '2014-01-09 14:07:49', '0.00', 0),
(266, 4, 222, 1, '2013-12-30', '10:19:01', '2014-01-09 14:07:49', '0.00', 0),
(267, 4, 223, 1, '2013-12-30', '10:19:01', '2014-01-09 14:07:49', '0.00', 0),
(268, 4, 224, 1, '2013-12-30', '10:19:01', '2014-02-05 11:03:38', '47.00', 0),
(269, 4, 225, 1, '2013-12-30', '10:19:01', '2014-01-09 14:07:49', '0.00', 0),
(270, 4, 226, 1, '2013-12-30', '10:19:01', '2014-01-09 14:07:49', '0.00', 0),
(271, 4, 227, 1, '2013-12-30', '10:19:01', '2014-01-09 14:07:49', '0.00', 0),
(272, 4, 228, 1, '2013-12-30', '10:19:01', '2014-01-09 14:07:49', '0.00', 0),
(273, 4, 229, 1, '2013-12-30', '10:19:01', '2014-03-03 07:34:46', '1.00', 0),
(274, 4, 230, 1, '2013-12-30', '10:19:01', '2014-03-19 05:37:27', '8.00', 0),
(275, 4, 231, 1, '2013-12-30', '10:19:01', '2014-01-09 14:07:49', '0.00', 0),
(276, 4, 232, 1, '2013-12-30', '10:19:01', '2014-01-09 14:07:49', '0.00', 0),
(277, 4, 233, 1, '2013-12-30', '10:19:01', '2014-01-09 14:07:49', '0.00', 0),
(278, 4, 234, 1, '2013-12-30', '10:19:01', '2014-01-09 14:07:49', '0.00', 0),
(279, 4, 235, 1, '2013-12-30', '10:19:01', '2014-01-09 14:07:49', '0.00', 0),
(280, 4, 236, 1, '2013-12-30', '10:19:01', '2014-01-09 14:07:49', '0.00', 0),
(281, 4, 237, 1, '2013-12-30', '10:19:01', '2014-01-09 14:07:49', '0.00', 0),
(282, 4, 238, 1, '2013-12-30', '10:19:01', '2014-01-09 14:07:49', '0.00', 0),
(283, 4, 239, 1, '2013-12-30', '10:19:01', '2014-01-09 14:07:49', '0.00', 0),
(284, 4, 240, 1, '2013-12-30', '10:19:01', '2014-01-09 14:07:49', '0.00', 0),
(285, 4, 241, 1, '2013-12-30', '10:19:01', '2014-02-05 11:00:39', '5.00', 0),
(286, 4, 242, 1, '2013-12-30', '10:19:01', '2014-01-09 14:07:49', '0.00', 0),
(287, 4, 243, 1, '2013-12-30', '10:19:01', '2014-01-09 14:07:49', '0.00', 0),
(288, 4, 244, 1, '2013-12-30', '10:19:01', '2014-05-13 09:25:14', '59.00', 0),
(289, 4, 245, 1, '2013-12-30', '10:19:01', '2014-01-09 14:07:49', '0.00', 0),
(290, 4, 246, 1, '2013-12-30', '10:19:01', '2014-03-03 07:34:45', '30.00', 0),
(291, 4, 247, 1, '2013-12-30', '10:19:01', '2014-01-09 14:07:49', '0.00', 0),
(292, 4, 248, 1, '2013-12-30', '10:19:01', '2014-01-09 14:07:49', '0.00', 0),
(293, 4, 249, 1, '2013-12-30', '10:19:01', '2014-01-09 14:07:49', '0.00', 0),
(294, 4, 250, 1, '2013-12-30', '10:19:01', '2014-01-09 15:06:14', '71.00', 0),
(295, 4, 251, 1, '2013-12-30', '10:19:01', '2014-01-09 14:07:49', '0.00', 0),
(296, 4, 252, 1, '2013-12-30', '10:19:01', '2014-01-09 14:07:49', '0.00', 0),
(297, 4, 253, 1, '2013-12-30', '10:19:01', '2014-01-09 14:07:49', '0.00', 0),
(298, 4, 254, 1, '2013-12-30', '10:19:01', '2014-01-09 14:07:49', '0.00', 0),
(299, 4, 255, 1, '2013-12-30', '10:19:01', '2014-05-03 03:55:57', '24.00', 0),
(300, 4, 256, 1, '2013-12-30', '10:19:01', '2014-01-09 14:07:49', '0.00', 0),
(301, 4, 257, 1, '2013-12-30', '10:19:01', '2014-01-09 14:07:49', '0.00', 0),
(302, 4, 258, 1, '2013-12-30', '10:19:01', '2014-02-21 04:55:01', '28.00', 0),
(303, 4, 259, 1, '2013-12-30', '10:19:01', '2014-02-21 04:55:01', '6.00', 0),
(304, 4, 260, 1, '2013-12-30', '10:19:01', '2014-01-09 14:07:49', '0.00', 0),
(305, 4, 261, 1, '2013-12-30', '10:19:01', '2014-01-09 14:07:49', '0.00', 0),
(306, 4, 262, 1, '2013-12-30', '10:19:01', '2014-01-09 15:07:33', '44.00', 0),
(307, 4, 263, 1, '2013-12-30', '10:19:01', '2014-01-09 14:07:49', '0.00', 0),
(308, 4, 264, 1, '2013-12-30', '10:19:01', '2014-02-21 04:55:01', '2.00', 0),
(309, 4, 265, 1, '2013-12-30', '10:19:01', '2014-01-09 14:07:49', '0.00', 0),
(310, 4, 266, 1, '2013-12-30', '10:19:01', '2014-01-09 14:07:49', '0.00', 0),
(311, 4, 267, 1, '2013-12-30', '10:19:01', '2014-01-09 14:07:49', '0.00', 0),
(312, 4, 268, 1, '2013-12-30', '10:19:01', '2014-01-09 14:07:49', '0.00', 0),
(313, 4, 269, 1, '2013-12-30', '10:19:01', '2014-01-09 14:07:49', '0.00', 0),
(314, 4, 270, 1, '2013-12-30', '10:19:01', '2014-01-09 14:07:49', '0.00', 0),
(315, 4, 271, 1, '2013-12-30', '10:19:01', '2014-01-09 14:07:49', '0.00', 0),
(316, 4, 272, 1, '2013-12-30', '10:19:01', '2014-01-09 14:07:49', '0.00', 0),
(317, 4, 273, 1, '2013-12-30', '10:19:01', '2014-01-09 14:07:49', '0.00', 0),
(318, 4, 274, 1, '2013-12-30', '10:19:01', '2014-01-09 14:07:49', '0.00', 0),
(319, 4, 275, 1, '2013-12-30', '10:19:01', '2014-01-09 14:07:49', '0.00', 0),
(320, 4, 276, 1, '2013-12-30', '10:19:01', '2014-02-21 04:55:01', '1.00', 0),
(321, 4, 277, 1, '2013-12-30', '10:19:01', '2014-05-13 09:25:14', '107.00', 0),
(322, 4, 278, 1, '2013-12-30', '10:19:01', '2014-01-09 14:07:49', '0.00', 0),
(323, 4, 279, 1, '2013-12-30', '10:19:01', '2014-01-09 14:07:49', '0.00', 0),
(324, 4, 280, 1, '2013-12-30', '10:19:01', '2014-01-09 14:07:49', '0.00', 0),
(325, 4, 281, 1, '2013-12-30', '10:19:01', '2014-01-09 15:04:12', '1.00', 0),
(326, 4, 282, 1, '2013-12-30', '10:19:01', '2014-01-09 14:07:49', '0.00', 0),
(327, 4, 283, 1, '2013-12-30', '10:19:01', '2014-01-09 14:07:49', '0.00', 0),
(328, 4, 284, 1, '2013-12-30', '10:19:01', '2014-01-09 14:07:49', '0.00', 0),
(329, 4, 285, 1, '2013-12-30', '10:19:01', '2014-01-09 14:07:49', '0.00', 0),
(330, 4, 286, 1, '2013-12-30', '10:19:01', '2014-03-03 07:34:45', '26.00', 0),
(331, 4, 287, 1, '2013-12-30', '10:19:01', '2014-01-09 14:07:49', '0.00', 0),
(332, 4, 288, 1, '2013-12-30', '10:19:01', '2014-01-09 14:07:49', '0.00', 0),
(333, 4, 289, 1, '2013-12-30', '10:19:01', '2014-01-09 14:07:49', '0.00', 0),
(334, 4, 290, 1, '2013-12-30', '10:19:01', '2014-01-09 14:07:49', '0.00', 0),
(335, 4, 291, 1, '2013-12-30', '10:19:01', '2014-01-09 14:07:49', '0.00', 0),
(336, 4, 292, 1, '2013-12-30', '10:19:01', '2014-01-09 14:07:49', '0.00', 0),
(337, 4, 293, 1, '2013-12-30', '10:19:01', '2014-01-09 14:07:49', '0.00', 0),
(338, 4, 294, 1, '2013-12-30', '10:19:01', '2014-01-09 14:07:49', '0.00', 0),
(339, 4, 295, 1, '2013-12-30', '10:19:01', '2014-02-05 11:04:42', '2.00', 0),
(340, 4, 296, 1, '2013-12-30', '10:19:01', '2014-01-09 14:07:49', '0.00', 0),
(341, 4, 297, 1, '2013-12-30', '10:19:01', '2014-01-09 14:07:49', '0.00', 0),
(342, 4, 298, 1, '2013-12-30', '10:19:01', '2014-01-09 14:07:49', '0.00', 0),
(343, 4, 299, 1, '2013-12-30', '10:19:01', '2014-01-09 14:07:49', '0.00', 0),
(344, 4, 300, 1, '2013-12-30', '10:19:01', '2014-01-09 14:07:49', '0.00', 0),
(345, 4, 301, 1, '2013-12-30', '10:19:01', '2014-01-09 15:04:45', '1.00', 0),
(346, 4, 302, 1, '2013-12-30', '10:19:01', '2014-01-09 14:07:49', '0.00', 0),
(347, 4, 303, 1, '2013-12-30', '10:19:01', '2014-01-09 14:07:49', '0.00', 0),
(348, 4, 304, 1, '2013-12-30', '10:19:01', '2014-01-09 14:07:49', '0.00', 0),
(349, 4, 305, 1, '2013-12-30', '10:19:01', '2014-01-09 14:07:49', '0.00', 0),
(350, 4, 306, 1, '2013-12-30', '10:19:01', '2014-01-09 14:07:49', '0.00', 0),
(351, 4, 307, 1, '2013-12-30', '10:19:01', '2014-01-09 14:07:49', '0.00', 0),
(352, 4, 308, 1, '2013-12-30', '10:19:01', '2014-01-09 14:07:49', '0.00', 0),
(353, 4, 309, 1, '2013-12-30', '10:19:01', '2014-01-09 14:07:49', '0.00', 0),
(354, 4, 310, 1, '2013-12-30', '10:19:01', '2014-01-09 15:09:52', '7.00', 0),
(355, 4, 311, 1, '2013-12-30', '10:19:01', '2014-01-09 14:07:49', '0.00', 0),
(356, 4, 312, 1, '2013-12-30', '10:19:01', '2014-01-09 14:07:49', '0.00', 0),
(357, 4, 313, 1, '2013-12-30', '10:19:01', '2014-01-09 14:07:49', '0.00', 0),
(358, 4, 314, 1, '2013-12-30', '10:19:01', '2014-01-09 14:07:49', '0.00', 0),
(359, 4, 315, 1, '2013-12-30', '10:19:01', '2014-01-09 14:07:49', '0.00', 0),
(360, 4, 316, 1, '2013-12-30', '10:19:01', '2014-01-09 14:07:49', '0.00', 0),
(361, 4, 317, 1, '2013-12-30', '10:19:01', '2014-01-09 14:07:49', '0.00', 0),
(362, 4, 318, 1, '2013-12-30', '10:19:01', '2014-02-05 11:02:07', '2.00', 0),
(363, 4, 319, 1, '2013-12-30', '10:19:01', '2014-01-09 14:07:49', '0.00', 0),
(364, 4, 320, 1, '2013-12-30', '10:19:01', '2014-01-09 14:07:49', '0.00', 0),
(365, 4, 321, 1, '2013-12-30', '10:19:01', '2014-01-09 14:07:49', '0.00', 0),
(366, 4, 322, 1, '2013-12-30', '10:19:01', '2014-02-21 04:55:01', '26.00', 0),
(367, 4, 323, 1, '2013-12-30', '10:19:01', '2014-01-09 14:07:49', '0.00', 0),
(368, 4, 324, 1, '2013-12-30', '10:19:01', '2014-01-09 14:07:49', '0.00', 0),
(369, 4, 325, 1, '2013-12-30', '10:19:01', '2014-01-09 14:07:49', '0.00', 0),
(370, 4, 326, 1, '2013-12-30', '10:19:01', '2014-02-21 04:55:01', '20.00', 0),
(371, 4, 327, 1, '2013-12-30', '10:19:01', '2014-01-09 14:07:49', '0.00', 0),
(372, 4, 328, 1, '2013-12-30', '10:19:01', '2014-01-09 14:07:49', '0.00', 0),
(373, 4, 329, 1, '2013-12-30', '10:19:01', '2014-01-09 14:07:49', '0.00', 0),
(374, 4, 330, 1, '2013-12-30', '10:19:01', '2014-01-09 14:07:49', '0.00', 0),
(375, 4, 331, 1, '2013-12-30', '10:19:01', '2014-01-09 14:07:49', '0.00', 0),
(376, 4, 332, 1, '2013-12-30', '10:19:01', '2014-01-09 14:07:49', '0.00', 0),
(377, 4, 333, 1, '2013-12-30', '10:19:01', '2014-01-09 14:07:49', '0.00', 0),
(378, 4, 334, 1, '2013-12-30', '10:19:01', '2014-01-09 14:07:49', '0.00', 0),
(379, 4, 335, 1, '2013-12-30', '10:19:01', '2014-01-09 14:07:49', '0.00', 0),
(380, 4, 336, 1, '2013-12-30', '10:19:01', '2014-01-09 14:07:49', '0.00', 0),
(381, 4, 337, 1, '2013-12-30', '10:19:01', '2014-01-09 14:07:49', '0.00', 0),
(382, 4, 338, 1, '2013-12-30', '10:19:01', '2014-02-21 04:55:01', '68.00', 0),
(383, 4, 339, 1, '2013-12-30', '10:19:01', '2014-01-09 14:07:49', '0.00', 0),
(384, 4, 340, 1, '2013-12-30', '10:19:01', '2014-01-09 14:07:49', '0.00', 0),
(385, 4, 341, 1, '2013-12-30', '10:19:01', '2014-01-09 14:07:49', '0.00', 0),
(386, 4, 342, 1, '2013-12-30', '10:19:01', '2014-01-09 14:07:49', '0.00', 0),
(387, 4, 343, 1, '2013-12-30', '10:19:01', '2014-01-09 14:07:49', '0.00', 0),
(388, 4, 344, 1, '2013-12-30', '10:19:01', '2014-01-09 14:07:49', '0.00', 0),
(389, 4, 345, 1, '2013-12-30', '10:19:01', '2014-01-09 14:07:49', '0.00', 0),
(390, 4, 346, 1, '2013-12-30', '10:19:01', '2014-01-09 14:07:49', '0.00', 0),
(391, 4, 347, 1, '2013-12-30', '10:19:01', '2014-01-09 14:07:49', '0.00', 0),
(392, 4, 348, 1, '2013-12-30', '10:19:01', '2014-01-09 14:07:49', '0.00', 0),
(393, 4, 349, 1, '2013-12-30', '10:19:01', '2014-01-09 14:07:49', '0.00', 0),
(394, 4, 350, 1, '2013-12-30', '10:19:01', '2014-01-09 14:07:49', '0.00', 0),
(395, 4, 351, 1, '2013-12-30', '10:19:01', '2014-01-09 14:07:49', '0.00', 0),
(396, 4, 352, 1, '2013-12-30', '10:19:01', '2014-01-09 14:07:49', '0.00', 0),
(397, 4, 353, 1, '2013-12-30', '10:19:01', '2014-02-03 09:35:08', '5.00', 0),
(398, 4, 354, 1, '2013-12-30', '10:19:01', '2014-02-03 09:35:40', '5.00', 0),
(399, 4, 355, 1, '2013-12-30', '10:19:01', '2014-01-09 14:07:49', '0.00', 0),
(400, 4, 356, 1, '2013-12-30', '10:19:01', '2014-01-09 14:07:49', '0.00', 0),
(401, 4, 357, 1, '2013-12-30', '10:19:01', '2014-01-09 14:07:49', '0.00', 0),
(402, 4, 358, 1, '2013-12-30', '10:19:01', '2014-01-09 14:07:49', '0.00', 0),
(403, 4, 359, 1, '2013-12-30', '10:19:01', '2014-01-09 14:07:49', '0.00', 0),
(404, 4, 360, 1, '2013-12-30', '10:19:01', '2014-01-09 15:14:44', '2.00', 0),
(405, 4, 361, 1, '2013-12-30', '10:19:01', '2014-04-23 09:56:22', '13.00', 0),
(406, 4, 362, 1, '2013-12-30', '10:19:01', '2014-01-09 14:07:49', '0.00', 0),
(407, 4, 363, 1, '2013-12-30', '10:19:01', '2014-03-19 05:37:27', '48.00', 0),
(408, 4, 364, 1, '2013-12-30', '10:19:01', '2014-01-09 14:07:49', '0.00', 0),
(409, 4, 365, 1, '2013-12-30', '10:19:01', '2014-01-09 14:07:49', '0.00', 0),
(410, 4, 366, 1, '2013-12-30', '10:19:01', '2014-01-09 14:07:49', '0.00', 0),
(411, 4, 367, 1, '2013-12-30', '10:19:01', '2014-01-09 14:07:49', '0.00', 0),
(412, 4, 368, 1, '2013-12-30', '10:19:01', '2014-01-09 14:07:49', '0.00', 0),
(413, 4, 369, 1, '2013-12-30', '10:19:01', '2014-02-05 07:10:24', '0.00', 0),
(414, 4, 370, 1, '2013-12-30', '10:19:01', '2014-01-09 14:07:49', '0.00', 0),
(415, 4, 371, 1, '2013-12-30', '10:19:01', '2014-01-09 14:07:49', '0.00', 0),
(416, 4, 372, 1, '2013-12-30', '10:19:01', '2014-01-09 14:07:49', '0.00', 0),
(417, 4, 373, 1, '2013-12-30', '10:19:01', '2014-01-09 14:07:49', '0.00', 0),
(418, 4, 374, 1, '2013-12-30', '10:19:01', '2014-01-09 14:07:49', '0.00', 0),
(419, 4, 375, 1, '2013-12-30', '10:19:01', '2014-01-09 14:07:49', '0.00', 0),
(420, 4, 376, 1, '2013-12-30', '10:19:01', '2014-01-09 14:07:49', '0.00', 0),
(421, 4, 377, 1, '2013-12-30', '10:19:01', '2014-01-09 14:07:49', '0.00', 0),
(422, 4, 378, 1, '2013-12-30', '10:19:01', '2014-01-09 14:07:49', '0.00', 0),
(423, 4, 379, 1, '2013-12-30', '10:19:01', '2014-01-09 14:07:49', '0.00', 0),
(424, 4, 380, 1, '2013-12-30', '10:19:01', '2014-01-09 14:07:49', '0.00', 0),
(425, 4, 381, 1, '2013-12-30', '10:19:01', '2014-01-09 14:07:49', '0.00', 0),
(426, 4, 382, 1, '2013-12-30', '10:19:01', '2014-01-09 14:07:49', '0.00', 0),
(427, 4, 383, 1, '2013-12-30', '10:19:01', '2014-01-09 14:07:49', '0.00', 0),
(428, 4, 384, 1, '2013-12-30', '10:19:01', '2014-01-09 14:07:49', '0.00', 0),
(429, 4, 385, 1, '2013-12-30', '10:19:01', '2014-01-09 14:07:49', '0.00', 0),
(430, 4, 386, 1, '2013-12-30', '10:19:01', '2014-01-09 14:07:49', '0.00', 0),
(431, 4, 387, 1, '2013-12-30', '10:19:01', '2014-01-09 14:07:49', '0.00', 0),
(432, 4, 388, 1, '2013-12-30', '10:19:01', '2014-01-09 14:07:49', '0.00', 0),
(433, 4, 389, 1, '2013-12-30', '10:19:01', '2014-01-09 14:07:49', '0.00', 0),
(434, 4, 390, 1, '2013-12-30', '10:19:01', '2014-01-09 14:07:49', '0.00', 0),
(435, 4, 391, 1, '2013-12-30', '10:19:01', '2014-01-09 14:07:49', '0.00', 0),
(436, 4, 392, 1, '2013-12-30', '10:19:01', '2014-01-09 14:07:49', '0.00', 0),
(437, 4, 393, 1, '2013-12-30', '10:19:01', '2014-01-09 14:07:49', '0.00', 0),
(438, 4, 394, 1, '2013-12-30', '10:19:01', '2014-01-09 14:07:49', '0.00', 0),
(439, 4, 395, 1, '2013-12-30', '10:19:01', '2014-01-09 14:07:49', '0.00', 0),
(440, 4, 396, 1, '2013-12-30', '10:19:01', '2014-01-09 14:07:49', '0.00', 0),
(441, 4, 397, 1, '2013-12-30', '10:19:01', '2014-01-09 14:07:49', '0.00', 0),
(442, 4, 398, 1, '2013-12-30', '10:19:01', '2014-01-09 14:07:49', '0.00', 0),
(443, 4, 399, 1, '2013-12-30', '10:19:01', '2014-01-09 14:07:49', '0.00', 0),
(444, 4, 400, 1, '2013-12-30', '10:19:01', '2014-01-09 14:07:49', '0.00', 0),
(445, 4, 401, 1, '2013-12-30', '10:19:01', '2014-01-09 14:07:49', '0.00', 0),
(446, 4, 402, 1, '2013-12-30', '10:19:01', '2014-01-09 14:07:49', '0.00', 0),
(447, 4, 403, 1, '2013-12-30', '10:19:01', '2014-05-13 09:42:19', '23.00', 0),
(448, 4, 404, 1, '2013-12-30', '10:19:01', '2014-01-09 14:07:49', '0.00', 0),
(449, 4, 405, 1, '2013-12-30', '10:19:01', '2014-01-09 14:07:49', '0.00', 0),
(450, 4, 406, 1, '2013-12-30', '10:19:01', '2014-01-09 14:07:49', '0.00', 0),
(451, 4, 407, 1, '2013-12-30', '10:19:01', '2014-01-09 14:07:49', '0.00', 0),
(452, 4, 408, 1, '2013-12-30', '10:19:01', '2014-01-09 14:07:49', '0.00', 0),
(453, 4, 409, 1, '2013-12-30', '10:19:01', '2014-01-09 14:07:49', '0.00', 0),
(454, 4, 410, 1, '2013-12-30', '10:19:01', '2014-02-03 09:24:57', '4.00', 0),
(455, 4, 411, 1, '2013-12-30', '10:19:01', '2014-02-05 08:32:16', '13.00', 0),
(456, 4, 412, 1, '2013-12-30', '10:19:01', '2014-01-09 14:07:49', '0.00', 0),
(457, 4, 413, 1, '2013-12-30', '10:19:01', '2014-02-03 09:29:24', '10.00', 0),
(458, 4, 414, 1, '2013-12-30', '10:19:01', '2014-01-09 14:07:49', '0.00', 0),
(459, 4, 415, 1, '2013-12-30', '10:19:01', '2014-01-09 14:07:49', '0.00', 0),
(460, 4, 416, 1, '2013-12-30', '10:19:01', '2014-01-09 14:07:49', '0.00', 0),
(461, 4, 417, 1, '2013-12-30', '10:19:01', '2014-01-09 14:07:49', '0.00', 0),
(462, 4, 418, 1, '2013-12-30', '10:19:01', '2014-01-09 14:07:49', '0.00', 0),
(463, 4, 419, 1, '2013-12-30', '10:19:01', '2014-01-09 14:07:49', '0.00', 0),
(464, 4, 420, 1, '2013-12-30', '10:19:01', '2014-01-09 14:07:49', '0.00', 0),
(465, 4, 421, 1, '2013-12-30', '10:19:01', '2014-01-09 14:07:49', '0.00', 0),
(466, 4, 422, 1, '2013-12-30', '10:19:01', '2014-01-09 14:07:49', '0.00', 0),
(467, 4, 423, 1, '2013-12-30', '10:19:01', '2014-01-09 14:07:49', '0.00', 0),
(468, 4, 424, 1, '2013-12-30', '10:19:01', '2014-01-09 14:07:49', '0.00', 0),
(469, 4, 425, 1, '2013-12-30', '10:19:01', '2014-01-09 14:07:49', '0.00', 0),
(470, 4, 426, 1, '2013-12-30', '10:19:01', '2014-01-09 14:07:49', '0.00', 0),
(471, 4, 427, 1, '2013-12-30', '10:19:01', '2014-01-09 14:07:49', '0.00', 0),
(472, 4, 428, 1, '2013-12-30', '10:19:01', '2014-01-09 14:07:49', '0.00', 0),
(473, 4, 429, 1, '2013-12-30', '10:19:01', '2014-01-09 14:07:49', '0.00', 0),
(474, 4, 430, 1, '2013-12-30', '10:19:01', '2014-01-09 14:07:49', '0.00', 0),
(475, 4, 431, 1, '2013-12-30', '10:19:01', '2014-01-09 14:07:49', '0.00', 0),
(476, 4, 432, 1, '2013-12-30', '10:19:01', '2014-01-09 14:07:49', '0.00', 0),
(477, 4, 433, 1, '2013-12-30', '10:19:01', '2014-01-09 14:07:49', '0.00', 0),
(478, 4, 434, 1, '2013-12-30', '10:19:01', '2014-01-09 14:07:49', '0.00', 0),
(479, 4, 435, 1, '2013-12-30', '10:19:01', '2014-01-09 14:07:49', '0.00', 0),
(480, 4, 436, 1, '2013-12-30', '10:19:01', '2014-01-09 14:07:49', '0.00', 0),
(481, 4, 437, 1, '2013-12-30', '10:19:01', '2014-01-09 14:07:49', '0.00', 0),
(482, 4, 438, 1, '2013-12-30', '10:19:01', '2014-01-09 14:07:49', '0.00', 0),
(483, 4, 439, 1, '2013-12-30', '10:19:01', '2014-01-09 14:07:49', '0.00', 0),
(484, 4, 440, 1, '2013-12-30', '10:19:01', '2014-01-09 14:07:49', '0.00', 0),
(485, 4, 441, 1, '2013-12-30', '10:19:01', '2014-01-09 14:07:49', '0.00', 0),
(486, 4, 442, 1, '2013-12-30', '10:19:01', '2014-01-09 14:07:49', '0.00', 0),
(487, 4, 443, 1, '2013-12-30', '10:19:01', '2014-01-09 14:07:49', '0.00', 0),
(488, 4, 444, 1, '2013-12-30', '10:19:01', '2014-01-09 14:07:49', '0.00', 0),
(489, 4, 445, 1, '2013-12-30', '10:19:01', '2014-01-09 14:07:49', '0.00', 0),
(490, 4, 446, 1, '2013-12-30', '10:19:01', '2014-01-09 14:07:49', '0.00', 0),
(491, 4, 447, 1, '2013-12-30', '10:19:01', '2014-01-09 14:07:49', '0.00', 0),
(492, 4, 448, 1, '2013-12-30', '10:19:01', '2014-01-09 14:07:49', '0.00', 0),
(493, 4, 449, 1, '2013-12-30', '10:19:01', '2014-01-09 14:07:49', '0.00', 0),
(494, 4, 450, 1, '2013-12-30', '10:19:01', '2014-01-09 14:07:49', '0.00', 0),
(495, 4, 451, 1, '2013-12-30', '10:19:01', '2014-01-09 14:07:49', '0.00', 0),
(496, 4, 452, 1, '2013-12-30', '10:19:01', '2014-01-09 14:07:49', '0.00', 0),
(497, 4, 453, 1, '2013-12-30', '10:19:01', '2014-01-09 14:07:49', '0.00', 0),
(498, 4, 454, 1, '2013-12-30', '10:19:01', '2014-01-09 14:07:49', '0.00', 0),
(499, 4, 455, 1, '2013-12-30', '10:19:01', '2014-01-09 14:07:49', '0.00', 0),
(500, 4, 456, 1, '2013-12-30', '10:19:01', '2014-01-09 14:07:49', '0.00', 0),
(501, 4, 457, 1, '2013-12-30', '10:19:01', '2014-03-14 05:41:09', '2.00', 0),
(502, 4, 458, 1, '2013-12-30', '10:19:01', '2014-01-09 14:07:49', '0.00', 0),
(503, 4, 459, 1, '2013-12-30', '10:19:01', '2014-01-09 14:43:59', '4.00', 0),
(504, 4, 460, 1, '2013-12-30', '10:19:01', '2014-01-09 14:07:49', '0.00', 0),
(505, 4, 461, 1, '2013-12-30', '10:19:01', '2014-01-09 14:07:49', '0.00', 0),
(506, 4, 462, 1, '2013-12-30', '10:19:01', '2014-01-09 14:07:49', '0.00', 0),
(507, 4, 463, 1, '2013-12-30', '10:19:01', '2014-02-05 08:18:47', '32.00', 0),
(508, 4, 464, 1, '2013-12-30', '10:19:01', '2014-01-09 14:07:49', '0.00', 0),
(509, 4, 465, 1, '2013-12-30', '10:19:01', '2014-05-19 04:29:11', '67.00', 0),
(510, 4, 466, 1, '2013-12-30', '10:19:01', '2014-01-09 14:07:49', '0.00', 0),
(511, 4, 467, 1, '2013-12-30', '10:19:01', '2014-02-21 05:50:10', '2.00', 0),
(512, 4, 468, 1, '2013-12-30', '10:19:01', '2014-02-05 10:44:25', '50.00', 0),
(513, 4, 469, 1, '2013-12-30', '10:19:01', '2014-05-16 10:23:15', '84.00', 0),
(514, 4, 470, 1, '2013-12-30', '10:19:01', '2014-05-13 09:19:46', '50.00', 0),
(515, 4, 471, 1, '2013-12-30', '10:19:01', '2014-01-09 14:07:49', '0.00', 0),
(516, 4, 472, 1, '2013-12-30', '10:19:01', '2014-01-09 14:09:19', '5.00', 0),
(517, 4, 473, 1, '2013-12-30', '10:19:01', '2014-01-09 14:17:39', '52.00', 0),
(518, 4, 474, 1, '2013-12-30', '10:19:01', '2014-01-09 14:07:49', '0.00', 0),
(519, 4, 475, 1, '2013-12-30', '10:19:01', '2014-01-09 14:07:49', '0.00', 0),
(520, 4, 476, 1, '2013-12-30', '10:19:01', '2014-05-19 05:00:38', '225.00', 0),
(521, 4, 477, 1, '2013-12-30', '10:19:01', '2014-05-19 05:00:38', '15.00', 0),
(522, 4, 478, 1, '2013-12-30', '10:19:01', '2014-02-21 05:50:10', '27.00', 0),
(523, 4, 479, 1, '2013-12-30', '10:19:01', '2014-01-09 14:26:02', '31.00', 0),
(524, 4, 480, 1, '2013-12-30', '10:19:01', '2014-05-19 05:00:38', '940.00', 0),
(525, 4, 481, 1, '2013-12-30', '10:19:01', '2014-05-13 09:33:40', '85.00', 0),
(526, 4, 482, 1, '2013-12-30', '10:19:01', '2014-01-09 14:07:49', '0.00', 0),
(527, 4, 483, 1, '2013-12-30', '10:19:02', '2014-05-16 10:36:30', '30.00', 0),
(528, 4, 484, 1, '2013-12-30', '10:19:02', '2014-05-13 09:33:40', '64.00', 0),
(529, 4, 485, 1, '2013-12-30', '10:19:02', '2014-04-23 11:02:14', '179.00', 0),
(530, 4, 486, 1, '2014-01-20', '14:16:23', '2014-05-03 03:55:57', '40.00', 0),
(531, 4, 487, 1, '2013-12-30', '10:19:02', '2014-02-05 11:10:24', '112.00', 0),
(532, 4, 488, 1, '2013-12-30', '10:19:02', '2014-01-09 14:07:49', '0.00', 0),
(533, 4, 489, 1, '2013-12-30', '10:19:02', '2014-01-09 14:07:49', '0.00', 0),
(534, 4, 490, 1, '2013-12-30', '10:19:02', '2014-01-09 14:07:49', '0.00', 0),
(535, 4, 491, 1, '2013-12-30', '10:19:02', '2014-01-09 14:07:49', '0.00', 0),
(536, 4, 492, 1, '2013-12-30', '10:19:02', '2014-01-09 14:07:49', '0.00', 0),
(537, 4, 493, 1, '2013-12-30', '10:19:02', '2014-05-19 05:00:38', '116.00', 0),
(538, 4, 494, 1, '2013-12-30', '10:19:02', '2014-05-16 11:05:39', '154.00', 0),
(539, 4, 495, 1, '2013-12-30', '10:19:02', '2014-02-05 08:13:48', '480.00', 0),
(540, 4, 496, 1, '2014-01-21', '12:54:34', '2014-05-13 09:19:46', '13.00', 0),
(541, 4, 497, 1, '2013-12-30', '10:19:02', '2014-01-09 14:07:49', '0.00', 0),
(542, 4, 498, 1, '2013-12-30', '10:19:02', '2014-01-09 14:07:49', '0.00', 0),
(543, 4, 499, 1, '2013-12-30', '10:19:02', '2014-01-09 14:07:49', '0.00', 0),
(544, 4, 500, 1, '2013-12-30', '10:19:02', '2014-01-09 14:07:49', '0.00', 0),
(545, 4, 501, 1, '2013-12-30', '10:19:02', '2014-01-09 14:07:49', '0.00', 0),
(546, 4, 502, 1, '2013-12-30', '10:19:02', '2014-01-09 14:07:49', '0.00', 0),
(547, 4, 503, 1, '2013-12-30', '10:19:02', '2014-01-09 14:07:49', '0.00', 0),
(548, 4, 504, 1, '2013-12-30', '10:19:02', '2014-01-09 14:07:49', '0.00', 0),
(549, 4, 505, 1, '2013-12-30', '10:19:02', '2014-01-09 14:07:49', '0.00', 0),
(550, 4, 506, 1, '2013-12-30', '10:19:02', '2014-01-09 14:07:49', '0.00', 0),
(551, 4, 507, 1, '2013-12-30', '10:19:02', '2014-01-09 14:07:49', '0.00', 0),
(552, 4, 508, 1, '2013-12-30', '10:19:02', '2014-01-09 14:07:49', '0.00', 0),
(553, 4, 509, 1, '2013-12-30', '10:19:02', '2014-04-25 04:51:47', '119.00', 0),
(554, 4, 510, 1, '2013-12-30', '10:19:02', '2014-01-09 14:07:49', '0.00', 0),
(555, 4, 511, 1, '2013-12-30', '10:19:02', '2014-01-09 14:07:49', '0.00', 0),
(556, 4, 512, 1, '2013-12-30', '10:19:02', '2014-01-09 14:07:49', '0.00', 0),
(557, 4, 513, 1, '2013-12-30', '10:19:02', '2014-01-09 14:07:49', '0.00', 0),
(558, 4, 514, 1, '2013-12-30', '10:19:02', '2014-01-09 14:07:49', '0.00', 0),
(559, 4, 515, 1, '2013-12-30', '10:19:02', '2014-01-09 14:07:49', '0.00', 0),
(560, 4, 516, 1, '2013-12-30', '10:19:02', '2014-01-09 14:07:49', '0.00', 0),
(561, 4, 517, 1, '2013-12-30', '10:19:02', '2014-02-03 08:11:10', '0.00', 0),
(562, 4, 518, 1, '2013-12-30', '10:19:02', '2014-01-09 14:07:49', '0.00', 0),
(563, 4, 519, 1, '2013-12-30', '10:19:02', '2014-01-09 14:07:49', '0.00', 0),
(564, 4, 520, 1, '2013-12-30', '10:19:02', '2014-01-09 14:07:49', '0.00', 0),
(565, 4, 521, 1, '2013-12-30', '10:19:02', '2014-01-09 14:07:49', '0.00', 0),
(566, 4, 522, 1, '2013-12-30', '10:19:02', '2014-01-09 14:07:49', '0.00', 0),
(567, 4, 523, 1, '2013-12-30', '10:19:02', '2014-01-09 14:07:49', '0.00', 0),
(568, 4, 524, 1, '2013-12-30', '10:19:02', '2014-01-09 14:07:49', '0.00', 0),
(569, 4, 525, 1, '2013-12-30', '10:19:02', '2014-01-09 14:07:49', '0.00', 0),
(570, 4, 526, 1, '2013-12-30', '10:19:02', '2014-01-09 14:07:49', '0.00', 0),
(571, 4, 527, 1, '2013-12-30', '10:19:02', '2014-01-09 14:07:49', '0.00', 0),
(572, 4, 528, 1, '2013-12-30', '10:19:02', '2014-01-09 14:07:49', '0.00', 0),
(573, 4, 529, 1, '2013-12-30', '10:19:02', '2014-01-09 14:07:49', '0.00', 0),
(574, 4, 530, 1, '2013-12-30', '10:19:02', '2014-01-09 14:07:49', '0.00', 0),
(575, 4, 531, 1, '2013-12-30', '10:19:02', '2014-01-09 14:07:49', '0.00', 0),
(576, 4, 532, 1, '2013-12-30', '10:19:02', '2014-01-09 14:07:49', '0.00', 0),
(577, 4, 533, 1, '2013-12-30', '10:19:02', '2014-01-09 14:07:49', '0.00', 0),
(578, 4, 534, 1, '2013-12-30', '10:19:02', '2014-01-09 14:07:49', '0.00', 0),
(579, 4, 535, 1, '2013-12-30', '10:19:02', '2014-01-09 14:07:49', '0.00', 0),
(580, 4, 536, 1, '2013-12-30', '10:19:02', '2014-01-09 14:07:49', '0.00', 0),
(581, 4, 537, 1, '2013-12-30', '10:19:02', '2014-01-09 14:07:49', '0.00', 0),
(582, 4, 538, 1, '2013-12-30', '10:19:02', '2014-01-09 14:07:49', '0.00', 0),
(583, 4, 539, 1, '2013-12-30', '10:19:02', '2014-01-09 14:07:49', '0.00', 0),
(584, 4, 540, 1, '2013-12-30', '10:19:02', '2014-01-09 14:07:49', '0.00', 0),
(585, 4, 541, 1, '2013-12-30', '10:19:02', '2014-01-09 14:07:49', '0.00', 0),
(586, 4, 542, 1, '2013-12-30', '10:19:02', '2014-01-09 14:07:49', '0.00', 0),
(587, 4, 543, 1, '2013-12-30', '10:19:02', '2014-01-09 14:07:49', '0.00', 0),
(588, 4, 544, 1, '2013-12-30', '10:19:02', '2014-01-09 14:07:49', '0.00', 0),
(589, 4, 545, 1, '2013-12-30', '10:19:02', '2014-01-09 14:07:49', '0.00', 0),
(590, 4, 546, 1, '2013-12-30', '10:19:02', '2014-01-09 14:07:49', '0.00', 0),
(591, 4, 547, 1, '2013-12-30', '10:19:02', '2014-01-09 14:07:49', '0.00', 0),
(592, 4, 548, 1, '2013-12-30', '10:19:02', '2014-01-09 14:07:49', '0.00', 0),
(593, 4, 549, 1, '2013-12-30', '10:19:02', '2014-01-09 14:07:49', '0.00', 0),
(594, 4, 550, 1, '2013-12-30', '10:19:02', '2014-01-09 14:07:49', '0.00', 0),
(595, 4, 551, 1, '2013-12-30', '10:19:02', '2014-01-09 14:07:49', '0.00', 0),
(596, 4, 552, 1, '2013-12-30', '10:19:02', '2014-01-09 14:07:49', '0.00', 0),
(597, 4, 553, 1, '2013-12-30', '10:19:02', '2014-01-09 14:07:49', '0.00', 0),
(598, 4, 554, 1, '2013-12-30', '10:19:02', '2014-01-09 14:07:49', '0.00', 0),
(599, 4, 555, 1, '2013-12-30', '10:19:02', '2014-01-09 14:07:49', '0.00', 0),
(600, 4, 556, 1, '2013-12-30', '10:19:02', '2014-01-09 14:07:49', '0.00', 0),
(601, 4, 557, 1, '2013-12-30', '10:19:02', '2014-01-09 14:07:49', '0.00', 0),
(602, 4, 558, 1, '2013-12-30', '10:19:02', '2014-01-09 14:07:49', '0.00', 0),
(603, 4, 559, 1, '2013-12-30', '10:19:02', '2014-01-09 14:07:49', '0.00', 0),
(604, 4, 560, 1, '2013-12-30', '10:19:02', '2014-01-09 14:07:49', '0.00', 0),
(605, 4, 561, 1, '2013-12-30', '10:19:02', '2014-01-09 14:07:49', '0.00', 0),
(606, 4, 562, 1, '2013-12-30', '10:19:02', '2014-01-09 14:07:49', '0.00', 0),
(607, 4, 563, 1, '2013-12-30', '10:19:02', '2014-01-09 14:07:49', '0.00', 0),
(608, 4, 564, 1, '2013-12-30', '10:19:02', '2014-02-03 09:46:48', '37.00', 0),
(609, 4, 565, 1, '2013-12-30', '10:19:02', '2014-01-09 14:07:49', '0.00', 0),
(610, 4, 566, 1, '2013-12-30', '10:19:02', '2014-01-09 14:07:49', '0.00', 0),
(611, 4, 567, 1, '2013-12-30', '10:19:02', '2014-01-09 14:07:49', '0.00', 0),
(612, 4, 568, 1, '2013-12-30', '10:19:02', '2014-01-09 14:07:49', '0.00', 0),
(613, 4, 569, 1, '2013-12-30', '10:19:02', '2014-01-09 14:07:49', '0.00', 0),
(614, 4, 570, 1, '2013-12-30', '10:19:02', '2014-01-09 14:07:49', '0.00', 0),
(615, 4, 571, 1, '2013-12-30', '10:19:02', '2014-01-09 14:07:49', '0.00', 0),
(616, 4, 572, 1, '2013-12-30', '10:19:02', '2014-01-09 14:07:49', '0.00', 0),
(617, 4, 573, 1, '2013-12-30', '10:19:02', '2014-01-09 14:07:49', '0.00', 0),
(618, 4, 574, 1, '2013-12-30', '10:19:02', '2014-01-09 14:07:49', '0.00', 0),
(619, 4, 575, 1, '2013-12-30', '10:19:02', '2014-01-09 14:07:49', '0.00', 0),
(620, 4, 576, 1, '2013-12-30', '10:19:02', '2014-01-09 14:07:49', '0.00', 0),
(621, 4, 577, 1, '2013-12-30', '10:19:02', '2014-01-09 14:07:49', '0.00', 0),
(622, 4, 578, 1, '2013-12-30', '10:19:02', '2014-01-09 14:07:49', '0.00', 0),
(623, 4, 579, 1, '2013-12-30', '10:19:02', '2014-01-09 14:07:49', '0.00', 0),
(624, 4, 580, 1, '2013-12-30', '10:19:02', '2014-01-09 14:07:49', '0.00', 0),
(625, 4, 581, 1, '2013-12-30', '10:19:02', '2014-01-09 14:07:49', '0.00', 0),
(626, 4, 582, 1, '2013-12-30', '10:19:02', '2014-01-09 14:07:49', '0.00', 0),
(627, 4, 583, 1, '2013-12-30', '10:19:02', '2014-01-09 14:07:49', '0.00', 0),
(628, 4, 584, 1, '2013-12-30', '10:19:02', '2014-01-09 14:07:49', '0.00', 0),
(629, 4, 585, 1, '2013-12-30', '10:19:02', '2014-01-09 14:07:49', '0.00', 0),
(630, 4, 586, 1, '2013-12-30', '10:19:02', '2014-01-09 14:07:49', '0.00', 0),
(631, 4, 587, 1, '2013-12-30', '10:19:02', '2014-01-09 14:07:49', '0.00', 0),
(632, 4, 588, 1, '2013-12-30', '10:19:02', '2014-01-09 14:07:49', '0.00', 0),
(633, 4, 589, 1, '2013-12-30', '10:19:02', '2014-01-09 14:07:49', '0.00', 0),
(634, 4, 590, 1, '2013-12-30', '10:19:02', '2014-01-09 14:07:49', '0.00', 0),
(635, 4, 591, 1, '2013-12-30', '10:19:02', '2014-01-09 14:07:49', '0.00', 0),
(636, 4, 592, 1, '2013-12-30', '10:19:02', '2014-01-09 14:07:49', '0.00', 0),
(637, 4, 593, 1, '2013-12-30', '10:19:02', '2014-01-09 14:07:49', '0.00', 0),
(638, 4, 594, 1, '2013-12-30', '10:19:02', '2014-01-09 14:07:49', '0.00', 0),
(639, 4, 595, 1, '2013-12-30', '10:19:02', '2014-01-09 14:07:49', '0.00', 0),
(640, 4, 596, 1, '2013-12-30', '10:19:02', '2014-01-09 14:07:49', '0.00', 0),
(641, 4, 597, 1, '2013-12-30', '10:19:02', '2014-01-09 14:07:49', '0.00', 0),
(642, 4, 598, 1, '2013-12-30', '10:19:02', '2014-01-09 14:07:49', '0.00', 0),
(643, 4, 599, 1, '2013-12-30', '10:19:02', '2014-05-19 05:00:38', '114.00', 0),
(644, 4, 600, 1, '2013-12-30', '10:19:02', '2014-01-09 14:07:49', '0.00', 0),
(645, 4, 601, 1, '2013-12-30', '10:19:02', '2014-01-09 14:07:49', '0.00', 0),
(646, 4, 602, 1, '2013-12-30', '10:19:02', '2014-01-09 14:07:49', '0.00', 0),
(647, 4, 603, 1, '2013-12-30', '10:19:02', '2014-01-09 14:07:49', '0.00', 0),
(648, 4, 604, 1, '2013-12-30', '10:19:02', '2014-01-09 14:07:49', '0.00', 0),
(649, 4, 605, 1, '2013-12-30', '10:19:02', '2014-01-09 14:07:49', '0.00', 0),
(650, 4, 606, 1, '2013-12-30', '10:19:02', '2014-01-09 14:07:49', '0.00', 0),
(651, 4, 607, 1, '2013-12-30', '10:19:02', '2014-01-09 14:07:49', '0.00', 0),
(652, 4, 608, 1, '2013-12-30', '10:19:02', '2014-01-09 14:07:49', '0.00', 0),
(653, 4, 609, 1, '2013-12-30', '10:19:02', '2014-01-09 14:07:49', '0.00', 0),
(654, 4, 610, 1, '2013-12-30', '10:19:02', '2014-01-09 14:07:49', '0.00', 0),
(655, 4, 611, 1, '2013-12-30', '10:19:02', '2014-05-13 06:13:30', '20.00', 0),
(656, 4, 612, 1, '2013-12-30', '10:19:02', '2014-02-03 10:14:07', '56.00', 0),
(657, 4, 613, 1, '2013-12-30', '10:19:02', '2014-05-13 06:13:30', '27.00', 0),
(658, 4, 614, 1, '2013-12-30', '10:19:02', '2014-05-19 05:00:38', '127.00', 0),
(659, 4, 615, 1, '2013-12-30', '10:19:02', '2014-01-09 14:07:49', '0.00', 0),
(660, 4, 616, 1, '2013-12-30', '10:19:02', '2014-01-09 14:07:49', '0.00', 0),
(661, 4, 617, 1, '2013-12-30', '10:19:02', '2014-01-09 14:07:49', '0.00', 0),
(662, 4, 618, 1, '2013-12-30', '10:19:02', '2014-01-09 14:07:49', '0.00', 0),
(663, 4, 619, 1, '2013-12-30', '10:19:02', '2014-03-03 06:16:41', '4.00', 0),
(664, 4, 620, 1, '2013-12-30', '10:19:02', '2014-03-03 07:34:45', '187.00', 0),
(665, 4, 621, 1, '2013-12-30', '10:19:02', '2014-01-09 14:07:49', '0.00', 0),
(666, 4, 622, 1, '2013-12-30', '10:19:02', '2014-01-09 14:07:49', '0.00', 0),
(667, 4, 623, 1, '2013-12-30', '10:19:02', '2014-01-09 14:07:49', '0.00', 0),
(668, 4, 624, 1, '2013-12-30', '10:19:02', '2014-01-09 14:07:49', '0.00', 0),
(669, 4, 625, 1, '2013-12-30', '10:19:02', '2014-01-09 14:07:49', '0.00', 0),
(670, 4, 626, 1, '2013-12-30', '10:19:02', '2014-01-09 14:07:49', '0.00', 0),
(671, 4, 627, 1, '2013-12-30', '10:19:02', '2014-01-09 14:07:49', '0.00', 0),
(672, 4, 628, 1, '2013-12-30', '10:19:02', '2014-01-09 14:07:49', '0.00', 0),
(673, 4, 629, 1, '2013-12-30', '10:19:02', '2014-01-09 14:07:49', '0.00', 0),
(674, 4, 630, 1, '2013-12-30', '10:19:02', '2014-01-09 14:07:49', '0.00', 0),
(675, 4, 631, 1, '2013-12-30', '10:19:02', '2014-01-09 14:07:49', '0.00', 0),
(676, 4, 632, 1, '2013-12-30', '10:19:02', '2014-05-16 11:05:39', '3.00', 0),
(677, 4, 633, 1, '2013-12-30', '10:19:02', '2014-01-09 14:07:49', '0.00', 0),
(678, 4, 634, 1, '2013-12-30', '10:19:02', '2014-04-25 04:51:47', '7.00', 0),
(679, 4, 635, 1, '2013-12-30', '10:19:02', '2014-03-12 05:52:28', '30.00', 0),
(680, 4, 636, 1, '2013-12-30', '10:19:02', '2014-01-09 14:07:49', '0.00', 0),
(681, 4, 637, 1, '2013-12-30', '10:19:02', '2014-01-09 14:07:49', '0.00', 0),
(682, 4, 638, 1, '2013-12-30', '10:19:02', '2014-01-09 14:07:49', '0.00', 0),
(683, 4, 639, 1, '2013-12-30', '10:19:02', '2014-01-09 14:07:49', '0.00', 0),
(684, 4, 640, 1, '2013-12-30', '10:19:02', '2014-01-09 14:07:49', '0.00', 0),
(685, 4, 641, 1, '2013-12-30', '10:19:02', '2014-04-28 05:57:35', '109.00', 0),
(686, 4, 642, 1, '2013-12-30', '10:19:02', '2014-01-09 14:07:49', '0.00', 0),
(687, 4, 643, 1, '2013-12-30', '10:19:02', '2014-01-09 14:07:49', '0.00', 0),
(688, 4, 644, 1, '2013-12-30', '10:19:02', '2014-01-09 14:07:49', '0.00', 0),
(689, 4, 645, 1, '2013-12-30', '10:19:02', '2014-01-09 14:07:49', '0.00', 0),
(690, 4, 646, 1, '2013-12-30', '10:19:02', '2014-01-09 14:07:49', '0.00', 0),
(691, 4, 647, 1, '2013-12-30', '10:19:02', '2014-01-09 14:07:49', '0.00', 0),
(692, 4, 648, 1, '2013-12-30', '10:19:02', '2014-01-09 14:07:49', '0.00', 0),
(693, 4, 649, 1, '2013-12-30', '10:19:02', '2014-01-09 14:07:49', '0.00', 0),
(694, 4, 650, 1, '2013-12-30', '10:19:02', '2014-01-09 14:07:49', '0.00', 0),
(695, 4, 651, 1, '2013-12-30', '10:19:02', '2014-01-09 14:07:49', '0.00', 0),
(696, 4, 652, 1, '2013-12-30', '10:19:02', '2014-01-09 14:07:49', '0.00', 0),
(697, 4, 653, 1, '2013-12-30', '10:19:02', '2014-01-09 14:07:49', '0.00', 0),
(698, 4, 654, 1, '2013-12-30', '10:19:02', '2014-01-09 14:07:49', '0.00', 0),
(699, 4, 655, 1, '2013-12-30', '10:19:02', '2014-01-09 14:07:49', '0.00', 0),
(700, 4, 656, 1, '2013-12-30', '10:19:02', '2014-01-09 14:07:49', '0.00', 0),
(701, 4, 657, 1, '2013-12-30', '10:19:02', '2014-01-09 14:07:49', '0.00', 0);
INSERT INTO `tbl_stock` (`id_stock`, `id_store`, `id_products`, `stock_status`, `added_date`, `added_time`, `added_timestamp`, `qty`, `min_level`) VALUES
(702, 4, 658, 1, '2013-12-30', '10:19:02', '2014-01-09 14:07:49', '0.00', 0),
(703, 4, 659, 1, '2013-12-30', '10:19:02', '2014-01-09 14:07:49', '0.00', 0),
(704, 4, 660, 1, '2013-12-30', '10:19:02', '2014-01-09 14:07:49', '0.00', 0),
(705, 4, 661, 1, '2013-12-30', '10:19:02', '2014-01-09 14:07:49', '0.00', 0),
(706, 4, 662, 1, '2013-12-30', '10:19:02', '2014-01-09 14:07:49', '0.00', 0),
(707, 4, 663, 1, '2013-12-30', '10:19:02', '2014-01-09 14:07:49', '0.00', 0),
(708, 4, 664, 1, '2013-12-30', '10:19:02', '2014-01-09 14:07:49', '0.00', 0),
(709, 4, 665, 1, '2013-12-30', '10:19:02', '2014-01-09 14:07:49', '0.00', 0),
(710, 4, 666, 1, '2013-12-30', '10:19:02', '2014-01-09 14:07:49', '0.00', 0),
(711, 4, 667, 1, '2013-12-30', '10:19:02', '2014-01-09 14:44:31', '1.00', 0),
(712, 4, 668, 1, '2013-12-30', '10:19:02', '2014-04-28 05:57:35', '23.00', 0),
(713, 4, 669, 1, '2013-12-30', '10:19:02', '2014-01-09 14:07:49', '0.00', 0),
(714, 4, 670, 1, '2013-12-30', '10:19:02', '2014-01-09 14:07:49', '0.00', 0),
(715, 4, 671, 1, '2013-12-30', '10:19:02', '2014-05-13 09:19:46', '1.00', 0),
(716, 4, 672, 1, '2013-12-30', '10:19:02', '2014-01-09 14:07:49', '0.00', 0),
(717, 4, 673, 1, '2013-12-30', '10:19:02', '2014-03-10 10:28:35', '13.00', 0),
(718, 4, 674, 1, '2013-12-30', '10:19:02', '2014-05-16 10:36:30', '46.00', 0),
(719, 4, 675, 1, '2013-12-30', '10:19:02', '2014-01-09 14:07:49', '0.00', 0),
(720, 4, 676, 1, '2013-12-30', '10:19:02', '2014-05-13 06:13:30', '386.00', 0),
(721, 4, 677, 1, '2013-12-30', '10:19:02', '2014-01-09 14:07:49', '0.00', 0),
(722, 4, 678, 1, '2013-12-30', '10:19:02', '2014-01-09 14:30:34', '95.00', 0),
(723, 4, 679, 1, '2013-12-30', '10:19:02', '2014-01-09 14:07:49', '0.00', 0),
(724, 4, 680, 1, '2013-12-30', '10:19:02', '2014-01-09 14:07:49', '0.00', 0),
(725, 4, 681, 1, '2013-12-30', '10:19:02', '2014-01-09 14:07:49', '0.00', 0),
(726, 4, 682, 1, '2013-12-30', '10:19:02', '2014-05-21 04:47:42', '176.00', 0),
(727, 4, 683, 1, '2013-12-30', '10:19:02', '2014-01-09 14:07:49', '0.00', 0),
(728, 4, 684, 1, '2013-12-30', '10:19:02', '2014-01-09 14:07:49', '0.00', 0),
(729, 4, 685, 1, '2013-12-30', '10:19:02', '2014-01-09 14:07:49', '0.00', 0),
(730, 4, 686, 1, '2013-12-30', '10:19:02', '2014-04-29 07:56:48', '16.00', 0),
(731, 4, 687, 1, '2013-12-30', '10:19:02', '2014-05-13 06:13:30', '159.00', 0),
(732, 4, 688, 1, '2013-12-30', '10:19:02', '2014-01-20 09:12:23', '190.00', 0),
(733, 4, 689, 1, '2013-12-30', '10:19:02', '2014-02-05 08:15:51', '340.00', 0),
(734, 4, 690, 1, '2013-12-30', '10:19:02', '2014-05-16 11:05:39', '2.00', 0),
(735, 4, 691, 1, '2013-12-30', '10:19:02', '2014-01-09 14:07:49', '0.00', 0),
(736, 4, 692, 1, '2013-12-30', '10:19:02', '2014-05-13 09:19:46', '19.00', 0),
(737, 4, 693, 1, '2013-12-30', '10:19:02', '2014-01-09 14:07:49', '0.00', 0),
(738, 4, 694, 1, '2013-12-30', '10:19:02', '2014-05-19 04:29:11', '56.00', 0),
(739, 4, 695, 1, '2013-12-30', '10:19:02', '2014-01-09 14:07:49', '0.00', 0),
(740, 4, 696, 1, '2013-12-30', '10:19:02', '2014-01-09 14:07:49', '0.00', 0),
(741, 4, 697, 1, '2013-12-30', '10:19:02', '2014-01-09 14:07:49', '0.00', 0),
(742, 4, 698, 1, '2013-12-30', '10:19:02', '2014-01-09 14:07:49', '0.00', 0),
(743, 4, 699, 1, '2013-12-30', '10:19:02', '2014-01-09 14:07:49', '0.00', 0),
(744, 4, 700, 1, '2013-12-30', '10:19:02', '2014-01-28 06:04:14', '0.00', 0),
(745, 4, 710, 1, '2014-01-10', '09:49:31', '2014-05-13 06:13:30', '19.00', 0),
(746, 4, 711, 1, '2014-01-10', '09:49:31', '2014-05-13 09:33:40', '55.00', 0),
(747, 4, 720, 1, '2014-02-03', '16:13:55', '2014-05-13 06:13:30', '11.00', 0),
(748, 5, 497, 1, '2014-02-19', '13:51:31', '2014-05-22 11:23:09', '0.00', 0),
(749, 5, 687, 1, '2014-02-19', '13:51:31', '2014-05-23 05:05:52', '41.00', 0),
(750, 5, 668, 1, '2014-02-19', '13:51:31', '2014-05-23 05:17:13', '36.00', 0),
(751, 5, 463, 1, '2014-02-19', '13:51:31', '2014-05-23 05:05:52', '3.00', 0),
(752, 5, 509, 1, '2014-02-19', '13:51:31', '2014-05-23 05:05:52', '77.00', 0),
(753, 5, 634, 1, '2014-02-19', '13:51:31', '2014-05-23 05:05:52', '12.00', 0),
(754, 5, 635, 1, '2014-02-19', '13:51:31', '2014-05-22 17:43:27', '13.00', 0),
(755, 5, 641, 1, '2014-02-19', '13:51:31', '2014-05-23 03:53:30', '50.00', 0),
(756, 5, 688, 1, '2014-02-19', '13:51:31', '2014-05-23 05:17:13', '0.00', 0),
(757, 5, 661, 1, '2014-02-19', '13:51:31', '2014-05-23 05:17:13', '0.00', 0),
(758, 5, 637, 1, '2014-02-19', '13:51:31', '2014-05-22 11:23:09', '0.00', 0),
(759, 5, 478, 1, '2014-02-19', '13:51:31', '2014-05-23 05:17:13', '13.00', 0),
(760, 5, 720, 1, '2014-02-19', '13:51:31', '2014-05-22 11:23:09', '0.00', 0),
(761, 5, 485, 1, '2014-02-19', '13:51:31', '2014-05-23 05:17:13', '0.00', 0),
(762, 5, 611, 1, '2014-02-19', '13:51:31', '2014-05-23 05:17:13', '5.00', 0),
(763, 5, 474, 1, '2014-02-19', '13:51:31', '2014-05-22 11:23:09', '0.00', 0),
(764, 5, 182, 1, '2014-02-19', '13:51:31', '2014-05-22 11:23:09', '0.00', 0),
(765, 5, 473, 1, '2014-02-19', '13:51:40', '2014-05-22 18:05:17', '45.00', 0),
(766, 5, 590, 1, '2014-02-19', '13:51:40', '2014-05-22 11:23:09', '0.00', 0),
(767, 5, 486, 1, '2014-05-23', '11:52:21', '2014-05-23 06:28:58', '0.00', 0),
(768, 5, 614, 1, '2014-02-19', '13:51:40', '2014-05-23 05:23:51', '60.00', 0),
(769, 5, 676, 1, '2014-02-19', '13:51:40', '2014-05-23 05:23:51', '0.00', 0),
(770, 5, 673, 1, '2014-02-19', '13:51:40', '2014-05-22 18:10:16', '112.00', 0),
(771, 5, 674, 1, '2014-02-19', '13:51:40', '2014-05-23 05:23:51', '34.00', 0),
(772, 5, 671, 1, '2014-02-19', '13:51:40', '2014-05-23 06:20:12', '0.00', 0),
(773, 5, 618, 1, '2014-02-19', '13:51:40', '2014-05-22 11:23:09', '0.00', 0),
(774, 5, 701, 1, '2014-02-19', '13:51:40', '2014-05-23 05:23:51', '90.00', 0),
(775, 5, 710, 1, '2014-02-19', '13:51:40', '2014-05-23 05:23:51', '35.00', 0),
(776, 5, 711, 1, '2014-02-19', '13:51:40', '2014-05-23 06:20:12', '14.00', 0),
(777, 5, 694, 1, '2014-02-19', '15:19:11', '2014-05-23 05:05:52', '23.00', 0),
(778, 5, 692, 1, '2014-02-19', '15:19:11', '2014-05-23 03:32:53', '26.00', 0),
(779, 5, 682, 1, '2014-02-19', '15:19:11', '2014-05-23 05:05:52', '0.00', 0),
(780, 5, 493, 1, '2014-02-19', '15:19:11', '2014-05-23 05:05:52', '0.00', 0),
(781, 5, 689, 1, '2014-02-19', '15:19:11', '2014-05-23 05:17:13', '12.00', 0),
(782, 5, 465, 1, '2014-02-19', '15:19:11', '2014-05-23 05:17:13', '12.00', 0),
(783, 5, 480, 1, '2014-02-19', '15:19:11', '2014-05-23 05:17:13', '410.00', 0),
(784, 5, 630, 1, '2014-02-19', '15:19:11', '2014-05-23 06:20:12', '29.00', 0),
(785, 5, 730, 1, '2014-02-19', '15:19:11', '2014-05-23 06:20:12', '127.00', 0),
(786, 5, 481, 1, '2014-02-19', '15:19:11', '2014-05-23 05:17:13', '0.00', 0),
(787, 5, 483, 1, '2014-02-19', '15:19:11', '2014-05-23 05:17:13', '135.00', 0),
(788, 5, 470, 1, '2014-02-19', '15:19:11', '2014-05-23 05:17:13', '32.00', 0),
(789, 5, 457, 1, '2014-02-19', '15:19:11', '2014-05-22 17:53:36', '21.00', 0),
(790, 5, 472, 1, '2014-02-19', '15:19:11', '2014-05-23 05:17:13', '7.00', 0),
(791, 5, 631, 1, '2014-02-19', '15:19:11', '2014-05-23 06:20:12', '0.00', 0),
(792, 5, 686, 1, '2014-02-19', '15:19:11', '2014-05-23 06:20:12', '13.00', 0),
(793, 5, 599, 1, '2014-02-19', '15:19:11', '2014-05-23 05:23:51', '0.00', 0),
(794, 5, 690, 1, '2014-02-19', '15:19:11', '2014-05-22 11:23:09', '0.00', 0),
(795, 5, 703, 1, '2014-02-19', '15:19:11', '2014-05-23 05:23:51', '3.00', 0),
(796, 5, 8, 1, '2014-04-08', '12:16:15', '2014-05-23 05:05:52', '50.00', 0),
(797, 5, 7, 1, '2014-02-25', '12:48:10', '2014-05-23 05:05:52', '6.00', 0),
(798, 5, 6, 1, '2014-02-25', '12:48:10', '2014-05-23 05:05:52', '14.00', 0),
(799, 5, 4, 1, '2014-02-25', '12:48:10', '2014-05-22 11:23:09', '0.00', 0),
(800, 5, 5, 1, '2014-02-25', '12:48:10', '2014-05-22 11:23:09', '0.00', 0),
(801, 5, 13, 1, '2014-02-25', '12:48:10', '2014-05-22 11:23:09', '0.00', 0),
(802, 5, 11, 1, '2014-02-25', '12:48:10', '2014-05-23 04:07:04', '1.00', 0),
(803, 5, 2, 1, '2014-02-25', '12:48:10', '2014-05-23 05:05:52', '9.00', 0),
(804, 5, 14, 1, '2014-02-25', '12:48:10', '2014-05-23 05:05:52', '277.00', 0),
(805, 5, 15, 1, '2014-02-25', '12:48:10', '2014-05-23 05:05:52', '68.00', 0),
(806, 5, 1, 1, '2014-02-25', '12:48:10', '2014-05-22 11:23:09', '0.00', 0),
(807, 5, 476, 1, '2014-02-26', '13:58:36', '2014-05-23 06:20:12', '47.00', 0),
(808, 5, 487, 1, '2014-02-26', '14:14:14', '2014-05-23 06:28:58', '0.00', 0),
(809, 5, 613, 1, '2014-02-26', '14:14:14', '2014-05-23 06:20:12', '10.00', 0),
(810, 6, 682, 1, '2014-03-10', '10:42:07', '2014-03-10 05:12:07', '56.00', 0),
(811, 6, 614, 1, '2014-03-10', '10:42:07', '2014-03-10 05:12:07', '138.00', 0),
(812, 6, 469, 1, '2014-03-12', '10:16:16', '2014-03-12 04:46:16', '190.00', 0),
(813, 6, 671, 1, '2014-03-10', '10:42:07', '2014-03-14 02:35:55', '112.00', 0),
(814, 6, 481, 1, '2014-03-10', '10:42:07', '2014-03-10 05:12:07', '12.00', 0),
(815, 6, 687, 1, '2014-03-10', '10:42:07', '2014-03-11 07:18:07', '150.00', 0),
(816, 6, 612, 1, '2014-03-10', '10:42:07', '2014-03-10 05:12:07', '5.00', 0),
(817, 6, 493, 1, '2014-03-10', '10:42:07', '2014-03-10 05:12:07', '19.00', 0),
(818, 6, 703, 1, '2014-03-10', '10:42:07', '2014-03-10 05:12:07', '199.00', 0),
(819, 6, 478, 1, '2014-03-10', '10:42:07', '2014-03-10 05:12:07', '16.00', 0),
(820, 6, 686, 1, '2014-03-10', '10:42:17', '2014-03-10 05:12:17', '100.00', 0),
(821, 6, 711, 1, '2014-03-10', '10:42:17', '2014-03-11 07:18:07', '51.00', 0),
(822, 6, 701, 1, '2014-03-10', '10:42:17', '2014-03-10 05:12:17', '50.00', 0),
(823, 6, 690, 1, '2014-03-10', '10:42:17', '2014-05-20 08:20:57', '235.00', 0),
(824, 6, 688, 1, '2014-03-10', '10:42:17', '2014-03-10 05:12:17', '227.00', 0),
(825, 6, 635, 1, '2014-03-10', '10:42:17', '2014-05-20 08:22:23', '6.00', 0),
(826, 6, 509, 1, '2014-03-10', '10:42:17', '2014-03-10 05:12:17', '15.00', 0),
(827, 6, 674, 1, '2014-03-10', '10:42:17', '2014-03-10 05:12:17', '10.00', 0),
(828, 6, 634, 1, '2014-03-10', '10:42:17', '2014-03-10 05:12:17', '2.00', 0),
(829, 6, 673, 1, '2014-03-10', '10:42:17', '2014-03-10 05:12:17', '38.00', 0),
(830, 6, 613, 1, '2014-03-10', '10:42:17', '2014-03-10 05:12:17', '17.00', 0),
(831, 6, 676, 1, '2014-03-10', '10:42:17', '2014-03-10 05:12:17', '16.00', 0),
(832, 6, 631, 1, '2014-03-10', '10:42:17', '2014-03-10 05:12:17', '21.00', 0),
(833, 6, 485, 1, '2014-03-10', '10:42:17', '2014-03-10 05:12:17', '24.00', 0),
(834, 6, 668, 1, '2014-03-10', '14:44:45', '2014-03-10 09:14:45', '27.00', 0),
(835, 6, 463, 1, '2014-03-10', '14:44:45', '2014-03-10 09:14:45', '6.00', 0),
(836, 6, 599, 1, '2014-03-10', '14:44:45', '2014-03-10 09:14:45', '30.00', 0),
(837, 6, 496, 1, '2014-03-10', '14:44:45', '2014-03-10 09:14:45', '32.00', 0),
(838, 6, 477, 1, '2014-03-10', '14:44:45', '2014-03-10 09:14:45', '16.00', 0),
(839, 6, 694, 1, '2014-03-10', '14:44:45', '2014-03-10 09:14:45', '51.00', 0),
(840, 6, 678, 1, '2014-03-10', '14:44:45', '2014-03-10 09:14:45', '12.00', 0),
(841, 6, 480, 1, '2014-03-10', '16:00:17', '2014-05-20 08:20:57', '170.00', 0),
(842, 6, 630, 1, '2014-03-10', '16:00:17', '2014-05-20 08:22:23', '25.00', 0),
(843, 6, 689, 1, '2014-03-10', '16:00:17', '2014-03-10 10:30:17', '80.00', 0),
(844, 6, 486, 1, '2014-03-10', '16:00:17', '2014-03-10 10:30:17', '300.00', 0),
(845, 6, 8, 1, '2014-03-31', '14:21:28', '2014-03-31 14:22:37', '10.00', 0),
(846, 6, 467, 1, '2014-03-10', '16:00:17', '2014-03-10 10:30:17', '16.00', 0),
(847, 6, 44, 1, '2014-03-10', '16:00:17', '2014-03-10 10:30:17', '20.00', 0),
(848, 6, 487, 1, '2014-03-10', '16:00:17', '2014-03-14 06:55:36', '29.00', 0),
(849, 6, 14, 1, '2014-03-31', '14:21:28', '2014-03-31 12:12:42', '606.00', 0),
(850, 6, 2, 1, '2014-03-12', '10:16:16', '2014-05-20 08:23:32', '8.00', 0),
(851, 6, 1, 1, '2014-03-11', '15:56:56', '2014-03-11 10:26:56', '1.00', 0),
(852, 6, 6, 1, '2014-03-11', '15:56:56', '2014-03-11 10:26:56', '8.00', 0),
(853, 6, 7, 1, '2014-03-11', '15:56:56', '2014-03-11 10:26:56', '22.00', 0),
(854, 6, 4, 1, '2014-03-11', '15:56:56', '2014-03-11 10:26:56', '49.00', 0),
(855, 6, 5, 1, '2014-03-11', '15:56:56', '2014-03-11 10:26:56', '4.00', 0),
(856, 6, 457, 1, '2014-03-12', '10:16:16', '2014-03-12 04:46:16', '4.00', 0),
(857, 6, 826, 1, '2014-03-12', '10:16:16', '2014-03-12 04:46:16', '1.00', 0),
(858, 6, 15, 1, '2014-03-25', '13:48:23', '2014-03-25 08:18:23', '12.00', 0),
(859, 7, 694, 1, '2014-03-26', '19:26:37', '2014-03-26 13:56:37', '70.00', 0),
(860, 7, 614, 1, '2014-03-26', '19:26:37', '2014-05-16 04:02:54', '185.00', 0),
(861, 7, 676, 1, '2014-03-26', '19:26:37', '2014-04-01 04:55:32', '40.00', 0),
(862, 7, 457, 1, '2014-03-26', '19:26:37', '2014-03-26 13:56:37', '10.00', 0),
(863, 7, 674, 1, '2014-04-01', '09:57:22', '2014-04-25 08:05:10', '78.00', 0),
(864, 7, 673, 1, '2014-03-26', '19:26:37', '2014-03-26 13:56:37', '59.00', 0),
(865, 7, 493, 1, '2014-03-26', '19:26:37', '2014-04-30 11:08:01', '51.00', 0),
(866, 7, 634, 1, '2014-03-26', '19:26:37', '2014-04-30 11:08:01', '16.00', 0),
(867, 7, 690, 1, '2014-03-26', '19:26:37', '2014-05-16 04:02:54', '125.00', 0),
(868, 7, 703, 1, '2014-03-26', '19:26:37', '2014-05-16 04:02:54', '494.00', 0),
(869, 7, 476, 1, '2014-03-26', '19:26:37', '2014-05-02 07:26:52', '80.00', 0),
(870, 7, 498, 1, '2014-03-26', '19:26:37', '2014-03-26 13:56:37', '61.00', 0),
(871, 7, 613, 1, '2014-04-01', '09:57:22', '2014-04-01 04:27:22', '89.00', 0),
(872, 7, 701, 1, '2014-03-26', '19:26:37', '2014-03-26 13:56:37', '90.00', 0),
(873, 7, 480, 1, '2014-03-26', '19:26:37', '2014-05-16 04:02:54', '200.00', 0),
(874, 7, 599, 1, '2014-03-26', '19:26:37', '2014-05-16 04:02:54', '124.00', 0),
(875, 7, 711, 1, '2014-03-26', '19:26:37', '2014-05-16 04:02:54', '27.00', 0),
(876, 7, 472, 1, '2014-03-26', '19:26:37', '2014-03-26 13:56:37', '103.00', 0),
(877, 7, 668, 1, '2014-03-26', '19:26:42', '2014-04-24 09:31:00', '24.00', 0),
(878, 7, 478, 1, '2014-03-26', '19:26:42', '2014-04-24 09:31:00', '9.00', 0),
(879, 7, 509, 1, '2014-03-26', '19:26:42', '2014-04-30 11:08:01', '80.00', 0),
(880, 7, 686, 1, '2014-03-26', '19:26:42', '2014-04-24 17:13:32', '55.00', 0),
(881, 7, 692, 1, '2014-03-26', '19:26:42', '2014-03-26 13:56:42', '10.00', 0),
(882, 7, 496, 1, '2014-03-26', '19:26:42', '2014-04-25 10:50:01', '44.00', 0),
(883, 7, 687, 1, '2014-03-26', '19:26:42', '2014-05-16 04:02:54', '170.00', 0),
(884, 7, 688, 1, '2014-03-26', '19:26:42', '2014-04-30 11:08:01', '413.00', 0),
(885, 7, 473, 1, '2014-03-26', '19:26:42', '2014-03-26 13:56:42', '120.00', 0),
(886, 7, 485, 1, '2014-03-26', '19:26:42', '2014-04-25 10:50:01', '185.00', 0),
(887, 7, 469, 1, '2014-03-26', '19:26:42', '2014-05-02 07:26:52', '63.00', 0),
(888, 7, 707, 1, '2014-03-26', '19:26:42', '2014-03-26 13:56:42', '27.00', 0),
(889, 7, 477, 1, '2014-03-26', '19:26:42', '2014-03-26 13:56:42', '21.00', 0),
(890, 7, 481, 1, '2014-04-01', '09:57:22', '2014-04-01 04:27:22', '160.00', 0),
(891, 7, 671, 1, '2014-03-26', '19:26:42', '2014-03-26 13:56:42', '49.00', 0),
(892, 7, 8, 1, '2014-04-01', '09:57:22', '2014-04-25 08:16:27', '175.00', 0),
(893, 7, 6, 1, '2014-03-26', '19:27:00', '2014-03-26 13:57:00', '41.00', 0),
(894, 7, 7, 1, '2014-03-26', '19:27:00', '2014-03-26 13:57:00', '32.00', 0),
(895, 7, 5, 1, '2014-03-26', '19:27:00', '2014-03-26 13:57:00', '61.00', 0),
(896, 7, 4, 1, '2014-03-26', '19:27:00', '2014-03-26 13:57:00', '62.00', 0),
(897, 7, 14, 1, '2014-04-01', '12:25:51', '2014-04-01 06:55:51', '984.00', 0),
(898, 7, 15, 1, '2014-03-26', '19:27:00', '2014-03-26 13:57:00', '139.00', 0),
(899, 6, 862, 1, '2014-03-31', '14:21:28', '2014-03-31 08:51:28', '1.00', 0),
(900, 7, 1, 1, '2014-04-01', '09:57:27', '2014-04-01 04:27:27', '28.00', 0),
(901, 7, 2, 1, '2014-04-01', '09:57:22', '2014-05-13 07:18:59', '17.00', 0),
(902, 7, 682, 1, '2014-04-01', '09:57:22', '2014-04-30 06:42:41', '57.00', 0),
(903, 7, 470, 1, '2014-04-01', '09:57:27', '2014-04-24 17:13:32', '32.00', 0),
(904, 7, 363, 1, '2014-04-01', '09:57:22', '2014-05-02 07:26:52', '30.00', 0),
(905, 7, 376, 1, '2014-04-01', '09:57:22', '2014-04-01 04:27:22', '50.00', 0),
(906, 7, 386, 1, '2014-04-01', '09:57:22', '2014-04-01 04:27:22', '5.00', 0),
(907, 7, 403, 1, '2014-04-01', '09:57:22', '2014-05-02 07:26:52', '44.00', 0),
(908, 7, 483, 1, '2014-04-01', '09:57:27', '2014-04-24 17:13:32', '36.00', 0),
(909, 7, 465, 1, '2014-04-01', '09:57:27', '2014-04-25 10:50:01', '34.00', 0),
(910, 7, 689, 1, '2014-04-01', '09:57:27', '2014-04-30 11:08:01', '290.00', 0),
(911, 7, 484, 1, '2014-04-01', '09:57:27', '2014-04-01 04:27:27', '280.00', 0),
(912, 7, 749, 1, '2014-04-01', '09:57:27', '2014-04-24 09:32:32', '250.00', 0),
(913, 7, 750, 1, '2014-04-01', '09:57:27', '2014-04-01 04:27:27', '190.00', 0),
(914, 7, 11, 1, '2014-04-01', '09:57:27', '2014-04-01 04:27:27', '2.00', 0),
(915, 7, 635, 1, '2014-04-03', '09:05:23', '2014-05-16 04:02:54', '48.00', 0),
(916, 4, 916, 1, '2014-04-24', '14:41:14', '2014-04-24 09:11:14', '4.00', 0),
(917, 5, 707, 1, '2014-05-23', '10:03:33', '2014-05-23 06:20:12', '0.00', 0),
(918, 5, 469, 1, '2014-05-23', '10:07:59', '2014-05-23 06:20:12', '0.00', 0),
(919, 5, 468, 1, '2014-05-23', '10:07:59', '2014-05-23 06:20:12', '0.00', 0),
(920, 5, 498, 1, '2014-05-23', '10:07:59', '2014-05-23 06:20:12', '0.00', 0),
(921, 5, 667, 1, '2014-05-23', '10:07:59', '2014-05-23 04:37:59', '3.00', 0),
(922, 5, 620, 1, '2014-05-23', '10:07:59', '2014-05-23 04:37:59', '38.00', 0),
(923, 5, 700, 1, '2014-05-23', '10:07:59', '2014-05-23 05:23:51', '51.00', 0),
(924, 5, 709, 1, '2014-05-23', '10:07:59', '2014-05-23 06:20:12', '100.00', 0),
(925, 5, 890, 1, '2014-05-23', '10:57:50', '2014-05-23 05:27:50', '9.00', 0),
(926, 5, 489, 1, '2014-05-23', '11:33:40', '2014-05-23 06:03:40', '600.00', 0);

-- --------------------------------------------------------

--
-- Table structure for table `tbl_stock_adjesment`
--

CREATE TABLE IF NOT EXISTS `tbl_stock_adjesment` (
  `id_stock_adjesment` int(11) NOT NULL AUTO_INCREMENT,
  `id_store` int(11) NOT NULL,
  `tbl_user_id_user` int(11) NOT NULL,
  PRIMARY KEY (`id_stock_adjesment`),
  KEY `fk_tbl_stock_adjesment_tbl_store1` (`id_store`),
  KEY `fk_tbl_stock_adjesment_tbl_user1` (`tbl_user_id_user`)
) ENGINE=InnoDB DEFAULT CHARSET=latin1 AUTO_INCREMENT=1 ;

-- --------------------------------------------------------

--
-- Table structure for table `tbl_stock_adjesment_products`
--

CREATE TABLE IF NOT EXISTS `tbl_stock_adjesment_products` (
  `id_stock_adjesment_products` int(11) NOT NULL AUTO_INCREMENT,
  `id_stock_adjesment` int(11) NOT NULL,
  `id_products` int(11) NOT NULL,
  PRIMARY KEY (`id_stock_adjesment_products`),
  KEY `fk_stock_adjesment_products_tbl_stock_adjesment1` (`id_stock_adjesment`),
  KEY `fk_tbl_stock_adjesment_products_tbl_products1` (`id_products`)
) ENGINE=InnoDB DEFAULT CHARSET=latin1 AUTO_INCREMENT=1 ;

-- --------------------------------------------------------

--
-- Table structure for table `tbl_stock_transfer`
--

CREATE TABLE IF NOT EXISTS `tbl_stock_transfer` (
  `id_stock_transfer` int(11) NOT NULL AUTO_INCREMENT,
  `stock_transfer_status` tinyint(4) NOT NULL,
  `id_employee_has_place_from` int(11) NOT NULL,
  `id_employee_has_place_to` int(11) NOT NULL,
  `added_date` date NOT NULL,
  `added_time` time NOT NULL,
  `added_timestamp` timestamp NULL DEFAULT CURRENT_TIMESTAMP ON UPDATE CURRENT_TIMESTAMP,
  PRIMARY KEY (`id_stock_transfer`),
  KEY `fk_tbl_stock_transfer_tbl_employee_has_place1` (`id_employee_has_place_from`),
  KEY `fk_tbl_stock_transfer_tbl_employee_has_place2` (`id_employee_has_place_to`)
) ENGINE=InnoDB DEFAULT CHARSET=latin1 AUTO_INCREMENT=1 ;

-- --------------------------------------------------------

--
-- Table structure for table `tbl_stock_transfer_products`
--

CREATE TABLE IF NOT EXISTS `tbl_stock_transfer_products` (
  `id_stock_transfer_products` int(11) NOT NULL AUTO_INCREMENT COMMENT 'Strok Transfer valid for only\nupper user and \nlower user (dit)\n',
  `id_stock_transfer` int(11) NOT NULL,
  `id_products` int(11) NOT NULL,
  `added_date` date DEFAULT NULL,
  `added_time` time DEFAULT NULL,
  `added_timestamp` timestamp NULL DEFAULT CURRENT_TIMESTAMP ON UPDATE CURRENT_TIMESTAMP,
  PRIMARY KEY (`id_stock_transfer_products`),
  KEY `fk_tbl_stock_transfer_details_tbl_stock_transfer1` (`id_stock_transfer`),
  KEY `fk_tbl_stock_transfer_details_tbl_products1` (`id_products`)
) ENGINE=InnoDB DEFAULT CHARSET=latin1 AUTO_INCREMENT=1 ;

-- --------------------------------------------------------

--
-- Table structure for table `tbl_store`
--

CREATE TABLE IF NOT EXISTS `tbl_store` (
  `id_store` int(11) NOT NULL AUTO_INCREMENT,
  `id_physical_place` int(11) NOT NULL,
  `store_code` varchar(45) NOT NULL,
  `store_status` tinyint(4) NOT NULL DEFAULT '1',
  `store_name` varchar(45) NOT NULL,
  `added_date` date DEFAULT NULL,
  `added_time` time DEFAULT NULL,
  `added_timestamp` timestamp NULL DEFAULT CURRENT_TIMESTAMP ON UPDATE CURRENT_TIMESTAMP,
  `id_employee_registration` int(11) NOT NULL DEFAULT '0',
  PRIMARY KEY (`id_store`),
  KEY `fk_tbl_store_tbl_employee_registration1` (`id_employee_registration`),
  KEY `fk_tbl_store_tbl_employee_has_place1` (`id_physical_place`)
) ENGINE=InnoDB  DEFAULT CHARSET=latin1 AUTO_INCREMENT=8 ;

--
-- Dumping data for table `tbl_store`
--

INSERT INTO `tbl_store` (`id_store`, `id_physical_place`, `store_code`, `store_status`, `store_name`, `added_date`, `added_time`, `added_timestamp`, `id_employee_registration`) VALUES
(4, 2, 'ST001', 1, 'Anuradhapura', '2013-12-30', '09:18:59', '2013-12-30 04:42:47', 2),
(5, 8, 'ST002', 1, 'Govisetha', '2014-02-05', '12:07:29', '2014-02-05 06:39:33', 25),
(6, 9, 'ST003', 1, 'Rathnayake Stores', '2014-03-10', '10:41:30', '2014-03-10 05:11:30', 30),
(7, 10, 'ST004', 1, 'New Ceylon Forage Stores', '2014-03-20', '11:08:49', '2014-03-20 05:38:49', 33);

-- --------------------------------------------------------

--
-- Table structure for table `tbl_store_has_employee_place`
--

CREATE TABLE IF NOT EXISTS `tbl_store_has_employee_place` (
  `id_store_has_employee_place` int(11) NOT NULL AUTO_INCREMENT,
  `id_store` int(11) NOT NULL,
  `id_employee_has_place` int(11) NOT NULL,
  `store_has_employee_place_status` tinyint(4) NOT NULL DEFAULT '1',
  PRIMARY KEY (`id_store_has_employee_place`),
  KEY `fk_tbl_store_has_tbl_employee_has_place_tbl_store1` (`id_store`),
  KEY `fk_tbl_store_has_tbl_employee_has_place_tbl_employee_has_place1` (`id_employee_has_place`)
) ENGINE=InnoDB DEFAULT CHARSET=latin1 AUTO_INCREMENT=1 ;

-- --------------------------------------------------------

--
-- Table structure for table `tbl_terotery_wise_target`
--

CREATE TABLE IF NOT EXISTS `tbl_terotery_wise_target` (
  `id_ter_wise_target` int(10) NOT NULL AUTO_INCREMENT,
  `id_territory` int(10) NOT NULL,
  `id_products` int(10) NOT NULL,
  `product_qty` decimal(10,2) NOT NULL,
  `target_st_date` date NOT NULL,
  `target_en_date` date NOT NULL,
  `status` tinyint(1) NOT NULL DEFAULT '1',
  `added_date` date NOT NULL,
  `added_time` time NOT NULL,
  `time_stamp` timestamp NOT NULL DEFAULT CURRENT_TIMESTAMP ON UPDATE CURRENT_TIMESTAMP,
  PRIMARY KEY (`id_ter_wise_target`),
  KEY `id_territory` (`id_territory`),
  KEY `id_products` (`id_products`)
) ENGINE=InnoDB  DEFAULT CHARSET=latin1 AUTO_INCREMENT=1829 ;

--
-- Dumping data for table `tbl_terotery_wise_target`
--

INSERT INTO `tbl_terotery_wise_target` (`id_ter_wise_target`, `id_territory`, `id_products`, `product_qty`, `target_st_date`, `target_en_date`, `status`, `added_date`, `added_time`, `time_stamp`) VALUES
(1, 3, 1, '500.00', '2014-04-02', '2014-04-29', 1, '2014-04-29', '13:54:51', '2014-04-29 08:24:51'),
(2, 3, 2, '0.00', '2014-04-02', '2014-04-29', 1, '2014-04-29', '13:54:51', '2014-04-29 08:24:51'),
(3, 3, 3, '0.00', '2014-04-02', '2014-04-29', 1, '2014-04-29', '13:54:51', '2014-04-29 08:24:51'),
(4, 3, 4, '0.00', '2014-04-02', '2014-04-29', 1, '2014-04-29', '13:54:51', '2014-04-29 08:24:51'),
(5, 3, 5, '0.00', '2014-04-02', '2014-04-29', 1, '2014-04-29', '13:54:51', '2014-04-29 08:24:51'),
(6, 3, 6, '0.00', '2014-04-02', '2014-04-29', 1, '2014-04-29', '13:54:51', '2014-04-29 08:24:51'),
(7, 3, 7, '0.00', '2014-04-02', '2014-04-29', 1, '2014-04-29', '13:54:51', '2014-04-29 08:24:51'),
(8, 3, 8, '100.00', '2014-04-02', '2014-04-29', 1, '2014-04-29', '13:54:51', '2014-04-29 08:24:51'),
(9, 3, 9, '0.00', '2014-04-02', '2014-04-29', 1, '2014-04-29', '13:54:51', '2014-04-29 08:24:51'),
(10, 3, 10, '0.00', '2014-04-02', '2014-04-29', 1, '2014-04-29', '13:54:51', '2014-04-29 08:24:51'),
(11, 3, 11, '0.00', '2014-04-02', '2014-04-29', 1, '2014-04-29', '13:54:51', '2014-04-29 08:24:51'),
(12, 3, 12, '0.00', '2014-04-02', '2014-04-29', 1, '2014-04-29', '13:54:51', '2014-04-29 08:24:51'),
(13, 3, 13, '0.00', '2014-04-02', '2014-04-29', 1, '2014-04-29', '13:54:51', '2014-04-29 08:24:51'),
(14, 3, 14, '0.00', '2014-04-02', '2014-04-29', 1, '2014-04-29', '13:54:51', '2014-04-29 08:24:51'),
(15, 3, 15, '0.00', '2014-04-02', '2014-04-29', 1, '2014-04-29', '13:54:51', '2014-04-29 08:24:51'),
(16, 3, 16, '0.00', '2014-04-02', '2014-04-29', 1, '2014-04-29', '13:54:51', '2014-04-29 08:24:51'),
(17, 3, 17, '0.00', '2014-04-02', '2014-04-29', 1, '2014-04-29', '13:54:51', '2014-04-29 08:24:51'),
(18, 3, 18, '0.00', '2014-04-02', '2014-04-29', 1, '2014-04-29', '13:54:51', '2014-04-29 08:24:51'),
(19, 3, 19, '0.00', '2014-04-02', '2014-04-29', 1, '2014-04-29', '13:54:51', '2014-04-29 08:24:51'),
(20, 3, 20, '0.00', '2014-04-02', '2014-04-29', 1, '2014-04-29', '13:54:51', '2014-04-29 08:24:51'),
(21, 3, 21, '0.00', '2014-04-02', '2014-04-29', 1, '2014-04-29', '13:54:51', '2014-04-29 08:24:51'),
(22, 3, 22, '0.00', '2014-04-02', '2014-04-29', 1, '2014-04-29', '13:54:51', '2014-04-29 08:24:51'),
(23, 3, 23, '0.00', '2014-04-02', '2014-04-29', 1, '2014-04-29', '13:54:51', '2014-04-29 08:24:51'),
(24, 3, 24, '0.00', '2014-04-02', '2014-04-29', 1, '2014-04-29', '13:54:51', '2014-04-29 08:24:51'),
(25, 3, 25, '0.00', '2014-04-02', '2014-04-29', 1, '2014-04-29', '13:54:51', '2014-04-29 08:24:51'),
(26, 3, 26, '0.00', '2014-04-02', '2014-04-29', 1, '2014-04-29', '13:54:51', '2014-04-29 08:24:51'),
(27, 3, 27, '0.00', '2014-04-02', '2014-04-29', 1, '2014-04-29', '13:54:51', '2014-04-29 08:24:51'),
(28, 3, 28, '0.00', '2014-04-02', '2014-04-29', 1, '2014-04-29', '13:54:51', '2014-04-29 08:24:51'),
(29, 3, 29, '0.00', '2014-04-02', '2014-04-29', 1, '2014-04-29', '13:54:51', '2014-04-29 08:24:51'),
(30, 3, 30, '0.00', '2014-04-02', '2014-04-29', 1, '2014-04-29', '13:54:51', '2014-04-29 08:24:51'),
(31, 3, 31, '0.00', '2014-04-02', '2014-04-29', 1, '2014-04-29', '13:54:51', '2014-04-29 08:24:51'),
(32, 3, 32, '0.00', '2014-04-02', '2014-04-29', 1, '2014-04-29', '13:54:51', '2014-04-29 08:24:51'),
(33, 3, 33, '0.00', '2014-04-02', '2014-04-29', 1, '2014-04-29', '13:54:51', '2014-04-29 08:24:51'),
(34, 3, 34, '0.00', '2014-04-02', '2014-04-29', 1, '2014-04-29', '13:54:51', '2014-04-29 08:24:51'),
(35, 3, 35, '0.00', '2014-04-02', '2014-04-29', 1, '2014-04-29', '13:54:51', '2014-04-29 08:24:51'),
(36, 3, 36, '0.00', '2014-04-02', '2014-04-29', 1, '2014-04-29', '13:54:51', '2014-04-29 08:24:51'),
(37, 3, 37, '0.00', '2014-04-02', '2014-04-29', 1, '2014-04-29', '13:54:51', '2014-04-29 08:24:51'),
(38, 3, 38, '0.00', '2014-04-02', '2014-04-29', 1, '2014-04-29', '13:54:51', '2014-04-29 08:24:51'),
(39, 3, 39, '0.00', '2014-04-02', '2014-04-29', 1, '2014-04-29', '13:54:51', '2014-04-29 08:24:51'),
(40, 3, 40, '0.00', '2014-04-02', '2014-04-29', 1, '2014-04-29', '13:54:51', '2014-04-29 08:24:51'),
(41, 3, 41, '0.00', '2014-04-02', '2014-04-29', 1, '2014-04-29', '13:54:51', '2014-04-29 08:24:51'),
(42, 3, 42, '0.00', '2014-04-02', '2014-04-29', 1, '2014-04-29', '13:54:51', '2014-04-29 08:24:51'),
(43, 3, 43, '0.00', '2014-04-02', '2014-04-29', 1, '2014-04-29', '13:54:51', '2014-04-29 08:24:51'),
(44, 3, 44, '0.00', '2014-04-02', '2014-04-29', 1, '2014-04-29', '13:54:51', '2014-04-29 08:24:51'),
(45, 3, 45, '0.00', '2014-04-02', '2014-04-29', 1, '2014-04-29', '13:54:51', '2014-04-29 08:24:51'),
(46, 3, 46, '0.00', '2014-04-02', '2014-04-29', 1, '2014-04-29', '13:54:51', '2014-04-29 08:24:51'),
(47, 3, 47, '0.00', '2014-04-02', '2014-04-29', 1, '2014-04-29', '13:54:51', '2014-04-29 08:24:51'),
(48, 3, 48, '0.00', '2014-04-02', '2014-04-29', 1, '2014-04-29', '13:54:51', '2014-04-29 08:24:51'),
(49, 3, 49, '0.00', '2014-04-02', '2014-04-29', 1, '2014-04-29', '13:54:51', '2014-04-29 08:24:51'),
(50, 3, 50, '0.00', '2014-04-02', '2014-04-29', 1, '2014-04-29', '13:54:51', '2014-04-29 08:24:51'),
(51, 3, 51, '0.00', '2014-04-02', '2014-04-29', 1, '2014-04-29', '13:54:51', '2014-04-29 08:24:51'),
(52, 3, 52, '0.00', '2014-04-02', '2014-04-29', 1, '2014-04-29', '13:54:51', '2014-04-29 08:24:51'),
(53, 3, 53, '0.00', '2014-04-02', '2014-04-29', 1, '2014-04-29', '13:54:51', '2014-04-29 08:24:51'),
(54, 3, 54, '0.00', '2014-04-02', '2014-04-29', 1, '2014-04-29', '13:54:51', '2014-04-29 08:24:51'),
(55, 3, 55, '0.00', '2014-04-02', '2014-04-29', 1, '2014-04-29', '13:54:51', '2014-04-29 08:24:51'),
(56, 3, 56, '0.00', '2014-04-02', '2014-04-29', 1, '2014-04-29', '13:54:51', '2014-04-29 08:24:51'),
(57, 3, 57, '0.00', '2014-04-02', '2014-04-29', 1, '2014-04-29', '13:54:51', '2014-04-29 08:24:51'),
(58, 3, 58, '0.00', '2014-04-02', '2014-04-29', 1, '2014-04-29', '13:54:51', '2014-04-29 08:24:51'),
(59, 3, 59, '0.00', '2014-04-02', '2014-04-29', 1, '2014-04-29', '13:54:51', '2014-04-29 08:24:51'),
(60, 3, 60, '0.00', '2014-04-02', '2014-04-29', 1, '2014-04-29', '13:54:51', '2014-04-29 08:24:51'),
(61, 3, 61, '0.00', '2014-04-02', '2014-04-29', 1, '2014-04-29', '13:54:51', '2014-04-29 08:24:51'),
(62, 3, 62, '0.00', '2014-04-02', '2014-04-29', 1, '2014-04-29', '13:54:51', '2014-04-29 08:24:51'),
(63, 3, 63, '0.00', '2014-04-02', '2014-04-29', 1, '2014-04-29', '13:54:51', '2014-04-29 08:24:51'),
(64, 3, 64, '0.00', '2014-04-02', '2014-04-29', 1, '2014-04-29', '13:54:51', '2014-04-29 08:24:51'),
(65, 3, 65, '0.00', '2014-04-02', '2014-04-29', 1, '2014-04-29', '13:54:51', '2014-04-29 08:24:51'),
(66, 3, 66, '0.00', '2014-04-02', '2014-04-29', 1, '2014-04-29', '13:54:51', '2014-04-29 08:24:51'),
(67, 3, 67, '0.00', '2014-04-02', '2014-04-29', 1, '2014-04-29', '13:54:51', '2014-04-29 08:24:51'),
(68, 3, 68, '0.00', '2014-04-02', '2014-04-29', 1, '2014-04-29', '13:54:51', '2014-04-29 08:24:51'),
(69, 3, 69, '0.00', '2014-04-02', '2014-04-29', 1, '2014-04-29', '13:54:51', '2014-04-29 08:24:51'),
(70, 3, 70, '0.00', '2014-04-02', '2014-04-29', 1, '2014-04-29', '13:54:51', '2014-04-29 08:24:51'),
(71, 3, 71, '0.00', '2014-04-02', '2014-04-29', 1, '2014-04-29', '13:54:51', '2014-04-29 08:24:51'),
(72, 3, 72, '0.00', '2014-04-02', '2014-04-29', 1, '2014-04-29', '13:54:51', '2014-04-29 08:24:51'),
(73, 3, 73, '0.00', '2014-04-02', '2014-04-29', 1, '2014-04-29', '13:54:51', '2014-04-29 08:24:51'),
(74, 3, 74, '0.00', '2014-04-02', '2014-04-29', 1, '2014-04-29', '13:54:51', '2014-04-29 08:24:51'),
(75, 3, 75, '0.00', '2014-04-02', '2014-04-29', 1, '2014-04-29', '13:54:51', '2014-04-29 08:24:51'),
(76, 3, 76, '0.00', '2014-04-02', '2014-04-29', 1, '2014-04-29', '13:54:51', '2014-04-29 08:24:51'),
(77, 3, 77, '0.00', '2014-04-02', '2014-04-29', 1, '2014-04-29', '13:54:51', '2014-04-29 08:24:51'),
(78, 3, 78, '0.00', '2014-04-02', '2014-04-29', 1, '2014-04-29', '13:54:51', '2014-04-29 08:24:51'),
(79, 3, 79, '0.00', '2014-04-02', '2014-04-29', 1, '2014-04-29', '13:54:51', '2014-04-29 08:24:51'),
(80, 3, 80, '0.00', '2014-04-02', '2014-04-29', 1, '2014-04-29', '13:54:51', '2014-04-29 08:24:51'),
(81, 3, 81, '0.00', '2014-04-02', '2014-04-29', 1, '2014-04-29', '13:54:51', '2014-04-29 08:24:51'),
(82, 3, 82, '0.00', '2014-04-02', '2014-04-29', 1, '2014-04-29', '13:54:51', '2014-04-29 08:24:51'),
(83, 3, 83, '0.00', '2014-04-02', '2014-04-29', 1, '2014-04-29', '13:54:51', '2014-04-29 08:24:51'),
(84, 3, 84, '0.00', '2014-04-02', '2014-04-29', 1, '2014-04-29', '13:54:51', '2014-04-29 08:24:51'),
(85, 3, 85, '0.00', '2014-04-02', '2014-04-29', 1, '2014-04-29', '13:54:51', '2014-04-29 08:24:51'),
(86, 3, 86, '0.00', '2014-04-02', '2014-04-29', 1, '2014-04-29', '13:54:51', '2014-04-29 08:24:51'),
(87, 3, 87, '0.00', '2014-04-02', '2014-04-29', 1, '2014-04-29', '13:54:51', '2014-04-29 08:24:51'),
(88, 3, 88, '0.00', '2014-04-02', '2014-04-29', 1, '2014-04-29', '13:54:51', '2014-04-29 08:24:51'),
(89, 3, 89, '0.00', '2014-04-02', '2014-04-29', 1, '2014-04-29', '13:54:51', '2014-04-29 08:24:51'),
(90, 3, 90, '0.00', '2014-04-02', '2014-04-29', 1, '2014-04-29', '13:54:51', '2014-04-29 08:24:51'),
(91, 3, 91, '0.00', '2014-04-02', '2014-04-29', 1, '2014-04-29', '13:54:51', '2014-04-29 08:24:51'),
(92, 3, 92, '0.00', '2014-04-02', '2014-04-29', 1, '2014-04-29', '13:54:51', '2014-04-29 08:24:51'),
(93, 3, 93, '0.00', '2014-04-02', '2014-04-29', 1, '2014-04-29', '13:54:51', '2014-04-29 08:24:51'),
(94, 3, 94, '0.00', '2014-04-02', '2014-04-29', 1, '2014-04-29', '13:54:51', '2014-04-29 08:24:51'),
(95, 3, 95, '0.00', '2014-04-02', '2014-04-29', 1, '2014-04-29', '13:54:51', '2014-04-29 08:24:51'),
(96, 3, 96, '0.00', '2014-04-02', '2014-04-29', 1, '2014-04-29', '13:54:51', '2014-04-29 08:24:51'),
(97, 3, 97, '0.00', '2014-04-02', '2014-04-29', 1, '2014-04-29', '13:54:51', '2014-04-29 08:24:51'),
(98, 3, 98, '0.00', '2014-04-02', '2014-04-29', 1, '2014-04-29', '13:54:51', '2014-04-29 08:24:51'),
(99, 3, 99, '0.00', '2014-04-02', '2014-04-29', 1, '2014-04-29', '13:54:51', '2014-04-29 08:24:51'),
(100, 3, 100, '0.00', '2014-04-02', '2014-04-29', 1, '2014-04-29', '13:54:51', '2014-04-29 08:24:51'),
(101, 3, 101, '0.00', '2014-04-02', '2014-04-29', 1, '2014-04-29', '13:54:51', '2014-04-29 08:24:51'),
(102, 3, 102, '0.00', '2014-04-02', '2014-04-29', 1, '2014-04-29', '13:54:51', '2014-04-29 08:24:51'),
(103, 3, 103, '0.00', '2014-04-02', '2014-04-29', 1, '2014-04-29', '13:54:51', '2014-04-29 08:24:51'),
(104, 3, 104, '0.00', '2014-04-02', '2014-04-29', 1, '2014-04-29', '13:54:51', '2014-04-29 08:24:51'),
(105, 3, 105, '0.00', '2014-04-02', '2014-04-29', 1, '2014-04-29', '13:54:51', '2014-04-29 08:24:51'),
(106, 3, 106, '0.00', '2014-04-02', '2014-04-29', 1, '2014-04-29', '13:54:51', '2014-04-29 08:24:51'),
(107, 3, 107, '0.00', '2014-04-02', '2014-04-29', 1, '2014-04-29', '13:54:51', '2014-04-29 08:24:51'),
(108, 3, 108, '0.00', '2014-04-02', '2014-04-29', 1, '2014-04-29', '13:54:51', '2014-04-29 08:24:51'),
(109, 3, 109, '0.00', '2014-04-02', '2014-04-29', 1, '2014-04-29', '13:54:51', '2014-04-29 08:24:51'),
(110, 3, 110, '0.00', '2014-04-02', '2014-04-29', 1, '2014-04-29', '13:54:51', '2014-04-29 08:24:51'),
(111, 3, 111, '0.00', '2014-04-02', '2014-04-29', 1, '2014-04-29', '13:54:51', '2014-04-29 08:24:51'),
(112, 3, 112, '0.00', '2014-04-02', '2014-04-29', 1, '2014-04-29', '13:54:51', '2014-04-29 08:24:51'),
(113, 3, 113, '0.00', '2014-04-02', '2014-04-29', 1, '2014-04-29', '13:54:51', '2014-04-29 08:24:51'),
(114, 3, 114, '0.00', '2014-04-02', '2014-04-29', 1, '2014-04-29', '13:54:51', '2014-04-29 08:24:51'),
(115, 3, 115, '0.00', '2014-04-02', '2014-04-29', 1, '2014-04-29', '13:54:51', '2014-04-29 08:24:51'),
(116, 3, 116, '0.00', '2014-04-02', '2014-04-29', 1, '2014-04-29', '13:54:51', '2014-04-29 08:24:51'),
(117, 3, 117, '0.00', '2014-04-02', '2014-04-29', 1, '2014-04-29', '13:54:51', '2014-04-29 08:24:51'),
(118, 3, 118, '0.00', '2014-04-02', '2014-04-29', 1, '2014-04-29', '13:54:51', '2014-04-29 08:24:51'),
(119, 3, 119, '0.00', '2014-04-02', '2014-04-29', 1, '2014-04-29', '13:54:51', '2014-04-29 08:24:51'),
(120, 3, 120, '0.00', '2014-04-02', '2014-04-29', 1, '2014-04-29', '13:54:51', '2014-04-29 08:24:51'),
(121, 3, 121, '0.00', '2014-04-02', '2014-04-29', 1, '2014-04-29', '13:54:51', '2014-04-29 08:24:51'),
(122, 3, 122, '0.00', '2014-04-02', '2014-04-29', 1, '2014-04-29', '13:54:51', '2014-04-29 08:24:51'),
(123, 3, 123, '0.00', '2014-04-02', '2014-04-29', 1, '2014-04-29', '13:54:51', '2014-04-29 08:24:51'),
(124, 3, 124, '0.00', '2014-04-02', '2014-04-29', 1, '2014-04-29', '13:54:51', '2014-04-29 08:24:51'),
(125, 3, 125, '0.00', '2014-04-02', '2014-04-29', 1, '2014-04-29', '13:54:51', '2014-04-29 08:24:51'),
(126, 3, 126, '0.00', '2014-04-02', '2014-04-29', 1, '2014-04-29', '13:54:51', '2014-04-29 08:24:51'),
(127, 3, 127, '0.00', '2014-04-02', '2014-04-29', 1, '2014-04-29', '13:54:51', '2014-04-29 08:24:51'),
(128, 3, 128, '0.00', '2014-04-02', '2014-04-29', 1, '2014-04-29', '13:54:51', '2014-04-29 08:24:51'),
(129, 3, 129, '0.00', '2014-04-02', '2014-04-29', 1, '2014-04-29', '13:54:51', '2014-04-29 08:24:51'),
(130, 3, 130, '0.00', '2014-04-02', '2014-04-29', 1, '2014-04-29', '13:54:51', '2014-04-29 08:24:51'),
(131, 3, 131, '0.00', '2014-04-02', '2014-04-29', 1, '2014-04-29', '13:54:51', '2014-04-29 08:24:51'),
(132, 3, 132, '0.00', '2014-04-02', '2014-04-29', 1, '2014-04-29', '13:54:51', '2014-04-29 08:24:51'),
(133, 3, 133, '0.00', '2014-04-02', '2014-04-29', 1, '2014-04-29', '13:54:51', '2014-04-29 08:24:51'),
(134, 3, 134, '0.00', '2014-04-02', '2014-04-29', 1, '2014-04-29', '13:54:51', '2014-04-29 08:24:51'),
(135, 3, 135, '0.00', '2014-04-02', '2014-04-29', 1, '2014-04-29', '13:54:51', '2014-04-29 08:24:51'),
(136, 3, 136, '0.00', '2014-04-02', '2014-04-29', 1, '2014-04-29', '13:54:51', '2014-04-29 08:24:51'),
(137, 3, 137, '0.00', '2014-04-02', '2014-04-29', 1, '2014-04-29', '13:54:51', '2014-04-29 08:24:51'),
(138, 3, 138, '0.00', '2014-04-02', '2014-04-29', 1, '2014-04-29', '13:54:51', '2014-04-29 08:24:51'),
(139, 3, 139, '0.00', '2014-04-02', '2014-04-29', 1, '2014-04-29', '13:54:51', '2014-04-29 08:24:51'),
(140, 3, 140, '0.00', '2014-04-02', '2014-04-29', 1, '2014-04-29', '13:54:51', '2014-04-29 08:24:51'),
(141, 3, 141, '0.00', '2014-04-02', '2014-04-29', 1, '2014-04-29', '13:54:51', '2014-04-29 08:24:51'),
(142, 3, 142, '0.00', '2014-04-02', '2014-04-29', 1, '2014-04-29', '13:54:51', '2014-04-29 08:24:51'),
(143, 3, 143, '0.00', '2014-04-02', '2014-04-29', 1, '2014-04-29', '13:54:51', '2014-04-29 08:24:51'),
(144, 3, 144, '0.00', '2014-04-02', '2014-04-29', 1, '2014-04-29', '13:54:51', '2014-04-29 08:24:51'),
(145, 3, 145, '0.00', '2014-04-02', '2014-04-29', 1, '2014-04-29', '13:54:51', '2014-04-29 08:24:51'),
(146, 3, 146, '0.00', '2014-04-02', '2014-04-29', 1, '2014-04-29', '13:54:51', '2014-04-29 08:24:51'),
(147, 3, 147, '0.00', '2014-04-02', '2014-04-29', 1, '2014-04-29', '13:54:51', '2014-04-29 08:24:51'),
(148, 3, 148, '0.00', '2014-04-02', '2014-04-29', 1, '2014-04-29', '13:54:51', '2014-04-29 08:24:51'),
(149, 3, 149, '0.00', '2014-04-02', '2014-04-29', 1, '2014-04-29', '13:54:51', '2014-04-29 08:24:51'),
(150, 3, 150, '0.00', '2014-04-02', '2014-04-29', 1, '2014-04-29', '13:54:51', '2014-04-29 08:24:51'),
(151, 3, 151, '0.00', '2014-04-02', '2014-04-29', 1, '2014-04-29', '13:54:51', '2014-04-29 08:24:51'),
(152, 3, 152, '0.00', '2014-04-02', '2014-04-29', 1, '2014-04-29', '13:54:51', '2014-04-29 08:24:51'),
(153, 3, 153, '0.00', '2014-04-02', '2014-04-29', 1, '2014-04-29', '13:54:51', '2014-04-29 08:24:51'),
(154, 3, 154, '0.00', '2014-04-02', '2014-04-29', 1, '2014-04-29', '13:54:51', '2014-04-29 08:24:51'),
(155, 3, 155, '0.00', '2014-04-02', '2014-04-29', 1, '2014-04-29', '13:54:51', '2014-04-29 08:24:51'),
(156, 3, 156, '0.00', '2014-04-02', '2014-04-29', 1, '2014-04-29', '13:54:51', '2014-04-29 08:24:51'),
(157, 3, 157, '0.00', '2014-04-02', '2014-04-29', 1, '2014-04-29', '13:54:51', '2014-04-29 08:24:51'),
(158, 3, 158, '0.00', '2014-04-02', '2014-04-29', 1, '2014-04-29', '13:54:51', '2014-04-29 08:24:51'),
(159, 3, 159, '0.00', '2014-04-02', '2014-04-29', 1, '2014-04-29', '13:54:51', '2014-04-29 08:24:51'),
(160, 3, 160, '0.00', '2014-04-02', '2014-04-29', 1, '2014-04-29', '13:54:51', '2014-04-29 08:24:51'),
(161, 3, 161, '0.00', '2014-04-02', '2014-04-29', 1, '2014-04-29', '13:54:51', '2014-04-29 08:24:51'),
(162, 3, 162, '0.00', '2014-04-02', '2014-04-29', 1, '2014-04-29', '13:54:51', '2014-04-29 08:24:51'),
(163, 3, 163, '0.00', '2014-04-02', '2014-04-29', 1, '2014-04-29', '13:54:51', '2014-04-29 08:24:51'),
(164, 3, 164, '0.00', '2014-04-02', '2014-04-29', 1, '2014-04-29', '13:54:51', '2014-04-29 08:24:51'),
(165, 3, 165, '0.00', '2014-04-02', '2014-04-29', 1, '2014-04-29', '13:54:51', '2014-04-29 08:24:51'),
(166, 3, 166, '0.00', '2014-04-02', '2014-04-29', 1, '2014-04-29', '13:54:51', '2014-04-29 08:24:51'),
(167, 3, 167, '0.00', '2014-04-02', '2014-04-29', 1, '2014-04-29', '13:54:51', '2014-04-29 08:24:51'),
(168, 3, 168, '0.00', '2014-04-02', '2014-04-29', 1, '2014-04-29', '13:54:51', '2014-04-29 08:24:51'),
(169, 3, 169, '0.00', '2014-04-02', '2014-04-29', 1, '2014-04-29', '13:54:51', '2014-04-29 08:24:51'),
(170, 3, 170, '0.00', '2014-04-02', '2014-04-29', 1, '2014-04-29', '13:54:51', '2014-04-29 08:24:51'),
(171, 3, 171, '0.00', '2014-04-02', '2014-04-29', 1, '2014-04-29', '13:54:51', '2014-04-29 08:24:51'),
(172, 3, 172, '0.00', '2014-04-02', '2014-04-29', 1, '2014-04-29', '13:54:51', '2014-04-29 08:24:51'),
(173, 3, 173, '0.00', '2014-04-02', '2014-04-29', 1, '2014-04-29', '13:54:51', '2014-04-29 08:24:51'),
(174, 3, 174, '0.00', '2014-04-02', '2014-04-29', 1, '2014-04-29', '13:54:51', '2014-04-29 08:24:51'),
(175, 3, 175, '0.00', '2014-04-02', '2014-04-29', 1, '2014-04-29', '13:54:51', '2014-04-29 08:24:51'),
(176, 3, 176, '0.00', '2014-04-02', '2014-04-29', 1, '2014-04-29', '13:54:51', '2014-04-29 08:24:51'),
(177, 3, 177, '0.00', '2014-04-02', '2014-04-29', 1, '2014-04-29', '13:54:51', '2014-04-29 08:24:51'),
(178, 3, 178, '0.00', '2014-04-02', '2014-04-29', 1, '2014-04-29', '13:54:51', '2014-04-29 08:24:51'),
(179, 3, 179, '0.00', '2014-04-02', '2014-04-29', 1, '2014-04-29', '13:54:51', '2014-04-29 08:24:51'),
(180, 3, 180, '0.00', '2014-04-02', '2014-04-29', 1, '2014-04-29', '13:54:51', '2014-04-29 08:24:51'),
(181, 3, 181, '0.00', '2014-04-02', '2014-04-29', 1, '2014-04-29', '13:54:51', '2014-04-29 08:24:51'),
(182, 3, 182, '0.00', '2014-04-02', '2014-04-29', 1, '2014-04-29', '13:54:51', '2014-04-29 08:24:51'),
(183, 3, 183, '0.00', '2014-04-02', '2014-04-29', 1, '2014-04-29', '13:54:51', '2014-04-29 08:24:51'),
(184, 3, 184, '0.00', '2014-04-02', '2014-04-29', 1, '2014-04-29', '13:54:51', '2014-04-29 08:24:51'),
(185, 3, 185, '0.00', '2014-04-02', '2014-04-29', 1, '2014-04-29', '13:54:51', '2014-04-29 08:24:51'),
(186, 3, 186, '0.00', '2014-04-02', '2014-04-29', 1, '2014-04-29', '13:54:51', '2014-04-29 08:24:51'),
(187, 3, 187, '0.00', '2014-04-02', '2014-04-29', 1, '2014-04-29', '13:54:51', '2014-04-29 08:24:51'),
(188, 3, 188, '0.00', '2014-04-02', '2014-04-29', 1, '2014-04-29', '13:54:51', '2014-04-29 08:24:51'),
(189, 3, 189, '0.00', '2014-04-02', '2014-04-29', 1, '2014-04-29', '13:54:51', '2014-04-29 08:24:51'),
(190, 3, 190, '0.00', '2014-04-02', '2014-04-29', 1, '2014-04-29', '13:54:51', '2014-04-29 08:24:51'),
(191, 3, 191, '0.00', '2014-04-02', '2014-04-29', 1, '2014-04-29', '13:54:51', '2014-04-29 08:24:51'),
(192, 3, 192, '0.00', '2014-04-02', '2014-04-29', 1, '2014-04-29', '13:54:51', '2014-04-29 08:24:51'),
(193, 3, 193, '0.00', '2014-04-02', '2014-04-29', 1, '2014-04-29', '13:54:51', '2014-04-29 08:24:51'),
(194, 3, 194, '0.00', '2014-04-02', '2014-04-29', 1, '2014-04-29', '13:54:51', '2014-04-29 08:24:51'),
(195, 3, 195, '0.00', '2014-04-02', '2014-04-29', 1, '2014-04-29', '13:54:51', '2014-04-29 08:24:51'),
(196, 3, 196, '0.00', '2014-04-02', '2014-04-29', 1, '2014-04-29', '13:54:51', '2014-04-29 08:24:51'),
(197, 3, 197, '0.00', '2014-04-02', '2014-04-29', 1, '2014-04-29', '13:54:51', '2014-04-29 08:24:51'),
(198, 3, 198, '0.00', '2014-04-02', '2014-04-29', 1, '2014-04-29', '13:54:51', '2014-04-29 08:24:51'),
(199, 3, 199, '0.00', '2014-04-02', '2014-04-29', 1, '2014-04-29', '13:54:51', '2014-04-29 08:24:51'),
(200, 3, 200, '0.00', '2014-04-02', '2014-04-29', 1, '2014-04-29', '13:54:51', '2014-04-29 08:24:51'),
(201, 3, 201, '0.00', '2014-04-02', '2014-04-29', 1, '2014-04-29', '13:54:51', '2014-04-29 08:24:51'),
(202, 3, 202, '0.00', '2014-04-02', '2014-04-29', 1, '2014-04-29', '13:54:51', '2014-04-29 08:24:51'),
(203, 3, 203, '0.00', '2014-04-02', '2014-04-29', 1, '2014-04-29', '13:54:51', '2014-04-29 08:24:51'),
(204, 3, 204, '0.00', '2014-04-02', '2014-04-29', 1, '2014-04-29', '13:54:51', '2014-04-29 08:24:51'),
(205, 3, 205, '0.00', '2014-04-02', '2014-04-29', 1, '2014-04-29', '13:54:51', '2014-04-29 08:24:51'),
(206, 3, 206, '0.00', '2014-04-02', '2014-04-29', 1, '2014-04-29', '13:54:51', '2014-04-29 08:24:51'),
(207, 3, 207, '0.00', '2014-04-02', '2014-04-29', 1, '2014-04-29', '13:54:51', '2014-04-29 08:24:51'),
(208, 3, 208, '0.00', '2014-04-02', '2014-04-29', 1, '2014-04-29', '13:54:51', '2014-04-29 08:24:51'),
(209, 3, 209, '0.00', '2014-04-02', '2014-04-29', 1, '2014-04-29', '13:54:51', '2014-04-29 08:24:51'),
(210, 3, 210, '0.00', '2014-04-02', '2014-04-29', 1, '2014-04-29', '13:54:51', '2014-04-29 08:24:51'),
(211, 3, 211, '0.00', '2014-04-02', '2014-04-29', 1, '2014-04-29', '13:54:51', '2014-04-29 08:24:51'),
(212, 3, 212, '0.00', '2014-04-02', '2014-04-29', 1, '2014-04-29', '13:54:51', '2014-04-29 08:24:51'),
(213, 3, 213, '0.00', '2014-04-02', '2014-04-29', 1, '2014-04-29', '13:54:51', '2014-04-29 08:24:51'),
(214, 3, 214, '0.00', '2014-04-02', '2014-04-29', 1, '2014-04-29', '13:54:51', '2014-04-29 08:24:51'),
(215, 3, 215, '0.00', '2014-04-02', '2014-04-29', 1, '2014-04-29', '13:54:51', '2014-04-29 08:24:51'),
(216, 3, 216, '0.00', '2014-04-02', '2014-04-29', 1, '2014-04-29', '13:54:51', '2014-04-29 08:24:51'),
(217, 3, 217, '0.00', '2014-04-02', '2014-04-29', 1, '2014-04-29', '13:54:51', '2014-04-29 08:24:51'),
(218, 3, 218, '0.00', '2014-04-02', '2014-04-29', 1, '2014-04-29', '13:54:51', '2014-04-29 08:24:51'),
(219, 3, 219, '0.00', '2014-04-02', '2014-04-29', 1, '2014-04-29', '13:54:51', '2014-04-29 08:24:51'),
(220, 3, 220, '0.00', '2014-04-02', '2014-04-29', 1, '2014-04-29', '13:54:51', '2014-04-29 08:24:51'),
(221, 3, 221, '0.00', '2014-04-02', '2014-04-29', 1, '2014-04-29', '13:54:51', '2014-04-29 08:24:51'),
(222, 3, 222, '0.00', '2014-04-02', '2014-04-29', 1, '2014-04-29', '13:54:51', '2014-04-29 08:24:51'),
(223, 3, 223, '0.00', '2014-04-02', '2014-04-29', 1, '2014-04-29', '13:54:51', '2014-04-29 08:24:51'),
(224, 3, 224, '0.00', '2014-04-02', '2014-04-29', 1, '2014-04-29', '13:54:51', '2014-04-29 08:24:51'),
(225, 3, 225, '0.00', '2014-04-02', '2014-04-29', 1, '2014-04-29', '13:54:51', '2014-04-29 08:24:51'),
(226, 3, 226, '0.00', '2014-04-02', '2014-04-29', 1, '2014-04-29', '13:54:51', '2014-04-29 08:24:51'),
(227, 3, 227, '0.00', '2014-04-02', '2014-04-29', 1, '2014-04-29', '13:54:51', '2014-04-29 08:24:51'),
(228, 3, 228, '0.00', '2014-04-02', '2014-04-29', 1, '2014-04-29', '13:54:51', '2014-04-29 08:24:51'),
(229, 3, 229, '0.00', '2014-04-02', '2014-04-29', 1, '2014-04-29', '13:54:51', '2014-04-29 08:24:51'),
(230, 3, 230, '0.00', '2014-04-02', '2014-04-29', 1, '2014-04-29', '13:54:51', '2014-04-29 08:24:51'),
(231, 3, 231, '0.00', '2014-04-02', '2014-04-29', 1, '2014-04-29', '13:54:51', '2014-04-29 08:24:51'),
(232, 3, 232, '0.00', '2014-04-02', '2014-04-29', 1, '2014-04-29', '13:54:51', '2014-04-29 08:24:51'),
(233, 3, 233, '0.00', '2014-04-02', '2014-04-29', 1, '2014-04-29', '13:54:51', '2014-04-29 08:24:51'),
(234, 3, 234, '0.00', '2014-04-02', '2014-04-29', 1, '2014-04-29', '13:54:51', '2014-04-29 08:24:51'),
(235, 3, 235, '0.00', '2014-04-02', '2014-04-29', 1, '2014-04-29', '13:54:51', '2014-04-29 08:24:51'),
(236, 3, 236, '0.00', '2014-04-02', '2014-04-29', 1, '2014-04-29', '13:54:51', '2014-04-29 08:24:51'),
(237, 3, 237, '0.00', '2014-04-02', '2014-04-29', 1, '2014-04-29', '13:54:51', '2014-04-29 08:24:51'),
(238, 3, 238, '0.00', '2014-04-02', '2014-04-29', 1, '2014-04-29', '13:54:51', '2014-04-29 08:24:51'),
(239, 3, 239, '0.00', '2014-04-02', '2014-04-29', 1, '2014-04-29', '13:54:51', '2014-04-29 08:24:51'),
(240, 3, 240, '0.00', '2014-04-02', '2014-04-29', 1, '2014-04-29', '13:54:51', '2014-04-29 08:24:51'),
(241, 3, 241, '0.00', '2014-04-02', '2014-04-29', 1, '2014-04-29', '13:54:51', '2014-04-29 08:24:51'),
(242, 3, 242, '0.00', '2014-04-02', '2014-04-29', 1, '2014-04-29', '13:54:51', '2014-04-29 08:24:51'),
(243, 3, 243, '0.00', '2014-04-02', '2014-04-29', 1, '2014-04-29', '13:54:51', '2014-04-29 08:24:51'),
(244, 3, 244, '0.00', '2014-04-02', '2014-04-29', 1, '2014-04-29', '13:54:51', '2014-04-29 08:24:51'),
(245, 3, 245, '0.00', '2014-04-02', '2014-04-29', 1, '2014-04-29', '13:54:51', '2014-04-29 08:24:51'),
(246, 3, 246, '0.00', '2014-04-02', '2014-04-29', 1, '2014-04-29', '13:54:51', '2014-04-29 08:24:51'),
(247, 3, 247, '0.00', '2014-04-02', '2014-04-29', 1, '2014-04-29', '13:54:51', '2014-04-29 08:24:51'),
(248, 3, 248, '0.00', '2014-04-02', '2014-04-29', 1, '2014-04-29', '13:54:51', '2014-04-29 08:24:51'),
(249, 3, 249, '0.00', '2014-04-02', '2014-04-29', 1, '2014-04-29', '13:54:51', '2014-04-29 08:24:51'),
(250, 3, 250, '0.00', '2014-04-02', '2014-04-29', 1, '2014-04-29', '13:54:51', '2014-04-29 08:24:51'),
(251, 3, 251, '0.00', '2014-04-02', '2014-04-29', 1, '2014-04-29', '13:54:51', '2014-04-29 08:24:51'),
(252, 3, 252, '0.00', '2014-04-02', '2014-04-29', 1, '2014-04-29', '13:54:51', '2014-04-29 08:24:51'),
(253, 3, 253, '0.00', '2014-04-02', '2014-04-29', 1, '2014-04-29', '13:54:51', '2014-04-29 08:24:51'),
(254, 3, 254, '0.00', '2014-04-02', '2014-04-29', 1, '2014-04-29', '13:54:51', '2014-04-29 08:24:51'),
(255, 3, 255, '0.00', '2014-04-02', '2014-04-29', 1, '2014-04-29', '13:54:51', '2014-04-29 08:24:51'),
(256, 3, 256, '0.00', '2014-04-02', '2014-04-29', 1, '2014-04-29', '13:54:51', '2014-04-29 08:24:51'),
(257, 3, 257, '0.00', '2014-04-02', '2014-04-29', 1, '2014-04-29', '13:54:51', '2014-04-29 08:24:51'),
(258, 3, 258, '0.00', '2014-04-02', '2014-04-29', 1, '2014-04-29', '13:54:51', '2014-04-29 08:24:51'),
(259, 3, 259, '0.00', '2014-04-02', '2014-04-29', 1, '2014-04-29', '13:54:51', '2014-04-29 08:24:51'),
(260, 3, 260, '0.00', '2014-04-02', '2014-04-29', 1, '2014-04-29', '13:54:51', '2014-04-29 08:24:51'),
(261, 3, 261, '0.00', '2014-04-02', '2014-04-29', 1, '2014-04-29', '13:54:51', '2014-04-29 08:24:51'),
(262, 3, 262, '0.00', '2014-04-02', '2014-04-29', 1, '2014-04-29', '13:54:51', '2014-04-29 08:24:51'),
(263, 3, 263, '0.00', '2014-04-02', '2014-04-29', 1, '2014-04-29', '13:54:51', '2014-04-29 08:24:51'),
(264, 3, 264, '0.00', '2014-04-02', '2014-04-29', 1, '2014-04-29', '13:54:51', '2014-04-29 08:24:51'),
(265, 3, 265, '0.00', '2014-04-02', '2014-04-29', 1, '2014-04-29', '13:54:51', '2014-04-29 08:24:51'),
(266, 3, 266, '0.00', '2014-04-02', '2014-04-29', 1, '2014-04-29', '13:54:51', '2014-04-29 08:24:51'),
(267, 3, 267, '0.00', '2014-04-02', '2014-04-29', 1, '2014-04-29', '13:54:51', '2014-04-29 08:24:51'),
(268, 3, 268, '0.00', '2014-04-02', '2014-04-29', 1, '2014-04-29', '13:54:51', '2014-04-29 08:24:51'),
(269, 3, 269, '0.00', '2014-04-02', '2014-04-29', 1, '2014-04-29', '13:54:51', '2014-04-29 08:24:51'),
(270, 3, 270, '0.00', '2014-04-02', '2014-04-29', 1, '2014-04-29', '13:54:51', '2014-04-29 08:24:51'),
(271, 3, 271, '0.00', '2014-04-02', '2014-04-29', 1, '2014-04-29', '13:54:51', '2014-04-29 08:24:51'),
(272, 3, 272, '0.00', '2014-04-02', '2014-04-29', 1, '2014-04-29', '13:54:51', '2014-04-29 08:24:51'),
(273, 3, 273, '0.00', '2014-04-02', '2014-04-29', 1, '2014-04-29', '13:54:51', '2014-04-29 08:24:51'),
(274, 3, 274, '0.00', '2014-04-02', '2014-04-29', 1, '2014-04-29', '13:54:51', '2014-04-29 08:24:51'),
(275, 3, 275, '0.00', '2014-04-02', '2014-04-29', 1, '2014-04-29', '13:54:51', '2014-04-29 08:24:51'),
(276, 3, 276, '0.00', '2014-04-02', '2014-04-29', 1, '2014-04-29', '13:54:51', '2014-04-29 08:24:51'),
(277, 3, 277, '0.00', '2014-04-02', '2014-04-29', 1, '2014-04-29', '13:54:51', '2014-04-29 08:24:51'),
(278, 3, 278, '0.00', '2014-04-02', '2014-04-29', 1, '2014-04-29', '13:54:51', '2014-04-29 08:24:51'),
(279, 3, 279, '0.00', '2014-04-02', '2014-04-29', 1, '2014-04-29', '13:54:51', '2014-04-29 08:24:51'),
(280, 3, 280, '0.00', '2014-04-02', '2014-04-29', 1, '2014-04-29', '13:54:51', '2014-04-29 08:24:51'),
(281, 3, 281, '0.00', '2014-04-02', '2014-04-29', 1, '2014-04-29', '13:54:51', '2014-04-29 08:24:51'),
(282, 3, 282, '0.00', '2014-04-02', '2014-04-29', 1, '2014-04-29', '13:54:51', '2014-04-29 08:24:51'),
(283, 3, 283, '0.00', '2014-04-02', '2014-04-29', 1, '2014-04-29', '13:54:51', '2014-04-29 08:24:51'),
(284, 3, 284, '0.00', '2014-04-02', '2014-04-29', 1, '2014-04-29', '13:54:51', '2014-04-29 08:24:51'),
(285, 3, 285, '0.00', '2014-04-02', '2014-04-29', 1, '2014-04-29', '13:54:51', '2014-04-29 08:24:51'),
(286, 3, 286, '0.00', '2014-04-02', '2014-04-29', 1, '2014-04-29', '13:54:51', '2014-04-29 08:24:51'),
(287, 3, 287, '0.00', '2014-04-02', '2014-04-29', 1, '2014-04-29', '13:54:51', '2014-04-29 08:24:51'),
(288, 3, 288, '0.00', '2014-04-02', '2014-04-29', 1, '2014-04-29', '13:54:51', '2014-04-29 08:24:51'),
(289, 3, 289, '0.00', '2014-04-02', '2014-04-29', 1, '2014-04-29', '13:54:51', '2014-04-29 08:24:51'),
(290, 3, 290, '0.00', '2014-04-02', '2014-04-29', 1, '2014-04-29', '13:54:51', '2014-04-29 08:24:51'),
(291, 3, 291, '0.00', '2014-04-02', '2014-04-29', 1, '2014-04-29', '13:54:51', '2014-04-29 08:24:51'),
(292, 3, 292, '0.00', '2014-04-02', '2014-04-29', 1, '2014-04-29', '13:54:51', '2014-04-29 08:24:51'),
(293, 3, 293, '0.00', '2014-04-02', '2014-04-29', 1, '2014-04-29', '13:54:51', '2014-04-29 08:24:51'),
(294, 3, 294, '0.00', '2014-04-02', '2014-04-29', 1, '2014-04-29', '13:54:51', '2014-04-29 08:24:51'),
(295, 3, 295, '0.00', '2014-04-02', '2014-04-29', 1, '2014-04-29', '13:54:51', '2014-04-29 08:24:51'),
(296, 3, 296, '0.00', '2014-04-02', '2014-04-29', 1, '2014-04-29', '13:54:51', '2014-04-29 08:24:51'),
(297, 3, 297, '0.00', '2014-04-02', '2014-04-29', 1, '2014-04-29', '13:54:51', '2014-04-29 08:24:51'),
(298, 3, 298, '0.00', '2014-04-02', '2014-04-29', 1, '2014-04-29', '13:54:51', '2014-04-29 08:24:51'),
(299, 3, 299, '0.00', '2014-04-02', '2014-04-29', 1, '2014-04-29', '13:54:51', '2014-04-29 08:24:51'),
(300, 3, 300, '0.00', '2014-04-02', '2014-04-29', 1, '2014-04-29', '13:54:51', '2014-04-29 08:24:51'),
(301, 3, 301, '0.00', '2014-04-02', '2014-04-29', 1, '2014-04-29', '13:54:51', '2014-04-29 08:24:51'),
(302, 3, 302, '0.00', '2014-04-02', '2014-04-29', 1, '2014-04-29', '13:54:51', '2014-04-29 08:24:51'),
(303, 3, 303, '0.00', '2014-04-02', '2014-04-29', 1, '2014-04-29', '13:54:51', '2014-04-29 08:24:51'),
(304, 3, 304, '0.00', '2014-04-02', '2014-04-29', 1, '2014-04-29', '13:54:51', '2014-04-29 08:24:51'),
(305, 3, 305, '0.00', '2014-04-02', '2014-04-29', 1, '2014-04-29', '13:54:51', '2014-04-29 08:24:51'),
(306, 3, 306, '0.00', '2014-04-02', '2014-04-29', 1, '2014-04-29', '13:54:51', '2014-04-29 08:24:51'),
(307, 3, 307, '0.00', '2014-04-02', '2014-04-29', 1, '2014-04-29', '13:54:51', '2014-04-29 08:24:51'),
(308, 3, 308, '0.00', '2014-04-02', '2014-04-29', 1, '2014-04-29', '13:54:51', '2014-04-29 08:24:51'),
(309, 3, 309, '0.00', '2014-04-02', '2014-04-29', 1, '2014-04-29', '13:54:51', '2014-04-29 08:24:51'),
(310, 3, 310, '0.00', '2014-04-02', '2014-04-29', 1, '2014-04-29', '13:54:51', '2014-04-29 08:24:51'),
(311, 3, 311, '0.00', '2014-04-02', '2014-04-29', 1, '2014-04-29', '13:54:51', '2014-04-29 08:24:51'),
(312, 3, 312, '0.00', '2014-04-02', '2014-04-29', 1, '2014-04-29', '13:54:51', '2014-04-29 08:24:51'),
(313, 3, 313, '0.00', '2014-04-02', '2014-04-29', 1, '2014-04-29', '13:54:51', '2014-04-29 08:24:51'),
(314, 3, 314, '0.00', '2014-04-02', '2014-04-29', 1, '2014-04-29', '13:54:51', '2014-04-29 08:24:51'),
(315, 3, 315, '0.00', '2014-04-02', '2014-04-29', 1, '2014-04-29', '13:54:51', '2014-04-29 08:24:51'),
(316, 3, 316, '0.00', '2014-04-02', '2014-04-29', 1, '2014-04-29', '13:54:51', '2014-04-29 08:24:51'),
(317, 3, 317, '0.00', '2014-04-02', '2014-04-29', 1, '2014-04-29', '13:54:51', '2014-04-29 08:24:51'),
(318, 3, 318, '0.00', '2014-04-02', '2014-04-29', 1, '2014-04-29', '13:54:51', '2014-04-29 08:24:51'),
(319, 3, 319, '0.00', '2014-04-02', '2014-04-29', 1, '2014-04-29', '13:54:51', '2014-04-29 08:24:51'),
(320, 3, 320, '0.00', '2014-04-02', '2014-04-29', 1, '2014-04-29', '13:54:51', '2014-04-29 08:24:51'),
(321, 3, 321, '0.00', '2014-04-02', '2014-04-29', 1, '2014-04-29', '13:54:51', '2014-04-29 08:24:51'),
(322, 3, 322, '0.00', '2014-04-02', '2014-04-29', 1, '2014-04-29', '13:54:51', '2014-04-29 08:24:51'),
(323, 3, 323, '0.00', '2014-04-02', '2014-04-29', 1, '2014-04-29', '13:54:51', '2014-04-29 08:24:51'),
(324, 3, 324, '0.00', '2014-04-02', '2014-04-29', 1, '2014-04-29', '13:54:51', '2014-04-29 08:24:51'),
(325, 3, 325, '0.00', '2014-04-02', '2014-04-29', 1, '2014-04-29', '13:54:51', '2014-04-29 08:24:51'),
(326, 3, 326, '0.00', '2014-04-02', '2014-04-29', 1, '2014-04-29', '13:54:51', '2014-04-29 08:24:51'),
(327, 3, 327, '0.00', '2014-04-02', '2014-04-29', 1, '2014-04-29', '13:54:51', '2014-04-29 08:24:51'),
(328, 3, 328, '0.00', '2014-04-02', '2014-04-29', 1, '2014-04-29', '13:54:51', '2014-04-29 08:24:51'),
(329, 3, 329, '0.00', '2014-04-02', '2014-04-29', 1, '2014-04-29', '13:54:51', '2014-04-29 08:24:51'),
(330, 3, 330, '0.00', '2014-04-02', '2014-04-29', 1, '2014-04-29', '13:54:51', '2014-04-29 08:24:51'),
(331, 3, 331, '0.00', '2014-04-02', '2014-04-29', 1, '2014-04-29', '13:54:51', '2014-04-29 08:24:51'),
(332, 3, 332, '0.00', '2014-04-02', '2014-04-29', 1, '2014-04-29', '13:54:51', '2014-04-29 08:24:51'),
(333, 3, 333, '0.00', '2014-04-02', '2014-04-29', 1, '2014-04-29', '13:54:51', '2014-04-29 08:24:51'),
(334, 3, 334, '0.00', '2014-04-02', '2014-04-29', 1, '2014-04-29', '13:54:51', '2014-04-29 08:24:51'),
(335, 3, 335, '0.00', '2014-04-02', '2014-04-29', 1, '2014-04-29', '13:54:51', '2014-04-29 08:24:51'),
(336, 3, 336, '0.00', '2014-04-02', '2014-04-29', 1, '2014-04-29', '13:54:51', '2014-04-29 08:24:51'),
(337, 3, 337, '0.00', '2014-04-02', '2014-04-29', 1, '2014-04-29', '13:54:51', '2014-04-29 08:24:51'),
(338, 3, 338, '0.00', '2014-04-02', '2014-04-29', 1, '2014-04-29', '13:54:51', '2014-04-29 08:24:51'),
(339, 3, 339, '0.00', '2014-04-02', '2014-04-29', 1, '2014-04-29', '13:54:51', '2014-04-29 08:24:51'),
(340, 3, 340, '0.00', '2014-04-02', '2014-04-29', 1, '2014-04-29', '13:54:51', '2014-04-29 08:24:51'),
(341, 3, 341, '0.00', '2014-04-02', '2014-04-29', 1, '2014-04-29', '13:54:51', '2014-04-29 08:24:51'),
(342, 3, 342, '0.00', '2014-04-02', '2014-04-29', 1, '2014-04-29', '13:54:51', '2014-04-29 08:24:51'),
(343, 3, 343, '0.00', '2014-04-02', '2014-04-29', 1, '2014-04-29', '13:54:51', '2014-04-29 08:24:51'),
(344, 3, 344, '0.00', '2014-04-02', '2014-04-29', 1, '2014-04-29', '13:54:51', '2014-04-29 08:24:51'),
(345, 3, 345, '0.00', '2014-04-02', '2014-04-29', 1, '2014-04-29', '13:54:51', '2014-04-29 08:24:51'),
(346, 3, 346, '0.00', '2014-04-02', '2014-04-29', 1, '2014-04-29', '13:54:51', '2014-04-29 08:24:51'),
(347, 3, 347, '0.00', '2014-04-02', '2014-04-29', 1, '2014-04-29', '13:54:51', '2014-04-29 08:24:51'),
(348, 3, 348, '0.00', '2014-04-02', '2014-04-29', 1, '2014-04-29', '13:54:51', '2014-04-29 08:24:51'),
(349, 3, 349, '0.00', '2014-04-02', '2014-04-29', 1, '2014-04-29', '13:54:51', '2014-04-29 08:24:51'),
(350, 3, 350, '0.00', '2014-04-02', '2014-04-29', 1, '2014-04-29', '13:54:51', '2014-04-29 08:24:51'),
(351, 3, 351, '0.00', '2014-04-02', '2014-04-29', 1, '2014-04-29', '13:54:51', '2014-04-29 08:24:51'),
(352, 3, 352, '0.00', '2014-04-02', '2014-04-29', 1, '2014-04-29', '13:54:51', '2014-04-29 08:24:51'),
(353, 3, 353, '0.00', '2014-04-02', '2014-04-29', 1, '2014-04-29', '13:54:51', '2014-04-29 08:24:51'),
(354, 3, 354, '0.00', '2014-04-02', '2014-04-29', 1, '2014-04-29', '13:54:51', '2014-04-29 08:24:51'),
(355, 3, 355, '0.00', '2014-04-02', '2014-04-29', 1, '2014-04-29', '13:54:51', '2014-04-29 08:24:51'),
(356, 3, 356, '0.00', '2014-04-02', '2014-04-29', 1, '2014-04-29', '13:54:51', '2014-04-29 08:24:51'),
(357, 3, 357, '0.00', '2014-04-02', '2014-04-29', 1, '2014-04-29', '13:54:51', '2014-04-29 08:24:51'),
(358, 3, 358, '0.00', '2014-04-02', '2014-04-29', 1, '2014-04-29', '13:54:51', '2014-04-29 08:24:51'),
(359, 3, 359, '0.00', '2014-04-02', '2014-04-29', 1, '2014-04-29', '13:54:51', '2014-04-29 08:24:51'),
(360, 3, 360, '0.00', '2014-04-02', '2014-04-29', 1, '2014-04-29', '13:54:51', '2014-04-29 08:24:51'),
(361, 3, 361, '0.00', '2014-04-02', '2014-04-29', 1, '2014-04-29', '13:54:51', '2014-04-29 08:24:51'),
(362, 3, 362, '0.00', '2014-04-02', '2014-04-29', 1, '2014-04-29', '13:54:51', '2014-04-29 08:24:51'),
(363, 3, 363, '0.00', '2014-04-02', '2014-04-29', 1, '2014-04-29', '13:54:51', '2014-04-29 08:24:51'),
(364, 3, 364, '0.00', '2014-04-02', '2014-04-29', 1, '2014-04-29', '13:54:51', '2014-04-29 08:24:51'),
(365, 3, 365, '0.00', '2014-04-02', '2014-04-29', 1, '2014-04-29', '13:54:51', '2014-04-29 08:24:51'),
(366, 3, 366, '0.00', '2014-04-02', '2014-04-29', 1, '2014-04-29', '13:54:51', '2014-04-29 08:24:51'),
(367, 3, 367, '0.00', '2014-04-02', '2014-04-29', 1, '2014-04-29', '13:54:51', '2014-04-29 08:24:51'),
(368, 3, 368, '0.00', '2014-04-02', '2014-04-29', 1, '2014-04-29', '13:54:51', '2014-04-29 08:24:51'),
(369, 3, 369, '0.00', '2014-04-02', '2014-04-29', 1, '2014-04-29', '13:54:51', '2014-04-29 08:24:51'),
(370, 3, 370, '0.00', '2014-04-02', '2014-04-29', 1, '2014-04-29', '13:54:51', '2014-04-29 08:24:51'),
(371, 3, 371, '0.00', '2014-04-02', '2014-04-29', 1, '2014-04-29', '13:54:51', '2014-04-29 08:24:51'),
(372, 3, 372, '0.00', '2014-04-02', '2014-04-29', 1, '2014-04-29', '13:54:51', '2014-04-29 08:24:51'),
(373, 3, 373, '0.00', '2014-04-02', '2014-04-29', 1, '2014-04-29', '13:54:51', '2014-04-29 08:24:51'),
(374, 3, 374, '0.00', '2014-04-02', '2014-04-29', 1, '2014-04-29', '13:54:51', '2014-04-29 08:24:51'),
(375, 3, 375, '0.00', '2014-04-02', '2014-04-29', 1, '2014-04-29', '13:54:51', '2014-04-29 08:24:51'),
(376, 3, 376, '0.00', '2014-04-02', '2014-04-29', 1, '2014-04-29', '13:54:51', '2014-04-29 08:24:51'),
(377, 3, 377, '0.00', '2014-04-02', '2014-04-29', 1, '2014-04-29', '13:54:51', '2014-04-29 08:24:51'),
(378, 3, 378, '0.00', '2014-04-02', '2014-04-29', 1, '2014-04-29', '13:54:51', '2014-04-29 08:24:51'),
(379, 3, 379, '0.00', '2014-04-02', '2014-04-29', 1, '2014-04-29', '13:54:51', '2014-04-29 08:24:51'),
(380, 3, 380, '0.00', '2014-04-02', '2014-04-29', 1, '2014-04-29', '13:54:51', '2014-04-29 08:24:51'),
(381, 3, 381, '0.00', '2014-04-02', '2014-04-29', 1, '2014-04-29', '13:54:51', '2014-04-29 08:24:51'),
(382, 3, 382, '0.00', '2014-04-02', '2014-04-29', 1, '2014-04-29', '13:54:51', '2014-04-29 08:24:51'),
(383, 3, 383, '0.00', '2014-04-02', '2014-04-29', 1, '2014-04-29', '13:54:51', '2014-04-29 08:24:51'),
(384, 3, 384, '0.00', '2014-04-02', '2014-04-29', 1, '2014-04-29', '13:54:51', '2014-04-29 08:24:51'),
(385, 3, 385, '0.00', '2014-04-02', '2014-04-29', 1, '2014-04-29', '13:54:51', '2014-04-29 08:24:51'),
(386, 3, 386, '0.00', '2014-04-02', '2014-04-29', 1, '2014-04-29', '13:54:51', '2014-04-29 08:24:51'),
(387, 3, 387, '0.00', '2014-04-02', '2014-04-29', 1, '2014-04-29', '13:54:51', '2014-04-29 08:24:51'),
(388, 3, 388, '0.00', '2014-04-02', '2014-04-29', 1, '2014-04-29', '13:54:51', '2014-04-29 08:24:51'),
(389, 3, 389, '0.00', '2014-04-02', '2014-04-29', 1, '2014-04-29', '13:54:51', '2014-04-29 08:24:51'),
(390, 3, 390, '0.00', '2014-04-02', '2014-04-29', 1, '2014-04-29', '13:54:51', '2014-04-29 08:24:51'),
(391, 3, 391, '0.00', '2014-04-02', '2014-04-29', 1, '2014-04-29', '13:54:51', '2014-04-29 08:24:51'),
(392, 3, 392, '0.00', '2014-04-02', '2014-04-29', 1, '2014-04-29', '13:54:51', '2014-04-29 08:24:51'),
(393, 3, 393, '0.00', '2014-04-02', '2014-04-29', 1, '2014-04-29', '13:54:51', '2014-04-29 08:24:51'),
(394, 3, 394, '0.00', '2014-04-02', '2014-04-29', 1, '2014-04-29', '13:54:51', '2014-04-29 08:24:51'),
(395, 3, 395, '0.00', '2014-04-02', '2014-04-29', 1, '2014-04-29', '13:54:51', '2014-04-29 08:24:51'),
(396, 3, 396, '0.00', '2014-04-02', '2014-04-29', 1, '2014-04-29', '13:54:51', '2014-04-29 08:24:51'),
(397, 3, 397, '0.00', '2014-04-02', '2014-04-29', 1, '2014-04-29', '13:54:51', '2014-04-29 08:24:51'),
(398, 3, 398, '0.00', '2014-04-02', '2014-04-29', 1, '2014-04-29', '13:54:51', '2014-04-29 08:24:51'),
(399, 3, 399, '0.00', '2014-04-02', '2014-04-29', 1, '2014-04-29', '13:54:51', '2014-04-29 08:24:51'),
(400, 3, 400, '0.00', '2014-04-02', '2014-04-29', 1, '2014-04-29', '13:54:51', '2014-04-29 08:24:51'),
(401, 3, 401, '0.00', '2014-04-02', '2014-04-29', 1, '2014-04-29', '13:54:51', '2014-04-29 08:24:51'),
(402, 3, 402, '0.00', '2014-04-02', '2014-04-29', 1, '2014-04-29', '13:54:51', '2014-04-29 08:24:51'),
(403, 3, 403, '0.00', '2014-04-02', '2014-04-29', 1, '2014-04-29', '13:54:51', '2014-04-29 08:24:51'),
(404, 3, 404, '0.00', '2014-04-02', '2014-04-29', 1, '2014-04-29', '13:54:51', '2014-04-29 08:24:51'),
(405, 3, 405, '0.00', '2014-04-02', '2014-04-29', 1, '2014-04-29', '13:54:51', '2014-04-29 08:24:51'),
(406, 3, 406, '0.00', '2014-04-02', '2014-04-29', 1, '2014-04-29', '13:54:51', '2014-04-29 08:24:51'),
(407, 3, 407, '0.00', '2014-04-02', '2014-04-29', 1, '2014-04-29', '13:54:51', '2014-04-29 08:24:51'),
(408, 3, 408, '0.00', '2014-04-02', '2014-04-29', 1, '2014-04-29', '13:54:51', '2014-04-29 08:24:51'),
(409, 3, 409, '0.00', '2014-04-02', '2014-04-29', 1, '2014-04-29', '13:54:51', '2014-04-29 08:24:51'),
(410, 3, 410, '0.00', '2014-04-02', '2014-04-29', 1, '2014-04-29', '13:54:51', '2014-04-29 08:24:51'),
(411, 3, 411, '0.00', '2014-04-02', '2014-04-29', 1, '2014-04-29', '13:54:51', '2014-04-29 08:24:51'),
(412, 3, 412, '0.00', '2014-04-02', '2014-04-29', 1, '2014-04-29', '13:54:51', '2014-04-29 08:24:51'),
(413, 3, 413, '0.00', '2014-04-02', '2014-04-29', 1, '2014-04-29', '13:54:51', '2014-04-29 08:24:51'),
(414, 3, 414, '0.00', '2014-04-02', '2014-04-29', 1, '2014-04-29', '13:54:51', '2014-04-29 08:24:51'),
(415, 3, 415, '0.00', '2014-04-02', '2014-04-29', 1, '2014-04-29', '13:54:51', '2014-04-29 08:24:51'),
(416, 3, 416, '0.00', '2014-04-02', '2014-04-29', 1, '2014-04-29', '13:54:51', '2014-04-29 08:24:51'),
(417, 3, 417, '0.00', '2014-04-02', '2014-04-29', 1, '2014-04-29', '13:54:51', '2014-04-29 08:24:51'),
(418, 3, 418, '0.00', '2014-04-02', '2014-04-29', 1, '2014-04-29', '13:54:51', '2014-04-29 08:24:51'),
(419, 3, 419, '0.00', '2014-04-02', '2014-04-29', 1, '2014-04-29', '13:54:51', '2014-04-29 08:24:51'),
(420, 3, 420, '0.00', '2014-04-02', '2014-04-29', 1, '2014-04-29', '13:54:51', '2014-04-29 08:24:51'),
(421, 3, 421, '0.00', '2014-04-02', '2014-04-29', 1, '2014-04-29', '13:54:51', '2014-04-29 08:24:51'),
(422, 3, 422, '0.00', '2014-04-02', '2014-04-29', 1, '2014-04-29', '13:54:51', '2014-04-29 08:24:51'),
(423, 3, 423, '0.00', '2014-04-02', '2014-04-29', 1, '2014-04-29', '13:54:51', '2014-04-29 08:24:51'),
(424, 3, 424, '0.00', '2014-04-02', '2014-04-29', 1, '2014-04-29', '13:54:51', '2014-04-29 08:24:51'),
(425, 3, 425, '0.00', '2014-04-02', '2014-04-29', 1, '2014-04-29', '13:54:51', '2014-04-29 08:24:51'),
(426, 3, 426, '0.00', '2014-04-02', '2014-04-29', 1, '2014-04-29', '13:54:51', '2014-04-29 08:24:51'),
(427, 3, 427, '0.00', '2014-04-02', '2014-04-29', 1, '2014-04-29', '13:54:51', '2014-04-29 08:24:51'),
(428, 3, 428, '0.00', '2014-04-02', '2014-04-29', 1, '2014-04-29', '13:54:51', '2014-04-29 08:24:51'),
(429, 3, 429, '0.00', '2014-04-02', '2014-04-29', 1, '2014-04-29', '13:54:51', '2014-04-29 08:24:51'),
(430, 3, 430, '0.00', '2014-04-02', '2014-04-29', 1, '2014-04-29', '13:54:51', '2014-04-29 08:24:51'),
(431, 3, 431, '0.00', '2014-04-02', '2014-04-29', 1, '2014-04-29', '13:54:51', '2014-04-29 08:24:51'),
(432, 3, 432, '0.00', '2014-04-02', '2014-04-29', 1, '2014-04-29', '13:54:51', '2014-04-29 08:24:51'),
(433, 3, 433, '0.00', '2014-04-02', '2014-04-29', 1, '2014-04-29', '13:54:51', '2014-04-29 08:24:51'),
(434, 3, 434, '0.00', '2014-04-02', '2014-04-29', 1, '2014-04-29', '13:54:51', '2014-04-29 08:24:51'),
(435, 3, 435, '0.00', '2014-04-02', '2014-04-29', 1, '2014-04-29', '13:54:51', '2014-04-29 08:24:51'),
(436, 3, 436, '0.00', '2014-04-02', '2014-04-29', 1, '2014-04-29', '13:54:51', '2014-04-29 08:24:51'),
(437, 3, 437, '0.00', '2014-04-02', '2014-04-29', 1, '2014-04-29', '13:54:51', '2014-04-29 08:24:51'),
(438, 3, 438, '0.00', '2014-04-02', '2014-04-29', 1, '2014-04-29', '13:54:51', '2014-04-29 08:24:51'),
(439, 3, 439, '0.00', '2014-04-02', '2014-04-29', 1, '2014-04-29', '13:54:51', '2014-04-29 08:24:51'),
(440, 3, 440, '0.00', '2014-04-02', '2014-04-29', 1, '2014-04-29', '13:54:51', '2014-04-29 08:24:51'),
(441, 3, 441, '0.00', '2014-04-02', '2014-04-29', 1, '2014-04-29', '13:54:51', '2014-04-29 08:24:51'),
(442, 3, 442, '0.00', '2014-04-02', '2014-04-29', 1, '2014-04-29', '13:54:51', '2014-04-29 08:24:51'),
(443, 3, 443, '0.00', '2014-04-02', '2014-04-29', 1, '2014-04-29', '13:54:51', '2014-04-29 08:24:51'),
(444, 3, 444, '0.00', '2014-04-02', '2014-04-29', 1, '2014-04-29', '13:54:51', '2014-04-29 08:24:51'),
(445, 3, 445, '0.00', '2014-04-02', '2014-04-29', 1, '2014-04-29', '13:54:51', '2014-04-29 08:24:51'),
(446, 3, 446, '0.00', '2014-04-02', '2014-04-29', 1, '2014-04-29', '13:54:51', '2014-04-29 08:24:51'),
(447, 3, 447, '0.00', '2014-04-02', '2014-04-29', 1, '2014-04-29', '13:54:51', '2014-04-29 08:24:51'),
(448, 3, 448, '0.00', '2014-04-02', '2014-04-29', 1, '2014-04-29', '13:54:51', '2014-04-29 08:24:51'),
(449, 3, 449, '0.00', '2014-04-02', '2014-04-29', 1, '2014-04-29', '13:54:51', '2014-04-29 08:24:51'),
(450, 3, 450, '0.00', '2014-04-02', '2014-04-29', 1, '2014-04-29', '13:54:51', '2014-04-29 08:24:51'),
(451, 3, 451, '0.00', '2014-04-02', '2014-04-29', 1, '2014-04-29', '13:54:51', '2014-04-29 08:24:51'),
(452, 3, 452, '0.00', '2014-04-02', '2014-04-29', 1, '2014-04-29', '13:54:51', '2014-04-29 08:24:51'),
(453, 3, 453, '0.00', '2014-04-02', '2014-04-29', 1, '2014-04-29', '13:54:51', '2014-04-29 08:24:51'),
(454, 3, 454, '0.00', '2014-04-02', '2014-04-29', 1, '2014-04-29', '13:54:51', '2014-04-29 08:24:51'),
(455, 3, 455, '0.00', '2014-04-02', '2014-04-29', 1, '2014-04-29', '13:54:51', '2014-04-29 08:24:51'),
(456, 3, 456, '0.00', '2014-04-02', '2014-04-29', 1, '2014-04-29', '13:54:51', '2014-04-29 08:24:51'),
(457, 3, 457, '0.00', '2014-04-02', '2014-04-29', 1, '2014-04-29', '13:54:51', '2014-04-29 08:24:51'),
(458, 3, 458, '0.00', '2014-04-02', '2014-04-29', 1, '2014-04-29', '13:54:51', '2014-04-29 08:24:51'),
(459, 3, 459, '0.00', '2014-04-02', '2014-04-29', 1, '2014-04-29', '13:54:51', '2014-04-29 08:24:51'),
(460, 3, 460, '0.00', '2014-04-02', '2014-04-29', 1, '2014-04-29', '13:54:51', '2014-04-29 08:24:51'),
(461, 3, 461, '0.00', '2014-04-02', '2014-04-29', 1, '2014-04-29', '13:54:51', '2014-04-29 08:24:51'),
(462, 3, 462, '0.00', '2014-04-02', '2014-04-29', 1, '2014-04-29', '13:54:51', '2014-04-29 08:24:51'),
(463, 3, 463, '0.00', '2014-04-02', '2014-04-29', 1, '2014-04-29', '13:54:51', '2014-04-29 08:24:51'),
(464, 3, 464, '0.00', '2014-04-02', '2014-04-29', 1, '2014-04-29', '13:54:51', '2014-04-29 08:24:51'),
(465, 3, 465, '0.00', '2014-04-02', '2014-04-29', 1, '2014-04-29', '13:54:51', '2014-04-29 08:24:51'),
(466, 3, 466, '0.00', '2014-04-02', '2014-04-29', 1, '2014-04-29', '13:54:51', '2014-04-29 08:24:51'),
(467, 3, 467, '0.00', '2014-04-02', '2014-04-29', 1, '2014-04-29', '13:54:51', '2014-04-29 08:24:51'),
(468, 3, 468, '0.00', '2014-04-02', '2014-04-29', 1, '2014-04-29', '13:54:51', '2014-04-29 08:24:51'),
(469, 3, 469, '0.00', '2014-04-02', '2014-04-29', 1, '2014-04-29', '13:54:51', '2014-04-29 08:24:51'),
(470, 3, 470, '0.00', '2014-04-02', '2014-04-29', 1, '2014-04-29', '13:54:51', '2014-04-29 08:24:51'),
(471, 3, 471, '0.00', '2014-04-02', '2014-04-29', 1, '2014-04-29', '13:54:51', '2014-04-29 08:24:51'),
(472, 3, 472, '0.00', '2014-04-02', '2014-04-29', 1, '2014-04-29', '13:54:51', '2014-04-29 08:24:51'),
(473, 3, 473, '0.00', '2014-04-02', '2014-04-29', 1, '2014-04-29', '13:54:51', '2014-04-29 08:24:51'),
(474, 3, 474, '0.00', '2014-04-02', '2014-04-29', 1, '2014-04-29', '13:54:51', '2014-04-29 08:24:51'),
(475, 3, 475, '0.00', '2014-04-02', '2014-04-29', 1, '2014-04-29', '13:54:51', '2014-04-29 08:24:51'),
(476, 3, 476, '0.00', '2014-04-02', '2014-04-29', 1, '2014-04-29', '13:54:51', '2014-04-29 08:24:51'),
(477, 3, 477, '0.00', '2014-04-02', '2014-04-29', 1, '2014-04-29', '13:54:51', '2014-04-29 08:24:51'),
(478, 3, 478, '0.00', '2014-04-02', '2014-04-29', 1, '2014-04-29', '13:54:51', '2014-04-29 08:24:51'),
(479, 3, 479, '0.00', '2014-04-02', '2014-04-29', 1, '2014-04-29', '13:54:51', '2014-04-29 08:24:51'),
(480, 3, 480, '0.00', '2014-04-02', '2014-04-29', 1, '2014-04-29', '13:54:51', '2014-04-29 08:24:51'),
(481, 3, 481, '0.00', '2014-04-02', '2014-04-29', 1, '2014-04-29', '13:54:51', '2014-04-29 08:24:51'),
(482, 3, 482, '0.00', '2014-04-02', '2014-04-29', 1, '2014-04-29', '13:54:51', '2014-04-29 08:24:51'),
(483, 3, 483, '0.00', '2014-04-02', '2014-04-29', 1, '2014-04-29', '13:54:51', '2014-04-29 08:24:51'),
(484, 3, 484, '0.00', '2014-04-02', '2014-04-29', 1, '2014-04-29', '13:54:51', '2014-04-29 08:24:51'),
(485, 3, 485, '0.00', '2014-04-02', '2014-04-29', 1, '2014-04-29', '13:54:51', '2014-04-29 08:24:51'),
(486, 3, 486, '0.00', '2014-04-02', '2014-04-29', 1, '2014-04-29', '13:54:51', '2014-04-29 08:24:51'),
(487, 3, 487, '0.00', '2014-04-02', '2014-04-29', 1, '2014-04-29', '13:54:51', '2014-04-29 08:24:51'),
(488, 3, 488, '0.00', '2014-04-02', '2014-04-29', 1, '2014-04-29', '13:54:51', '2014-04-29 08:24:51'),
(489, 3, 489, '0.00', '2014-04-02', '2014-04-29', 1, '2014-04-29', '13:54:51', '2014-04-29 08:24:51'),
(490, 3, 490, '0.00', '2014-04-02', '2014-04-29', 1, '2014-04-29', '13:54:51', '2014-04-29 08:24:51'),
(491, 3, 491, '0.00', '2014-04-02', '2014-04-29', 1, '2014-04-29', '13:54:51', '2014-04-29 08:24:51'),
(492, 3, 492, '0.00', '2014-04-02', '2014-04-29', 1, '2014-04-29', '13:54:51', '2014-04-29 08:24:51'),
(493, 3, 493, '0.00', '2014-04-02', '2014-04-29', 1, '2014-04-29', '13:54:51', '2014-04-29 08:24:51'),
(494, 3, 494, '0.00', '2014-04-02', '2014-04-29', 1, '2014-04-29', '13:54:51', '2014-04-29 08:24:51'),
(495, 3, 495, '0.00', '2014-04-02', '2014-04-29', 1, '2014-04-29', '13:54:51', '2014-04-29 08:24:51');
INSERT INTO `tbl_terotery_wise_target` (`id_ter_wise_target`, `id_territory`, `id_products`, `product_qty`, `target_st_date`, `target_en_date`, `status`, `added_date`, `added_time`, `time_stamp`) VALUES
(496, 3, 496, '0.00', '2014-04-02', '2014-04-29', 1, '2014-04-29', '13:54:51', '2014-04-29 08:24:51'),
(497, 3, 497, '0.00', '2014-04-02', '2014-04-29', 1, '2014-04-29', '13:54:51', '2014-04-29 08:24:51'),
(498, 3, 498, '0.00', '2014-04-02', '2014-04-29', 1, '2014-04-29', '13:54:51', '2014-04-29 08:24:51'),
(499, 3, 499, '0.00', '2014-04-02', '2014-04-29', 1, '2014-04-29', '13:54:51', '2014-04-29 08:24:51'),
(500, 3, 500, '0.00', '2014-04-02', '2014-04-29', 1, '2014-04-29', '13:54:51', '2014-04-29 08:24:51'),
(501, 3, 501, '0.00', '2014-04-02', '2014-04-29', 1, '2014-04-29', '13:54:51', '2014-04-29 08:24:51'),
(502, 3, 502, '0.00', '2014-04-02', '2014-04-29', 1, '2014-04-29', '13:54:51', '2014-04-29 08:24:51'),
(503, 3, 503, '0.00', '2014-04-02', '2014-04-29', 1, '2014-04-29', '13:54:51', '2014-04-29 08:24:51'),
(504, 3, 504, '0.00', '2014-04-02', '2014-04-29', 1, '2014-04-29', '13:54:51', '2014-04-29 08:24:51'),
(505, 3, 505, '0.00', '2014-04-02', '2014-04-29', 1, '2014-04-29', '13:54:51', '2014-04-29 08:24:51'),
(506, 3, 506, '0.00', '2014-04-02', '2014-04-29', 1, '2014-04-29', '13:54:51', '2014-04-29 08:24:51'),
(507, 3, 507, '0.00', '2014-04-02', '2014-04-29', 1, '2014-04-29', '13:54:51', '2014-04-29 08:24:51'),
(508, 3, 508, '0.00', '2014-04-02', '2014-04-29', 1, '2014-04-29', '13:54:51', '2014-04-29 08:24:51'),
(509, 3, 509, '0.00', '2014-04-02', '2014-04-29', 1, '2014-04-29', '13:54:51', '2014-04-29 08:24:51'),
(510, 3, 510, '0.00', '2014-04-02', '2014-04-29', 1, '2014-04-29', '13:54:51', '2014-04-29 08:24:51'),
(511, 3, 511, '0.00', '2014-04-02', '2014-04-29', 1, '2014-04-29', '13:54:51', '2014-04-29 08:24:51'),
(512, 3, 512, '0.00', '2014-04-02', '2014-04-29', 1, '2014-04-29', '13:54:51', '2014-04-29 08:24:51'),
(513, 3, 513, '0.00', '2014-04-02', '2014-04-29', 1, '2014-04-29', '13:54:51', '2014-04-29 08:24:51'),
(514, 3, 514, '0.00', '2014-04-02', '2014-04-29', 1, '2014-04-29', '13:54:51', '2014-04-29 08:24:51'),
(515, 3, 515, '0.00', '2014-04-02', '2014-04-29', 1, '2014-04-29', '13:54:51', '2014-04-29 08:24:51'),
(516, 3, 516, '0.00', '2014-04-02', '2014-04-29', 1, '2014-04-29', '13:54:51', '2014-04-29 08:24:51'),
(517, 3, 517, '0.00', '2014-04-02', '2014-04-29', 1, '2014-04-29', '13:54:51', '2014-04-29 08:24:51'),
(518, 3, 518, '0.00', '2014-04-02', '2014-04-29', 1, '2014-04-29', '13:54:51', '2014-04-29 08:24:51'),
(519, 3, 519, '0.00', '2014-04-02', '2014-04-29', 1, '2014-04-29', '13:54:51', '2014-04-29 08:24:51'),
(520, 3, 520, '0.00', '2014-04-02', '2014-04-29', 1, '2014-04-29', '13:54:51', '2014-04-29 08:24:51'),
(521, 3, 521, '0.00', '2014-04-02', '2014-04-29', 1, '2014-04-29', '13:54:51', '2014-04-29 08:24:51'),
(522, 3, 522, '0.00', '2014-04-02', '2014-04-29', 1, '2014-04-29', '13:54:51', '2014-04-29 08:24:51'),
(523, 3, 523, '0.00', '2014-04-02', '2014-04-29', 1, '2014-04-29', '13:54:51', '2014-04-29 08:24:51'),
(524, 3, 524, '0.00', '2014-04-02', '2014-04-29', 1, '2014-04-29', '13:54:51', '2014-04-29 08:24:51'),
(525, 3, 525, '0.00', '2014-04-02', '2014-04-29', 1, '2014-04-29', '13:54:51', '2014-04-29 08:24:51'),
(526, 3, 526, '0.00', '2014-04-02', '2014-04-29', 1, '2014-04-29', '13:54:51', '2014-04-29 08:24:51'),
(527, 3, 527, '0.00', '2014-04-02', '2014-04-29', 1, '2014-04-29', '13:54:51', '2014-04-29 08:24:51'),
(528, 3, 528, '0.00', '2014-04-02', '2014-04-29', 1, '2014-04-29', '13:54:51', '2014-04-29 08:24:51'),
(529, 3, 529, '0.00', '2014-04-02', '2014-04-29', 1, '2014-04-29', '13:54:51', '2014-04-29 08:24:51'),
(530, 3, 530, '0.00', '2014-04-02', '2014-04-29', 1, '2014-04-29', '13:54:51', '2014-04-29 08:24:51'),
(531, 3, 531, '0.00', '2014-04-02', '2014-04-29', 1, '2014-04-29', '13:54:51', '2014-04-29 08:24:51'),
(532, 3, 532, '0.00', '2014-04-02', '2014-04-29', 1, '2014-04-29', '13:54:51', '2014-04-29 08:24:51'),
(533, 3, 533, '0.00', '2014-04-02', '2014-04-29', 1, '2014-04-29', '13:54:51', '2014-04-29 08:24:51'),
(534, 3, 534, '0.00', '2014-04-02', '2014-04-29', 1, '2014-04-29', '13:54:51', '2014-04-29 08:24:51'),
(535, 3, 535, '0.00', '2014-04-02', '2014-04-29', 1, '2014-04-29', '13:54:51', '2014-04-29 08:24:51'),
(536, 3, 536, '0.00', '2014-04-02', '2014-04-29', 1, '2014-04-29', '13:54:51', '2014-04-29 08:24:51'),
(537, 3, 537, '0.00', '2014-04-02', '2014-04-29', 1, '2014-04-29', '13:54:51', '2014-04-29 08:24:51'),
(538, 3, 538, '0.00', '2014-04-02', '2014-04-29', 1, '2014-04-29', '13:54:51', '2014-04-29 08:24:51'),
(539, 3, 539, '0.00', '2014-04-02', '2014-04-29', 1, '2014-04-29', '13:54:51', '2014-04-29 08:24:51'),
(540, 3, 540, '0.00', '2014-04-02', '2014-04-29', 1, '2014-04-29', '13:54:51', '2014-04-29 08:24:51'),
(541, 3, 541, '0.00', '2014-04-02', '2014-04-29', 1, '2014-04-29', '13:54:51', '2014-04-29 08:24:51'),
(542, 3, 542, '0.00', '2014-04-02', '2014-04-29', 1, '2014-04-29', '13:54:51', '2014-04-29 08:24:51'),
(543, 3, 543, '0.00', '2014-04-02', '2014-04-29', 1, '2014-04-29', '13:54:51', '2014-04-29 08:24:51'),
(544, 3, 544, '0.00', '2014-04-02', '2014-04-29', 1, '2014-04-29', '13:54:51', '2014-04-29 08:24:51'),
(545, 3, 545, '0.00', '2014-04-02', '2014-04-29', 1, '2014-04-29', '13:54:51', '2014-04-29 08:24:51'),
(546, 3, 546, '0.00', '2014-04-02', '2014-04-29', 1, '2014-04-29', '13:54:51', '2014-04-29 08:24:51'),
(547, 3, 547, '0.00', '2014-04-02', '2014-04-29', 1, '2014-04-29', '13:54:51', '2014-04-29 08:24:51'),
(548, 3, 548, '0.00', '2014-04-02', '2014-04-29', 1, '2014-04-29', '13:54:51', '2014-04-29 08:24:51'),
(549, 3, 549, '0.00', '2014-04-02', '2014-04-29', 1, '2014-04-29', '13:54:51', '2014-04-29 08:24:51'),
(550, 3, 550, '0.00', '2014-04-02', '2014-04-29', 1, '2014-04-29', '13:54:51', '2014-04-29 08:24:51'),
(551, 3, 551, '0.00', '2014-04-02', '2014-04-29', 1, '2014-04-29', '13:54:51', '2014-04-29 08:24:51'),
(552, 3, 552, '0.00', '2014-04-02', '2014-04-29', 1, '2014-04-29', '13:54:51', '2014-04-29 08:24:51'),
(553, 3, 553, '0.00', '2014-04-02', '2014-04-29', 1, '2014-04-29', '13:54:51', '2014-04-29 08:24:51'),
(554, 3, 554, '0.00', '2014-04-02', '2014-04-29', 1, '2014-04-29', '13:54:51', '2014-04-29 08:24:51'),
(555, 3, 555, '0.00', '2014-04-02', '2014-04-29', 1, '2014-04-29', '13:54:51', '2014-04-29 08:24:51'),
(556, 3, 556, '0.00', '2014-04-02', '2014-04-29', 1, '2014-04-29', '13:54:51', '2014-04-29 08:24:51'),
(557, 3, 557, '0.00', '2014-04-02', '2014-04-29', 1, '2014-04-29', '13:54:51', '2014-04-29 08:24:51'),
(558, 3, 558, '0.00', '2014-04-02', '2014-04-29', 1, '2014-04-29', '13:54:51', '2014-04-29 08:24:51'),
(559, 3, 559, '0.00', '2014-04-02', '2014-04-29', 1, '2014-04-29', '13:54:51', '2014-04-29 08:24:51'),
(560, 3, 560, '0.00', '2014-04-02', '2014-04-29', 1, '2014-04-29', '13:54:51', '2014-04-29 08:24:51'),
(561, 3, 561, '0.00', '2014-04-02', '2014-04-29', 1, '2014-04-29', '13:54:51', '2014-04-29 08:24:51'),
(562, 3, 562, '0.00', '2014-04-02', '2014-04-29', 1, '2014-04-29', '13:54:51', '2014-04-29 08:24:51'),
(563, 3, 563, '0.00', '2014-04-02', '2014-04-29', 1, '2014-04-29', '13:54:51', '2014-04-29 08:24:51'),
(564, 3, 564, '0.00', '2014-04-02', '2014-04-29', 1, '2014-04-29', '13:54:51', '2014-04-29 08:24:51'),
(565, 3, 565, '0.00', '2014-04-02', '2014-04-29', 1, '2014-04-29', '13:54:51', '2014-04-29 08:24:51'),
(566, 3, 566, '0.00', '2014-04-02', '2014-04-29', 1, '2014-04-29', '13:54:51', '2014-04-29 08:24:51'),
(567, 3, 567, '0.00', '2014-04-02', '2014-04-29', 1, '2014-04-29', '13:54:51', '2014-04-29 08:24:51'),
(568, 3, 568, '0.00', '2014-04-02', '2014-04-29', 1, '2014-04-29', '13:54:51', '2014-04-29 08:24:51'),
(569, 3, 569, '0.00', '2014-04-02', '2014-04-29', 1, '2014-04-29', '13:54:51', '2014-04-29 08:24:51'),
(570, 3, 570, '0.00', '2014-04-02', '2014-04-29', 1, '2014-04-29', '13:54:51', '2014-04-29 08:24:51'),
(571, 3, 571, '0.00', '2014-04-02', '2014-04-29', 1, '2014-04-29', '13:54:51', '2014-04-29 08:24:51'),
(572, 3, 572, '0.00', '2014-04-02', '2014-04-29', 1, '2014-04-29', '13:54:51', '2014-04-29 08:24:51'),
(573, 3, 573, '0.00', '2014-04-02', '2014-04-29', 1, '2014-04-29', '13:54:51', '2014-04-29 08:24:51'),
(574, 3, 574, '0.00', '2014-04-02', '2014-04-29', 1, '2014-04-29', '13:54:51', '2014-04-29 08:24:51'),
(575, 3, 575, '0.00', '2014-04-02', '2014-04-29', 1, '2014-04-29', '13:54:51', '2014-04-29 08:24:51'),
(576, 3, 576, '0.00', '2014-04-02', '2014-04-29', 1, '2014-04-29', '13:54:51', '2014-04-29 08:24:51'),
(577, 3, 577, '0.00', '2014-04-02', '2014-04-29', 1, '2014-04-29', '13:54:51', '2014-04-29 08:24:51'),
(578, 3, 578, '0.00', '2014-04-02', '2014-04-29', 1, '2014-04-29', '13:54:51', '2014-04-29 08:24:51'),
(579, 3, 579, '0.00', '2014-04-02', '2014-04-29', 1, '2014-04-29', '13:54:51', '2014-04-29 08:24:51'),
(580, 3, 580, '0.00', '2014-04-02', '2014-04-29', 1, '2014-04-29', '13:54:51', '2014-04-29 08:24:51'),
(581, 3, 581, '0.00', '2014-04-02', '2014-04-29', 1, '2014-04-29', '13:54:51', '2014-04-29 08:24:51'),
(582, 3, 582, '0.00', '2014-04-02', '2014-04-29', 1, '2014-04-29', '13:54:51', '2014-04-29 08:24:51'),
(583, 3, 583, '0.00', '2014-04-02', '2014-04-29', 1, '2014-04-29', '13:54:51', '2014-04-29 08:24:51'),
(584, 3, 584, '0.00', '2014-04-02', '2014-04-29', 1, '2014-04-29', '13:54:51', '2014-04-29 08:24:51'),
(585, 3, 585, '0.00', '2014-04-02', '2014-04-29', 1, '2014-04-29', '13:54:51', '2014-04-29 08:24:51'),
(586, 3, 586, '0.00', '2014-04-02', '2014-04-29', 1, '2014-04-29', '13:54:51', '2014-04-29 08:24:51'),
(587, 3, 587, '0.00', '2014-04-02', '2014-04-29', 1, '2014-04-29', '13:54:51', '2014-04-29 08:24:51'),
(588, 3, 588, '0.00', '2014-04-02', '2014-04-29', 1, '2014-04-29', '13:54:51', '2014-04-29 08:24:51'),
(589, 3, 589, '0.00', '2014-04-02', '2014-04-29', 1, '2014-04-29', '13:54:51', '2014-04-29 08:24:51'),
(590, 3, 590, '0.00', '2014-04-02', '2014-04-29', 1, '2014-04-29', '13:54:51', '2014-04-29 08:24:51'),
(591, 3, 591, '0.00', '2014-04-02', '2014-04-29', 1, '2014-04-29', '13:54:51', '2014-04-29 08:24:51'),
(592, 3, 592, '0.00', '2014-04-02', '2014-04-29', 1, '2014-04-29', '13:54:51', '2014-04-29 08:24:51'),
(593, 3, 593, '0.00', '2014-04-02', '2014-04-29', 1, '2014-04-29', '13:54:51', '2014-04-29 08:24:51'),
(594, 3, 594, '0.00', '2014-04-02', '2014-04-29', 1, '2014-04-29', '13:54:51', '2014-04-29 08:24:51'),
(595, 3, 595, '0.00', '2014-04-02', '2014-04-29', 1, '2014-04-29', '13:54:51', '2014-04-29 08:24:51'),
(596, 3, 596, '0.00', '2014-04-02', '2014-04-29', 1, '2014-04-29', '13:54:51', '2014-04-29 08:24:51'),
(597, 3, 597, '0.00', '2014-04-02', '2014-04-29', 1, '2014-04-29', '13:54:51', '2014-04-29 08:24:51'),
(598, 3, 598, '0.00', '2014-04-02', '2014-04-29', 1, '2014-04-29', '13:54:51', '2014-04-29 08:24:51'),
(599, 3, 599, '0.00', '2014-04-02', '2014-04-29', 1, '2014-04-29', '13:54:51', '2014-04-29 08:24:51'),
(600, 3, 600, '0.00', '2014-04-02', '2014-04-29', 1, '2014-04-29', '13:54:51', '2014-04-29 08:24:51'),
(601, 3, 601, '0.00', '2014-04-02', '2014-04-29', 1, '2014-04-29', '13:54:51', '2014-04-29 08:24:51'),
(602, 3, 602, '0.00', '2014-04-02', '2014-04-29', 1, '2014-04-29', '13:54:51', '2014-04-29 08:24:51'),
(603, 3, 603, '0.00', '2014-04-02', '2014-04-29', 1, '2014-04-29', '13:54:51', '2014-04-29 08:24:51'),
(604, 3, 604, '0.00', '2014-04-02', '2014-04-29', 1, '2014-04-29', '13:54:51', '2014-04-29 08:24:51'),
(605, 3, 605, '0.00', '2014-04-02', '2014-04-29', 1, '2014-04-29', '13:54:51', '2014-04-29 08:24:51'),
(606, 3, 606, '0.00', '2014-04-02', '2014-04-29', 1, '2014-04-29', '13:54:51', '2014-04-29 08:24:51'),
(607, 3, 607, '0.00', '2014-04-02', '2014-04-29', 1, '2014-04-29', '13:54:51', '2014-04-29 08:24:51'),
(608, 3, 608, '0.00', '2014-04-02', '2014-04-29', 1, '2014-04-29', '13:54:51', '2014-04-29 08:24:51'),
(609, 3, 609, '0.00', '2014-04-02', '2014-04-29', 1, '2014-04-29', '13:54:51', '2014-04-29 08:24:51'),
(610, 3, 610, '0.00', '2014-04-02', '2014-04-29', 1, '2014-04-29', '13:54:51', '2014-04-29 08:24:51'),
(611, 3, 611, '0.00', '2014-04-02', '2014-04-29', 1, '2014-04-29', '13:54:51', '2014-04-29 08:24:51'),
(612, 3, 612, '0.00', '2014-04-02', '2014-04-29', 1, '2014-04-29', '13:54:51', '2014-04-29 08:24:51'),
(613, 3, 613, '0.00', '2014-04-02', '2014-04-29', 1, '2014-04-29', '13:54:51', '2014-04-29 08:24:51'),
(614, 3, 614, '0.00', '2014-04-02', '2014-04-29', 1, '2014-04-29', '13:54:51', '2014-04-29 08:24:51'),
(615, 3, 615, '0.00', '2014-04-02', '2014-04-29', 1, '2014-04-29', '13:54:51', '2014-04-29 08:24:51'),
(616, 3, 616, '0.00', '2014-04-02', '2014-04-29', 1, '2014-04-29', '13:54:51', '2014-04-29 08:24:51'),
(617, 3, 617, '0.00', '2014-04-02', '2014-04-29', 1, '2014-04-29', '13:54:51', '2014-04-29 08:24:51'),
(618, 3, 618, '0.00', '2014-04-02', '2014-04-29', 1, '2014-04-29', '13:54:51', '2014-04-29 08:24:51'),
(619, 3, 619, '0.00', '2014-04-02', '2014-04-29', 1, '2014-04-29', '13:54:51', '2014-04-29 08:24:51'),
(620, 3, 620, '0.00', '2014-04-02', '2014-04-29', 1, '2014-04-29', '13:54:51', '2014-04-29 08:24:51'),
(621, 3, 621, '0.00', '2014-04-02', '2014-04-29', 1, '2014-04-29', '13:54:51', '2014-04-29 08:24:51'),
(622, 3, 622, '0.00', '2014-04-02', '2014-04-29', 1, '2014-04-29', '13:54:51', '2014-04-29 08:24:51'),
(623, 3, 623, '0.00', '2014-04-02', '2014-04-29', 1, '2014-04-29', '13:54:51', '2014-04-29 08:24:51'),
(624, 3, 624, '0.00', '2014-04-02', '2014-04-29', 1, '2014-04-29', '13:54:51', '2014-04-29 08:24:51'),
(625, 3, 625, '0.00', '2014-04-02', '2014-04-29', 1, '2014-04-29', '13:54:51', '2014-04-29 08:24:51'),
(626, 3, 626, '0.00', '2014-04-02', '2014-04-29', 1, '2014-04-29', '13:54:51', '2014-04-29 08:24:51'),
(627, 3, 627, '0.00', '2014-04-02', '2014-04-29', 1, '2014-04-29', '13:54:51', '2014-04-29 08:24:51'),
(628, 3, 628, '0.00', '2014-04-02', '2014-04-29', 1, '2014-04-29', '13:54:51', '2014-04-29 08:24:51'),
(629, 3, 629, '0.00', '2014-04-02', '2014-04-29', 1, '2014-04-29', '13:54:51', '2014-04-29 08:24:51'),
(630, 3, 630, '0.00', '2014-04-02', '2014-04-29', 1, '2014-04-29', '13:54:51', '2014-04-29 08:24:51'),
(631, 3, 631, '0.00', '2014-04-02', '2014-04-29', 1, '2014-04-29', '13:54:51', '2014-04-29 08:24:51'),
(632, 3, 632, '0.00', '2014-04-02', '2014-04-29', 1, '2014-04-29', '13:54:51', '2014-04-29 08:24:51'),
(633, 3, 633, '0.00', '2014-04-02', '2014-04-29', 1, '2014-04-29', '13:54:51', '2014-04-29 08:24:51'),
(634, 3, 634, '0.00', '2014-04-02', '2014-04-29', 1, '2014-04-29', '13:54:51', '2014-04-29 08:24:51'),
(635, 3, 635, '0.00', '2014-04-02', '2014-04-29', 1, '2014-04-29', '13:54:51', '2014-04-29 08:24:51'),
(636, 3, 636, '0.00', '2014-04-02', '2014-04-29', 1, '2014-04-29', '13:54:51', '2014-04-29 08:24:51'),
(637, 3, 637, '0.00', '2014-04-02', '2014-04-29', 1, '2014-04-29', '13:54:51', '2014-04-29 08:24:51'),
(638, 3, 638, '0.00', '2014-04-02', '2014-04-29', 1, '2014-04-29', '13:54:51', '2014-04-29 08:24:51'),
(639, 3, 639, '0.00', '2014-04-02', '2014-04-29', 1, '2014-04-29', '13:54:51', '2014-04-29 08:24:51'),
(640, 3, 640, '0.00', '2014-04-02', '2014-04-29', 1, '2014-04-29', '13:54:51', '2014-04-29 08:24:51'),
(641, 3, 641, '0.00', '2014-04-02', '2014-04-29', 1, '2014-04-29', '13:54:51', '2014-04-29 08:24:51'),
(642, 3, 642, '0.00', '2014-04-02', '2014-04-29', 1, '2014-04-29', '13:54:51', '2014-04-29 08:24:51'),
(643, 3, 643, '0.00', '2014-04-02', '2014-04-29', 1, '2014-04-29', '13:54:51', '2014-04-29 08:24:51'),
(644, 3, 644, '0.00', '2014-04-02', '2014-04-29', 1, '2014-04-29', '13:54:51', '2014-04-29 08:24:51'),
(645, 3, 645, '0.00', '2014-04-02', '2014-04-29', 1, '2014-04-29', '13:54:51', '2014-04-29 08:24:51'),
(646, 3, 646, '0.00', '2014-04-02', '2014-04-29', 1, '2014-04-29', '13:54:51', '2014-04-29 08:24:51'),
(647, 3, 647, '0.00', '2014-04-02', '2014-04-29', 1, '2014-04-29', '13:54:51', '2014-04-29 08:24:51'),
(648, 3, 648, '0.00', '2014-04-02', '2014-04-29', 1, '2014-04-29', '13:54:51', '2014-04-29 08:24:51'),
(649, 3, 649, '0.00', '2014-04-02', '2014-04-29', 1, '2014-04-29', '13:54:51', '2014-04-29 08:24:51'),
(650, 3, 650, '0.00', '2014-04-02', '2014-04-29', 1, '2014-04-29', '13:54:51', '2014-04-29 08:24:51'),
(651, 3, 651, '0.00', '2014-04-02', '2014-04-29', 1, '2014-04-29', '13:54:51', '2014-04-29 08:24:51'),
(652, 3, 652, '0.00', '2014-04-02', '2014-04-29', 1, '2014-04-29', '13:54:51', '2014-04-29 08:24:51'),
(653, 3, 653, '0.00', '2014-04-02', '2014-04-29', 1, '2014-04-29', '13:54:51', '2014-04-29 08:24:51'),
(654, 3, 654, '0.00', '2014-04-02', '2014-04-29', 1, '2014-04-29', '13:54:51', '2014-04-29 08:24:51'),
(655, 3, 655, '0.00', '2014-04-02', '2014-04-29', 1, '2014-04-29', '13:54:51', '2014-04-29 08:24:51'),
(656, 3, 656, '0.00', '2014-04-02', '2014-04-29', 1, '2014-04-29', '13:54:51', '2014-04-29 08:24:51'),
(657, 3, 657, '0.00', '2014-04-02', '2014-04-29', 1, '2014-04-29', '13:54:51', '2014-04-29 08:24:51'),
(658, 3, 658, '0.00', '2014-04-02', '2014-04-29', 1, '2014-04-29', '13:54:51', '2014-04-29 08:24:51'),
(659, 3, 659, '0.00', '2014-04-02', '2014-04-29', 1, '2014-04-29', '13:54:51', '2014-04-29 08:24:51'),
(660, 3, 660, '0.00', '2014-04-02', '2014-04-29', 1, '2014-04-29', '13:54:51', '2014-04-29 08:24:51'),
(661, 3, 661, '0.00', '2014-04-02', '2014-04-29', 1, '2014-04-29', '13:54:51', '2014-04-29 08:24:51'),
(662, 3, 662, '0.00', '2014-04-02', '2014-04-29', 1, '2014-04-29', '13:54:51', '2014-04-29 08:24:51'),
(663, 3, 663, '0.00', '2014-04-02', '2014-04-29', 1, '2014-04-29', '13:54:51', '2014-04-29 08:24:51'),
(664, 3, 664, '0.00', '2014-04-02', '2014-04-29', 1, '2014-04-29', '13:54:51', '2014-04-29 08:24:51'),
(665, 3, 665, '0.00', '2014-04-02', '2014-04-29', 1, '2014-04-29', '13:54:51', '2014-04-29 08:24:51'),
(666, 3, 666, '0.00', '2014-04-02', '2014-04-29', 1, '2014-04-29', '13:54:51', '2014-04-29 08:24:51'),
(667, 3, 667, '0.00', '2014-04-02', '2014-04-29', 1, '2014-04-29', '13:54:51', '2014-04-29 08:24:51'),
(668, 3, 668, '0.00', '2014-04-02', '2014-04-29', 1, '2014-04-29', '13:54:51', '2014-04-29 08:24:51'),
(669, 3, 669, '0.00', '2014-04-02', '2014-04-29', 1, '2014-04-29', '13:54:51', '2014-04-29 08:24:51'),
(670, 3, 670, '0.00', '2014-04-02', '2014-04-29', 1, '2014-04-29', '13:54:51', '2014-04-29 08:24:51'),
(671, 3, 671, '0.00', '2014-04-02', '2014-04-29', 1, '2014-04-29', '13:54:51', '2014-04-29 08:24:51'),
(672, 3, 672, '0.00', '2014-04-02', '2014-04-29', 1, '2014-04-29', '13:54:51', '2014-04-29 08:24:51'),
(673, 3, 673, '0.00', '2014-04-02', '2014-04-29', 1, '2014-04-29', '13:54:51', '2014-04-29 08:24:51'),
(674, 3, 674, '0.00', '2014-04-02', '2014-04-29', 1, '2014-04-29', '13:54:51', '2014-04-29 08:24:51'),
(675, 3, 675, '0.00', '2014-04-02', '2014-04-29', 1, '2014-04-29', '13:54:51', '2014-04-29 08:24:51'),
(676, 3, 676, '0.00', '2014-04-02', '2014-04-29', 1, '2014-04-29', '13:54:51', '2014-04-29 08:24:51'),
(677, 3, 677, '0.00', '2014-04-02', '2014-04-29', 1, '2014-04-29', '13:54:51', '2014-04-29 08:24:51'),
(678, 3, 678, '0.00', '2014-04-02', '2014-04-29', 1, '2014-04-29', '13:54:51', '2014-04-29 08:24:51'),
(679, 3, 679, '0.00', '2014-04-02', '2014-04-29', 1, '2014-04-29', '13:54:51', '2014-04-29 08:24:51'),
(680, 3, 680, '0.00', '2014-04-02', '2014-04-29', 1, '2014-04-29', '13:54:51', '2014-04-29 08:24:51'),
(681, 3, 681, '0.00', '2014-04-02', '2014-04-29', 1, '2014-04-29', '13:54:51', '2014-04-29 08:24:51'),
(682, 3, 682, '0.00', '2014-04-02', '2014-04-29', 1, '2014-04-29', '13:54:51', '2014-04-29 08:24:51'),
(683, 3, 683, '0.00', '2014-04-02', '2014-04-29', 1, '2014-04-29', '13:54:51', '2014-04-29 08:24:51'),
(684, 3, 684, '0.00', '2014-04-02', '2014-04-29', 1, '2014-04-29', '13:54:51', '2014-04-29 08:24:51'),
(685, 3, 685, '0.00', '2014-04-02', '2014-04-29', 1, '2014-04-29', '13:54:51', '2014-04-29 08:24:51'),
(686, 3, 686, '0.00', '2014-04-02', '2014-04-29', 1, '2014-04-29', '13:54:51', '2014-04-29 08:24:51'),
(687, 3, 687, '0.00', '2014-04-02', '2014-04-29', 1, '2014-04-29', '13:54:51', '2014-04-29 08:24:51'),
(688, 3, 688, '0.00', '2014-04-02', '2014-04-29', 1, '2014-04-29', '13:54:51', '2014-04-29 08:24:51'),
(689, 3, 689, '0.00', '2014-04-02', '2014-04-29', 1, '2014-04-29', '13:54:51', '2014-04-29 08:24:51'),
(690, 3, 690, '0.00', '2014-04-02', '2014-04-29', 1, '2014-04-29', '13:54:51', '2014-04-29 08:24:51'),
(691, 3, 691, '0.00', '2014-04-02', '2014-04-29', 1, '2014-04-29', '13:54:51', '2014-04-29 08:24:51'),
(692, 3, 692, '0.00', '2014-04-02', '2014-04-29', 1, '2014-04-29', '13:54:51', '2014-04-29 08:24:51'),
(693, 3, 693, '0.00', '2014-04-02', '2014-04-29', 1, '2014-04-29', '13:54:51', '2014-04-29 08:24:51'),
(694, 3, 694, '0.00', '2014-04-02', '2014-04-29', 1, '2014-04-29', '13:54:51', '2014-04-29 08:24:51'),
(695, 3, 695, '0.00', '2014-04-02', '2014-04-29', 1, '2014-04-29', '13:54:51', '2014-04-29 08:24:51'),
(696, 3, 696, '0.00', '2014-04-02', '2014-04-29', 1, '2014-04-29', '13:54:51', '2014-04-29 08:24:51'),
(697, 3, 697, '0.00', '2014-04-02', '2014-04-29', 1, '2014-04-29', '13:54:51', '2014-04-29 08:24:51'),
(698, 3, 698, '0.00', '2014-04-02', '2014-04-29', 1, '2014-04-29', '13:54:51', '2014-04-29 08:24:51'),
(699, 3, 699, '0.00', '2014-04-02', '2014-04-29', 1, '2014-04-29', '13:54:51', '2014-04-29 08:24:51'),
(700, 3, 700, '0.00', '2014-04-02', '2014-04-29', 1, '2014-04-29', '13:54:51', '2014-04-29 08:24:51'),
(701, 3, 701, '0.00', '2014-04-02', '2014-04-29', 1, '2014-04-29', '13:54:51', '2014-04-29 08:24:51'),
(702, 3, 702, '0.00', '2014-04-02', '2014-04-29', 1, '2014-04-29', '13:54:51', '2014-04-29 08:24:51'),
(703, 3, 703, '0.00', '2014-04-02', '2014-04-29', 1, '2014-04-29', '13:54:51', '2014-04-29 08:24:51'),
(704, 3, 704, '0.00', '2014-04-02', '2014-04-29', 1, '2014-04-29', '13:54:51', '2014-04-29 08:24:51'),
(705, 3, 705, '0.00', '2014-04-02', '2014-04-29', 1, '2014-04-29', '13:54:51', '2014-04-29 08:24:51'),
(706, 3, 706, '0.00', '2014-04-02', '2014-04-29', 1, '2014-04-29', '13:54:52', '2014-04-29 08:24:52'),
(707, 3, 707, '0.00', '2014-04-02', '2014-04-29', 1, '2014-04-29', '13:54:52', '2014-04-29 08:24:52'),
(708, 3, 708, '0.00', '2014-04-02', '2014-04-29', 1, '2014-04-29', '13:54:52', '2014-04-29 08:24:52'),
(709, 3, 709, '0.00', '2014-04-02', '2014-04-29', 1, '2014-04-29', '13:54:52', '2014-04-29 08:24:52'),
(710, 3, 710, '0.00', '2014-04-02', '2014-04-29', 1, '2014-04-29', '13:54:52', '2014-04-29 08:24:52'),
(711, 3, 711, '0.00', '2014-04-02', '2014-04-29', 1, '2014-04-29', '13:54:52', '2014-04-29 08:24:52'),
(712, 3, 712, '0.00', '2014-04-02', '2014-04-29', 1, '2014-04-29', '13:54:52', '2014-04-29 08:24:52'),
(713, 3, 713, '0.00', '2014-04-02', '2014-04-29', 1, '2014-04-29', '13:54:52', '2014-04-29 08:24:52'),
(714, 3, 714, '0.00', '2014-04-02', '2014-04-29', 1, '2014-04-29', '13:54:52', '2014-04-29 08:24:52'),
(715, 3, 715, '0.00', '2014-04-02', '2014-04-29', 1, '2014-04-29', '13:54:52', '2014-04-29 08:24:52'),
(716, 3, 716, '0.00', '2014-04-02', '2014-04-29', 1, '2014-04-29', '13:54:52', '2014-04-29 08:24:52'),
(717, 3, 717, '0.00', '2014-04-02', '2014-04-29', 1, '2014-04-29', '13:54:52', '2014-04-29 08:24:52'),
(718, 3, 719, '0.00', '2014-04-02', '2014-04-29', 1, '2014-04-29', '13:54:52', '2014-04-29 08:24:52'),
(719, 3, 720, '0.00', '2014-04-02', '2014-04-29', 1, '2014-04-29', '13:54:52', '2014-04-29 08:24:52'),
(720, 3, 721, '0.00', '2014-04-02', '2014-04-29', 1, '2014-04-29', '13:54:52', '2014-04-29 08:24:52'),
(721, 3, 722, '0.00', '2014-04-02', '2014-04-29', 1, '2014-04-29', '13:54:52', '2014-04-29 08:24:52'),
(722, 3, 723, '0.00', '2014-04-02', '2014-04-29', 1, '2014-04-29', '13:54:52', '2014-04-29 08:24:52'),
(723, 3, 724, '0.00', '2014-04-02', '2014-04-29', 1, '2014-04-29', '13:54:52', '2014-04-29 08:24:52'),
(724, 3, 725, '0.00', '2014-04-02', '2014-04-29', 1, '2014-04-29', '13:54:52', '2014-04-29 08:24:52'),
(725, 3, 726, '0.00', '2014-04-02', '2014-04-29', 1, '2014-04-29', '13:54:52', '2014-04-29 08:24:52'),
(726, 3, 727, '0.00', '2014-04-02', '2014-04-29', 1, '2014-04-29', '13:54:52', '2014-04-29 08:24:52'),
(727, 3, 728, '0.00', '2014-04-02', '2014-04-29', 1, '2014-04-29', '13:54:52', '2014-04-29 08:24:52'),
(728, 3, 729, '0.00', '2014-04-02', '2014-04-29', 1, '2014-04-29', '13:54:52', '2014-04-29 08:24:52'),
(729, 3, 730, '0.00', '2014-04-02', '2014-04-29', 1, '2014-04-29', '13:54:52', '2014-04-29 08:24:52'),
(730, 3, 731, '0.00', '2014-04-02', '2014-04-29', 1, '2014-04-29', '13:54:52', '2014-04-29 08:24:52'),
(731, 3, 732, '0.00', '2014-04-02', '2014-04-29', 1, '2014-04-29', '13:54:52', '2014-04-29 08:24:52'),
(732, 3, 733, '0.00', '2014-04-02', '2014-04-29', 1, '2014-04-29', '13:54:52', '2014-04-29 08:24:52'),
(733, 3, 734, '0.00', '2014-04-02', '2014-04-29', 1, '2014-04-29', '13:54:52', '2014-04-29 08:24:52'),
(734, 3, 735, '0.00', '2014-04-02', '2014-04-29', 1, '2014-04-29', '13:54:52', '2014-04-29 08:24:52'),
(735, 3, 736, '0.00', '2014-04-02', '2014-04-29', 1, '2014-04-29', '13:54:52', '2014-04-29 08:24:52'),
(736, 3, 737, '0.00', '2014-04-02', '2014-04-29', 1, '2014-04-29', '13:54:52', '2014-04-29 08:24:52'),
(737, 3, 738, '0.00', '2014-04-02', '2014-04-29', 1, '2014-04-29', '13:54:52', '2014-04-29 08:24:52'),
(738, 3, 739, '0.00', '2014-04-02', '2014-04-29', 1, '2014-04-29', '13:54:52', '2014-04-29 08:24:52'),
(739, 3, 740, '0.00', '2014-04-02', '2014-04-29', 1, '2014-04-29', '13:54:52', '2014-04-29 08:24:52'),
(740, 3, 741, '0.00', '2014-04-02', '2014-04-29', 1, '2014-04-29', '13:54:52', '2014-04-29 08:24:52'),
(741, 3, 742, '0.00', '2014-04-02', '2014-04-29', 1, '2014-04-29', '13:54:52', '2014-04-29 08:24:52'),
(742, 3, 743, '0.00', '2014-04-02', '2014-04-29', 1, '2014-04-29', '13:54:52', '2014-04-29 08:24:52'),
(743, 3, 745, '0.00', '2014-04-02', '2014-04-29', 1, '2014-04-29', '13:54:52', '2014-04-29 08:24:52'),
(744, 3, 746, '0.00', '2014-04-02', '2014-04-29', 1, '2014-04-29', '13:54:52', '2014-04-29 08:24:52'),
(745, 3, 747, '0.00', '2014-04-02', '2014-04-29', 1, '2014-04-29', '13:54:52', '2014-04-29 08:24:52'),
(746, 3, 748, '0.00', '2014-04-02', '2014-04-29', 1, '2014-04-29', '13:54:52', '2014-04-29 08:24:52'),
(747, 3, 749, '0.00', '2014-04-02', '2014-04-29', 1, '2014-04-29', '13:54:52', '2014-04-29 08:24:52'),
(748, 3, 750, '0.00', '2014-04-02', '2014-04-29', 1, '2014-04-29', '13:54:52', '2014-04-29 08:24:52'),
(749, 3, 751, '0.00', '2014-04-02', '2014-04-29', 1, '2014-04-29', '13:54:52', '2014-04-29 08:24:52'),
(750, 3, 752, '0.00', '2014-04-02', '2014-04-29', 1, '2014-04-29', '13:54:52', '2014-04-29 08:24:52'),
(751, 3, 753, '0.00', '2014-04-02', '2014-04-29', 1, '2014-04-29', '13:54:52', '2014-04-29 08:24:52'),
(752, 3, 754, '0.00', '2014-04-02', '2014-04-29', 1, '2014-04-29', '13:54:52', '2014-04-29 08:24:52'),
(753, 3, 755, '0.00', '2014-04-02', '2014-04-29', 1, '2014-04-29', '13:54:52', '2014-04-29 08:24:52'),
(754, 3, 756, '0.00', '2014-04-02', '2014-04-29', 1, '2014-04-29', '13:54:52', '2014-04-29 08:24:52'),
(755, 3, 757, '0.00', '2014-04-02', '2014-04-29', 1, '2014-04-29', '13:54:52', '2014-04-29 08:24:52'),
(756, 3, 758, '0.00', '2014-04-02', '2014-04-29', 1, '2014-04-29', '13:54:52', '2014-04-29 08:24:52'),
(757, 3, 759, '0.00', '2014-04-02', '2014-04-29', 1, '2014-04-29', '13:54:52', '2014-04-29 08:24:52'),
(758, 3, 760, '0.00', '2014-04-02', '2014-04-29', 1, '2014-04-29', '13:54:52', '2014-04-29 08:24:52'),
(759, 3, 761, '0.00', '2014-04-02', '2014-04-29', 1, '2014-04-29', '13:54:52', '2014-04-29 08:24:52'),
(760, 3, 762, '0.00', '2014-04-02', '2014-04-29', 1, '2014-04-29', '13:54:52', '2014-04-29 08:24:52'),
(761, 3, 763, '0.00', '2014-04-02', '2014-04-29', 1, '2014-04-29', '13:54:52', '2014-04-29 08:24:52'),
(762, 3, 764, '0.00', '2014-04-02', '2014-04-29', 1, '2014-04-29', '13:54:52', '2014-04-29 08:24:52'),
(763, 3, 765, '0.00', '2014-04-02', '2014-04-29', 1, '2014-04-29', '13:54:52', '2014-04-29 08:24:52'),
(764, 3, 766, '0.00', '2014-04-02', '2014-04-29', 1, '2014-04-29', '13:54:52', '2014-04-29 08:24:52'),
(765, 3, 767, '0.00', '2014-04-02', '2014-04-29', 1, '2014-04-29', '13:54:52', '2014-04-29 08:24:52'),
(766, 3, 768, '0.00', '2014-04-02', '2014-04-29', 1, '2014-04-29', '13:54:52', '2014-04-29 08:24:52'),
(767, 3, 769, '0.00', '2014-04-02', '2014-04-29', 1, '2014-04-29', '13:54:52', '2014-04-29 08:24:52'),
(768, 3, 770, '0.00', '2014-04-02', '2014-04-29', 1, '2014-04-29', '13:54:52', '2014-04-29 08:24:52'),
(769, 3, 771, '0.00', '2014-04-02', '2014-04-29', 1, '2014-04-29', '13:54:52', '2014-04-29 08:24:52'),
(770, 3, 772, '0.00', '2014-04-02', '2014-04-29', 1, '2014-04-29', '13:54:52', '2014-04-29 08:24:52'),
(771, 3, 773, '0.00', '2014-04-02', '2014-04-29', 1, '2014-04-29', '13:54:52', '2014-04-29 08:24:52'),
(772, 3, 774, '0.00', '2014-04-02', '2014-04-29', 1, '2014-04-29', '13:54:52', '2014-04-29 08:24:52'),
(773, 3, 775, '0.00', '2014-04-02', '2014-04-29', 1, '2014-04-29', '13:54:52', '2014-04-29 08:24:52'),
(774, 3, 776, '0.00', '2014-04-02', '2014-04-29', 1, '2014-04-29', '13:54:52', '2014-04-29 08:24:52'),
(775, 3, 777, '0.00', '2014-04-02', '2014-04-29', 1, '2014-04-29', '13:54:52', '2014-04-29 08:24:52'),
(776, 3, 778, '0.00', '2014-04-02', '2014-04-29', 1, '2014-04-29', '13:54:52', '2014-04-29 08:24:52'),
(777, 3, 779, '0.00', '2014-04-02', '2014-04-29', 1, '2014-04-29', '13:54:52', '2014-04-29 08:24:52'),
(778, 3, 780, '0.00', '2014-04-02', '2014-04-29', 1, '2014-04-29', '13:54:52', '2014-04-29 08:24:52'),
(779, 3, 781, '0.00', '2014-04-02', '2014-04-29', 1, '2014-04-29', '13:54:52', '2014-04-29 08:24:52'),
(780, 3, 782, '0.00', '2014-04-02', '2014-04-29', 1, '2014-04-29', '13:54:52', '2014-04-29 08:24:52'),
(781, 3, 783, '0.00', '2014-04-02', '2014-04-29', 1, '2014-04-29', '13:54:52', '2014-04-29 08:24:52'),
(782, 3, 784, '0.00', '2014-04-02', '2014-04-29', 1, '2014-04-29', '13:54:52', '2014-04-29 08:24:52'),
(783, 3, 785, '0.00', '2014-04-02', '2014-04-29', 1, '2014-04-29', '13:54:52', '2014-04-29 08:24:52'),
(784, 3, 786, '0.00', '2014-04-02', '2014-04-29', 1, '2014-04-29', '13:54:52', '2014-04-29 08:24:52'),
(785, 3, 787, '0.00', '2014-04-02', '2014-04-29', 1, '2014-04-29', '13:54:52', '2014-04-29 08:24:52'),
(786, 3, 788, '0.00', '2014-04-02', '2014-04-29', 1, '2014-04-29', '13:54:52', '2014-04-29 08:24:52'),
(787, 3, 789, '0.00', '2014-04-02', '2014-04-29', 1, '2014-04-29', '13:54:52', '2014-04-29 08:24:52'),
(788, 3, 790, '0.00', '2014-04-02', '2014-04-29', 1, '2014-04-29', '13:54:52', '2014-04-29 08:24:52'),
(789, 3, 791, '0.00', '2014-04-02', '2014-04-29', 1, '2014-04-29', '13:54:52', '2014-04-29 08:24:52'),
(790, 3, 792, '0.00', '2014-04-02', '2014-04-29', 1, '2014-04-29', '13:54:52', '2014-04-29 08:24:52'),
(791, 3, 793, '0.00', '2014-04-02', '2014-04-29', 1, '2014-04-29', '13:54:52', '2014-04-29 08:24:52'),
(792, 3, 794, '0.00', '2014-04-02', '2014-04-29', 1, '2014-04-29', '13:54:52', '2014-04-29 08:24:52'),
(793, 3, 795, '0.00', '2014-04-02', '2014-04-29', 1, '2014-04-29', '13:54:52', '2014-04-29 08:24:52'),
(794, 3, 796, '0.00', '2014-04-02', '2014-04-29', 1, '2014-04-29', '13:54:52', '2014-04-29 08:24:52'),
(795, 3, 797, '0.00', '2014-04-02', '2014-04-29', 1, '2014-04-29', '13:54:52', '2014-04-29 08:24:52'),
(796, 3, 798, '0.00', '2014-04-02', '2014-04-29', 1, '2014-04-29', '13:54:52', '2014-04-29 08:24:52'),
(797, 3, 799, '0.00', '2014-04-02', '2014-04-29', 1, '2014-04-29', '13:54:52', '2014-04-29 08:24:52'),
(798, 3, 800, '0.00', '2014-04-02', '2014-04-29', 1, '2014-04-29', '13:54:52', '2014-04-29 08:24:52'),
(799, 3, 801, '0.00', '2014-04-02', '2014-04-29', 1, '2014-04-29', '13:54:52', '2014-04-29 08:24:52'),
(800, 3, 802, '0.00', '2014-04-02', '2014-04-29', 1, '2014-04-29', '13:54:52', '2014-04-29 08:24:52'),
(801, 3, 803, '0.00', '2014-04-02', '2014-04-29', 1, '2014-04-29', '13:54:52', '2014-04-29 08:24:52'),
(802, 3, 804, '0.00', '2014-04-02', '2014-04-29', 1, '2014-04-29', '13:54:52', '2014-04-29 08:24:52'),
(803, 3, 805, '0.00', '2014-04-02', '2014-04-29', 1, '2014-04-29', '13:54:52', '2014-04-29 08:24:52'),
(804, 3, 806, '0.00', '2014-04-02', '2014-04-29', 1, '2014-04-29', '13:54:52', '2014-04-29 08:24:52'),
(805, 3, 807, '0.00', '2014-04-02', '2014-04-29', 1, '2014-04-29', '13:54:52', '2014-04-29 08:24:52'),
(806, 3, 808, '0.00', '2014-04-02', '2014-04-29', 1, '2014-04-29', '13:54:52', '2014-04-29 08:24:52'),
(807, 3, 809, '0.00', '2014-04-02', '2014-04-29', 1, '2014-04-29', '13:54:52', '2014-04-29 08:24:52'),
(808, 3, 810, '0.00', '2014-04-02', '2014-04-29', 1, '2014-04-29', '13:54:52', '2014-04-29 08:24:52'),
(809, 3, 811, '0.00', '2014-04-02', '2014-04-29', 1, '2014-04-29', '13:54:52', '2014-04-29 08:24:52'),
(810, 3, 812, '0.00', '2014-04-02', '2014-04-29', 1, '2014-04-29', '13:54:52', '2014-04-29 08:24:52'),
(811, 3, 813, '0.00', '2014-04-02', '2014-04-29', 1, '2014-04-29', '13:54:52', '2014-04-29 08:24:52'),
(812, 3, 814, '0.00', '2014-04-02', '2014-04-29', 1, '2014-04-29', '13:54:52', '2014-04-29 08:24:52'),
(813, 3, 815, '0.00', '2014-04-02', '2014-04-29', 1, '2014-04-29', '13:54:52', '2014-04-29 08:24:52'),
(814, 3, 816, '0.00', '2014-04-02', '2014-04-29', 1, '2014-04-29', '13:54:52', '2014-04-29 08:24:52'),
(815, 3, 817, '0.00', '2014-04-02', '2014-04-29', 1, '2014-04-29', '13:54:52', '2014-04-29 08:24:52'),
(816, 3, 818, '0.00', '2014-04-02', '2014-04-29', 1, '2014-04-29', '13:54:52', '2014-04-29 08:24:52'),
(817, 3, 819, '0.00', '2014-04-02', '2014-04-29', 1, '2014-04-29', '13:54:52', '2014-04-29 08:24:52'),
(818, 3, 820, '0.00', '2014-04-02', '2014-04-29', 1, '2014-04-29', '13:54:52', '2014-04-29 08:24:52'),
(819, 3, 821, '0.00', '2014-04-02', '2014-04-29', 1, '2014-04-29', '13:54:52', '2014-04-29 08:24:52'),
(820, 3, 822, '0.00', '2014-04-02', '2014-04-29', 1, '2014-04-29', '13:54:52', '2014-04-29 08:24:52'),
(821, 3, 823, '0.00', '2014-04-02', '2014-04-29', 1, '2014-04-29', '13:54:52', '2014-04-29 08:24:52'),
(822, 3, 824, '0.00', '2014-04-02', '2014-04-29', 1, '2014-04-29', '13:54:52', '2014-04-29 08:24:52'),
(823, 3, 825, '0.00', '2014-04-02', '2014-04-29', 1, '2014-04-29', '13:54:52', '2014-04-29 08:24:52'),
(824, 3, 826, '0.00', '2014-04-02', '2014-04-29', 1, '2014-04-29', '13:54:52', '2014-04-29 08:24:52'),
(825, 3, 827, '0.00', '2014-04-02', '2014-04-29', 1, '2014-04-29', '13:54:52', '2014-04-29 08:24:52'),
(826, 3, 828, '0.00', '2014-04-02', '2014-04-29', 1, '2014-04-29', '13:54:52', '2014-04-29 08:24:52'),
(827, 3, 829, '0.00', '2014-04-02', '2014-04-29', 1, '2014-04-29', '13:54:52', '2014-04-29 08:24:52'),
(828, 3, 830, '0.00', '2014-04-02', '2014-04-29', 1, '2014-04-29', '13:54:52', '2014-04-29 08:24:52'),
(829, 3, 831, '0.00', '2014-04-02', '2014-04-29', 1, '2014-04-29', '13:54:52', '2014-04-29 08:24:52'),
(830, 3, 832, '0.00', '2014-04-02', '2014-04-29', 1, '2014-04-29', '13:54:52', '2014-04-29 08:24:52'),
(831, 3, 833, '0.00', '2014-04-02', '2014-04-29', 1, '2014-04-29', '13:54:52', '2014-04-29 08:24:52'),
(832, 3, 834, '0.00', '2014-04-02', '2014-04-29', 1, '2014-04-29', '13:54:52', '2014-04-29 08:24:52'),
(833, 3, 835, '0.00', '2014-04-02', '2014-04-29', 1, '2014-04-29', '13:54:52', '2014-04-29 08:24:52'),
(834, 3, 836, '0.00', '2014-04-02', '2014-04-29', 1, '2014-04-29', '13:54:52', '2014-04-29 08:24:52'),
(835, 3, 837, '0.00', '2014-04-02', '2014-04-29', 1, '2014-04-29', '13:54:52', '2014-04-29 08:24:52'),
(836, 3, 838, '0.00', '2014-04-02', '2014-04-29', 1, '2014-04-29', '13:54:52', '2014-04-29 08:24:52'),
(837, 3, 839, '0.00', '2014-04-02', '2014-04-29', 1, '2014-04-29', '13:54:52', '2014-04-29 08:24:52'),
(838, 3, 840, '0.00', '2014-04-02', '2014-04-29', 1, '2014-04-29', '13:54:52', '2014-04-29 08:24:52'),
(839, 3, 841, '0.00', '2014-04-02', '2014-04-29', 1, '2014-04-29', '13:54:52', '2014-04-29 08:24:52'),
(840, 3, 842, '0.00', '2014-04-02', '2014-04-29', 1, '2014-04-29', '13:54:52', '2014-04-29 08:24:52'),
(841, 3, 843, '0.00', '2014-04-02', '2014-04-29', 1, '2014-04-29', '13:54:52', '2014-04-29 08:24:52'),
(842, 3, 844, '0.00', '2014-04-02', '2014-04-29', 1, '2014-04-29', '13:54:52', '2014-04-29 08:24:52'),
(843, 3, 845, '0.00', '2014-04-02', '2014-04-29', 1, '2014-04-29', '13:54:52', '2014-04-29 08:24:52'),
(844, 3, 846, '0.00', '2014-04-02', '2014-04-29', 1, '2014-04-29', '13:54:52', '2014-04-29 08:24:52'),
(845, 3, 847, '0.00', '2014-04-02', '2014-04-29', 1, '2014-04-29', '13:54:52', '2014-04-29 08:24:52'),
(846, 3, 848, '0.00', '2014-04-02', '2014-04-29', 1, '2014-04-29', '13:54:52', '2014-04-29 08:24:52'),
(847, 3, 849, '0.00', '2014-04-02', '2014-04-29', 1, '2014-04-29', '13:54:52', '2014-04-29 08:24:52'),
(848, 3, 850, '0.00', '2014-04-02', '2014-04-29', 1, '2014-04-29', '13:54:52', '2014-04-29 08:24:52'),
(849, 3, 851, '0.00', '2014-04-02', '2014-04-29', 1, '2014-04-29', '13:54:52', '2014-04-29 08:24:52'),
(850, 3, 852, '0.00', '2014-04-02', '2014-04-29', 1, '2014-04-29', '13:54:52', '2014-04-29 08:24:52'),
(851, 3, 853, '0.00', '2014-04-02', '2014-04-29', 1, '2014-04-29', '13:54:52', '2014-04-29 08:24:52'),
(852, 3, 854, '0.00', '2014-04-02', '2014-04-29', 1, '2014-04-29', '13:54:52', '2014-04-29 08:24:52'),
(853, 3, 855, '0.00', '2014-04-02', '2014-04-29', 1, '2014-04-29', '13:54:52', '2014-04-29 08:24:52'),
(854, 3, 856, '0.00', '2014-04-02', '2014-04-29', 1, '2014-04-29', '13:54:52', '2014-04-29 08:24:52'),
(855, 3, 857, '0.00', '2014-04-02', '2014-04-29', 1, '2014-04-29', '13:54:52', '2014-04-29 08:24:52'),
(856, 3, 858, '0.00', '2014-04-02', '2014-04-29', 1, '2014-04-29', '13:54:52', '2014-04-29 08:24:52'),
(857, 3, 859, '0.00', '2014-04-02', '2014-04-29', 1, '2014-04-29', '13:54:52', '2014-04-29 08:24:52'),
(858, 3, 860, '0.00', '2014-04-02', '2014-04-29', 1, '2014-04-29', '13:54:52', '2014-04-29 08:24:52'),
(859, 3, 861, '0.00', '2014-04-02', '2014-04-29', 1, '2014-04-29', '13:54:52', '2014-04-29 08:24:52'),
(860, 3, 862, '0.00', '2014-04-02', '2014-04-29', 1, '2014-04-29', '13:54:52', '2014-04-29 08:24:52'),
(861, 3, 863, '0.00', '2014-04-02', '2014-04-29', 1, '2014-04-29', '13:54:52', '2014-04-29 08:24:52'),
(862, 3, 864, '0.00', '2014-04-02', '2014-04-29', 1, '2014-04-29', '13:54:52', '2014-04-29 08:24:52'),
(863, 3, 865, '0.00', '2014-04-02', '2014-04-29', 1, '2014-04-29', '13:54:52', '2014-04-29 08:24:52'),
(864, 3, 866, '0.00', '2014-04-02', '2014-04-29', 1, '2014-04-29', '13:54:52', '2014-04-29 08:24:52'),
(865, 3, 867, '0.00', '2014-04-02', '2014-04-29', 1, '2014-04-29', '13:54:52', '2014-04-29 08:24:52'),
(866, 3, 868, '0.00', '2014-04-02', '2014-04-29', 1, '2014-04-29', '13:54:52', '2014-04-29 08:24:52'),
(867, 3, 869, '0.00', '2014-04-02', '2014-04-29', 1, '2014-04-29', '13:54:52', '2014-04-29 08:24:52'),
(868, 3, 870, '0.00', '2014-04-02', '2014-04-29', 1, '2014-04-29', '13:54:52', '2014-04-29 08:24:52'),
(869, 3, 871, '0.00', '2014-04-02', '2014-04-29', 1, '2014-04-29', '13:54:52', '2014-04-29 08:24:52'),
(870, 3, 872, '0.00', '2014-04-02', '2014-04-29', 1, '2014-04-29', '13:54:52', '2014-04-29 08:24:52'),
(871, 3, 873, '0.00', '2014-04-02', '2014-04-29', 1, '2014-04-29', '13:54:52', '2014-04-29 08:24:52'),
(872, 3, 874, '0.00', '2014-04-02', '2014-04-29', 1, '2014-04-29', '13:54:52', '2014-04-29 08:24:52'),
(873, 3, 875, '0.00', '2014-04-02', '2014-04-29', 1, '2014-04-29', '13:54:52', '2014-04-29 08:24:52'),
(874, 3, 876, '0.00', '2014-04-02', '2014-04-29', 1, '2014-04-29', '13:54:52', '2014-04-29 08:24:52'),
(875, 3, 877, '0.00', '2014-04-02', '2014-04-29', 1, '2014-04-29', '13:54:52', '2014-04-29 08:24:52'),
(876, 3, 878, '0.00', '2014-04-02', '2014-04-29', 1, '2014-04-29', '13:54:52', '2014-04-29 08:24:52'),
(877, 3, 879, '0.00', '2014-04-02', '2014-04-29', 1, '2014-04-29', '13:54:52', '2014-04-29 08:24:52'),
(878, 3, 880, '0.00', '2014-04-02', '2014-04-29', 1, '2014-04-29', '13:54:52', '2014-04-29 08:24:52'),
(879, 3, 881, '0.00', '2014-04-02', '2014-04-29', 1, '2014-04-29', '13:54:52', '2014-04-29 08:24:52'),
(880, 3, 882, '0.00', '2014-04-02', '2014-04-29', 1, '2014-04-29', '13:54:52', '2014-04-29 08:24:52'),
(881, 3, 883, '0.00', '2014-04-02', '2014-04-29', 1, '2014-04-29', '13:54:52', '2014-04-29 08:24:52'),
(882, 3, 884, '0.00', '2014-04-02', '2014-04-29', 1, '2014-04-29', '13:54:52', '2014-04-29 08:24:52'),
(883, 3, 885, '0.00', '2014-04-02', '2014-04-29', 1, '2014-04-29', '13:54:52', '2014-04-29 08:24:52'),
(884, 3, 886, '0.00', '2014-04-02', '2014-04-29', 1, '2014-04-29', '13:54:52', '2014-04-29 08:24:52'),
(885, 3, 887, '0.00', '2014-04-02', '2014-04-29', 1, '2014-04-29', '13:54:52', '2014-04-29 08:24:52'),
(886, 3, 888, '0.00', '2014-04-02', '2014-04-29', 1, '2014-04-29', '13:54:52', '2014-04-29 08:24:52'),
(887, 3, 889, '0.00', '2014-04-02', '2014-04-29', 1, '2014-04-29', '13:54:52', '2014-04-29 08:24:52'),
(888, 3, 890, '0.00', '2014-04-02', '2014-04-29', 1, '2014-04-29', '13:54:52', '2014-04-29 08:24:52'),
(889, 3, 891, '0.00', '2014-04-02', '2014-04-29', 1, '2014-04-29', '13:54:52', '2014-04-29 08:24:52'),
(890, 3, 892, '0.00', '2014-04-02', '2014-04-29', 1, '2014-04-29', '13:54:52', '2014-04-29 08:24:52'),
(891, 3, 893, '0.00', '2014-04-02', '2014-04-29', 1, '2014-04-29', '13:54:52', '2014-04-29 08:24:52'),
(892, 3, 894, '0.00', '2014-04-02', '2014-04-29', 1, '2014-04-29', '13:54:52', '2014-04-29 08:24:52'),
(893, 3, 895, '0.00', '2014-04-02', '2014-04-29', 1, '2014-04-29', '13:54:52', '2014-04-29 08:24:52'),
(894, 3, 896, '0.00', '2014-04-02', '2014-04-29', 1, '2014-04-29', '13:54:52', '2014-04-29 08:24:52'),
(895, 3, 897, '0.00', '2014-04-02', '2014-04-29', 1, '2014-04-29', '13:54:52', '2014-04-29 08:24:52'),
(896, 3, 898, '0.00', '2014-04-02', '2014-04-29', 1, '2014-04-29', '13:54:52', '2014-04-29 08:24:52'),
(897, 3, 899, '0.00', '2014-04-02', '2014-04-29', 1, '2014-04-29', '13:54:52', '2014-04-29 08:24:52'),
(898, 3, 900, '0.00', '2014-04-02', '2014-04-29', 1, '2014-04-29', '13:54:52', '2014-04-29 08:24:52'),
(899, 3, 901, '0.00', '2014-04-02', '2014-04-29', 1, '2014-04-29', '13:54:52', '2014-04-29 08:24:52'),
(900, 3, 902, '0.00', '2014-04-02', '2014-04-29', 1, '2014-04-29', '13:54:52', '2014-04-29 08:24:52'),
(901, 3, 903, '0.00', '2014-04-02', '2014-04-29', 1, '2014-04-29', '13:54:52', '2014-04-29 08:24:52'),
(902, 3, 904, '0.00', '2014-04-02', '2014-04-29', 1, '2014-04-29', '13:54:52', '2014-04-29 08:24:52'),
(903, 3, 905, '0.00', '2014-04-02', '2014-04-29', 1, '2014-04-29', '13:54:52', '2014-04-29 08:24:52'),
(904, 3, 906, '0.00', '2014-04-02', '2014-04-29', 1, '2014-04-29', '13:54:52', '2014-04-29 08:24:52'),
(905, 3, 907, '0.00', '2014-04-02', '2014-04-29', 1, '2014-04-29', '13:54:52', '2014-04-29 08:24:52'),
(906, 3, 908, '0.00', '2014-04-02', '2014-04-29', 1, '2014-04-29', '13:54:52', '2014-04-29 08:24:52'),
(907, 3, 909, '0.00', '2014-04-02', '2014-04-29', 1, '2014-04-29', '13:54:52', '2014-04-29 08:24:52'),
(908, 3, 910, '0.00', '2014-04-02', '2014-04-29', 1, '2014-04-29', '13:54:52', '2014-04-29 08:24:52'),
(909, 3, 911, '0.00', '2014-04-02', '2014-04-29', 1, '2014-04-29', '13:54:52', '2014-04-29 08:24:52'),
(910, 3, 912, '0.00', '2014-04-02', '2014-04-29', 1, '2014-04-29', '13:54:52', '2014-04-29 08:24:52'),
(911, 3, 913, '0.00', '2014-04-02', '2014-04-29', 1, '2014-04-29', '13:54:52', '2014-04-29 08:24:52'),
(912, 3, 914, '0.00', '2014-04-02', '2014-04-29', 1, '2014-04-29', '13:54:52', '2014-04-29 08:24:52'),
(913, 3, 915, '0.00', '2014-04-02', '2014-04-29', 1, '2014-04-29', '13:54:52', '2014-04-29 08:24:52'),
(914, 3, 916, '0.00', '2014-04-02', '2014-04-29', 1, '2014-04-29', '13:54:52', '2014-04-29 08:24:52'),
(915, 22, 1, '110.00', '2014-02-01', '2014-04-29', 1, '2014-04-29', '14:38:47', '2014-04-29 09:08:47'),
(916, 22, 2, '0.00', '2014-02-01', '2014-04-29', 1, '2014-04-29', '14:38:47', '2014-04-29 09:08:47'),
(917, 22, 3, '0.00', '2014-02-01', '2014-04-29', 1, '2014-04-29', '14:38:47', '2014-04-29 09:08:47'),
(918, 22, 4, '0.00', '2014-02-01', '2014-04-29', 1, '2014-04-29', '14:38:47', '2014-04-29 09:08:47'),
(919, 22, 5, '0.00', '2014-02-01', '2014-04-29', 1, '2014-04-29', '14:38:47', '2014-04-29 09:08:47'),
(920, 22, 6, '0.00', '2014-02-01', '2014-04-29', 1, '2014-04-29', '14:38:47', '2014-04-29 09:08:47'),
(921, 22, 7, '0.00', '2014-02-01', '2014-04-29', 1, '2014-04-29', '14:38:47', '2014-04-29 09:08:47'),
(922, 22, 8, '0.00', '2014-02-01', '2014-04-29', 1, '2014-04-29', '14:38:47', '2014-04-29 09:08:47'),
(923, 22, 9, '0.00', '2014-02-01', '2014-04-29', 1, '2014-04-29', '14:38:47', '2014-04-29 09:08:47'),
(924, 22, 10, '0.00', '2014-02-01', '2014-04-29', 1, '2014-04-29', '14:38:47', '2014-04-29 09:08:47'),
(925, 22, 11, '0.00', '2014-02-01', '2014-04-29', 1, '2014-04-29', '14:38:47', '2014-04-29 09:08:47'),
(926, 22, 12, '0.00', '2014-02-01', '2014-04-29', 1, '2014-04-29', '14:38:47', '2014-04-29 09:08:47'),
(927, 22, 13, '0.00', '2014-02-01', '2014-04-29', 1, '2014-04-29', '14:38:47', '2014-04-29 09:08:47'),
(928, 22, 14, '0.00', '2014-02-01', '2014-04-29', 1, '2014-04-29', '14:38:47', '2014-04-29 09:08:47'),
(929, 22, 15, '0.00', '2014-02-01', '2014-04-29', 1, '2014-04-29', '14:38:47', '2014-04-29 09:08:47'),
(930, 22, 16, '0.00', '2014-02-01', '2014-04-29', 1, '2014-04-29', '14:38:47', '2014-04-29 09:08:47'),
(931, 22, 17, '0.00', '2014-02-01', '2014-04-29', 1, '2014-04-29', '14:38:47', '2014-04-29 09:08:47'),
(932, 22, 18, '0.00', '2014-02-01', '2014-04-29', 1, '2014-04-29', '14:38:47', '2014-04-29 09:08:47'),
(933, 22, 19, '0.00', '2014-02-01', '2014-04-29', 1, '2014-04-29', '14:38:47', '2014-04-29 09:08:47'),
(934, 22, 20, '0.00', '2014-02-01', '2014-04-29', 1, '2014-04-29', '14:38:47', '2014-04-29 09:08:47'),
(935, 22, 21, '0.00', '2014-02-01', '2014-04-29', 1, '2014-04-29', '14:38:47', '2014-04-29 09:08:47'),
(936, 22, 22, '0.00', '2014-02-01', '2014-04-29', 1, '2014-04-29', '14:38:47', '2014-04-29 09:08:47'),
(937, 22, 23, '0.00', '2014-02-01', '2014-04-29', 1, '2014-04-29', '14:38:47', '2014-04-29 09:08:47'),
(938, 22, 24, '0.00', '2014-02-01', '2014-04-29', 1, '2014-04-29', '14:38:47', '2014-04-29 09:08:47'),
(939, 22, 25, '0.00', '2014-02-01', '2014-04-29', 1, '2014-04-29', '14:38:47', '2014-04-29 09:08:47'),
(940, 22, 26, '0.00', '2014-02-01', '2014-04-29', 1, '2014-04-29', '14:38:47', '2014-04-29 09:08:47'),
(941, 22, 27, '0.00', '2014-02-01', '2014-04-29', 1, '2014-04-29', '14:38:47', '2014-04-29 09:08:47'),
(942, 22, 28, '0.00', '2014-02-01', '2014-04-29', 1, '2014-04-29', '14:38:47', '2014-04-29 09:08:47'),
(943, 22, 29, '0.00', '2014-02-01', '2014-04-29', 1, '2014-04-29', '14:38:47', '2014-04-29 09:08:47'),
(944, 22, 30, '0.00', '2014-02-01', '2014-04-29', 1, '2014-04-29', '14:38:47', '2014-04-29 09:08:47'),
(945, 22, 31, '0.00', '2014-02-01', '2014-04-29', 1, '2014-04-29', '14:38:47', '2014-04-29 09:08:47'),
(946, 22, 32, '0.00', '2014-02-01', '2014-04-29', 1, '2014-04-29', '14:38:47', '2014-04-29 09:08:47'),
(947, 22, 33, '0.00', '2014-02-01', '2014-04-29', 1, '2014-04-29', '14:38:47', '2014-04-29 09:08:47'),
(948, 22, 34, '0.00', '2014-02-01', '2014-04-29', 1, '2014-04-29', '14:38:47', '2014-04-29 09:08:47'),
(949, 22, 35, '0.00', '2014-02-01', '2014-04-29', 1, '2014-04-29', '14:38:47', '2014-04-29 09:08:47'),
(950, 22, 36, '0.00', '2014-02-01', '2014-04-29', 1, '2014-04-29', '14:38:47', '2014-04-29 09:08:47'),
(951, 22, 37, '0.00', '2014-02-01', '2014-04-29', 1, '2014-04-29', '14:38:47', '2014-04-29 09:08:47'),
(952, 22, 38, '0.00', '2014-02-01', '2014-04-29', 1, '2014-04-29', '14:38:47', '2014-04-29 09:08:47'),
(953, 22, 39, '0.00', '2014-02-01', '2014-04-29', 1, '2014-04-29', '14:38:47', '2014-04-29 09:08:47'),
(954, 22, 40, '0.00', '2014-02-01', '2014-04-29', 1, '2014-04-29', '14:38:47', '2014-04-29 09:08:47'),
(955, 22, 41, '0.00', '2014-02-01', '2014-04-29', 1, '2014-04-29', '14:38:47', '2014-04-29 09:08:47'),
(956, 22, 42, '0.00', '2014-02-01', '2014-04-29', 1, '2014-04-29', '14:38:47', '2014-04-29 09:08:47'),
(957, 22, 43, '0.00', '2014-02-01', '2014-04-29', 1, '2014-04-29', '14:38:47', '2014-04-29 09:08:47'),
(958, 22, 44, '0.00', '2014-02-01', '2014-04-29', 1, '2014-04-29', '14:38:47', '2014-04-29 09:08:47'),
(959, 22, 45, '0.00', '2014-02-01', '2014-04-29', 1, '2014-04-29', '14:38:47', '2014-04-29 09:08:47'),
(960, 22, 46, '0.00', '2014-02-01', '2014-04-29', 1, '2014-04-29', '14:38:47', '2014-04-29 09:08:47'),
(961, 22, 47, '0.00', '2014-02-01', '2014-04-29', 1, '2014-04-29', '14:38:47', '2014-04-29 09:08:47'),
(962, 22, 48, '0.00', '2014-02-01', '2014-04-29', 1, '2014-04-29', '14:38:47', '2014-04-29 09:08:47'),
(963, 22, 49, '0.00', '2014-02-01', '2014-04-29', 1, '2014-04-29', '14:38:47', '2014-04-29 09:08:47'),
(964, 22, 50, '0.00', '2014-02-01', '2014-04-29', 1, '2014-04-29', '14:38:47', '2014-04-29 09:08:47'),
(965, 22, 51, '0.00', '2014-02-01', '2014-04-29', 1, '2014-04-29', '14:38:47', '2014-04-29 09:08:47'),
(966, 22, 52, '0.00', '2014-02-01', '2014-04-29', 1, '2014-04-29', '14:38:47', '2014-04-29 09:08:47'),
(967, 22, 53, '0.00', '2014-02-01', '2014-04-29', 1, '2014-04-29', '14:38:47', '2014-04-29 09:08:47'),
(968, 22, 54, '0.00', '2014-02-01', '2014-04-29', 1, '2014-04-29', '14:38:47', '2014-04-29 09:08:47'),
(969, 22, 55, '0.00', '2014-02-01', '2014-04-29', 1, '2014-04-29', '14:38:47', '2014-04-29 09:08:47'),
(970, 22, 56, '0.00', '2014-02-01', '2014-04-29', 1, '2014-04-29', '14:38:47', '2014-04-29 09:08:47'),
(971, 22, 57, '0.00', '2014-02-01', '2014-04-29', 1, '2014-04-29', '14:38:47', '2014-04-29 09:08:47'),
(972, 22, 58, '0.00', '2014-02-01', '2014-04-29', 1, '2014-04-29', '14:38:47', '2014-04-29 09:08:47'),
(973, 22, 59, '0.00', '2014-02-01', '2014-04-29', 1, '2014-04-29', '14:38:47', '2014-04-29 09:08:47'),
(974, 22, 60, '0.00', '2014-02-01', '2014-04-29', 1, '2014-04-29', '14:38:47', '2014-04-29 09:08:47'),
(975, 22, 61, '0.00', '2014-02-01', '2014-04-29', 1, '2014-04-29', '14:38:47', '2014-04-29 09:08:47'),
(976, 22, 62, '0.00', '2014-02-01', '2014-04-29', 1, '2014-04-29', '14:38:47', '2014-04-29 09:08:47'),
(977, 22, 63, '0.00', '2014-02-01', '2014-04-29', 1, '2014-04-29', '14:38:47', '2014-04-29 09:08:47'),
(978, 22, 64, '0.00', '2014-02-01', '2014-04-29', 1, '2014-04-29', '14:38:47', '2014-04-29 09:08:47'),
(979, 22, 65, '0.00', '2014-02-01', '2014-04-29', 1, '2014-04-29', '14:38:47', '2014-04-29 09:08:47'),
(980, 22, 66, '0.00', '2014-02-01', '2014-04-29', 1, '2014-04-29', '14:38:47', '2014-04-29 09:08:47'),
(981, 22, 67, '0.00', '2014-02-01', '2014-04-29', 1, '2014-04-29', '14:38:47', '2014-04-29 09:08:47'),
(982, 22, 68, '0.00', '2014-02-01', '2014-04-29', 1, '2014-04-29', '14:38:47', '2014-04-29 09:08:47'),
(983, 22, 69, '0.00', '2014-02-01', '2014-04-29', 1, '2014-04-29', '14:38:47', '2014-04-29 09:08:47'),
(984, 22, 70, '0.00', '2014-02-01', '2014-04-29', 1, '2014-04-29', '14:38:47', '2014-04-29 09:08:47'),
(985, 22, 71, '0.00', '2014-02-01', '2014-04-29', 1, '2014-04-29', '14:38:47', '2014-04-29 09:08:47'),
(986, 22, 72, '0.00', '2014-02-01', '2014-04-29', 1, '2014-04-29', '14:38:47', '2014-04-29 09:08:47'),
(987, 22, 73, '0.00', '2014-02-01', '2014-04-29', 1, '2014-04-29', '14:38:47', '2014-04-29 09:08:47'),
(988, 22, 74, '0.00', '2014-02-01', '2014-04-29', 1, '2014-04-29', '14:38:47', '2014-04-29 09:08:47');
INSERT INTO `tbl_terotery_wise_target` (`id_ter_wise_target`, `id_territory`, `id_products`, `product_qty`, `target_st_date`, `target_en_date`, `status`, `added_date`, `added_time`, `time_stamp`) VALUES
(989, 22, 75, '0.00', '2014-02-01', '2014-04-29', 1, '2014-04-29', '14:38:47', '2014-04-29 09:08:47'),
(990, 22, 76, '0.00', '2014-02-01', '2014-04-29', 1, '2014-04-29', '14:38:47', '2014-04-29 09:08:47'),
(991, 22, 77, '0.00', '2014-02-01', '2014-04-29', 1, '2014-04-29', '14:38:47', '2014-04-29 09:08:47'),
(992, 22, 78, '0.00', '2014-02-01', '2014-04-29', 1, '2014-04-29', '14:38:47', '2014-04-29 09:08:47'),
(993, 22, 79, '0.00', '2014-02-01', '2014-04-29', 1, '2014-04-29', '14:38:47', '2014-04-29 09:08:47'),
(994, 22, 80, '0.00', '2014-02-01', '2014-04-29', 1, '2014-04-29', '14:38:47', '2014-04-29 09:08:47'),
(995, 22, 81, '0.00', '2014-02-01', '2014-04-29', 1, '2014-04-29', '14:38:47', '2014-04-29 09:08:47'),
(996, 22, 82, '0.00', '2014-02-01', '2014-04-29', 1, '2014-04-29', '14:38:47', '2014-04-29 09:08:47'),
(997, 22, 83, '0.00', '2014-02-01', '2014-04-29', 1, '2014-04-29', '14:38:47', '2014-04-29 09:08:47'),
(998, 22, 84, '0.00', '2014-02-01', '2014-04-29', 1, '2014-04-29', '14:38:47', '2014-04-29 09:08:47'),
(999, 22, 85, '0.00', '2014-02-01', '2014-04-29', 1, '2014-04-29', '14:38:47', '2014-04-29 09:08:47'),
(1000, 22, 86, '0.00', '2014-02-01', '2014-04-29', 1, '2014-04-29', '14:38:47', '2014-04-29 09:08:47'),
(1001, 22, 87, '0.00', '2014-02-01', '2014-04-29', 1, '2014-04-29', '14:38:47', '2014-04-29 09:08:47'),
(1002, 22, 88, '0.00', '2014-02-01', '2014-04-29', 1, '2014-04-29', '14:38:47', '2014-04-29 09:08:47'),
(1003, 22, 89, '0.00', '2014-02-01', '2014-04-29', 1, '2014-04-29', '14:38:47', '2014-04-29 09:08:47'),
(1004, 22, 90, '0.00', '2014-02-01', '2014-04-29', 1, '2014-04-29', '14:38:47', '2014-04-29 09:08:47'),
(1005, 22, 91, '0.00', '2014-02-01', '2014-04-29', 1, '2014-04-29', '14:38:47', '2014-04-29 09:08:47'),
(1006, 22, 92, '0.00', '2014-02-01', '2014-04-29', 1, '2014-04-29', '14:38:47', '2014-04-29 09:08:47'),
(1007, 22, 93, '0.00', '2014-02-01', '2014-04-29', 1, '2014-04-29', '14:38:47', '2014-04-29 09:08:47'),
(1008, 22, 94, '0.00', '2014-02-01', '2014-04-29', 1, '2014-04-29', '14:38:47', '2014-04-29 09:08:47'),
(1009, 22, 95, '0.00', '2014-02-01', '2014-04-29', 1, '2014-04-29', '14:38:47', '2014-04-29 09:08:47'),
(1010, 22, 96, '0.00', '2014-02-01', '2014-04-29', 1, '2014-04-29', '14:38:47', '2014-04-29 09:08:47'),
(1011, 22, 97, '0.00', '2014-02-01', '2014-04-29', 1, '2014-04-29', '14:38:47', '2014-04-29 09:08:47'),
(1012, 22, 98, '0.00', '2014-02-01', '2014-04-29', 1, '2014-04-29', '14:38:47', '2014-04-29 09:08:47'),
(1013, 22, 99, '0.00', '2014-02-01', '2014-04-29', 1, '2014-04-29', '14:38:47', '2014-04-29 09:08:47'),
(1014, 22, 100, '0.00', '2014-02-01', '2014-04-29', 1, '2014-04-29', '14:38:47', '2014-04-29 09:08:47'),
(1015, 22, 101, '0.00', '2014-02-01', '2014-04-29', 1, '2014-04-29', '14:38:47', '2014-04-29 09:08:47'),
(1016, 22, 102, '0.00', '2014-02-01', '2014-04-29', 1, '2014-04-29', '14:38:47', '2014-04-29 09:08:47'),
(1017, 22, 103, '0.00', '2014-02-01', '2014-04-29', 1, '2014-04-29', '14:38:47', '2014-04-29 09:08:47'),
(1018, 22, 104, '0.00', '2014-02-01', '2014-04-29', 1, '2014-04-29', '14:38:47', '2014-04-29 09:08:47'),
(1019, 22, 105, '0.00', '2014-02-01', '2014-04-29', 1, '2014-04-29', '14:38:47', '2014-04-29 09:08:47'),
(1020, 22, 106, '0.00', '2014-02-01', '2014-04-29', 1, '2014-04-29', '14:38:47', '2014-04-29 09:08:47'),
(1021, 22, 107, '0.00', '2014-02-01', '2014-04-29', 1, '2014-04-29', '14:38:47', '2014-04-29 09:08:47'),
(1022, 22, 108, '0.00', '2014-02-01', '2014-04-29', 1, '2014-04-29', '14:38:47', '2014-04-29 09:08:47'),
(1023, 22, 109, '0.00', '2014-02-01', '2014-04-29', 1, '2014-04-29', '14:38:47', '2014-04-29 09:08:47'),
(1024, 22, 110, '0.00', '2014-02-01', '2014-04-29', 1, '2014-04-29', '14:38:47', '2014-04-29 09:08:47'),
(1025, 22, 111, '0.00', '2014-02-01', '2014-04-29', 1, '2014-04-29', '14:38:47', '2014-04-29 09:08:47'),
(1026, 22, 112, '0.00', '2014-02-01', '2014-04-29', 1, '2014-04-29', '14:38:47', '2014-04-29 09:08:47'),
(1027, 22, 113, '0.00', '2014-02-01', '2014-04-29', 1, '2014-04-29', '14:38:47', '2014-04-29 09:08:47'),
(1028, 22, 114, '0.00', '2014-02-01', '2014-04-29', 1, '2014-04-29', '14:38:47', '2014-04-29 09:08:47'),
(1029, 22, 115, '0.00', '2014-02-01', '2014-04-29', 1, '2014-04-29', '14:38:47', '2014-04-29 09:08:47'),
(1030, 22, 116, '0.00', '2014-02-01', '2014-04-29', 1, '2014-04-29', '14:38:47', '2014-04-29 09:08:47'),
(1031, 22, 117, '0.00', '2014-02-01', '2014-04-29', 1, '2014-04-29', '14:38:47', '2014-04-29 09:08:47'),
(1032, 22, 118, '0.00', '2014-02-01', '2014-04-29', 1, '2014-04-29', '14:38:47', '2014-04-29 09:08:47'),
(1033, 22, 119, '0.00', '2014-02-01', '2014-04-29', 1, '2014-04-29', '14:38:47', '2014-04-29 09:08:47'),
(1034, 22, 120, '0.00', '2014-02-01', '2014-04-29', 1, '2014-04-29', '14:38:47', '2014-04-29 09:08:47'),
(1035, 22, 121, '0.00', '2014-02-01', '2014-04-29', 1, '2014-04-29', '14:38:47', '2014-04-29 09:08:47'),
(1036, 22, 122, '0.00', '2014-02-01', '2014-04-29', 1, '2014-04-29', '14:38:47', '2014-04-29 09:08:47'),
(1037, 22, 123, '0.00', '2014-02-01', '2014-04-29', 1, '2014-04-29', '14:38:47', '2014-04-29 09:08:47'),
(1038, 22, 124, '0.00', '2014-02-01', '2014-04-29', 1, '2014-04-29', '14:38:47', '2014-04-29 09:08:47'),
(1039, 22, 125, '0.00', '2014-02-01', '2014-04-29', 1, '2014-04-29', '14:38:47', '2014-04-29 09:08:47'),
(1040, 22, 126, '0.00', '2014-02-01', '2014-04-29', 1, '2014-04-29', '14:38:47', '2014-04-29 09:08:47'),
(1041, 22, 127, '0.00', '2014-02-01', '2014-04-29', 1, '2014-04-29', '14:38:47', '2014-04-29 09:08:47'),
(1042, 22, 128, '0.00', '2014-02-01', '2014-04-29', 1, '2014-04-29', '14:38:47', '2014-04-29 09:08:47'),
(1043, 22, 129, '0.00', '2014-02-01', '2014-04-29', 1, '2014-04-29', '14:38:47', '2014-04-29 09:08:47'),
(1044, 22, 130, '0.00', '2014-02-01', '2014-04-29', 1, '2014-04-29', '14:38:47', '2014-04-29 09:08:47'),
(1045, 22, 131, '0.00', '2014-02-01', '2014-04-29', 1, '2014-04-29', '14:38:47', '2014-04-29 09:08:47'),
(1046, 22, 132, '0.00', '2014-02-01', '2014-04-29', 1, '2014-04-29', '14:38:47', '2014-04-29 09:08:47'),
(1047, 22, 133, '0.00', '2014-02-01', '2014-04-29', 1, '2014-04-29', '14:38:47', '2014-04-29 09:08:47'),
(1048, 22, 134, '0.00', '2014-02-01', '2014-04-29', 1, '2014-04-29', '14:38:47', '2014-04-29 09:08:47'),
(1049, 22, 135, '0.00', '2014-02-01', '2014-04-29', 1, '2014-04-29', '14:38:47', '2014-04-29 09:08:47'),
(1050, 22, 136, '0.00', '2014-02-01', '2014-04-29', 1, '2014-04-29', '14:38:47', '2014-04-29 09:08:47'),
(1051, 22, 137, '0.00', '2014-02-01', '2014-04-29', 1, '2014-04-29', '14:38:47', '2014-04-29 09:08:47'),
(1052, 22, 138, '0.00', '2014-02-01', '2014-04-29', 1, '2014-04-29', '14:38:47', '2014-04-29 09:08:47'),
(1053, 22, 139, '0.00', '2014-02-01', '2014-04-29', 1, '2014-04-29', '14:38:47', '2014-04-29 09:08:47'),
(1054, 22, 140, '0.00', '2014-02-01', '2014-04-29', 1, '2014-04-29', '14:38:47', '2014-04-29 09:08:47'),
(1055, 22, 141, '0.00', '2014-02-01', '2014-04-29', 1, '2014-04-29', '14:38:47', '2014-04-29 09:08:47'),
(1056, 22, 142, '0.00', '2014-02-01', '2014-04-29', 1, '2014-04-29', '14:38:47', '2014-04-29 09:08:47'),
(1057, 22, 143, '0.00', '2014-02-01', '2014-04-29', 1, '2014-04-29', '14:38:47', '2014-04-29 09:08:47'),
(1058, 22, 144, '0.00', '2014-02-01', '2014-04-29', 1, '2014-04-29', '14:38:47', '2014-04-29 09:08:47'),
(1059, 22, 145, '0.00', '2014-02-01', '2014-04-29', 1, '2014-04-29', '14:38:47', '2014-04-29 09:08:47'),
(1060, 22, 146, '0.00', '2014-02-01', '2014-04-29', 1, '2014-04-29', '14:38:47', '2014-04-29 09:08:47'),
(1061, 22, 147, '0.00', '2014-02-01', '2014-04-29', 1, '2014-04-29', '14:38:47', '2014-04-29 09:08:47'),
(1062, 22, 148, '0.00', '2014-02-01', '2014-04-29', 1, '2014-04-29', '14:38:47', '2014-04-29 09:08:47'),
(1063, 22, 149, '0.00', '2014-02-01', '2014-04-29', 1, '2014-04-29', '14:38:47', '2014-04-29 09:08:47'),
(1064, 22, 150, '0.00', '2014-02-01', '2014-04-29', 1, '2014-04-29', '14:38:47', '2014-04-29 09:08:47'),
(1065, 22, 151, '0.00', '2014-02-01', '2014-04-29', 1, '2014-04-29', '14:38:47', '2014-04-29 09:08:47'),
(1066, 22, 152, '0.00', '2014-02-01', '2014-04-29', 1, '2014-04-29', '14:38:47', '2014-04-29 09:08:47'),
(1067, 22, 153, '0.00', '2014-02-01', '2014-04-29', 1, '2014-04-29', '14:38:47', '2014-04-29 09:08:47'),
(1068, 22, 154, '0.00', '2014-02-01', '2014-04-29', 1, '2014-04-29', '14:38:47', '2014-04-29 09:08:47'),
(1069, 22, 155, '0.00', '2014-02-01', '2014-04-29', 1, '2014-04-29', '14:38:47', '2014-04-29 09:08:47'),
(1070, 22, 156, '0.00', '2014-02-01', '2014-04-29', 1, '2014-04-29', '14:38:47', '2014-04-29 09:08:47'),
(1071, 22, 157, '0.00', '2014-02-01', '2014-04-29', 1, '2014-04-29', '14:38:47', '2014-04-29 09:08:47'),
(1072, 22, 158, '0.00', '2014-02-01', '2014-04-29', 1, '2014-04-29', '14:38:47', '2014-04-29 09:08:47'),
(1073, 22, 159, '0.00', '2014-02-01', '2014-04-29', 1, '2014-04-29', '14:38:47', '2014-04-29 09:08:47'),
(1074, 22, 160, '0.00', '2014-02-01', '2014-04-29', 1, '2014-04-29', '14:38:47', '2014-04-29 09:08:47'),
(1075, 22, 161, '0.00', '2014-02-01', '2014-04-29', 1, '2014-04-29', '14:38:47', '2014-04-29 09:08:47'),
(1076, 22, 162, '0.00', '2014-02-01', '2014-04-29', 1, '2014-04-29', '14:38:47', '2014-04-29 09:08:47'),
(1077, 22, 163, '0.00', '2014-02-01', '2014-04-29', 1, '2014-04-29', '14:38:47', '2014-04-29 09:08:47'),
(1078, 22, 164, '0.00', '2014-02-01', '2014-04-29', 1, '2014-04-29', '14:38:47', '2014-04-29 09:08:47'),
(1079, 22, 165, '0.00', '2014-02-01', '2014-04-29', 1, '2014-04-29', '14:38:47', '2014-04-29 09:08:47'),
(1080, 22, 166, '0.00', '2014-02-01', '2014-04-29', 1, '2014-04-29', '14:38:47', '2014-04-29 09:08:47'),
(1081, 22, 167, '0.00', '2014-02-01', '2014-04-29', 1, '2014-04-29', '14:38:47', '2014-04-29 09:08:47'),
(1082, 22, 168, '0.00', '2014-02-01', '2014-04-29', 1, '2014-04-29', '14:38:47', '2014-04-29 09:08:47'),
(1083, 22, 169, '0.00', '2014-02-01', '2014-04-29', 1, '2014-04-29', '14:38:47', '2014-04-29 09:08:47'),
(1084, 22, 170, '0.00', '2014-02-01', '2014-04-29', 1, '2014-04-29', '14:38:47', '2014-04-29 09:08:47'),
(1085, 22, 171, '0.00', '2014-02-01', '2014-04-29', 1, '2014-04-29', '14:38:47', '2014-04-29 09:08:47'),
(1086, 22, 172, '0.00', '2014-02-01', '2014-04-29', 1, '2014-04-29', '14:38:47', '2014-04-29 09:08:47'),
(1087, 22, 173, '0.00', '2014-02-01', '2014-04-29', 1, '2014-04-29', '14:38:47', '2014-04-29 09:08:47'),
(1088, 22, 174, '0.00', '2014-02-01', '2014-04-29', 1, '2014-04-29', '14:38:47', '2014-04-29 09:08:47'),
(1089, 22, 175, '0.00', '2014-02-01', '2014-04-29', 1, '2014-04-29', '14:38:47', '2014-04-29 09:08:47'),
(1090, 22, 176, '0.00', '2014-02-01', '2014-04-29', 1, '2014-04-29', '14:38:47', '2014-04-29 09:08:47'),
(1091, 22, 177, '0.00', '2014-02-01', '2014-04-29', 1, '2014-04-29', '14:38:47', '2014-04-29 09:08:47'),
(1092, 22, 178, '0.00', '2014-02-01', '2014-04-29', 1, '2014-04-29', '14:38:47', '2014-04-29 09:08:47'),
(1093, 22, 179, '0.00', '2014-02-01', '2014-04-29', 1, '2014-04-29', '14:38:47', '2014-04-29 09:08:47'),
(1094, 22, 180, '0.00', '2014-02-01', '2014-04-29', 1, '2014-04-29', '14:38:47', '2014-04-29 09:08:47'),
(1095, 22, 181, '0.00', '2014-02-01', '2014-04-29', 1, '2014-04-29', '14:38:47', '2014-04-29 09:08:47'),
(1096, 22, 182, '0.00', '2014-02-01', '2014-04-29', 1, '2014-04-29', '14:38:47', '2014-04-29 09:08:47'),
(1097, 22, 183, '0.00', '2014-02-01', '2014-04-29', 1, '2014-04-29', '14:38:47', '2014-04-29 09:08:47'),
(1098, 22, 184, '0.00', '2014-02-01', '2014-04-29', 1, '2014-04-29', '14:38:47', '2014-04-29 09:08:47'),
(1099, 22, 185, '0.00', '2014-02-01', '2014-04-29', 1, '2014-04-29', '14:38:47', '2014-04-29 09:08:47'),
(1100, 22, 186, '0.00', '2014-02-01', '2014-04-29', 1, '2014-04-29', '14:38:47', '2014-04-29 09:08:47'),
(1101, 22, 187, '0.00', '2014-02-01', '2014-04-29', 1, '2014-04-29', '14:38:47', '2014-04-29 09:08:47'),
(1102, 22, 188, '0.00', '2014-02-01', '2014-04-29', 1, '2014-04-29', '14:38:47', '2014-04-29 09:08:47'),
(1103, 22, 189, '0.00', '2014-02-01', '2014-04-29', 1, '2014-04-29', '14:38:47', '2014-04-29 09:08:47'),
(1104, 22, 190, '0.00', '2014-02-01', '2014-04-29', 1, '2014-04-29', '14:38:47', '2014-04-29 09:08:47'),
(1105, 22, 191, '0.00', '2014-02-01', '2014-04-29', 1, '2014-04-29', '14:38:47', '2014-04-29 09:08:47'),
(1106, 22, 192, '0.00', '2014-02-01', '2014-04-29', 1, '2014-04-29', '14:38:47', '2014-04-29 09:08:47'),
(1107, 22, 193, '0.00', '2014-02-01', '2014-04-29', 1, '2014-04-29', '14:38:47', '2014-04-29 09:08:47'),
(1108, 22, 194, '0.00', '2014-02-01', '2014-04-29', 1, '2014-04-29', '14:38:47', '2014-04-29 09:08:47'),
(1109, 22, 195, '0.00', '2014-02-01', '2014-04-29', 1, '2014-04-29', '14:38:47', '2014-04-29 09:08:47'),
(1110, 22, 196, '0.00', '2014-02-01', '2014-04-29', 1, '2014-04-29', '14:38:47', '2014-04-29 09:08:47'),
(1111, 22, 197, '0.00', '2014-02-01', '2014-04-29', 1, '2014-04-29', '14:38:47', '2014-04-29 09:08:47'),
(1112, 22, 198, '0.00', '2014-02-01', '2014-04-29', 1, '2014-04-29', '14:38:47', '2014-04-29 09:08:47'),
(1113, 22, 199, '0.00', '2014-02-01', '2014-04-29', 1, '2014-04-29', '14:38:47', '2014-04-29 09:08:47'),
(1114, 22, 200, '0.00', '2014-02-01', '2014-04-29', 1, '2014-04-29', '14:38:47', '2014-04-29 09:08:47'),
(1115, 22, 201, '0.00', '2014-02-01', '2014-04-29', 1, '2014-04-29', '14:38:47', '2014-04-29 09:08:47'),
(1116, 22, 202, '0.00', '2014-02-01', '2014-04-29', 1, '2014-04-29', '14:38:47', '2014-04-29 09:08:47'),
(1117, 22, 203, '0.00', '2014-02-01', '2014-04-29', 1, '2014-04-29', '14:38:47', '2014-04-29 09:08:47'),
(1118, 22, 204, '0.00', '2014-02-01', '2014-04-29', 1, '2014-04-29', '14:38:47', '2014-04-29 09:08:47'),
(1119, 22, 205, '0.00', '2014-02-01', '2014-04-29', 1, '2014-04-29', '14:38:47', '2014-04-29 09:08:47'),
(1120, 22, 206, '0.00', '2014-02-01', '2014-04-29', 1, '2014-04-29', '14:38:47', '2014-04-29 09:08:47'),
(1121, 22, 207, '0.00', '2014-02-01', '2014-04-29', 1, '2014-04-29', '14:38:47', '2014-04-29 09:08:47'),
(1122, 22, 208, '0.00', '2014-02-01', '2014-04-29', 1, '2014-04-29', '14:38:47', '2014-04-29 09:08:47'),
(1123, 22, 209, '0.00', '2014-02-01', '2014-04-29', 1, '2014-04-29', '14:38:47', '2014-04-29 09:08:47'),
(1124, 22, 210, '0.00', '2014-02-01', '2014-04-29', 1, '2014-04-29', '14:38:47', '2014-04-29 09:08:47'),
(1125, 22, 211, '0.00', '2014-02-01', '2014-04-29', 1, '2014-04-29', '14:38:47', '2014-04-29 09:08:47'),
(1126, 22, 212, '0.00', '2014-02-01', '2014-04-29', 1, '2014-04-29', '14:38:47', '2014-04-29 09:08:47'),
(1127, 22, 213, '0.00', '2014-02-01', '2014-04-29', 1, '2014-04-29', '14:38:47', '2014-04-29 09:08:47'),
(1128, 22, 214, '0.00', '2014-02-01', '2014-04-29', 1, '2014-04-29', '14:38:47', '2014-04-29 09:08:47'),
(1129, 22, 215, '0.00', '2014-02-01', '2014-04-29', 1, '2014-04-29', '14:38:47', '2014-04-29 09:08:47'),
(1130, 22, 216, '0.00', '2014-02-01', '2014-04-29', 1, '2014-04-29', '14:38:47', '2014-04-29 09:08:47'),
(1131, 22, 217, '0.00', '2014-02-01', '2014-04-29', 1, '2014-04-29', '14:38:47', '2014-04-29 09:08:47'),
(1132, 22, 218, '0.00', '2014-02-01', '2014-04-29', 1, '2014-04-29', '14:38:47', '2014-04-29 09:08:47'),
(1133, 22, 219, '0.00', '2014-02-01', '2014-04-29', 1, '2014-04-29', '14:38:47', '2014-04-29 09:08:47'),
(1134, 22, 220, '0.00', '2014-02-01', '2014-04-29', 1, '2014-04-29', '14:38:47', '2014-04-29 09:08:47'),
(1135, 22, 221, '0.00', '2014-02-01', '2014-04-29', 1, '2014-04-29', '14:38:47', '2014-04-29 09:08:47'),
(1136, 22, 222, '0.00', '2014-02-01', '2014-04-29', 1, '2014-04-29', '14:38:47', '2014-04-29 09:08:47'),
(1137, 22, 223, '0.00', '2014-02-01', '2014-04-29', 1, '2014-04-29', '14:38:47', '2014-04-29 09:08:47'),
(1138, 22, 224, '0.00', '2014-02-01', '2014-04-29', 1, '2014-04-29', '14:38:47', '2014-04-29 09:08:47'),
(1139, 22, 225, '0.00', '2014-02-01', '2014-04-29', 1, '2014-04-29', '14:38:47', '2014-04-29 09:08:47'),
(1140, 22, 226, '0.00', '2014-02-01', '2014-04-29', 1, '2014-04-29', '14:38:47', '2014-04-29 09:08:47'),
(1141, 22, 227, '0.00', '2014-02-01', '2014-04-29', 1, '2014-04-29', '14:38:47', '2014-04-29 09:08:47'),
(1142, 22, 228, '0.00', '2014-02-01', '2014-04-29', 1, '2014-04-29', '14:38:47', '2014-04-29 09:08:47'),
(1143, 22, 229, '0.00', '2014-02-01', '2014-04-29', 1, '2014-04-29', '14:38:47', '2014-04-29 09:08:47'),
(1144, 22, 230, '0.00', '2014-02-01', '2014-04-29', 1, '2014-04-29', '14:38:47', '2014-04-29 09:08:47'),
(1145, 22, 231, '0.00', '2014-02-01', '2014-04-29', 1, '2014-04-29', '14:38:47', '2014-04-29 09:08:47'),
(1146, 22, 232, '0.00', '2014-02-01', '2014-04-29', 1, '2014-04-29', '14:38:47', '2014-04-29 09:08:47'),
(1147, 22, 233, '0.00', '2014-02-01', '2014-04-29', 1, '2014-04-29', '14:38:47', '2014-04-29 09:08:47'),
(1148, 22, 234, '0.00', '2014-02-01', '2014-04-29', 1, '2014-04-29', '14:38:47', '2014-04-29 09:08:47'),
(1149, 22, 235, '0.00', '2014-02-01', '2014-04-29', 1, '2014-04-29', '14:38:47', '2014-04-29 09:08:47'),
(1150, 22, 236, '0.00', '2014-02-01', '2014-04-29', 1, '2014-04-29', '14:38:47', '2014-04-29 09:08:47'),
(1151, 22, 237, '0.00', '2014-02-01', '2014-04-29', 1, '2014-04-29', '14:38:47', '2014-04-29 09:08:47'),
(1152, 22, 238, '0.00', '2014-02-01', '2014-04-29', 1, '2014-04-29', '14:38:47', '2014-04-29 09:08:47'),
(1153, 22, 239, '0.00', '2014-02-01', '2014-04-29', 1, '2014-04-29', '14:38:47', '2014-04-29 09:08:47'),
(1154, 22, 240, '0.00', '2014-02-01', '2014-04-29', 1, '2014-04-29', '14:38:47', '2014-04-29 09:08:47'),
(1155, 22, 241, '0.00', '2014-02-01', '2014-04-29', 1, '2014-04-29', '14:38:47', '2014-04-29 09:08:47'),
(1156, 22, 242, '0.00', '2014-02-01', '2014-04-29', 1, '2014-04-29', '14:38:47', '2014-04-29 09:08:47'),
(1157, 22, 243, '0.00', '2014-02-01', '2014-04-29', 1, '2014-04-29', '14:38:47', '2014-04-29 09:08:47'),
(1158, 22, 244, '0.00', '2014-02-01', '2014-04-29', 1, '2014-04-29', '14:38:47', '2014-04-29 09:08:47'),
(1159, 22, 245, '0.00', '2014-02-01', '2014-04-29', 1, '2014-04-29', '14:38:47', '2014-04-29 09:08:47'),
(1160, 22, 246, '0.00', '2014-02-01', '2014-04-29', 1, '2014-04-29', '14:38:47', '2014-04-29 09:08:47'),
(1161, 22, 247, '0.00', '2014-02-01', '2014-04-29', 1, '2014-04-29', '14:38:47', '2014-04-29 09:08:47'),
(1162, 22, 248, '0.00', '2014-02-01', '2014-04-29', 1, '2014-04-29', '14:38:47', '2014-04-29 09:08:47'),
(1163, 22, 249, '0.00', '2014-02-01', '2014-04-29', 1, '2014-04-29', '14:38:47', '2014-04-29 09:08:47'),
(1164, 22, 250, '0.00', '2014-02-01', '2014-04-29', 1, '2014-04-29', '14:38:47', '2014-04-29 09:08:47'),
(1165, 22, 251, '0.00', '2014-02-01', '2014-04-29', 1, '2014-04-29', '14:38:47', '2014-04-29 09:08:47'),
(1166, 22, 252, '0.00', '2014-02-01', '2014-04-29', 1, '2014-04-29', '14:38:47', '2014-04-29 09:08:47'),
(1167, 22, 253, '0.00', '2014-02-01', '2014-04-29', 1, '2014-04-29', '14:38:47', '2014-04-29 09:08:47'),
(1168, 22, 254, '0.00', '2014-02-01', '2014-04-29', 1, '2014-04-29', '14:38:47', '2014-04-29 09:08:47'),
(1169, 22, 255, '0.00', '2014-02-01', '2014-04-29', 1, '2014-04-29', '14:38:47', '2014-04-29 09:08:47'),
(1170, 22, 256, '0.00', '2014-02-01', '2014-04-29', 1, '2014-04-29', '14:38:47', '2014-04-29 09:08:47'),
(1171, 22, 257, '0.00', '2014-02-01', '2014-04-29', 1, '2014-04-29', '14:38:47', '2014-04-29 09:08:47'),
(1172, 22, 258, '0.00', '2014-02-01', '2014-04-29', 1, '2014-04-29', '14:38:47', '2014-04-29 09:08:47'),
(1173, 22, 259, '0.00', '2014-02-01', '2014-04-29', 1, '2014-04-29', '14:38:47', '2014-04-29 09:08:47'),
(1174, 22, 260, '0.00', '2014-02-01', '2014-04-29', 1, '2014-04-29', '14:38:47', '2014-04-29 09:08:47'),
(1175, 22, 261, '0.00', '2014-02-01', '2014-04-29', 1, '2014-04-29', '14:38:47', '2014-04-29 09:08:47'),
(1176, 22, 262, '0.00', '2014-02-01', '2014-04-29', 1, '2014-04-29', '14:38:47', '2014-04-29 09:08:47'),
(1177, 22, 263, '0.00', '2014-02-01', '2014-04-29', 1, '2014-04-29', '14:38:47', '2014-04-29 09:08:47'),
(1178, 22, 264, '0.00', '2014-02-01', '2014-04-29', 1, '2014-04-29', '14:38:47', '2014-04-29 09:08:47'),
(1179, 22, 265, '0.00', '2014-02-01', '2014-04-29', 1, '2014-04-29', '14:38:47', '2014-04-29 09:08:47'),
(1180, 22, 266, '0.00', '2014-02-01', '2014-04-29', 1, '2014-04-29', '14:38:47', '2014-04-29 09:08:47'),
(1181, 22, 267, '0.00', '2014-02-01', '2014-04-29', 1, '2014-04-29', '14:38:47', '2014-04-29 09:08:47'),
(1182, 22, 268, '0.00', '2014-02-01', '2014-04-29', 1, '2014-04-29', '14:38:47', '2014-04-29 09:08:47'),
(1183, 22, 269, '0.00', '2014-02-01', '2014-04-29', 1, '2014-04-29', '14:38:47', '2014-04-29 09:08:47'),
(1184, 22, 270, '0.00', '2014-02-01', '2014-04-29', 1, '2014-04-29', '14:38:47', '2014-04-29 09:08:47'),
(1185, 22, 271, '0.00', '2014-02-01', '2014-04-29', 1, '2014-04-29', '14:38:47', '2014-04-29 09:08:47'),
(1186, 22, 272, '0.00', '2014-02-01', '2014-04-29', 1, '2014-04-29', '14:38:47', '2014-04-29 09:08:47'),
(1187, 22, 273, '0.00', '2014-02-01', '2014-04-29', 1, '2014-04-29', '14:38:47', '2014-04-29 09:08:47'),
(1188, 22, 274, '0.00', '2014-02-01', '2014-04-29', 1, '2014-04-29', '14:38:47', '2014-04-29 09:08:47'),
(1189, 22, 275, '0.00', '2014-02-01', '2014-04-29', 1, '2014-04-29', '14:38:47', '2014-04-29 09:08:47'),
(1190, 22, 276, '0.00', '2014-02-01', '2014-04-29', 1, '2014-04-29', '14:38:47', '2014-04-29 09:08:47'),
(1191, 22, 277, '0.00', '2014-02-01', '2014-04-29', 1, '2014-04-29', '14:38:47', '2014-04-29 09:08:47'),
(1192, 22, 278, '0.00', '2014-02-01', '2014-04-29', 1, '2014-04-29', '14:38:47', '2014-04-29 09:08:47'),
(1193, 22, 279, '0.00', '2014-02-01', '2014-04-29', 1, '2014-04-29', '14:38:47', '2014-04-29 09:08:47'),
(1194, 22, 280, '0.00', '2014-02-01', '2014-04-29', 1, '2014-04-29', '14:38:47', '2014-04-29 09:08:47'),
(1195, 22, 281, '0.00', '2014-02-01', '2014-04-29', 1, '2014-04-29', '14:38:47', '2014-04-29 09:08:47'),
(1196, 22, 282, '0.00', '2014-02-01', '2014-04-29', 1, '2014-04-29', '14:38:47', '2014-04-29 09:08:47'),
(1197, 22, 283, '0.00', '2014-02-01', '2014-04-29', 1, '2014-04-29', '14:38:47', '2014-04-29 09:08:47'),
(1198, 22, 284, '0.00', '2014-02-01', '2014-04-29', 1, '2014-04-29', '14:38:47', '2014-04-29 09:08:47'),
(1199, 22, 285, '0.00', '2014-02-01', '2014-04-29', 1, '2014-04-29', '14:38:47', '2014-04-29 09:08:47'),
(1200, 22, 286, '0.00', '2014-02-01', '2014-04-29', 1, '2014-04-29', '14:38:47', '2014-04-29 09:08:47'),
(1201, 22, 287, '0.00', '2014-02-01', '2014-04-29', 1, '2014-04-29', '14:38:47', '2014-04-29 09:08:47'),
(1202, 22, 288, '0.00', '2014-02-01', '2014-04-29', 1, '2014-04-29', '14:38:47', '2014-04-29 09:08:47'),
(1203, 22, 289, '0.00', '2014-02-01', '2014-04-29', 1, '2014-04-29', '14:38:47', '2014-04-29 09:08:47'),
(1204, 22, 290, '0.00', '2014-02-01', '2014-04-29', 1, '2014-04-29', '14:38:47', '2014-04-29 09:08:47'),
(1205, 22, 291, '0.00', '2014-02-01', '2014-04-29', 1, '2014-04-29', '14:38:47', '2014-04-29 09:08:47'),
(1206, 22, 292, '0.00', '2014-02-01', '2014-04-29', 1, '2014-04-29', '14:38:47', '2014-04-29 09:08:47'),
(1207, 22, 293, '0.00', '2014-02-01', '2014-04-29', 1, '2014-04-29', '14:38:47', '2014-04-29 09:08:47'),
(1208, 22, 294, '0.00', '2014-02-01', '2014-04-29', 1, '2014-04-29', '14:38:47', '2014-04-29 09:08:47'),
(1209, 22, 295, '0.00', '2014-02-01', '2014-04-29', 1, '2014-04-29', '14:38:47', '2014-04-29 09:08:47'),
(1210, 22, 296, '0.00', '2014-02-01', '2014-04-29', 1, '2014-04-29', '14:38:47', '2014-04-29 09:08:47'),
(1211, 22, 297, '0.00', '2014-02-01', '2014-04-29', 1, '2014-04-29', '14:38:47', '2014-04-29 09:08:47'),
(1212, 22, 298, '0.00', '2014-02-01', '2014-04-29', 1, '2014-04-29', '14:38:47', '2014-04-29 09:08:47'),
(1213, 22, 299, '0.00', '2014-02-01', '2014-04-29', 1, '2014-04-29', '14:38:47', '2014-04-29 09:08:47'),
(1214, 22, 300, '0.00', '2014-02-01', '2014-04-29', 1, '2014-04-29', '14:38:47', '2014-04-29 09:08:47'),
(1215, 22, 301, '0.00', '2014-02-01', '2014-04-29', 1, '2014-04-29', '14:38:47', '2014-04-29 09:08:47'),
(1216, 22, 302, '0.00', '2014-02-01', '2014-04-29', 1, '2014-04-29', '14:38:47', '2014-04-29 09:08:47'),
(1217, 22, 303, '0.00', '2014-02-01', '2014-04-29', 1, '2014-04-29', '14:38:47', '2014-04-29 09:08:47'),
(1218, 22, 304, '0.00', '2014-02-01', '2014-04-29', 1, '2014-04-29', '14:38:47', '2014-04-29 09:08:47'),
(1219, 22, 305, '0.00', '2014-02-01', '2014-04-29', 1, '2014-04-29', '14:38:47', '2014-04-29 09:08:47'),
(1220, 22, 306, '0.00', '2014-02-01', '2014-04-29', 1, '2014-04-29', '14:38:47', '2014-04-29 09:08:47'),
(1221, 22, 307, '0.00', '2014-02-01', '2014-04-29', 1, '2014-04-29', '14:38:47', '2014-04-29 09:08:47'),
(1222, 22, 308, '0.00', '2014-02-01', '2014-04-29', 1, '2014-04-29', '14:38:47', '2014-04-29 09:08:47'),
(1223, 22, 309, '0.00', '2014-02-01', '2014-04-29', 1, '2014-04-29', '14:38:47', '2014-04-29 09:08:47'),
(1224, 22, 310, '0.00', '2014-02-01', '2014-04-29', 1, '2014-04-29', '14:38:47', '2014-04-29 09:08:47'),
(1225, 22, 311, '0.00', '2014-02-01', '2014-04-29', 1, '2014-04-29', '14:38:47', '2014-04-29 09:08:47'),
(1226, 22, 312, '0.00', '2014-02-01', '2014-04-29', 1, '2014-04-29', '14:38:47', '2014-04-29 09:08:47'),
(1227, 22, 313, '0.00', '2014-02-01', '2014-04-29', 1, '2014-04-29', '14:38:47', '2014-04-29 09:08:47'),
(1228, 22, 314, '0.00', '2014-02-01', '2014-04-29', 1, '2014-04-29', '14:38:47', '2014-04-29 09:08:47'),
(1229, 22, 315, '0.00', '2014-02-01', '2014-04-29', 1, '2014-04-29', '14:38:47', '2014-04-29 09:08:47'),
(1230, 22, 316, '0.00', '2014-02-01', '2014-04-29', 1, '2014-04-29', '14:38:47', '2014-04-29 09:08:47'),
(1231, 22, 317, '0.00', '2014-02-01', '2014-04-29', 1, '2014-04-29', '14:38:47', '2014-04-29 09:08:47'),
(1232, 22, 318, '0.00', '2014-02-01', '2014-04-29', 1, '2014-04-29', '14:38:47', '2014-04-29 09:08:47'),
(1233, 22, 319, '0.00', '2014-02-01', '2014-04-29', 1, '2014-04-29', '14:38:47', '2014-04-29 09:08:47'),
(1234, 22, 320, '0.00', '2014-02-01', '2014-04-29', 1, '2014-04-29', '14:38:47', '2014-04-29 09:08:47'),
(1235, 22, 321, '0.00', '2014-02-01', '2014-04-29', 1, '2014-04-29', '14:38:47', '2014-04-29 09:08:47'),
(1236, 22, 322, '0.00', '2014-02-01', '2014-04-29', 1, '2014-04-29', '14:38:47', '2014-04-29 09:08:47'),
(1237, 22, 323, '0.00', '2014-02-01', '2014-04-29', 1, '2014-04-29', '14:38:47', '2014-04-29 09:08:47'),
(1238, 22, 324, '0.00', '2014-02-01', '2014-04-29', 1, '2014-04-29', '14:38:47', '2014-04-29 09:08:47'),
(1239, 22, 325, '0.00', '2014-02-01', '2014-04-29', 1, '2014-04-29', '14:38:47', '2014-04-29 09:08:47'),
(1240, 22, 326, '0.00', '2014-02-01', '2014-04-29', 1, '2014-04-29', '14:38:47', '2014-04-29 09:08:47'),
(1241, 22, 327, '0.00', '2014-02-01', '2014-04-29', 1, '2014-04-29', '14:38:47', '2014-04-29 09:08:47'),
(1242, 22, 328, '0.00', '2014-02-01', '2014-04-29', 1, '2014-04-29', '14:38:47', '2014-04-29 09:08:47'),
(1243, 22, 329, '0.00', '2014-02-01', '2014-04-29', 1, '2014-04-29', '14:38:47', '2014-04-29 09:08:47'),
(1244, 22, 330, '0.00', '2014-02-01', '2014-04-29', 1, '2014-04-29', '14:38:47', '2014-04-29 09:08:47'),
(1245, 22, 331, '0.00', '2014-02-01', '2014-04-29', 1, '2014-04-29', '14:38:47', '2014-04-29 09:08:47'),
(1246, 22, 332, '0.00', '2014-02-01', '2014-04-29', 1, '2014-04-29', '14:38:47', '2014-04-29 09:08:47'),
(1247, 22, 333, '0.00', '2014-02-01', '2014-04-29', 1, '2014-04-29', '14:38:47', '2014-04-29 09:08:47'),
(1248, 22, 334, '0.00', '2014-02-01', '2014-04-29', 1, '2014-04-29', '14:38:47', '2014-04-29 09:08:47'),
(1249, 22, 335, '0.00', '2014-02-01', '2014-04-29', 1, '2014-04-29', '14:38:47', '2014-04-29 09:08:47'),
(1250, 22, 336, '0.00', '2014-02-01', '2014-04-29', 1, '2014-04-29', '14:38:47', '2014-04-29 09:08:47'),
(1251, 22, 337, '0.00', '2014-02-01', '2014-04-29', 1, '2014-04-29', '14:38:47', '2014-04-29 09:08:47'),
(1252, 22, 338, '0.00', '2014-02-01', '2014-04-29', 1, '2014-04-29', '14:38:47', '2014-04-29 09:08:47'),
(1253, 22, 339, '0.00', '2014-02-01', '2014-04-29', 1, '2014-04-29', '14:38:47', '2014-04-29 09:08:47'),
(1254, 22, 340, '0.00', '2014-02-01', '2014-04-29', 1, '2014-04-29', '14:38:47', '2014-04-29 09:08:47'),
(1255, 22, 341, '0.00', '2014-02-01', '2014-04-29', 1, '2014-04-29', '14:38:47', '2014-04-29 09:08:47'),
(1256, 22, 342, '0.00', '2014-02-01', '2014-04-29', 1, '2014-04-29', '14:38:47', '2014-04-29 09:08:47'),
(1257, 22, 343, '0.00', '2014-02-01', '2014-04-29', 1, '2014-04-29', '14:38:47', '2014-04-29 09:08:47'),
(1258, 22, 344, '0.00', '2014-02-01', '2014-04-29', 1, '2014-04-29', '14:38:47', '2014-04-29 09:08:47'),
(1259, 22, 345, '0.00', '2014-02-01', '2014-04-29', 1, '2014-04-29', '14:38:47', '2014-04-29 09:08:47'),
(1260, 22, 346, '0.00', '2014-02-01', '2014-04-29', 1, '2014-04-29', '14:38:47', '2014-04-29 09:08:47'),
(1261, 22, 347, '0.00', '2014-02-01', '2014-04-29', 1, '2014-04-29', '14:38:47', '2014-04-29 09:08:47'),
(1262, 22, 348, '0.00', '2014-02-01', '2014-04-29', 1, '2014-04-29', '14:38:47', '2014-04-29 09:08:47'),
(1263, 22, 349, '0.00', '2014-02-01', '2014-04-29', 1, '2014-04-29', '14:38:47', '2014-04-29 09:08:47'),
(1264, 22, 350, '0.00', '2014-02-01', '2014-04-29', 1, '2014-04-29', '14:38:47', '2014-04-29 09:08:47'),
(1265, 22, 351, '0.00', '2014-02-01', '2014-04-29', 1, '2014-04-29', '14:38:47', '2014-04-29 09:08:47'),
(1266, 22, 352, '0.00', '2014-02-01', '2014-04-29', 1, '2014-04-29', '14:38:47', '2014-04-29 09:08:47'),
(1267, 22, 353, '0.00', '2014-02-01', '2014-04-29', 1, '2014-04-29', '14:38:47', '2014-04-29 09:08:47'),
(1268, 22, 354, '0.00', '2014-02-01', '2014-04-29', 1, '2014-04-29', '14:38:47', '2014-04-29 09:08:47'),
(1269, 22, 355, '0.00', '2014-02-01', '2014-04-29', 1, '2014-04-29', '14:38:47', '2014-04-29 09:08:47'),
(1270, 22, 356, '0.00', '2014-02-01', '2014-04-29', 1, '2014-04-29', '14:38:47', '2014-04-29 09:08:47'),
(1271, 22, 357, '0.00', '2014-02-01', '2014-04-29', 1, '2014-04-29', '14:38:47', '2014-04-29 09:08:47'),
(1272, 22, 358, '0.00', '2014-02-01', '2014-04-29', 1, '2014-04-29', '14:38:47', '2014-04-29 09:08:47'),
(1273, 22, 359, '0.00', '2014-02-01', '2014-04-29', 1, '2014-04-29', '14:38:47', '2014-04-29 09:08:47'),
(1274, 22, 360, '0.00', '2014-02-01', '2014-04-29', 1, '2014-04-29', '14:38:47', '2014-04-29 09:08:47'),
(1275, 22, 361, '0.00', '2014-02-01', '2014-04-29', 1, '2014-04-29', '14:38:47', '2014-04-29 09:08:47'),
(1276, 22, 362, '0.00', '2014-02-01', '2014-04-29', 1, '2014-04-29', '14:38:47', '2014-04-29 09:08:47'),
(1277, 22, 363, '0.00', '2014-02-01', '2014-04-29', 1, '2014-04-29', '14:38:47', '2014-04-29 09:08:47'),
(1278, 22, 364, '0.00', '2014-02-01', '2014-04-29', 1, '2014-04-29', '14:38:47', '2014-04-29 09:08:47'),
(1279, 22, 365, '0.00', '2014-02-01', '2014-04-29', 1, '2014-04-29', '14:38:47', '2014-04-29 09:08:47'),
(1280, 22, 366, '0.00', '2014-02-01', '2014-04-29', 1, '2014-04-29', '14:38:47', '2014-04-29 09:08:47'),
(1281, 22, 367, '0.00', '2014-02-01', '2014-04-29', 1, '2014-04-29', '14:38:47', '2014-04-29 09:08:47'),
(1282, 22, 368, '0.00', '2014-02-01', '2014-04-29', 1, '2014-04-29', '14:38:47', '2014-04-29 09:08:47'),
(1283, 22, 369, '0.00', '2014-02-01', '2014-04-29', 1, '2014-04-29', '14:38:47', '2014-04-29 09:08:47'),
(1284, 22, 370, '0.00', '2014-02-01', '2014-04-29', 1, '2014-04-29', '14:38:47', '2014-04-29 09:08:47'),
(1285, 22, 371, '0.00', '2014-02-01', '2014-04-29', 1, '2014-04-29', '14:38:47', '2014-04-29 09:08:47'),
(1286, 22, 372, '0.00', '2014-02-01', '2014-04-29', 1, '2014-04-29', '14:38:47', '2014-04-29 09:08:47'),
(1287, 22, 373, '0.00', '2014-02-01', '2014-04-29', 1, '2014-04-29', '14:38:47', '2014-04-29 09:08:47'),
(1288, 22, 374, '0.00', '2014-02-01', '2014-04-29', 1, '2014-04-29', '14:38:47', '2014-04-29 09:08:47'),
(1289, 22, 375, '0.00', '2014-02-01', '2014-04-29', 1, '2014-04-29', '14:38:47', '2014-04-29 09:08:47'),
(1290, 22, 376, '0.00', '2014-02-01', '2014-04-29', 1, '2014-04-29', '14:38:47', '2014-04-29 09:08:47'),
(1291, 22, 377, '0.00', '2014-02-01', '2014-04-29', 1, '2014-04-29', '14:38:47', '2014-04-29 09:08:47'),
(1292, 22, 378, '0.00', '2014-02-01', '2014-04-29', 1, '2014-04-29', '14:38:47', '2014-04-29 09:08:47'),
(1293, 22, 379, '0.00', '2014-02-01', '2014-04-29', 1, '2014-04-29', '14:38:47', '2014-04-29 09:08:47'),
(1294, 22, 380, '0.00', '2014-02-01', '2014-04-29', 1, '2014-04-29', '14:38:47', '2014-04-29 09:08:47'),
(1295, 22, 381, '0.00', '2014-02-01', '2014-04-29', 1, '2014-04-29', '14:38:47', '2014-04-29 09:08:47'),
(1296, 22, 382, '0.00', '2014-02-01', '2014-04-29', 1, '2014-04-29', '14:38:47', '2014-04-29 09:08:47'),
(1297, 22, 383, '0.00', '2014-02-01', '2014-04-29', 1, '2014-04-29', '14:38:47', '2014-04-29 09:08:47'),
(1298, 22, 384, '0.00', '2014-02-01', '2014-04-29', 1, '2014-04-29', '14:38:47', '2014-04-29 09:08:47'),
(1299, 22, 385, '0.00', '2014-02-01', '2014-04-29', 1, '2014-04-29', '14:38:47', '2014-04-29 09:08:47'),
(1300, 22, 386, '0.00', '2014-02-01', '2014-04-29', 1, '2014-04-29', '14:38:47', '2014-04-29 09:08:47'),
(1301, 22, 387, '0.00', '2014-02-01', '2014-04-29', 1, '2014-04-29', '14:38:47', '2014-04-29 09:08:47'),
(1302, 22, 388, '0.00', '2014-02-01', '2014-04-29', 1, '2014-04-29', '14:38:47', '2014-04-29 09:08:47'),
(1303, 22, 389, '0.00', '2014-02-01', '2014-04-29', 1, '2014-04-29', '14:38:47', '2014-04-29 09:08:47'),
(1304, 22, 390, '0.00', '2014-02-01', '2014-04-29', 1, '2014-04-29', '14:38:47', '2014-04-29 09:08:47'),
(1305, 22, 391, '0.00', '2014-02-01', '2014-04-29', 1, '2014-04-29', '14:38:47', '2014-04-29 09:08:47'),
(1306, 22, 392, '0.00', '2014-02-01', '2014-04-29', 1, '2014-04-29', '14:38:47', '2014-04-29 09:08:47'),
(1307, 22, 393, '0.00', '2014-02-01', '2014-04-29', 1, '2014-04-29', '14:38:47', '2014-04-29 09:08:47'),
(1308, 22, 394, '0.00', '2014-02-01', '2014-04-29', 1, '2014-04-29', '14:38:47', '2014-04-29 09:08:47'),
(1309, 22, 395, '0.00', '2014-02-01', '2014-04-29', 1, '2014-04-29', '14:38:47', '2014-04-29 09:08:47'),
(1310, 22, 396, '0.00', '2014-02-01', '2014-04-29', 1, '2014-04-29', '14:38:47', '2014-04-29 09:08:47'),
(1311, 22, 397, '0.00', '2014-02-01', '2014-04-29', 1, '2014-04-29', '14:38:47', '2014-04-29 09:08:47'),
(1312, 22, 398, '0.00', '2014-02-01', '2014-04-29', 1, '2014-04-29', '14:38:47', '2014-04-29 09:08:47'),
(1313, 22, 399, '0.00', '2014-02-01', '2014-04-29', 1, '2014-04-29', '14:38:47', '2014-04-29 09:08:47'),
(1314, 22, 400, '0.00', '2014-02-01', '2014-04-29', 1, '2014-04-29', '14:38:47', '2014-04-29 09:08:47'),
(1315, 22, 401, '0.00', '2014-02-01', '2014-04-29', 1, '2014-04-29', '14:38:47', '2014-04-29 09:08:47'),
(1316, 22, 402, '0.00', '2014-02-01', '2014-04-29', 1, '2014-04-29', '14:38:47', '2014-04-29 09:08:47'),
(1317, 22, 403, '0.00', '2014-02-01', '2014-04-29', 1, '2014-04-29', '14:38:47', '2014-04-29 09:08:47'),
(1318, 22, 404, '0.00', '2014-02-01', '2014-04-29', 1, '2014-04-29', '14:38:47', '2014-04-29 09:08:47'),
(1319, 22, 405, '0.00', '2014-02-01', '2014-04-29', 1, '2014-04-29', '14:38:47', '2014-04-29 09:08:47'),
(1320, 22, 406, '0.00', '2014-02-01', '2014-04-29', 1, '2014-04-29', '14:38:47', '2014-04-29 09:08:47'),
(1321, 22, 407, '0.00', '2014-02-01', '2014-04-29', 1, '2014-04-29', '14:38:47', '2014-04-29 09:08:47'),
(1322, 22, 408, '0.00', '2014-02-01', '2014-04-29', 1, '2014-04-29', '14:38:47', '2014-04-29 09:08:47'),
(1323, 22, 409, '0.00', '2014-02-01', '2014-04-29', 1, '2014-04-29', '14:38:47', '2014-04-29 09:08:47'),
(1324, 22, 410, '0.00', '2014-02-01', '2014-04-29', 1, '2014-04-29', '14:38:47', '2014-04-29 09:08:47'),
(1325, 22, 411, '0.00', '2014-02-01', '2014-04-29', 1, '2014-04-29', '14:38:47', '2014-04-29 09:08:47'),
(1326, 22, 412, '0.00', '2014-02-01', '2014-04-29', 1, '2014-04-29', '14:38:47', '2014-04-29 09:08:47'),
(1327, 22, 413, '0.00', '2014-02-01', '2014-04-29', 1, '2014-04-29', '14:38:47', '2014-04-29 09:08:47'),
(1328, 22, 414, '0.00', '2014-02-01', '2014-04-29', 1, '2014-04-29', '14:38:47', '2014-04-29 09:08:47'),
(1329, 22, 415, '0.00', '2014-02-01', '2014-04-29', 1, '2014-04-29', '14:38:47', '2014-04-29 09:08:47'),
(1330, 22, 416, '0.00', '2014-02-01', '2014-04-29', 1, '2014-04-29', '14:38:47', '2014-04-29 09:08:47'),
(1331, 22, 417, '0.00', '2014-02-01', '2014-04-29', 1, '2014-04-29', '14:38:47', '2014-04-29 09:08:47'),
(1332, 22, 418, '0.00', '2014-02-01', '2014-04-29', 1, '2014-04-29', '14:38:47', '2014-04-29 09:08:47'),
(1333, 22, 419, '0.00', '2014-02-01', '2014-04-29', 1, '2014-04-29', '14:38:47', '2014-04-29 09:08:47'),
(1334, 22, 420, '0.00', '2014-02-01', '2014-04-29', 1, '2014-04-29', '14:38:47', '2014-04-29 09:08:47'),
(1335, 22, 421, '0.00', '2014-02-01', '2014-04-29', 1, '2014-04-29', '14:38:47', '2014-04-29 09:08:47'),
(1336, 22, 422, '0.00', '2014-02-01', '2014-04-29', 1, '2014-04-29', '14:38:47', '2014-04-29 09:08:47'),
(1337, 22, 423, '0.00', '2014-02-01', '2014-04-29', 1, '2014-04-29', '14:38:47', '2014-04-29 09:08:47'),
(1338, 22, 424, '0.00', '2014-02-01', '2014-04-29', 1, '2014-04-29', '14:38:47', '2014-04-29 09:08:47'),
(1339, 22, 425, '0.00', '2014-02-01', '2014-04-29', 1, '2014-04-29', '14:38:47', '2014-04-29 09:08:47'),
(1340, 22, 426, '0.00', '2014-02-01', '2014-04-29', 1, '2014-04-29', '14:38:47', '2014-04-29 09:08:47'),
(1341, 22, 427, '0.00', '2014-02-01', '2014-04-29', 1, '2014-04-29', '14:38:47', '2014-04-29 09:08:47'),
(1342, 22, 428, '0.00', '2014-02-01', '2014-04-29', 1, '2014-04-29', '14:38:47', '2014-04-29 09:08:47'),
(1343, 22, 429, '0.00', '2014-02-01', '2014-04-29', 1, '2014-04-29', '14:38:47', '2014-04-29 09:08:47'),
(1344, 22, 430, '0.00', '2014-02-01', '2014-04-29', 1, '2014-04-29', '14:38:47', '2014-04-29 09:08:47'),
(1345, 22, 431, '0.00', '2014-02-01', '2014-04-29', 1, '2014-04-29', '14:38:47', '2014-04-29 09:08:47'),
(1346, 22, 432, '0.00', '2014-02-01', '2014-04-29', 1, '2014-04-29', '14:38:47', '2014-04-29 09:08:47'),
(1347, 22, 433, '0.00', '2014-02-01', '2014-04-29', 1, '2014-04-29', '14:38:47', '2014-04-29 09:08:47'),
(1348, 22, 434, '0.00', '2014-02-01', '2014-04-29', 1, '2014-04-29', '14:38:47', '2014-04-29 09:08:47'),
(1349, 22, 435, '0.00', '2014-02-01', '2014-04-29', 1, '2014-04-29', '14:38:47', '2014-04-29 09:08:47'),
(1350, 22, 436, '0.00', '2014-02-01', '2014-04-29', 1, '2014-04-29', '14:38:47', '2014-04-29 09:08:47'),
(1351, 22, 437, '0.00', '2014-02-01', '2014-04-29', 1, '2014-04-29', '14:38:47', '2014-04-29 09:08:47'),
(1352, 22, 438, '0.00', '2014-02-01', '2014-04-29', 1, '2014-04-29', '14:38:47', '2014-04-29 09:08:47'),
(1353, 22, 439, '0.00', '2014-02-01', '2014-04-29', 1, '2014-04-29', '14:38:47', '2014-04-29 09:08:47'),
(1354, 22, 440, '0.00', '2014-02-01', '2014-04-29', 1, '2014-04-29', '14:38:47', '2014-04-29 09:08:47'),
(1355, 22, 441, '0.00', '2014-02-01', '2014-04-29', 1, '2014-04-29', '14:38:47', '2014-04-29 09:08:47'),
(1356, 22, 442, '0.00', '2014-02-01', '2014-04-29', 1, '2014-04-29', '14:38:47', '2014-04-29 09:08:47'),
(1357, 22, 443, '0.00', '2014-02-01', '2014-04-29', 1, '2014-04-29', '14:38:47', '2014-04-29 09:08:47'),
(1358, 22, 444, '0.00', '2014-02-01', '2014-04-29', 1, '2014-04-29', '14:38:47', '2014-04-29 09:08:47'),
(1359, 22, 445, '0.00', '2014-02-01', '2014-04-29', 1, '2014-04-29', '14:38:47', '2014-04-29 09:08:47'),
(1360, 22, 446, '0.00', '2014-02-01', '2014-04-29', 1, '2014-04-29', '14:38:47', '2014-04-29 09:08:47'),
(1361, 22, 447, '0.00', '2014-02-01', '2014-04-29', 1, '2014-04-29', '14:38:47', '2014-04-29 09:08:47'),
(1362, 22, 448, '0.00', '2014-02-01', '2014-04-29', 1, '2014-04-29', '14:38:47', '2014-04-29 09:08:47'),
(1363, 22, 449, '0.00', '2014-02-01', '2014-04-29', 1, '2014-04-29', '14:38:47', '2014-04-29 09:08:47'),
(1364, 22, 450, '0.00', '2014-02-01', '2014-04-29', 1, '2014-04-29', '14:38:47', '2014-04-29 09:08:47'),
(1365, 22, 451, '0.00', '2014-02-01', '2014-04-29', 1, '2014-04-29', '14:38:47', '2014-04-29 09:08:47'),
(1366, 22, 452, '0.00', '2014-02-01', '2014-04-29', 1, '2014-04-29', '14:38:47', '2014-04-29 09:08:47'),
(1367, 22, 453, '0.00', '2014-02-01', '2014-04-29', 1, '2014-04-29', '14:38:47', '2014-04-29 09:08:47'),
(1368, 22, 454, '0.00', '2014-02-01', '2014-04-29', 1, '2014-04-29', '14:38:47', '2014-04-29 09:08:47'),
(1369, 22, 455, '0.00', '2014-02-01', '2014-04-29', 1, '2014-04-29', '14:38:47', '2014-04-29 09:08:47'),
(1370, 22, 456, '0.00', '2014-02-01', '2014-04-29', 1, '2014-04-29', '14:38:47', '2014-04-29 09:08:47'),
(1371, 22, 457, '0.00', '2014-02-01', '2014-04-29', 1, '2014-04-29', '14:38:47', '2014-04-29 09:08:47'),
(1372, 22, 458, '0.00', '2014-02-01', '2014-04-29', 1, '2014-04-29', '14:38:47', '2014-04-29 09:08:47'),
(1373, 22, 459, '0.00', '2014-02-01', '2014-04-29', 1, '2014-04-29', '14:38:47', '2014-04-29 09:08:47'),
(1374, 22, 460, '0.00', '2014-02-01', '2014-04-29', 1, '2014-04-29', '14:38:47', '2014-04-29 09:08:47'),
(1375, 22, 461, '0.00', '2014-02-01', '2014-04-29', 1, '2014-04-29', '14:38:47', '2014-04-29 09:08:47'),
(1376, 22, 462, '0.00', '2014-02-01', '2014-04-29', 1, '2014-04-29', '14:38:47', '2014-04-29 09:08:47'),
(1377, 22, 463, '0.00', '2014-02-01', '2014-04-29', 1, '2014-04-29', '14:38:47', '2014-04-29 09:08:47'),
(1378, 22, 464, '0.00', '2014-02-01', '2014-04-29', 1, '2014-04-29', '14:38:47', '2014-04-29 09:08:47'),
(1379, 22, 465, '0.00', '2014-02-01', '2014-04-29', 1, '2014-04-29', '14:38:47', '2014-04-29 09:08:47'),
(1380, 22, 466, '0.00', '2014-02-01', '2014-04-29', 1, '2014-04-29', '14:38:47', '2014-04-29 09:08:47'),
(1381, 22, 467, '0.00', '2014-02-01', '2014-04-29', 1, '2014-04-29', '14:38:47', '2014-04-29 09:08:47'),
(1382, 22, 468, '0.00', '2014-02-01', '2014-04-29', 1, '2014-04-29', '14:38:47', '2014-04-29 09:08:47'),
(1383, 22, 469, '0.00', '2014-02-01', '2014-04-29', 1, '2014-04-29', '14:38:47', '2014-04-29 09:08:47'),
(1384, 22, 470, '0.00', '2014-02-01', '2014-04-29', 1, '2014-04-29', '14:38:47', '2014-04-29 09:08:47'),
(1385, 22, 471, '0.00', '2014-02-01', '2014-04-29', 1, '2014-04-29', '14:38:47', '2014-04-29 09:08:47'),
(1386, 22, 472, '0.00', '2014-02-01', '2014-04-29', 1, '2014-04-29', '14:38:47', '2014-04-29 09:08:47'),
(1387, 22, 473, '0.00', '2014-02-01', '2014-04-29', 1, '2014-04-29', '14:38:47', '2014-04-29 09:08:47'),
(1388, 22, 474, '0.00', '2014-02-01', '2014-04-29', 1, '2014-04-29', '14:38:47', '2014-04-29 09:08:47'),
(1389, 22, 475, '0.00', '2014-02-01', '2014-04-29', 1, '2014-04-29', '14:38:47', '2014-04-29 09:08:47'),
(1390, 22, 476, '0.00', '2014-02-01', '2014-04-29', 1, '2014-04-29', '14:38:47', '2014-04-29 09:08:47'),
(1391, 22, 477, '0.00', '2014-02-01', '2014-04-29', 1, '2014-04-29', '14:38:47', '2014-04-29 09:08:47'),
(1392, 22, 478, '0.00', '2014-02-01', '2014-04-29', 1, '2014-04-29', '14:38:47', '2014-04-29 09:08:47'),
(1393, 22, 479, '0.00', '2014-02-01', '2014-04-29', 1, '2014-04-29', '14:38:47', '2014-04-29 09:08:47'),
(1394, 22, 480, '0.00', '2014-02-01', '2014-04-29', 1, '2014-04-29', '14:38:47', '2014-04-29 09:08:47'),
(1395, 22, 481, '0.00', '2014-02-01', '2014-04-29', 1, '2014-04-29', '14:38:47', '2014-04-29 09:08:47'),
(1396, 22, 482, '0.00', '2014-02-01', '2014-04-29', 1, '2014-04-29', '14:38:47', '2014-04-29 09:08:47'),
(1397, 22, 483, '0.00', '2014-02-01', '2014-04-29', 1, '2014-04-29', '14:38:47', '2014-04-29 09:08:47'),
(1398, 22, 484, '0.00', '2014-02-01', '2014-04-29', 1, '2014-04-29', '14:38:47', '2014-04-29 09:08:47'),
(1399, 22, 485, '0.00', '2014-02-01', '2014-04-29', 1, '2014-04-29', '14:38:47', '2014-04-29 09:08:47'),
(1400, 22, 486, '0.00', '2014-02-01', '2014-04-29', 1, '2014-04-29', '14:38:47', '2014-04-29 09:08:47'),
(1401, 22, 487, '0.00', '2014-02-01', '2014-04-29', 1, '2014-04-29', '14:38:47', '2014-04-29 09:08:47'),
(1402, 22, 488, '0.00', '2014-02-01', '2014-04-29', 1, '2014-04-29', '14:38:47', '2014-04-29 09:08:47'),
(1403, 22, 489, '0.00', '2014-02-01', '2014-04-29', 1, '2014-04-29', '14:38:47', '2014-04-29 09:08:47'),
(1404, 22, 490, '0.00', '2014-02-01', '2014-04-29', 1, '2014-04-29', '14:38:47', '2014-04-29 09:08:47'),
(1405, 22, 491, '0.00', '2014-02-01', '2014-04-29', 1, '2014-04-29', '14:38:47', '2014-04-29 09:08:47'),
(1406, 22, 492, '0.00', '2014-02-01', '2014-04-29', 1, '2014-04-29', '14:38:47', '2014-04-29 09:08:47'),
(1407, 22, 493, '0.00', '2014-02-01', '2014-04-29', 1, '2014-04-29', '14:38:47', '2014-04-29 09:08:47'),
(1408, 22, 494, '0.00', '2014-02-01', '2014-04-29', 1, '2014-04-29', '14:38:47', '2014-04-29 09:08:47'),
(1409, 22, 495, '0.00', '2014-02-01', '2014-04-29', 1, '2014-04-29', '14:38:47', '2014-04-29 09:08:47'),
(1410, 22, 496, '0.00', '2014-02-01', '2014-04-29', 1, '2014-04-29', '14:38:47', '2014-04-29 09:08:47'),
(1411, 22, 497, '0.00', '2014-02-01', '2014-04-29', 1, '2014-04-29', '14:38:47', '2014-04-29 09:08:47'),
(1412, 22, 498, '0.00', '2014-02-01', '2014-04-29', 1, '2014-04-29', '14:38:47', '2014-04-29 09:08:47'),
(1413, 22, 499, '0.00', '2014-02-01', '2014-04-29', 1, '2014-04-29', '14:38:47', '2014-04-29 09:08:47'),
(1414, 22, 500, '0.00', '2014-02-01', '2014-04-29', 1, '2014-04-29', '14:38:47', '2014-04-29 09:08:47'),
(1415, 22, 501, '0.00', '2014-02-01', '2014-04-29', 1, '2014-04-29', '14:38:47', '2014-04-29 09:08:47'),
(1416, 22, 502, '0.00', '2014-02-01', '2014-04-29', 1, '2014-04-29', '14:38:47', '2014-04-29 09:08:47'),
(1417, 22, 503, '0.00', '2014-02-01', '2014-04-29', 1, '2014-04-29', '14:38:47', '2014-04-29 09:08:47'),
(1418, 22, 504, '0.00', '2014-02-01', '2014-04-29', 1, '2014-04-29', '14:38:47', '2014-04-29 09:08:47'),
(1419, 22, 505, '0.00', '2014-02-01', '2014-04-29', 1, '2014-04-29', '14:38:47', '2014-04-29 09:08:47'),
(1420, 22, 506, '0.00', '2014-02-01', '2014-04-29', 1, '2014-04-29', '14:38:47', '2014-04-29 09:08:47'),
(1421, 22, 507, '0.00', '2014-02-01', '2014-04-29', 1, '2014-04-29', '14:38:47', '2014-04-29 09:08:47'),
(1422, 22, 508, '0.00', '2014-02-01', '2014-04-29', 1, '2014-04-29', '14:38:47', '2014-04-29 09:08:47'),
(1423, 22, 509, '0.00', '2014-02-01', '2014-04-29', 1, '2014-04-29', '14:38:47', '2014-04-29 09:08:47'),
(1424, 22, 510, '0.00', '2014-02-01', '2014-04-29', 1, '2014-04-29', '14:38:47', '2014-04-29 09:08:47'),
(1425, 22, 511, '0.00', '2014-02-01', '2014-04-29', 1, '2014-04-29', '14:38:47', '2014-04-29 09:08:47'),
(1426, 22, 512, '0.00', '2014-02-01', '2014-04-29', 1, '2014-04-29', '14:38:47', '2014-04-29 09:08:47'),
(1427, 22, 513, '0.00', '2014-02-01', '2014-04-29', 1, '2014-04-29', '14:38:47', '2014-04-29 09:08:47'),
(1428, 22, 514, '0.00', '2014-02-01', '2014-04-29', 1, '2014-04-29', '14:38:47', '2014-04-29 09:08:47'),
(1429, 22, 515, '0.00', '2014-02-01', '2014-04-29', 1, '2014-04-29', '14:38:47', '2014-04-29 09:08:47'),
(1430, 22, 516, '0.00', '2014-02-01', '2014-04-29', 1, '2014-04-29', '14:38:47', '2014-04-29 09:08:47'),
(1431, 22, 517, '0.00', '2014-02-01', '2014-04-29', 1, '2014-04-29', '14:38:47', '2014-04-29 09:08:47'),
(1432, 22, 518, '0.00', '2014-02-01', '2014-04-29', 1, '2014-04-29', '14:38:47', '2014-04-29 09:08:47'),
(1433, 22, 519, '0.00', '2014-02-01', '2014-04-29', 1, '2014-04-29', '14:38:47', '2014-04-29 09:08:47'),
(1434, 22, 520, '0.00', '2014-02-01', '2014-04-29', 1, '2014-04-29', '14:38:47', '2014-04-29 09:08:47'),
(1435, 22, 521, '0.00', '2014-02-01', '2014-04-29', 1, '2014-04-29', '14:38:47', '2014-04-29 09:08:47'),
(1436, 22, 522, '0.00', '2014-02-01', '2014-04-29', 1, '2014-04-29', '14:38:47', '2014-04-29 09:08:47'),
(1437, 22, 523, '0.00', '2014-02-01', '2014-04-29', 1, '2014-04-29', '14:38:47', '2014-04-29 09:08:47'),
(1438, 22, 524, '0.00', '2014-02-01', '2014-04-29', 1, '2014-04-29', '14:38:47', '2014-04-29 09:08:47'),
(1439, 22, 525, '0.00', '2014-02-01', '2014-04-29', 1, '2014-04-29', '14:38:47', '2014-04-29 09:08:47'),
(1440, 22, 526, '0.00', '2014-02-01', '2014-04-29', 1, '2014-04-29', '14:38:47', '2014-04-29 09:08:47'),
(1441, 22, 527, '0.00', '2014-02-01', '2014-04-29', 1, '2014-04-29', '14:38:47', '2014-04-29 09:08:47'),
(1442, 22, 528, '0.00', '2014-02-01', '2014-04-29', 1, '2014-04-29', '14:38:47', '2014-04-29 09:08:47'),
(1443, 22, 529, '0.00', '2014-02-01', '2014-04-29', 1, '2014-04-29', '14:38:47', '2014-04-29 09:08:47'),
(1444, 22, 530, '0.00', '2014-02-01', '2014-04-29', 1, '2014-04-29', '14:38:47', '2014-04-29 09:08:47'),
(1445, 22, 531, '0.00', '2014-02-01', '2014-04-29', 1, '2014-04-29', '14:38:47', '2014-04-29 09:08:47'),
(1446, 22, 532, '0.00', '2014-02-01', '2014-04-29', 1, '2014-04-29', '14:38:47', '2014-04-29 09:08:47'),
(1447, 22, 533, '0.00', '2014-02-01', '2014-04-29', 1, '2014-04-29', '14:38:47', '2014-04-29 09:08:47'),
(1448, 22, 534, '0.00', '2014-02-01', '2014-04-29', 1, '2014-04-29', '14:38:47', '2014-04-29 09:08:47'),
(1449, 22, 535, '0.00', '2014-02-01', '2014-04-29', 1, '2014-04-29', '14:38:47', '2014-04-29 09:08:47'),
(1450, 22, 536, '0.00', '2014-02-01', '2014-04-29', 1, '2014-04-29', '14:38:47', '2014-04-29 09:08:47'),
(1451, 22, 537, '0.00', '2014-02-01', '2014-04-29', 1, '2014-04-29', '14:38:47', '2014-04-29 09:08:47'),
(1452, 22, 538, '0.00', '2014-02-01', '2014-04-29', 1, '2014-04-29', '14:38:47', '2014-04-29 09:08:47'),
(1453, 22, 539, '0.00', '2014-02-01', '2014-04-29', 1, '2014-04-29', '14:38:47', '2014-04-29 09:08:47'),
(1454, 22, 540, '0.00', '2014-02-01', '2014-04-29', 1, '2014-04-29', '14:38:47', '2014-04-29 09:08:47'),
(1455, 22, 541, '0.00', '2014-02-01', '2014-04-29', 1, '2014-04-29', '14:38:47', '2014-04-29 09:08:47'),
(1456, 22, 542, '0.00', '2014-02-01', '2014-04-29', 1, '2014-04-29', '14:38:47', '2014-04-29 09:08:47'),
(1457, 22, 543, '0.00', '2014-02-01', '2014-04-29', 1, '2014-04-29', '14:38:47', '2014-04-29 09:08:47'),
(1458, 22, 544, '0.00', '2014-02-01', '2014-04-29', 1, '2014-04-29', '14:38:47', '2014-04-29 09:08:47'),
(1459, 22, 545, '0.00', '2014-02-01', '2014-04-29', 1, '2014-04-29', '14:38:47', '2014-04-29 09:08:47'),
(1460, 22, 546, '0.00', '2014-02-01', '2014-04-29', 1, '2014-04-29', '14:38:47', '2014-04-29 09:08:47'),
(1461, 22, 547, '0.00', '2014-02-01', '2014-04-29', 1, '2014-04-29', '14:38:47', '2014-04-29 09:08:47'),
(1462, 22, 548, '0.00', '2014-02-01', '2014-04-29', 1, '2014-04-29', '14:38:47', '2014-04-29 09:08:47'),
(1463, 22, 549, '0.00', '2014-02-01', '2014-04-29', 1, '2014-04-29', '14:38:47', '2014-04-29 09:08:47'),
(1464, 22, 550, '0.00', '2014-02-01', '2014-04-29', 1, '2014-04-29', '14:38:47', '2014-04-29 09:08:47'),
(1465, 22, 551, '0.00', '2014-02-01', '2014-04-29', 1, '2014-04-29', '14:38:47', '2014-04-29 09:08:47'),
(1466, 22, 552, '0.00', '2014-02-01', '2014-04-29', 1, '2014-04-29', '14:38:47', '2014-04-29 09:08:47'),
(1467, 22, 553, '0.00', '2014-02-01', '2014-04-29', 1, '2014-04-29', '14:38:47', '2014-04-29 09:08:47'),
(1468, 22, 554, '0.00', '2014-02-01', '2014-04-29', 1, '2014-04-29', '14:38:47', '2014-04-29 09:08:47'),
(1469, 22, 555, '0.00', '2014-02-01', '2014-04-29', 1, '2014-04-29', '14:38:47', '2014-04-29 09:08:47'),
(1470, 22, 556, '0.00', '2014-02-01', '2014-04-29', 1, '2014-04-29', '14:38:47', '2014-04-29 09:08:47'),
(1471, 22, 557, '0.00', '2014-02-01', '2014-04-29', 1, '2014-04-29', '14:38:47', '2014-04-29 09:08:47');
INSERT INTO `tbl_terotery_wise_target` (`id_ter_wise_target`, `id_territory`, `id_products`, `product_qty`, `target_st_date`, `target_en_date`, `status`, `added_date`, `added_time`, `time_stamp`) VALUES
(1472, 22, 558, '0.00', '2014-02-01', '2014-04-29', 1, '2014-04-29', '14:38:47', '2014-04-29 09:08:47'),
(1473, 22, 559, '0.00', '2014-02-01', '2014-04-29', 1, '2014-04-29', '14:38:47', '2014-04-29 09:08:47'),
(1474, 22, 560, '0.00', '2014-02-01', '2014-04-29', 1, '2014-04-29', '14:38:47', '2014-04-29 09:08:47'),
(1475, 22, 561, '0.00', '2014-02-01', '2014-04-29', 1, '2014-04-29', '14:38:47', '2014-04-29 09:08:47'),
(1476, 22, 562, '0.00', '2014-02-01', '2014-04-29', 1, '2014-04-29', '14:38:47', '2014-04-29 09:08:47'),
(1477, 22, 563, '0.00', '2014-02-01', '2014-04-29', 1, '2014-04-29', '14:38:47', '2014-04-29 09:08:47'),
(1478, 22, 564, '0.00', '2014-02-01', '2014-04-29', 1, '2014-04-29', '14:38:47', '2014-04-29 09:08:47'),
(1479, 22, 565, '0.00', '2014-02-01', '2014-04-29', 1, '2014-04-29', '14:38:47', '2014-04-29 09:08:47'),
(1480, 22, 566, '0.00', '2014-02-01', '2014-04-29', 1, '2014-04-29', '14:38:47', '2014-04-29 09:08:47'),
(1481, 22, 567, '0.00', '2014-02-01', '2014-04-29', 1, '2014-04-29', '14:38:47', '2014-04-29 09:08:47'),
(1482, 22, 568, '0.00', '2014-02-01', '2014-04-29', 1, '2014-04-29', '14:38:47', '2014-04-29 09:08:47'),
(1483, 22, 569, '0.00', '2014-02-01', '2014-04-29', 1, '2014-04-29', '14:38:47', '2014-04-29 09:08:47'),
(1484, 22, 570, '0.00', '2014-02-01', '2014-04-29', 1, '2014-04-29', '14:38:47', '2014-04-29 09:08:47'),
(1485, 22, 571, '0.00', '2014-02-01', '2014-04-29', 1, '2014-04-29', '14:38:47', '2014-04-29 09:08:47'),
(1486, 22, 572, '0.00', '2014-02-01', '2014-04-29', 1, '2014-04-29', '14:38:47', '2014-04-29 09:08:47'),
(1487, 22, 573, '0.00', '2014-02-01', '2014-04-29', 1, '2014-04-29', '14:38:47', '2014-04-29 09:08:47'),
(1488, 22, 574, '0.00', '2014-02-01', '2014-04-29', 1, '2014-04-29', '14:38:47', '2014-04-29 09:08:47'),
(1489, 22, 575, '0.00', '2014-02-01', '2014-04-29', 1, '2014-04-29', '14:38:47', '2014-04-29 09:08:47'),
(1490, 22, 576, '0.00', '2014-02-01', '2014-04-29', 1, '2014-04-29', '14:38:47', '2014-04-29 09:08:47'),
(1491, 22, 577, '0.00', '2014-02-01', '2014-04-29', 1, '2014-04-29', '14:38:47', '2014-04-29 09:08:47'),
(1492, 22, 578, '0.00', '2014-02-01', '2014-04-29', 1, '2014-04-29', '14:38:47', '2014-04-29 09:08:47'),
(1493, 22, 579, '0.00', '2014-02-01', '2014-04-29', 1, '2014-04-29', '14:38:47', '2014-04-29 09:08:47'),
(1494, 22, 580, '0.00', '2014-02-01', '2014-04-29', 1, '2014-04-29', '14:38:47', '2014-04-29 09:08:47'),
(1495, 22, 581, '0.00', '2014-02-01', '2014-04-29', 1, '2014-04-29', '14:38:47', '2014-04-29 09:08:47'),
(1496, 22, 582, '0.00', '2014-02-01', '2014-04-29', 1, '2014-04-29', '14:38:47', '2014-04-29 09:08:47'),
(1497, 22, 583, '0.00', '2014-02-01', '2014-04-29', 1, '2014-04-29', '14:38:47', '2014-04-29 09:08:47'),
(1498, 22, 584, '0.00', '2014-02-01', '2014-04-29', 1, '2014-04-29', '14:38:47', '2014-04-29 09:08:47'),
(1499, 22, 585, '0.00', '2014-02-01', '2014-04-29', 1, '2014-04-29', '14:38:47', '2014-04-29 09:08:47'),
(1500, 22, 586, '0.00', '2014-02-01', '2014-04-29', 1, '2014-04-29', '14:38:47', '2014-04-29 09:08:47'),
(1501, 22, 587, '0.00', '2014-02-01', '2014-04-29', 1, '2014-04-29', '14:38:47', '2014-04-29 09:08:47'),
(1502, 22, 588, '0.00', '2014-02-01', '2014-04-29', 1, '2014-04-29', '14:38:47', '2014-04-29 09:08:47'),
(1503, 22, 589, '0.00', '2014-02-01', '2014-04-29', 1, '2014-04-29', '14:38:47', '2014-04-29 09:08:47'),
(1504, 22, 590, '0.00', '2014-02-01', '2014-04-29', 1, '2014-04-29', '14:38:47', '2014-04-29 09:08:47'),
(1505, 22, 591, '0.00', '2014-02-01', '2014-04-29', 1, '2014-04-29', '14:38:47', '2014-04-29 09:08:47'),
(1506, 22, 592, '0.00', '2014-02-01', '2014-04-29', 1, '2014-04-29', '14:38:47', '2014-04-29 09:08:47'),
(1507, 22, 593, '0.00', '2014-02-01', '2014-04-29', 1, '2014-04-29', '14:38:47', '2014-04-29 09:08:47'),
(1508, 22, 594, '0.00', '2014-02-01', '2014-04-29', 1, '2014-04-29', '14:38:47', '2014-04-29 09:08:47'),
(1509, 22, 595, '0.00', '2014-02-01', '2014-04-29', 1, '2014-04-29', '14:38:47', '2014-04-29 09:08:47'),
(1510, 22, 596, '0.00', '2014-02-01', '2014-04-29', 1, '2014-04-29', '14:38:47', '2014-04-29 09:08:47'),
(1511, 22, 597, '0.00', '2014-02-01', '2014-04-29', 1, '2014-04-29', '14:38:47', '2014-04-29 09:08:47'),
(1512, 22, 598, '0.00', '2014-02-01', '2014-04-29', 1, '2014-04-29', '14:38:47', '2014-04-29 09:08:47'),
(1513, 22, 599, '0.00', '2014-02-01', '2014-04-29', 1, '2014-04-29', '14:38:47', '2014-04-29 09:08:47'),
(1514, 22, 600, '0.00', '2014-02-01', '2014-04-29', 1, '2014-04-29', '14:38:47', '2014-04-29 09:08:47'),
(1515, 22, 601, '0.00', '2014-02-01', '2014-04-29', 1, '2014-04-29', '14:38:47', '2014-04-29 09:08:47'),
(1516, 22, 602, '0.00', '2014-02-01', '2014-04-29', 1, '2014-04-29', '14:38:47', '2014-04-29 09:08:47'),
(1517, 22, 603, '0.00', '2014-02-01', '2014-04-29', 1, '2014-04-29', '14:38:47', '2014-04-29 09:08:47'),
(1518, 22, 604, '0.00', '2014-02-01', '2014-04-29', 1, '2014-04-29', '14:38:47', '2014-04-29 09:08:47'),
(1519, 22, 605, '0.00', '2014-02-01', '2014-04-29', 1, '2014-04-29', '14:38:47', '2014-04-29 09:08:47'),
(1520, 22, 606, '0.00', '2014-02-01', '2014-04-29', 1, '2014-04-29', '14:38:47', '2014-04-29 09:08:47'),
(1521, 22, 607, '0.00', '2014-02-01', '2014-04-29', 1, '2014-04-29', '14:38:47', '2014-04-29 09:08:47'),
(1522, 22, 608, '0.00', '2014-02-01', '2014-04-29', 1, '2014-04-29', '14:38:47', '2014-04-29 09:08:47'),
(1523, 22, 609, '0.00', '2014-02-01', '2014-04-29', 1, '2014-04-29', '14:38:47', '2014-04-29 09:08:47'),
(1524, 22, 610, '0.00', '2014-02-01', '2014-04-29', 1, '2014-04-29', '14:38:47', '2014-04-29 09:08:47'),
(1525, 22, 611, '0.00', '2014-02-01', '2014-04-29', 1, '2014-04-29', '14:38:47', '2014-04-29 09:08:47'),
(1526, 22, 612, '0.00', '2014-02-01', '2014-04-29', 1, '2014-04-29', '14:38:47', '2014-04-29 09:08:47'),
(1527, 22, 613, '0.00', '2014-02-01', '2014-04-29', 1, '2014-04-29', '14:38:47', '2014-04-29 09:08:47'),
(1528, 22, 614, '0.00', '2014-02-01', '2014-04-29', 1, '2014-04-29', '14:38:47', '2014-04-29 09:08:47'),
(1529, 22, 615, '0.00', '2014-02-01', '2014-04-29', 1, '2014-04-29', '14:38:47', '2014-04-29 09:08:47'),
(1530, 22, 616, '0.00', '2014-02-01', '2014-04-29', 1, '2014-04-29', '14:38:47', '2014-04-29 09:08:47'),
(1531, 22, 617, '0.00', '2014-02-01', '2014-04-29', 1, '2014-04-29', '14:38:47', '2014-04-29 09:08:47'),
(1532, 22, 618, '0.00', '2014-02-01', '2014-04-29', 1, '2014-04-29', '14:38:47', '2014-04-29 09:08:47'),
(1533, 22, 619, '0.00', '2014-02-01', '2014-04-29', 1, '2014-04-29', '14:38:47', '2014-04-29 09:08:47'),
(1534, 22, 620, '0.00', '2014-02-01', '2014-04-29', 1, '2014-04-29', '14:38:47', '2014-04-29 09:08:47'),
(1535, 22, 621, '0.00', '2014-02-01', '2014-04-29', 1, '2014-04-29', '14:38:47', '2014-04-29 09:08:47'),
(1536, 22, 622, '0.00', '2014-02-01', '2014-04-29', 1, '2014-04-29', '14:38:47', '2014-04-29 09:08:47'),
(1537, 22, 623, '0.00', '2014-02-01', '2014-04-29', 1, '2014-04-29', '14:38:47', '2014-04-29 09:08:47'),
(1538, 22, 624, '0.00', '2014-02-01', '2014-04-29', 1, '2014-04-29', '14:38:47', '2014-04-29 09:08:47'),
(1539, 22, 625, '0.00', '2014-02-01', '2014-04-29', 1, '2014-04-29', '14:38:47', '2014-04-29 09:08:47'),
(1540, 22, 626, '0.00', '2014-02-01', '2014-04-29', 1, '2014-04-29', '14:38:47', '2014-04-29 09:08:47'),
(1541, 22, 627, '0.00', '2014-02-01', '2014-04-29', 1, '2014-04-29', '14:38:47', '2014-04-29 09:08:47'),
(1542, 22, 628, '0.00', '2014-02-01', '2014-04-29', 1, '2014-04-29', '14:38:47', '2014-04-29 09:08:47'),
(1543, 22, 629, '0.00', '2014-02-01', '2014-04-29', 1, '2014-04-29', '14:38:47', '2014-04-29 09:08:47'),
(1544, 22, 630, '0.00', '2014-02-01', '2014-04-29', 1, '2014-04-29', '14:38:47', '2014-04-29 09:08:47'),
(1545, 22, 631, '0.00', '2014-02-01', '2014-04-29', 1, '2014-04-29', '14:38:47', '2014-04-29 09:08:47'),
(1546, 22, 632, '0.00', '2014-02-01', '2014-04-29', 1, '2014-04-29', '14:38:47', '2014-04-29 09:08:47'),
(1547, 22, 633, '0.00', '2014-02-01', '2014-04-29', 1, '2014-04-29', '14:38:47', '2014-04-29 09:08:47'),
(1548, 22, 634, '0.00', '2014-02-01', '2014-04-29', 1, '2014-04-29', '14:38:47', '2014-04-29 09:08:47'),
(1549, 22, 635, '0.00', '2014-02-01', '2014-04-29', 1, '2014-04-29', '14:38:47', '2014-04-29 09:08:47'),
(1550, 22, 636, '0.00', '2014-02-01', '2014-04-29', 1, '2014-04-29', '14:38:47', '2014-04-29 09:08:47'),
(1551, 22, 637, '0.00', '2014-02-01', '2014-04-29', 1, '2014-04-29', '14:38:47', '2014-04-29 09:08:47'),
(1552, 22, 638, '0.00', '2014-02-01', '2014-04-29', 1, '2014-04-29', '14:38:47', '2014-04-29 09:08:47'),
(1553, 22, 639, '0.00', '2014-02-01', '2014-04-29', 1, '2014-04-29', '14:38:47', '2014-04-29 09:08:47'),
(1554, 22, 640, '0.00', '2014-02-01', '2014-04-29', 1, '2014-04-29', '14:38:47', '2014-04-29 09:08:47'),
(1555, 22, 641, '0.00', '2014-02-01', '2014-04-29', 1, '2014-04-29', '14:38:47', '2014-04-29 09:08:47'),
(1556, 22, 642, '0.00', '2014-02-01', '2014-04-29', 1, '2014-04-29', '14:38:47', '2014-04-29 09:08:47'),
(1557, 22, 643, '0.00', '2014-02-01', '2014-04-29', 1, '2014-04-29', '14:38:47', '2014-04-29 09:08:47'),
(1558, 22, 644, '0.00', '2014-02-01', '2014-04-29', 1, '2014-04-29', '14:38:47', '2014-04-29 09:08:47'),
(1559, 22, 645, '0.00', '2014-02-01', '2014-04-29', 1, '2014-04-29', '14:38:47', '2014-04-29 09:08:47'),
(1560, 22, 646, '0.00', '2014-02-01', '2014-04-29', 1, '2014-04-29', '14:38:47', '2014-04-29 09:08:47'),
(1561, 22, 647, '0.00', '2014-02-01', '2014-04-29', 1, '2014-04-29', '14:38:47', '2014-04-29 09:08:47'),
(1562, 22, 648, '0.00', '2014-02-01', '2014-04-29', 1, '2014-04-29', '14:38:47', '2014-04-29 09:08:47'),
(1563, 22, 649, '0.00', '2014-02-01', '2014-04-29', 1, '2014-04-29', '14:38:47', '2014-04-29 09:08:47'),
(1564, 22, 650, '0.00', '2014-02-01', '2014-04-29', 1, '2014-04-29', '14:38:47', '2014-04-29 09:08:47'),
(1565, 22, 651, '0.00', '2014-02-01', '2014-04-29', 1, '2014-04-29', '14:38:47', '2014-04-29 09:08:47'),
(1566, 22, 652, '0.00', '2014-02-01', '2014-04-29', 1, '2014-04-29', '14:38:47', '2014-04-29 09:08:47'),
(1567, 22, 653, '0.00', '2014-02-01', '2014-04-29', 1, '2014-04-29', '14:38:47', '2014-04-29 09:08:47'),
(1568, 22, 654, '0.00', '2014-02-01', '2014-04-29', 1, '2014-04-29', '14:38:47', '2014-04-29 09:08:47'),
(1569, 22, 655, '0.00', '2014-02-01', '2014-04-29', 1, '2014-04-29', '14:38:47', '2014-04-29 09:08:47'),
(1570, 22, 656, '0.00', '2014-02-01', '2014-04-29', 1, '2014-04-29', '14:38:47', '2014-04-29 09:08:47'),
(1571, 22, 657, '0.00', '2014-02-01', '2014-04-29', 1, '2014-04-29', '14:38:47', '2014-04-29 09:08:47'),
(1572, 22, 658, '0.00', '2014-02-01', '2014-04-29', 1, '2014-04-29', '14:38:47', '2014-04-29 09:08:47'),
(1573, 22, 659, '0.00', '2014-02-01', '2014-04-29', 1, '2014-04-29', '14:38:47', '2014-04-29 09:08:47'),
(1574, 22, 660, '0.00', '2014-02-01', '2014-04-29', 1, '2014-04-29', '14:38:47', '2014-04-29 09:08:47'),
(1575, 22, 661, '0.00', '2014-02-01', '2014-04-29', 1, '2014-04-29', '14:38:47', '2014-04-29 09:08:47'),
(1576, 22, 662, '0.00', '2014-02-01', '2014-04-29', 1, '2014-04-29', '14:38:47', '2014-04-29 09:08:47'),
(1577, 22, 663, '0.00', '2014-02-01', '2014-04-29', 1, '2014-04-29', '14:38:47', '2014-04-29 09:08:47'),
(1578, 22, 664, '0.00', '2014-02-01', '2014-04-29', 1, '2014-04-29', '14:38:47', '2014-04-29 09:08:47'),
(1579, 22, 665, '0.00', '2014-02-01', '2014-04-29', 1, '2014-04-29', '14:38:47', '2014-04-29 09:08:47'),
(1580, 22, 666, '0.00', '2014-02-01', '2014-04-29', 1, '2014-04-29', '14:38:47', '2014-04-29 09:08:47'),
(1581, 22, 667, '0.00', '2014-02-01', '2014-04-29', 1, '2014-04-29', '14:38:47', '2014-04-29 09:08:47'),
(1582, 22, 668, '0.00', '2014-02-01', '2014-04-29', 1, '2014-04-29', '14:38:47', '2014-04-29 09:08:47'),
(1583, 22, 669, '0.00', '2014-02-01', '2014-04-29', 1, '2014-04-29', '14:38:47', '2014-04-29 09:08:47'),
(1584, 22, 670, '0.00', '2014-02-01', '2014-04-29', 1, '2014-04-29', '14:38:47', '2014-04-29 09:08:47'),
(1585, 22, 671, '0.00', '2014-02-01', '2014-04-29', 1, '2014-04-29', '14:38:47', '2014-04-29 09:08:47'),
(1586, 22, 672, '0.00', '2014-02-01', '2014-04-29', 1, '2014-04-29', '14:38:47', '2014-04-29 09:08:47'),
(1587, 22, 673, '0.00', '2014-02-01', '2014-04-29', 1, '2014-04-29', '14:38:47', '2014-04-29 09:08:47'),
(1588, 22, 674, '0.00', '2014-02-01', '2014-04-29', 1, '2014-04-29', '14:38:47', '2014-04-29 09:08:47'),
(1589, 22, 675, '0.00', '2014-02-01', '2014-04-29', 1, '2014-04-29', '14:38:47', '2014-04-29 09:08:47'),
(1590, 22, 676, '0.00', '2014-02-01', '2014-04-29', 1, '2014-04-29', '14:38:47', '2014-04-29 09:08:47'),
(1591, 22, 677, '0.00', '2014-02-01', '2014-04-29', 1, '2014-04-29', '14:38:47', '2014-04-29 09:08:47'),
(1592, 22, 678, '0.00', '2014-02-01', '2014-04-29', 1, '2014-04-29', '14:38:47', '2014-04-29 09:08:47'),
(1593, 22, 679, '0.00', '2014-02-01', '2014-04-29', 1, '2014-04-29', '14:38:47', '2014-04-29 09:08:47'),
(1594, 22, 680, '0.00', '2014-02-01', '2014-04-29', 1, '2014-04-29', '14:38:47', '2014-04-29 09:08:47'),
(1595, 22, 681, '0.00', '2014-02-01', '2014-04-29', 1, '2014-04-29', '14:38:47', '2014-04-29 09:08:47'),
(1596, 22, 682, '0.00', '2014-02-01', '2014-04-29', 1, '2014-04-29', '14:38:47', '2014-04-29 09:08:47'),
(1597, 22, 683, '0.00', '2014-02-01', '2014-04-29', 1, '2014-04-29', '14:38:47', '2014-04-29 09:08:47'),
(1598, 22, 684, '0.00', '2014-02-01', '2014-04-29', 1, '2014-04-29', '14:38:47', '2014-04-29 09:08:47'),
(1599, 22, 685, '0.00', '2014-02-01', '2014-04-29', 1, '2014-04-29', '14:38:47', '2014-04-29 09:08:47'),
(1600, 22, 686, '0.00', '2014-02-01', '2014-04-29', 1, '2014-04-29', '14:38:47', '2014-04-29 09:08:47'),
(1601, 22, 687, '0.00', '2014-02-01', '2014-04-29', 1, '2014-04-29', '14:38:47', '2014-04-29 09:08:47'),
(1602, 22, 688, '0.00', '2014-02-01', '2014-04-29', 1, '2014-04-29', '14:38:47', '2014-04-29 09:08:47'),
(1603, 22, 689, '0.00', '2014-02-01', '2014-04-29', 1, '2014-04-29', '14:38:47', '2014-04-29 09:08:47'),
(1604, 22, 690, '0.00', '2014-02-01', '2014-04-29', 1, '2014-04-29', '14:38:47', '2014-04-29 09:08:47'),
(1605, 22, 691, '0.00', '2014-02-01', '2014-04-29', 1, '2014-04-29', '14:38:47', '2014-04-29 09:08:47'),
(1606, 22, 692, '0.00', '2014-02-01', '2014-04-29', 1, '2014-04-29', '14:38:47', '2014-04-29 09:08:47'),
(1607, 22, 693, '0.00', '2014-02-01', '2014-04-29', 1, '2014-04-29', '14:38:47', '2014-04-29 09:08:47'),
(1608, 22, 694, '0.00', '2014-02-01', '2014-04-29', 1, '2014-04-29', '14:38:47', '2014-04-29 09:08:47'),
(1609, 22, 695, '0.00', '2014-02-01', '2014-04-29', 1, '2014-04-29', '14:38:47', '2014-04-29 09:08:47'),
(1610, 22, 696, '0.00', '2014-02-01', '2014-04-29', 1, '2014-04-29', '14:38:47', '2014-04-29 09:08:47'),
(1611, 22, 697, '0.00', '2014-02-01', '2014-04-29', 1, '2014-04-29', '14:38:47', '2014-04-29 09:08:47'),
(1612, 22, 698, '0.00', '2014-02-01', '2014-04-29', 1, '2014-04-29', '14:38:47', '2014-04-29 09:08:47'),
(1613, 22, 699, '0.00', '2014-02-01', '2014-04-29', 1, '2014-04-29', '14:38:47', '2014-04-29 09:08:47'),
(1614, 22, 700, '0.00', '2014-02-01', '2014-04-29', 1, '2014-04-29', '14:38:47', '2014-04-29 09:08:47'),
(1615, 22, 701, '0.00', '2014-02-01', '2014-04-29', 1, '2014-04-29', '14:38:47', '2014-04-29 09:08:47'),
(1616, 22, 702, '0.00', '2014-02-01', '2014-04-29', 1, '2014-04-29', '14:38:47', '2014-04-29 09:08:47'),
(1617, 22, 703, '0.00', '2014-02-01', '2014-04-29', 1, '2014-04-29', '14:38:47', '2014-04-29 09:08:47'),
(1618, 22, 704, '0.00', '2014-02-01', '2014-04-29', 1, '2014-04-29', '14:38:47', '2014-04-29 09:08:47'),
(1619, 22, 705, '0.00', '2014-02-01', '2014-04-29', 1, '2014-04-29', '14:38:47', '2014-04-29 09:08:47'),
(1620, 22, 706, '0.00', '2014-02-01', '2014-04-29', 1, '2014-04-29', '14:38:47', '2014-04-29 09:08:47'),
(1621, 22, 707, '0.00', '2014-02-01', '2014-04-29', 1, '2014-04-29', '14:38:47', '2014-04-29 09:08:47'),
(1622, 22, 708, '0.00', '2014-02-01', '2014-04-29', 1, '2014-04-29', '14:38:47', '2014-04-29 09:08:47'),
(1623, 22, 709, '0.00', '2014-02-01', '2014-04-29', 1, '2014-04-29', '14:38:47', '2014-04-29 09:08:47'),
(1624, 22, 710, '0.00', '2014-02-01', '2014-04-29', 1, '2014-04-29', '14:38:47', '2014-04-29 09:08:47'),
(1625, 22, 711, '0.00', '2014-02-01', '2014-04-29', 1, '2014-04-29', '14:38:47', '2014-04-29 09:08:47'),
(1626, 22, 712, '0.00', '2014-02-01', '2014-04-29', 1, '2014-04-29', '14:38:47', '2014-04-29 09:08:47'),
(1627, 22, 713, '0.00', '2014-02-01', '2014-04-29', 1, '2014-04-29', '14:38:47', '2014-04-29 09:08:47'),
(1628, 22, 714, '0.00', '2014-02-01', '2014-04-29', 1, '2014-04-29', '14:38:47', '2014-04-29 09:08:47'),
(1629, 22, 715, '0.00', '2014-02-01', '2014-04-29', 1, '2014-04-29', '14:38:47', '2014-04-29 09:08:47'),
(1630, 22, 716, '0.00', '2014-02-01', '2014-04-29', 1, '2014-04-29', '14:38:47', '2014-04-29 09:08:47'),
(1631, 22, 717, '0.00', '2014-02-01', '2014-04-29', 1, '2014-04-29', '14:38:47', '2014-04-29 09:08:47'),
(1632, 22, 719, '0.00', '2014-02-01', '2014-04-29', 1, '2014-04-29', '14:38:47', '2014-04-29 09:08:47'),
(1633, 22, 720, '0.00', '2014-02-01', '2014-04-29', 1, '2014-04-29', '14:38:47', '2014-04-29 09:08:47'),
(1634, 22, 721, '0.00', '2014-02-01', '2014-04-29', 1, '2014-04-29', '14:38:47', '2014-04-29 09:08:47'),
(1635, 22, 722, '0.00', '2014-02-01', '2014-04-29', 1, '2014-04-29', '14:38:47', '2014-04-29 09:08:47'),
(1636, 22, 723, '0.00', '2014-02-01', '2014-04-29', 1, '2014-04-29', '14:38:47', '2014-04-29 09:08:47'),
(1637, 22, 724, '0.00', '2014-02-01', '2014-04-29', 1, '2014-04-29', '14:38:47', '2014-04-29 09:08:47'),
(1638, 22, 725, '0.00', '2014-02-01', '2014-04-29', 1, '2014-04-29', '14:38:47', '2014-04-29 09:08:47'),
(1639, 22, 726, '0.00', '2014-02-01', '2014-04-29', 1, '2014-04-29', '14:38:47', '2014-04-29 09:08:47'),
(1640, 22, 727, '0.00', '2014-02-01', '2014-04-29', 1, '2014-04-29', '14:38:47', '2014-04-29 09:08:47'),
(1641, 22, 728, '0.00', '2014-02-01', '2014-04-29', 1, '2014-04-29', '14:38:47', '2014-04-29 09:08:47'),
(1642, 22, 729, '0.00', '2014-02-01', '2014-04-29', 1, '2014-04-29', '14:38:47', '2014-04-29 09:08:47'),
(1643, 22, 730, '0.00', '2014-02-01', '2014-04-29', 1, '2014-04-29', '14:38:47', '2014-04-29 09:08:47'),
(1644, 22, 731, '0.00', '2014-02-01', '2014-04-29', 1, '2014-04-29', '14:38:47', '2014-04-29 09:08:47'),
(1645, 22, 732, '0.00', '2014-02-01', '2014-04-29', 1, '2014-04-29', '14:38:47', '2014-04-29 09:08:47'),
(1646, 22, 733, '0.00', '2014-02-01', '2014-04-29', 1, '2014-04-29', '14:38:47', '2014-04-29 09:08:47'),
(1647, 22, 734, '0.00', '2014-02-01', '2014-04-29', 1, '2014-04-29', '14:38:47', '2014-04-29 09:08:47'),
(1648, 22, 735, '0.00', '2014-02-01', '2014-04-29', 1, '2014-04-29', '14:38:47', '2014-04-29 09:08:47'),
(1649, 22, 736, '0.00', '2014-02-01', '2014-04-29', 1, '2014-04-29', '14:38:47', '2014-04-29 09:08:47'),
(1650, 22, 737, '0.00', '2014-02-01', '2014-04-29', 1, '2014-04-29', '14:38:47', '2014-04-29 09:08:47'),
(1651, 22, 738, '0.00', '2014-02-01', '2014-04-29', 1, '2014-04-29', '14:38:47', '2014-04-29 09:08:47'),
(1652, 22, 739, '0.00', '2014-02-01', '2014-04-29', 1, '2014-04-29', '14:38:47', '2014-04-29 09:08:47'),
(1653, 22, 740, '0.00', '2014-02-01', '2014-04-29', 1, '2014-04-29', '14:38:47', '2014-04-29 09:08:47'),
(1654, 22, 741, '0.00', '2014-02-01', '2014-04-29', 1, '2014-04-29', '14:38:47', '2014-04-29 09:08:47'),
(1655, 22, 742, '0.00', '2014-02-01', '2014-04-29', 1, '2014-04-29', '14:38:47', '2014-04-29 09:08:47'),
(1656, 22, 743, '0.00', '2014-02-01', '2014-04-29', 1, '2014-04-29', '14:38:47', '2014-04-29 09:08:47'),
(1657, 22, 745, '0.00', '2014-02-01', '2014-04-29', 1, '2014-04-29', '14:38:47', '2014-04-29 09:08:47'),
(1658, 22, 746, '0.00', '2014-02-01', '2014-04-29', 1, '2014-04-29', '14:38:47', '2014-04-29 09:08:47'),
(1659, 22, 747, '0.00', '2014-02-01', '2014-04-29', 1, '2014-04-29', '14:38:47', '2014-04-29 09:08:47'),
(1660, 22, 748, '0.00', '2014-02-01', '2014-04-29', 1, '2014-04-29', '14:38:47', '2014-04-29 09:08:47'),
(1661, 22, 749, '0.00', '2014-02-01', '2014-04-29', 1, '2014-04-29', '14:38:47', '2014-04-29 09:08:47'),
(1662, 22, 750, '0.00', '2014-02-01', '2014-04-29', 1, '2014-04-29', '14:38:47', '2014-04-29 09:08:47'),
(1663, 22, 751, '0.00', '2014-02-01', '2014-04-29', 1, '2014-04-29', '14:38:47', '2014-04-29 09:08:47'),
(1664, 22, 752, '0.00', '2014-02-01', '2014-04-29', 1, '2014-04-29', '14:38:47', '2014-04-29 09:08:47'),
(1665, 22, 753, '0.00', '2014-02-01', '2014-04-29', 1, '2014-04-29', '14:38:47', '2014-04-29 09:08:47'),
(1666, 22, 754, '0.00', '2014-02-01', '2014-04-29', 1, '2014-04-29', '14:38:47', '2014-04-29 09:08:47'),
(1667, 22, 755, '0.00', '2014-02-01', '2014-04-29', 1, '2014-04-29', '14:38:47', '2014-04-29 09:08:47'),
(1668, 22, 756, '0.00', '2014-02-01', '2014-04-29', 1, '2014-04-29', '14:38:47', '2014-04-29 09:08:47'),
(1669, 22, 757, '0.00', '2014-02-01', '2014-04-29', 1, '2014-04-29', '14:38:47', '2014-04-29 09:08:47'),
(1670, 22, 758, '0.00', '2014-02-01', '2014-04-29', 1, '2014-04-29', '14:38:47', '2014-04-29 09:08:47'),
(1671, 22, 759, '0.00', '2014-02-01', '2014-04-29', 1, '2014-04-29', '14:38:47', '2014-04-29 09:08:47'),
(1672, 22, 760, '0.00', '2014-02-01', '2014-04-29', 1, '2014-04-29', '14:38:47', '2014-04-29 09:08:47'),
(1673, 22, 761, '0.00', '2014-02-01', '2014-04-29', 1, '2014-04-29', '14:38:47', '2014-04-29 09:08:47'),
(1674, 22, 762, '0.00', '2014-02-01', '2014-04-29', 1, '2014-04-29', '14:38:47', '2014-04-29 09:08:47'),
(1675, 22, 763, '0.00', '2014-02-01', '2014-04-29', 1, '2014-04-29', '14:38:47', '2014-04-29 09:08:47'),
(1676, 22, 764, '0.00', '2014-02-01', '2014-04-29', 1, '2014-04-29', '14:38:47', '2014-04-29 09:08:47'),
(1677, 22, 765, '0.00', '2014-02-01', '2014-04-29', 1, '2014-04-29', '14:38:47', '2014-04-29 09:08:47'),
(1678, 22, 766, '0.00', '2014-02-01', '2014-04-29', 1, '2014-04-29', '14:38:47', '2014-04-29 09:08:47'),
(1679, 22, 767, '0.00', '2014-02-01', '2014-04-29', 1, '2014-04-29', '14:38:47', '2014-04-29 09:08:47'),
(1680, 22, 768, '0.00', '2014-02-01', '2014-04-29', 1, '2014-04-29', '14:38:47', '2014-04-29 09:08:47'),
(1681, 22, 769, '0.00', '2014-02-01', '2014-04-29', 1, '2014-04-29', '14:38:47', '2014-04-29 09:08:47'),
(1682, 22, 770, '0.00', '2014-02-01', '2014-04-29', 1, '2014-04-29', '14:38:47', '2014-04-29 09:08:47'),
(1683, 22, 771, '0.00', '2014-02-01', '2014-04-29', 1, '2014-04-29', '14:38:47', '2014-04-29 09:08:47'),
(1684, 22, 772, '0.00', '2014-02-01', '2014-04-29', 1, '2014-04-29', '14:38:47', '2014-04-29 09:08:47'),
(1685, 22, 773, '0.00', '2014-02-01', '2014-04-29', 1, '2014-04-29', '14:38:47', '2014-04-29 09:08:47'),
(1686, 22, 774, '0.00', '2014-02-01', '2014-04-29', 1, '2014-04-29', '14:38:47', '2014-04-29 09:08:47'),
(1687, 22, 775, '0.00', '2014-02-01', '2014-04-29', 1, '2014-04-29', '14:38:47', '2014-04-29 09:08:47'),
(1688, 22, 776, '0.00', '2014-02-01', '2014-04-29', 1, '2014-04-29', '14:38:47', '2014-04-29 09:08:47'),
(1689, 22, 777, '0.00', '2014-02-01', '2014-04-29', 1, '2014-04-29', '14:38:47', '2014-04-29 09:08:47'),
(1690, 22, 778, '0.00', '2014-02-01', '2014-04-29', 1, '2014-04-29', '14:38:47', '2014-04-29 09:08:47'),
(1691, 22, 779, '0.00', '2014-02-01', '2014-04-29', 1, '2014-04-29', '14:38:47', '2014-04-29 09:08:47'),
(1692, 22, 780, '0.00', '2014-02-01', '2014-04-29', 1, '2014-04-29', '14:38:47', '2014-04-29 09:08:47'),
(1693, 22, 781, '0.00', '2014-02-01', '2014-04-29', 1, '2014-04-29', '14:38:47', '2014-04-29 09:08:47'),
(1694, 22, 782, '0.00', '2014-02-01', '2014-04-29', 1, '2014-04-29', '14:38:47', '2014-04-29 09:08:47'),
(1695, 22, 783, '0.00', '2014-02-01', '2014-04-29', 1, '2014-04-29', '14:38:47', '2014-04-29 09:08:47'),
(1696, 22, 784, '0.00', '2014-02-01', '2014-04-29', 1, '2014-04-29', '14:38:47', '2014-04-29 09:08:47'),
(1697, 22, 785, '0.00', '2014-02-01', '2014-04-29', 1, '2014-04-29', '14:38:47', '2014-04-29 09:08:47'),
(1698, 22, 786, '0.00', '2014-02-01', '2014-04-29', 1, '2014-04-29', '14:38:47', '2014-04-29 09:08:47'),
(1699, 22, 787, '0.00', '2014-02-01', '2014-04-29', 1, '2014-04-29', '14:38:47', '2014-04-29 09:08:47'),
(1700, 22, 788, '0.00', '2014-02-01', '2014-04-29', 1, '2014-04-29', '14:38:47', '2014-04-29 09:08:47'),
(1701, 22, 789, '0.00', '2014-02-01', '2014-04-29', 1, '2014-04-29', '14:38:47', '2014-04-29 09:08:47'),
(1702, 22, 790, '0.00', '2014-02-01', '2014-04-29', 1, '2014-04-29', '14:38:47', '2014-04-29 09:08:47'),
(1703, 22, 791, '0.00', '2014-02-01', '2014-04-29', 1, '2014-04-29', '14:38:47', '2014-04-29 09:08:47'),
(1704, 22, 792, '0.00', '2014-02-01', '2014-04-29', 1, '2014-04-29', '14:38:47', '2014-04-29 09:08:47'),
(1705, 22, 793, '0.00', '2014-02-01', '2014-04-29', 1, '2014-04-29', '14:38:47', '2014-04-29 09:08:47'),
(1706, 22, 794, '0.00', '2014-02-01', '2014-04-29', 1, '2014-04-29', '14:38:47', '2014-04-29 09:08:47'),
(1707, 22, 795, '0.00', '2014-02-01', '2014-04-29', 1, '2014-04-29', '14:38:47', '2014-04-29 09:08:47'),
(1708, 22, 796, '0.00', '2014-02-01', '2014-04-29', 1, '2014-04-29', '14:38:47', '2014-04-29 09:08:47'),
(1709, 22, 797, '0.00', '2014-02-01', '2014-04-29', 1, '2014-04-29', '14:38:47', '2014-04-29 09:08:47'),
(1710, 22, 798, '0.00', '2014-02-01', '2014-04-29', 1, '2014-04-29', '14:38:47', '2014-04-29 09:08:47'),
(1711, 22, 799, '0.00', '2014-02-01', '2014-04-29', 1, '2014-04-29', '14:38:47', '2014-04-29 09:08:47'),
(1712, 22, 800, '0.00', '2014-02-01', '2014-04-29', 1, '2014-04-29', '14:38:47', '2014-04-29 09:08:47'),
(1713, 22, 801, '0.00', '2014-02-01', '2014-04-29', 1, '2014-04-29', '14:38:47', '2014-04-29 09:08:47'),
(1714, 22, 802, '0.00', '2014-02-01', '2014-04-29', 1, '2014-04-29', '14:38:47', '2014-04-29 09:08:47'),
(1715, 22, 803, '0.00', '2014-02-01', '2014-04-29', 1, '2014-04-29', '14:38:47', '2014-04-29 09:08:47'),
(1716, 22, 804, '0.00', '2014-02-01', '2014-04-29', 1, '2014-04-29', '14:38:47', '2014-04-29 09:08:47'),
(1717, 22, 805, '0.00', '2014-02-01', '2014-04-29', 1, '2014-04-29', '14:38:47', '2014-04-29 09:08:47'),
(1718, 22, 806, '0.00', '2014-02-01', '2014-04-29', 1, '2014-04-29', '14:38:47', '2014-04-29 09:08:47'),
(1719, 22, 807, '0.00', '2014-02-01', '2014-04-29', 1, '2014-04-29', '14:38:47', '2014-04-29 09:08:47'),
(1720, 22, 808, '0.00', '2014-02-01', '2014-04-29', 1, '2014-04-29', '14:38:47', '2014-04-29 09:08:47'),
(1721, 22, 809, '0.00', '2014-02-01', '2014-04-29', 1, '2014-04-29', '14:38:47', '2014-04-29 09:08:47'),
(1722, 22, 810, '0.00', '2014-02-01', '2014-04-29', 1, '2014-04-29', '14:38:47', '2014-04-29 09:08:47'),
(1723, 22, 811, '0.00', '2014-02-01', '2014-04-29', 1, '2014-04-29', '14:38:47', '2014-04-29 09:08:47'),
(1724, 22, 812, '0.00', '2014-02-01', '2014-04-29', 1, '2014-04-29', '14:38:47', '2014-04-29 09:08:47'),
(1725, 22, 813, '0.00', '2014-02-01', '2014-04-29', 1, '2014-04-29', '14:38:47', '2014-04-29 09:08:47'),
(1726, 22, 814, '0.00', '2014-02-01', '2014-04-29', 1, '2014-04-29', '14:38:47', '2014-04-29 09:08:47'),
(1727, 22, 815, '0.00', '2014-02-01', '2014-04-29', 1, '2014-04-29', '14:38:47', '2014-04-29 09:08:47'),
(1728, 22, 816, '0.00', '2014-02-01', '2014-04-29', 1, '2014-04-29', '14:38:47', '2014-04-29 09:08:47'),
(1729, 22, 817, '0.00', '2014-02-01', '2014-04-29', 1, '2014-04-29', '14:38:47', '2014-04-29 09:08:47'),
(1730, 22, 818, '0.00', '2014-02-01', '2014-04-29', 1, '2014-04-29', '14:38:47', '2014-04-29 09:08:47'),
(1731, 22, 819, '0.00', '2014-02-01', '2014-04-29', 1, '2014-04-29', '14:38:47', '2014-04-29 09:08:47'),
(1732, 22, 820, '0.00', '2014-02-01', '2014-04-29', 1, '2014-04-29', '14:38:47', '2014-04-29 09:08:47'),
(1733, 22, 821, '0.00', '2014-02-01', '2014-04-29', 1, '2014-04-29', '14:38:47', '2014-04-29 09:08:47'),
(1734, 22, 822, '0.00', '2014-02-01', '2014-04-29', 1, '2014-04-29', '14:38:47', '2014-04-29 09:08:47'),
(1735, 22, 823, '0.00', '2014-02-01', '2014-04-29', 1, '2014-04-29', '14:38:47', '2014-04-29 09:08:47'),
(1736, 22, 824, '0.00', '2014-02-01', '2014-04-29', 1, '2014-04-29', '14:38:47', '2014-04-29 09:08:47'),
(1737, 22, 825, '0.00', '2014-02-01', '2014-04-29', 1, '2014-04-29', '14:38:47', '2014-04-29 09:08:47'),
(1738, 22, 826, '0.00', '2014-02-01', '2014-04-29', 1, '2014-04-29', '14:38:47', '2014-04-29 09:08:47'),
(1739, 22, 827, '0.00', '2014-02-01', '2014-04-29', 1, '2014-04-29', '14:38:47', '2014-04-29 09:08:47'),
(1740, 22, 828, '0.00', '2014-02-01', '2014-04-29', 1, '2014-04-29', '14:38:47', '2014-04-29 09:08:47'),
(1741, 22, 829, '0.00', '2014-02-01', '2014-04-29', 1, '2014-04-29', '14:38:47', '2014-04-29 09:08:47'),
(1742, 22, 830, '0.00', '2014-02-01', '2014-04-29', 1, '2014-04-29', '14:38:47', '2014-04-29 09:08:47'),
(1743, 22, 831, '0.00', '2014-02-01', '2014-04-29', 1, '2014-04-29', '14:38:47', '2014-04-29 09:08:47'),
(1744, 22, 832, '0.00', '2014-02-01', '2014-04-29', 1, '2014-04-29', '14:38:47', '2014-04-29 09:08:47'),
(1745, 22, 833, '0.00', '2014-02-01', '2014-04-29', 1, '2014-04-29', '14:38:47', '2014-04-29 09:08:47'),
(1746, 22, 834, '0.00', '2014-02-01', '2014-04-29', 1, '2014-04-29', '14:38:47', '2014-04-29 09:08:47'),
(1747, 22, 835, '0.00', '2014-02-01', '2014-04-29', 1, '2014-04-29', '14:38:47', '2014-04-29 09:08:47'),
(1748, 22, 836, '0.00', '2014-02-01', '2014-04-29', 1, '2014-04-29', '14:38:47', '2014-04-29 09:08:47'),
(1749, 22, 837, '0.00', '2014-02-01', '2014-04-29', 1, '2014-04-29', '14:38:47', '2014-04-29 09:08:47'),
(1750, 22, 838, '0.00', '2014-02-01', '2014-04-29', 1, '2014-04-29', '14:38:47', '2014-04-29 09:08:47'),
(1751, 22, 839, '0.00', '2014-02-01', '2014-04-29', 1, '2014-04-29', '14:38:47', '2014-04-29 09:08:47'),
(1752, 22, 840, '0.00', '2014-02-01', '2014-04-29', 1, '2014-04-29', '14:38:47', '2014-04-29 09:08:47'),
(1753, 22, 841, '0.00', '2014-02-01', '2014-04-29', 1, '2014-04-29', '14:38:47', '2014-04-29 09:08:47'),
(1754, 22, 842, '0.00', '2014-02-01', '2014-04-29', 1, '2014-04-29', '14:38:47', '2014-04-29 09:08:47'),
(1755, 22, 843, '0.00', '2014-02-01', '2014-04-29', 1, '2014-04-29', '14:38:47', '2014-04-29 09:08:47'),
(1756, 22, 844, '0.00', '2014-02-01', '2014-04-29', 1, '2014-04-29', '14:38:47', '2014-04-29 09:08:47'),
(1757, 22, 845, '0.00', '2014-02-01', '2014-04-29', 1, '2014-04-29', '14:38:47', '2014-04-29 09:08:47'),
(1758, 22, 846, '0.00', '2014-02-01', '2014-04-29', 1, '2014-04-29', '14:38:47', '2014-04-29 09:08:47'),
(1759, 22, 847, '0.00', '2014-02-01', '2014-04-29', 1, '2014-04-29', '14:38:47', '2014-04-29 09:08:47'),
(1760, 22, 848, '0.00', '2014-02-01', '2014-04-29', 1, '2014-04-29', '14:38:47', '2014-04-29 09:08:47'),
(1761, 22, 849, '0.00', '2014-02-01', '2014-04-29', 1, '2014-04-29', '14:38:47', '2014-04-29 09:08:47'),
(1762, 22, 850, '0.00', '2014-02-01', '2014-04-29', 1, '2014-04-29', '14:38:47', '2014-04-29 09:08:47'),
(1763, 22, 851, '0.00', '2014-02-01', '2014-04-29', 1, '2014-04-29', '14:38:47', '2014-04-29 09:08:47'),
(1764, 22, 852, '0.00', '2014-02-01', '2014-04-29', 1, '2014-04-29', '14:38:47', '2014-04-29 09:08:47'),
(1765, 22, 853, '0.00', '2014-02-01', '2014-04-29', 1, '2014-04-29', '14:38:47', '2014-04-29 09:08:47'),
(1766, 22, 854, '0.00', '2014-02-01', '2014-04-29', 1, '2014-04-29', '14:38:47', '2014-04-29 09:08:47'),
(1767, 22, 855, '0.00', '2014-02-01', '2014-04-29', 1, '2014-04-29', '14:38:47', '2014-04-29 09:08:47'),
(1768, 22, 856, '0.00', '2014-02-01', '2014-04-29', 1, '2014-04-29', '14:38:47', '2014-04-29 09:08:47'),
(1769, 22, 857, '0.00', '2014-02-01', '2014-04-29', 1, '2014-04-29', '14:38:47', '2014-04-29 09:08:47'),
(1770, 22, 858, '0.00', '2014-02-01', '2014-04-29', 1, '2014-04-29', '14:38:47', '2014-04-29 09:08:47'),
(1771, 22, 859, '0.00', '2014-02-01', '2014-04-29', 1, '2014-04-29', '14:38:47', '2014-04-29 09:08:47'),
(1772, 22, 860, '0.00', '2014-02-01', '2014-04-29', 1, '2014-04-29', '14:38:47', '2014-04-29 09:08:47'),
(1773, 22, 861, '0.00', '2014-02-01', '2014-04-29', 1, '2014-04-29', '14:38:47', '2014-04-29 09:08:47'),
(1774, 22, 862, '0.00', '2014-02-01', '2014-04-29', 1, '2014-04-29', '14:38:47', '2014-04-29 09:08:47'),
(1775, 22, 863, '0.00', '2014-02-01', '2014-04-29', 1, '2014-04-29', '14:38:47', '2014-04-29 09:08:47'),
(1776, 22, 864, '0.00', '2014-02-01', '2014-04-29', 1, '2014-04-29', '14:38:47', '2014-04-29 09:08:47'),
(1777, 22, 865, '0.00', '2014-02-01', '2014-04-29', 1, '2014-04-29', '14:38:47', '2014-04-29 09:08:47'),
(1778, 22, 866, '0.00', '2014-02-01', '2014-04-29', 1, '2014-04-29', '14:38:47', '2014-04-29 09:08:47'),
(1779, 22, 867, '0.00', '2014-02-01', '2014-04-29', 1, '2014-04-29', '14:38:47', '2014-04-29 09:08:47'),
(1780, 22, 868, '0.00', '2014-02-01', '2014-04-29', 1, '2014-04-29', '14:38:47', '2014-04-29 09:08:47'),
(1781, 22, 869, '0.00', '2014-02-01', '2014-04-29', 1, '2014-04-29', '14:38:47', '2014-04-29 09:08:47'),
(1782, 22, 870, '0.00', '2014-02-01', '2014-04-29', 1, '2014-04-29', '14:38:47', '2014-04-29 09:08:47'),
(1783, 22, 871, '0.00', '2014-02-01', '2014-04-29', 1, '2014-04-29', '14:38:47', '2014-04-29 09:08:47'),
(1784, 22, 872, '0.00', '2014-02-01', '2014-04-29', 1, '2014-04-29', '14:38:47', '2014-04-29 09:08:47'),
(1785, 22, 873, '0.00', '2014-02-01', '2014-04-29', 1, '2014-04-29', '14:38:47', '2014-04-29 09:08:47'),
(1786, 22, 874, '0.00', '2014-02-01', '2014-04-29', 1, '2014-04-29', '14:38:47', '2014-04-29 09:08:47'),
(1787, 22, 875, '0.00', '2014-02-01', '2014-04-29', 1, '2014-04-29', '14:38:47', '2014-04-29 09:08:47'),
(1788, 22, 876, '0.00', '2014-02-01', '2014-04-29', 1, '2014-04-29', '14:38:47', '2014-04-29 09:08:47'),
(1789, 22, 877, '0.00', '2014-02-01', '2014-04-29', 1, '2014-04-29', '14:38:47', '2014-04-29 09:08:47'),
(1790, 22, 878, '0.00', '2014-02-01', '2014-04-29', 1, '2014-04-29', '14:38:47', '2014-04-29 09:08:47'),
(1791, 22, 879, '0.00', '2014-02-01', '2014-04-29', 1, '2014-04-29', '14:38:47', '2014-04-29 09:08:47'),
(1792, 22, 880, '0.00', '2014-02-01', '2014-04-29', 1, '2014-04-29', '14:38:47', '2014-04-29 09:08:47'),
(1793, 22, 881, '0.00', '2014-02-01', '2014-04-29', 1, '2014-04-29', '14:38:47', '2014-04-29 09:08:47'),
(1794, 22, 882, '0.00', '2014-02-01', '2014-04-29', 1, '2014-04-29', '14:38:47', '2014-04-29 09:08:47'),
(1795, 22, 883, '0.00', '2014-02-01', '2014-04-29', 1, '2014-04-29', '14:38:47', '2014-04-29 09:08:47'),
(1796, 22, 884, '0.00', '2014-02-01', '2014-04-29', 1, '2014-04-29', '14:38:47', '2014-04-29 09:08:47'),
(1797, 22, 885, '0.00', '2014-02-01', '2014-04-29', 1, '2014-04-29', '14:38:47', '2014-04-29 09:08:47'),
(1798, 22, 886, '0.00', '2014-02-01', '2014-04-29', 1, '2014-04-29', '14:38:47', '2014-04-29 09:08:47'),
(1799, 22, 887, '0.00', '2014-02-01', '2014-04-29', 1, '2014-04-29', '14:38:47', '2014-04-29 09:08:47'),
(1800, 22, 888, '0.00', '2014-02-01', '2014-04-29', 1, '2014-04-29', '14:38:47', '2014-04-29 09:08:47'),
(1801, 22, 889, '0.00', '2014-02-01', '2014-04-29', 1, '2014-04-29', '14:38:47', '2014-04-29 09:08:47'),
(1802, 22, 890, '0.00', '2014-02-01', '2014-04-29', 1, '2014-04-29', '14:38:47', '2014-04-29 09:08:47'),
(1803, 22, 891, '0.00', '2014-02-01', '2014-04-29', 1, '2014-04-29', '14:38:47', '2014-04-29 09:08:47'),
(1804, 22, 892, '0.00', '2014-02-01', '2014-04-29', 1, '2014-04-29', '14:38:47', '2014-04-29 09:08:47'),
(1805, 22, 893, '0.00', '2014-02-01', '2014-04-29', 1, '2014-04-29', '14:38:47', '2014-04-29 09:08:47'),
(1806, 22, 894, '0.00', '2014-02-01', '2014-04-29', 1, '2014-04-29', '14:38:47', '2014-04-29 09:08:47'),
(1807, 22, 895, '0.00', '2014-02-01', '2014-04-29', 1, '2014-04-29', '14:38:47', '2014-04-29 09:08:47'),
(1808, 22, 896, '0.00', '2014-02-01', '2014-04-29', 1, '2014-04-29', '14:38:47', '2014-04-29 09:08:47'),
(1809, 22, 897, '0.00', '2014-02-01', '2014-04-29', 1, '2014-04-29', '14:38:47', '2014-04-29 09:08:47'),
(1810, 22, 898, '0.00', '2014-02-01', '2014-04-29', 1, '2014-04-29', '14:38:47', '2014-04-29 09:08:47'),
(1811, 22, 899, '0.00', '2014-02-01', '2014-04-29', 1, '2014-04-29', '14:38:47', '2014-04-29 09:08:47'),
(1812, 22, 900, '0.00', '2014-02-01', '2014-04-29', 1, '2014-04-29', '14:38:47', '2014-04-29 09:08:47'),
(1813, 22, 901, '0.00', '2014-02-01', '2014-04-29', 1, '2014-04-29', '14:38:47', '2014-04-29 09:08:47'),
(1814, 22, 902, '0.00', '2014-02-01', '2014-04-29', 1, '2014-04-29', '14:38:47', '2014-04-29 09:08:47'),
(1815, 22, 903, '0.00', '2014-02-01', '2014-04-29', 1, '2014-04-29', '14:38:47', '2014-04-29 09:08:47'),
(1816, 22, 904, '0.00', '2014-02-01', '2014-04-29', 1, '2014-04-29', '14:38:47', '2014-04-29 09:08:47'),
(1817, 22, 905, '0.00', '2014-02-01', '2014-04-29', 1, '2014-04-29', '14:38:47', '2014-04-29 09:08:47'),
(1818, 22, 906, '0.00', '2014-02-01', '2014-04-29', 1, '2014-04-29', '14:38:47', '2014-04-29 09:08:47'),
(1819, 22, 907, '0.00', '2014-02-01', '2014-04-29', 1, '2014-04-29', '14:38:47', '2014-04-29 09:08:47'),
(1820, 22, 908, '0.00', '2014-02-01', '2014-04-29', 1, '2014-04-29', '14:38:47', '2014-04-29 09:08:47'),
(1821, 22, 909, '0.00', '2014-02-01', '2014-04-29', 1, '2014-04-29', '14:38:47', '2014-04-29 09:08:47'),
(1822, 22, 910, '0.00', '2014-02-01', '2014-04-29', 1, '2014-04-29', '14:38:47', '2014-04-29 09:08:47'),
(1823, 22, 911, '0.00', '2014-02-01', '2014-04-29', 1, '2014-04-29', '14:38:47', '2014-04-29 09:08:47'),
(1824, 22, 912, '0.00', '2014-02-01', '2014-04-29', 1, '2014-04-29', '14:38:47', '2014-04-29 09:08:47'),
(1825, 22, 913, '0.00', '2014-02-01', '2014-04-29', 1, '2014-04-29', '14:38:47', '2014-04-29 09:08:47'),
(1826, 22, 914, '0.00', '2014-02-01', '2014-04-29', 1, '2014-04-29', '14:38:47', '2014-04-29 09:08:47'),
(1827, 22, 915, '0.00', '2014-02-01', '2014-04-29', 1, '2014-04-29', '14:38:47', '2014-04-29 09:08:47'),
(1828, 22, 916, '0.00', '2014-02-01', '2014-04-29', 1, '2014-04-29', '14:38:47', '2014-04-29 09:08:47');

-- --------------------------------------------------------

--
-- Table structure for table `tbl_territory`
--

CREATE TABLE IF NOT EXISTS `tbl_territory` (
  `id_territory` int(11) NOT NULL AUTO_INCREMENT COMMENT 'Parent\n',
  `id_parent` int(11) DEFAULT NULL,
  `id_territory_type` int(11) NOT NULL,
  `territory_name` varchar(450) NOT NULL,
  `added_date` date DEFAULT NULL,
  `added_time` varchar(45) DEFAULT NULL,
  `added_timestamp` timestamp NULL DEFAULT CURRENT_TIMESTAMP ON UPDATE CURRENT_TIMESTAMP,
  `territory_status` tinyint(4) NOT NULL DEFAULT '1',
  `territory_hierarchy` varchar(1000) NOT NULL DEFAULT '0',
  PRIMARY KEY (`id_territory`),
  KEY `fk_tbl_teretory_tbl_territory_type1` (`id_territory_type`)
) ENGINE=InnoDB  DEFAULT CHARSET=latin1 AUTO_INCREMENT=49 ;

--
-- Dumping data for table `tbl_territory`
--

INSERT INTO `tbl_territory` (`id_territory`, `id_parent`, `id_territory_type`, `territory_name`, `added_date`, `added_time`, `added_timestamp`, `territory_status`, `territory_hierarchy`) VALUES
(1, 0, 1, 'Sri Lanka', '2013-11-20', '01:00:00', '2013-12-04 06:40:38', 1, '0'),
(2, 1, 2, 'North Central', '2013-11-21', '05:54:40', '2013-12-04 06:39:21', 1, '0,1'),
(3, 2, 3, 'Anuradhapura', '2013-11-21', '05:55:00', '2013-12-04 06:39:42', 1, '0,1,2'),
(4, 3, 4, 'Galenbidunuwewa - Mihinthale', '2013-11-21', '07:31:05', '2013-11-28 09:40:18', 1, '0,1,2,3'),
(5, 3, 4, 'Galnewa - Bulnewa', '2013-11-21', '07:31:51', '2013-11-28 09:41:02', 1, '0,1,2,3'),
(6, 3, 4, 'Nochchiyagama - Thabuththegama', '2013-11-21', '07:33:17', '2013-11-28 09:41:02', 1, '0,1,2,3'),
(7, 3, 4, 'Eppawala - Kekirawa', '2013-11-21', '07:33:48', '2013-11-28 09:41:02', 1, '0,1,2,3'),
(8, 3, 4, 'Kahatagasdigiliya - Horoupathana', '2013-11-21', '07:35:05', '2013-11-28 09:41:02', 1, '0,1,2,3'),
(9, 3, 4, 'Pemaduwa- Bogashandiya', '2013-11-21', '07:36:42', '2013-11-28 09:41:02', 1, '0,1,2,3'),
(10, 3, 4, 'Rembawa- Medhawachchiya', '2013-11-21', '07:37:43', '2013-11-28 09:41:02', 1, '0,1,2,3'),
(11, 3, 4, 'Anuradhapura - Thalawa', '2013-11-21', '07:39:25', '2013-11-28 09:41:02', 1, '0,1,2,3'),
(12, 3, 4, 'Kabithigollawa - Sripura', '2013-11-21', '07:40:15', '2013-11-28 09:41:02', 1, '0,1,2,3'),
(14, 3, 4, 'pccv', '2013-11-29', '06:55:29', '2013-12-03 08:48:48', 0, '0,1,2,3'),
(15, 3, 4, 'tuhfghh', '2013-11-29', '07:34:11', '2013-12-04 06:44:46', 0, '0,1,2,3'),
(16, 3, 4, 'sys', '2013-12-02', '05:17:52', '2013-12-03 08:48:37', 0, '0,1,2,3'),
(17, 3, 4, 'kaatuwala', '2013-12-02', '05:20:10', '2013-12-02 05:20:10', 1, '0,1,2,3'),
(18, 3, 4, 'test ', '2013-12-02', '06:15:33', '2013-12-04 06:43:32', 0, '0,1,2,3'),
(19, 9, 3, 'saaaaaaaaaaaaaaaaaa', '2013-12-28', '12:44:19', '2013-12-28 07:14:19', 1, '0,1,2,3,9'),
(20, 2, 3, 'vycvyv', '2013-12-28', '12:45:51', '2013-12-28 07:15:51', 1, '0,1,2'),
(21, 1, 2, 'North Western', '2014-02-05', '11:40:20', '2014-02-05 06:20:41', 1, '0,1'),
(22, 21, 3, 'Kurunegala', '2014-02-05', '11:42:13', '2014-02-05 06:12:13', 1, '0,1,21'),
(23, 22, 4, 'Pothuhera - Kuliyapitiya', '2014-02-07', '11:05:55', '2014-02-07 05:35:55', 1, '0,1,21,22'),
(24, 22, 4, 'Wadakada - Katupotha', '2014-02-07', '11:09:37', '2014-02-07 05:39:37', 1, '0,1,21,22'),
(25, 22, 4, 'Kurunegala - Galgamuwa', '2014-02-07', '11:09:58', '2014-02-07 05:39:58', 1, '0,1,21,22'),
(26, 22, 4, 'Kurunegala - Mahawa', '2014-02-07', '11:10:18', '2014-02-07 05:40:18', 1, '0,1,21,22'),
(27, 1, 2, 'Southern', '2014-03-08', '17:30:23', '2014-03-08 12:00:23', 1, '0,1'),
(28, 27, 3, 'Hambantota', '2014-03-08', '17:31:27', '2014-03-08 12:01:27', 1, '0,1,27'),
(29, 28, 4, 'Angunakolapelessa - Beliaththa', '2014-03-08', '17:32:32', '2014-03-08 12:02:32', 1, '0,1,27,28'),
(31, 28, 4, 'Angunakolapelessa - Sooriyawewa', '2014-03-08', '17:33:30', '2014-03-08 12:03:30', 1, '0,1,27,28'),
(34, 28, 4, 'Angunakolapelessa - Tissamaharamaya', '2014-03-08', '17:35:16', '2014-03-08 12:05:16', 1, '0,1,27,28'),
(36, 28, 4, 'Angunakolapelessa -  Walasmulla ', '2014-03-08', '17:36:30', '2014-03-08 12:06:30', 1, '0,1,27,28'),
(37, 1, 2, 'Uva - Central', '2014-03-20', '09:58:26', '2014-03-20 04:28:26', 1, '0,1'),
(38, 37, 3, 'Bandarawela', '2014-03-20', '09:58:51', '2014-03-20 04:28:51', 1, '0,1,37'),
(39, 38, 4, 'Bandarawela - Haputhale', '2014-03-20', '09:59:55', '2014-03-20 04:29:55', 1, '0,1,37,38'),
(40, 38, 4, 'Etampitiya - Boralanda', '2014-03-20', '10:01:31', '2014-03-20 04:31:31', 1, '0,1,37,38'),
(41, 38, 4, 'Rendapola - Ragala', '2014-03-20', '10:02:16', '2014-03-20 04:32:16', 1, '0,1,37,38'),
(43, 2, 3, 'Polonnaruwa', '2014-05-05', '11:50:28', '2014-05-05 06:20:28', 1, '0,1,2'),
(44, 43, 4, 'Batukotuwa - Higurakgoda', '2014-05-05', '11:52:13', '2014-05-05 06:45:27', 1, '0,1,2,43'),
(45, 43, 4, 'Aralaganvila - Walikanda', '2014-05-05', '11:53:28', '2014-05-05 06:23:28', 1, '0,1,2,43'),
(47, 43, 4, 'Siripura - Mahiyanganaya', '2014-05-05', '11:58:29', '2014-05-05 06:28:29', 1, '0,1,2,43'),
(48, 43, 4, 'Diyabeduma-Palugasdamana', '2014-05-05', '12:03:10', '2014-05-05 06:33:10', 1, '0,1,2,43');

-- --------------------------------------------------------

--
-- Table structure for table `tbl_territory_has_division`
--

CREATE TABLE IF NOT EXISTS `tbl_territory_has_division` (
  `id_territory_has_division` int(11) NOT NULL AUTO_INCREMENT,
  `id_division` int(11) NOT NULL,
  `id_territory` int(11) NOT NULL,
  `added_date` date DEFAULT NULL,
  `added_time` time DEFAULT NULL,
  `added_timestamp` timestamp NULL DEFAULT CURRENT_TIMESTAMP ON UPDATE CURRENT_TIMESTAMP,
  `territory_has_division_status` tinyint(4) DEFAULT '1',
  PRIMARY KEY (`id_territory_has_division`),
  KEY `fk_tbl_territory_has_tbl_division_tbl_territory1` (`id_territory`),
  KEY `fk_tbl_territory_has_tbl_division_tbl_division1` (`id_division`)
) ENGINE=InnoDB  DEFAULT CHARSET=latin1 AUTO_INCREMENT=51 ;

--
-- Dumping data for table `tbl_territory_has_division`
--

INSERT INTO `tbl_territory_has_division` (`id_territory_has_division`, `id_division`, `id_territory`, `added_date`, `added_time`, `added_timestamp`, `territory_has_division_status`) VALUES
(1, 1, 1, '2013-11-20', '01:01:00', '2013-11-20 07:31:21', 1),
(2, 1, 2, '2013-11-21', '05:54:40', '2013-11-28 07:33:18', 1),
(3, 1, 3, '2013-11-21', '05:55:00', '2013-11-28 07:33:18', 1),
(4, 1, 4, '2013-11-21', '07:31:05', '2013-11-28 07:33:18', 1),
(5, 1, 5, '2013-11-21', '07:31:51', '2013-11-28 07:33:18', 1),
(6, 1, 6, '2013-11-21', '07:33:17', '2013-11-28 07:33:18', 1),
(7, 1, 7, '2013-11-21', '07:33:48', '2013-11-28 07:33:18', 1),
(8, 1, 8, '2013-11-21', '07:35:05', '2013-11-28 07:33:18', 1),
(9, 1, 9, '2013-11-21', '07:36:42', '2013-11-28 07:33:18', 1),
(10, 1, 10, '2013-11-21', '07:37:43', '2013-11-28 07:33:18', 1),
(11, 1, 11, '2013-11-21', '07:39:25', '2013-11-28 07:33:18', 1),
(12, 1, 12, '2013-11-21', '07:40:15', '2013-11-28 07:33:18', 1),
(14, 1, 14, '2013-11-29', '06:55:29', '2013-11-29 06:55:29', 1),
(15, 1, 15, '2013-11-29', '07:34:11', '2013-11-29 07:34:11', 1),
(16, 1, 16, '2013-12-02', '05:17:52', '2013-12-02 05:17:52', 1),
(17, 1, 17, '2013-12-02', '05:20:10', '2013-12-02 05:20:10', 1),
(18, 1, 18, '2013-12-02', '06:15:33', '2013-12-02 06:15:33', 1),
(19, 1, 19, '2013-12-28', '12:44:19', '2013-12-28 07:14:19', 1),
(20, 1, 19, '2013-12-28', '12:44:19', '2013-12-28 07:14:19', 1),
(21, 1, 19, '2013-12-28', '12:44:19', '2013-12-28 07:14:19', 1),
(22, 1, 20, '2013-12-28', '12:45:51', '2013-12-28 07:15:51', 1),
(23, 1, 21, '2014-02-05', '11:40:20', '2014-02-05 06:10:20', 1),
(24, 1, 22, '2014-02-05', '11:42:13', '2014-02-05 06:12:13', 1),
(25, 1, 23, '2014-02-07', '11:05:55', '2014-02-07 05:35:55', 1),
(26, 1, 24, '2014-02-07', '11:09:37', '2014-02-07 05:39:37', 1),
(27, 1, 25, '2014-02-07', '11:09:58', '2014-02-07 05:39:58', 1),
(28, 1, 26, '2014-02-07', '11:10:18', '2014-02-07 05:40:18', 1),
(29, 1, 27, '2014-03-08', '17:30:23', '2014-03-08 12:00:23', 1),
(30, 1, 28, '2014-03-08', '17:31:27', '2014-03-08 12:01:27', 1),
(31, 1, 29, '2014-03-08', '17:32:32', '2014-03-08 12:02:32', 1),
(33, 1, 31, '2014-03-08', '17:33:30', '2014-03-08 12:03:30', 1),
(36, 1, 34, '2014-03-08', '17:35:16', '2014-03-08 12:05:16', 1),
(38, 1, 36, '2014-03-08', '17:36:30', '2014-03-08 12:06:30', 1),
(39, 1, 37, '2014-03-20', '09:58:26', '2014-03-20 04:28:26', 1),
(40, 1, 38, '2014-03-20', '09:58:51', '2014-03-20 04:28:51', 1),
(41, 1, 39, '2014-03-20', '09:59:55', '2014-03-20 04:29:55', 1),
(42, 1, 40, '2014-03-20', '10:01:31', '2014-03-20 04:31:31', 1),
(43, 1, 41, '2014-03-20', '10:02:16', '2014-03-20 04:32:16', 1),
(45, 1, 43, '2014-05-05', '11:50:28', '2014-05-05 06:20:28', 1),
(46, 1, 44, '2014-05-05', '11:52:13', '2014-05-05 06:22:13', 1),
(47, 1, 45, '2014-05-05', '11:53:28', '2014-05-05 06:23:28', 1),
(49, 1, 47, '2014-05-05', '11:58:29', '2014-05-05 06:28:29', 1),
(50, 1, 48, '2014-05-05', '12:03:10', '2014-05-05 06:33:10', 1);

-- --------------------------------------------------------

--
-- Table structure for table `tbl_territory_type`
--

CREATE TABLE IF NOT EXISTS `tbl_territory_type` (
  `id_territory_type` int(11) NOT NULL AUTO_INCREMENT,
  `territory_type_name` varchar(450) NOT NULL,
  `added_date` date DEFAULT NULL,
  `added_time` time DEFAULT NULL,
  `added_timestamp` timestamp NULL DEFAULT CURRENT_TIMESTAMP ON UPDATE CURRENT_TIMESTAMP,
  `territory_type_status` tinyint(4) DEFAULT NULL,
  PRIMARY KEY (`id_territory_type`)
) ENGINE=InnoDB  DEFAULT CHARSET=latin1 AUTO_INCREMENT=6 ;

--
-- Dumping data for table `tbl_territory_type`
--

INSERT INTO `tbl_territory_type` (`id_territory_type`, `territory_type_name`, `added_date`, `added_time`, `added_timestamp`, `territory_type_status`) VALUES
(1, 'Country', '2013-11-20', '12:58:00', '2013-11-26 09:48:28', 0),
(2, 'Region', '2013-11-20', '13:08:05', '2013-11-28 07:28:10', 1),
(3, 'Area', '2013-11-20', '13:08:09', '2013-11-28 07:28:14', 1),
(4, 'Route', '2013-11-20', '13:08:14', '2013-11-28 07:28:18', 1),
(5, 'Test-s', '2013-12-28', '12:01:52', '2013-12-28 06:32:05', 0);

-- --------------------------------------------------------

--
-- Table structure for table `tbl_unproduct`
--

CREATE TABLE IF NOT EXISTS `tbl_unproduct` (
  `id_unproduct` int(40) NOT NULL AUTO_INCREMENT,
  `branch_id` int(40) NOT NULL,
  `id_employee_has_place` int(40) NOT NULL,
  `gps_latitude` varchar(100) NOT NULL,
  `gps_longitude` varchar(100) NOT NULL,
  `remarks` varchar(455) NOT NULL,
  `added_date` date NOT NULL,
  `added_time` time NOT NULL,
  `added_timestamp` timestamp NOT NULL DEFAULT CURRENT_TIMESTAMP ON UPDATE CURRENT_TIMESTAMP,
  PRIMARY KEY (`id_unproduct`),
  KEY `branch_id` (`branch_id`),
  KEY `id_employee_has_place` (`id_employee_has_place`)
) ENGINE=InnoDB  DEFAULT CHARSET=latin1 AUTO_INCREMENT=67 ;

--
-- Dumping data for table `tbl_unproduct`
--

INSERT INTO `tbl_unproduct` (`id_unproduct`, `branch_id`, `id_employee_has_place`, `gps_latitude`, `gps_longitude`, `remarks`, `added_date`, `added_time`, `added_timestamp`) VALUES
(1, 62, 9, '8.1574122095481', '80.297753792256', 'Stocks Available', '2014-01-10', '11:32:20', '2014-04-28 10:16:23'),
(2, 124, 9, '8.1535182707012', '80.296157961711', 'Stocks Available', '2014-01-10', '12:10:16', '2014-04-28 10:16:23'),
(3, 95, 9, '8.4850650792941', '80.166937513277', 'Owner Not Availble', '2014-01-28', '10:40:21', '2014-04-28 10:16:23'),
(4, 96, 9, '8.4857288002968', '80.16731553711', 'Stocks Available', '2014-01-28', '10:44:31', '2014-04-28 10:16:23'),
(5, 92, 9, '8.4934394387528', '80.194866266102', 'Stocks Available', '2014-01-28', '11:08:01', '2014-04-28 10:16:23'),
(6, 66, 9, '8.2362340763211', '80.350408572704', 'Stocks Available', '2014-01-29', '02:45:20', '2014-04-28 10:16:23'),
(7, 66, 9, '8.2362340763211', '80.350408572704', 'Stocks Available', '2014-01-29', '02:45:20', '2014-04-28 10:16:23'),
(8, 65, 9, '8.2362582581118', '80.350431287661', 'Stocks Available', '2014-01-29', '02:45:56', '2014-04-28 10:16:23'),
(9, 125, 9, '8.2091508060694', '80.107472855598', 'Stocks Available', '2014-01-31', '10:15:56', '2014-04-28 10:16:23'),
(11, 45, 9, '8.2774657057598', '80.243603847921', 'Stocks Available', '2014-01-31', '11:26:48', '2014-04-28 10:16:23'),
(12, 62, 9, '8.1619720067829', '80.300296191126', 'Stocks Available', '2014-01-31', '12:45:07', '2014-04-28 10:16:23'),
(14, 57, 9, '8.1496564345434', '80.293985204771', 'Stocks Available', '2014-01-31', '01:49:24', '2014-04-28 10:16:23'),
(16, 95, 9, '8.4843433555216', '80.167096853256', 'Off Season', '2014-02-20', '11:34:56', '2014-04-28 10:16:23'),
(17, 96, 9, '8.4862638171762', '80.166792087257', 'Stocks Available', '2014-02-20', '11:38:15', '2014-04-28 10:16:23'),
(18, 94, 9, '8.4922093944624', '80.201023444533', 'Stocks Available', '2014-02-20', '12:31:50', '2014-04-28 10:16:23'),
(19, 55, 9, '8.1593922246248', '80.29894888401', 'Stocks Available', '2014-02-20', '02:29:06', '2014-04-28 10:16:23'),
(20, 54, 9, '8.1513235112652', '80.293583460152', 'Stocks Available', '2014-02-20', '02:46:47', '2014-04-28 10:16:23'),
(24, 25, 9, '8.0920132482424', '80.350822387263', 'Owner Not Availble', '2014-02-21', '01:42:52', '2014-04-28 10:16:23'),
(25, 25, 9, '8.0920364242047', '80.350717194378', 'Owner Not Availble', '2014-02-21', '01:44:08', '2014-04-28 10:16:23'),
(27, 39, 9, '8.2918536616489', '80.718474285677', 'Stocks Available', '2014-02-24', '01:50:22', '2014-04-28 10:16:23'),
(28, 29, 9, '8.291830024682', '80.716632949188', 'Stocks Available', '2014-02-24', '01:59:48', '2014-04-28 10:16:23'),
(29, 38, 9, '8.2918570982292', '80.715833231807', 'Stocks Available', '2014-02-24', '02:27:21', '2014-04-28 10:16:23'),
(30, 27, 9, '8.3222256554291', '80.624419441447', 'Stocks Available', '2014-02-24', '02:44:18', '2014-04-28 10:16:23'),
(31, 27, 9, '8.3575517311692', '80.511893061921', 'Stocks Available', '2014-02-24', '03:10:47', '2014-04-28 10:16:23'),
(32, 35, 9, '8.3575483364984', '80.511913262308', 'Owner Not Availble', '2014-02-24', '03:11:23', '2014-04-28 10:16:23'),
(34, 40, 9, '8.3341054525226', '80.410349322483', 'Stocks Available', '2014-02-25', '10:53:12', '2014-04-28 10:16:23'),
(35, 43, 9, '8.3341520139948', '80.410543866456', 'Stocks Available', '2014-02-25', '11:53:09', '2014-04-28 10:16:23'),
(37, 66, 9, '8.2368197198957', '80.349811529741', 'Owner Not Availble', '2014-02-25', '01:19:06', '2014-04-28 10:16:23'),
(38, 48, 9, '8.2358206389472', '80.350237078965', 'Stocks Available', '2014-02-25', '01:44:56', '2014-04-28 10:16:23'),
(39, 65, 9, '8.2357928948477', '80.350617785007', 'Stocks Available', '2014-02-25', '01:51:15', '2014-04-28 10:16:23'),
(40, 29, 9, '8.2918628817424', '80.716463634744', 'Stocks Available', '2014-02-26', '12:28:51', '2014-04-28 10:16:23'),
(41, 39, 9, '8.2918312819675', '80.716425580904', 'Stocks Available', '2014-02-26', '12:29:22', '2014-04-28 10:16:23'),
(42, 236, 9, '8.3566457312554', '80.416946802288', 'Stocks Available', '2014-02-26', '02:28:22', '2014-04-28 10:16:23'),
(43, 38, 9, '8.3566457312554', '80.416946802288', 'Stocks Available', '2014-02-26', '02:28:57', '2014-04-28 10:16:23'),
(44, 66, 9, '8.2367678359151', '80.349922338501', 'Stocks Available', '2014-02-27', '11:18:45', '2014-04-28 10:16:23'),
(45, 37, 9, '8.0364519590512', '80.478904154152', 'Owner Not Availble', '2014-03-03', '12:02:18', '2014-04-28 10:16:23'),
(46, 28, 9, '8.0446831556037', '80.443439651281', 'Stocks Available', '2014-03-03', '01:39:53', '2014-04-28 10:16:23'),
(47, 25, 9, '8.0921940878034', '80.351193537936', 'Stocks Available', '2014-03-03', '02:03:30', '2014-04-28 10:16:23'),
(48, 236, 9, '8.356640660204', '80.416915621608', 'Owner Not Availble', '2014-03-04', '11:17:23', '2014-04-28 10:16:23'),
(50, 45, 9, '8.2638532435521', '80.210645534098', 'Stocks Available', '2014-03-05', '09:50:43', '2014-04-28 10:16:23'),
(51, 256, 15, '6.1678587365896', '80.899152662605', 'Stocks Available', '2014-03-11', '12:37:27', '2014-03-11 07:15:23'),
(52, 251, 15, '6.1620282847434', '80.904901223257', 'Stocks Available', '2014-03-14', '09:48:21', '2014-03-14 04:26:23'),
(53, 264, 15, '6.1227999301627', '81.025002831593', 'Off Season', '2014-03-14', '12:18:48', '2014-03-14 06:56:50'),
(54, 268, 15, '6.1226409254596', '81.024823123589', 'Owner Not Availble', '2014-03-14', '01:53:59', '2014-03-14 08:32:00'),
(55, 248, 15, '6.1665959609672', '80.898032756522', 'Stocks Available', '2014-03-17', '10:44:56', '2014-03-20 08:50:00'),
(56, 313, 19, '6.8293395079672', '80.996055258438', 'Stocks Available', '2014-03-27', '11:06:02', '2014-03-27 05:41:47'),
(57, 58, 20, '8.2968334760517', '80.375807248056', 'Shop Closed', '2014-04-24', '12:15:19', '2014-04-24 06:51:40'),
(58, 66, 20, '8.2368314126506', '80.349924517795', 'Stocks Available', '2014-04-24', '12:34:43', '2014-04-24 07:11:02'),
(60, 332, 19, '6.9773672707379', '80.764645915478', 'Stocks Available', '2014-04-25', '12:33:56', '2014-04-25 07:11:00'),
(61, 334, 19, '6.9763993285596', '80.765431299806', 'Stocks Available', '2014-04-25', '01:37:11', '2014-04-25 08:16:19'),
(62, 337, 19, '6.9974168250337', '80.823154030368', 'Stocks Available', '2014-04-25', '03:24:24', '2014-04-25 10:02:15'),
(63, 335, 19, '6.9974456168711', '80.823620818555', 'Stocks Available', '2014-04-25', '03:29:52', '2014-04-25 10:06:13'),
(64, 302, 19, '6.8308817362413', '80.990399066359', 'Stocks Available', '2014-04-30', '11:47:34', '2014-04-30 06:24:08'),
(65, 254, 15, '6.2280704313889', '80.93573698774', 'Stocks Available', '2014-04-01', '10:13:43', '2014-05-20 08:20:57'),
(66, 193, 11, '7.4177664192393', '80.32782336697', 'Shop Closed', '2014-05-22', '11:00:08', '2014-05-22 05:37:23');

-- --------------------------------------------------------

--
-- Table structure for table `tbl_user`
--

CREATE TABLE IF NOT EXISTS `tbl_user` (
  `id_user` int(11) NOT NULL AUTO_INCREMENT,
  `id_user_type` int(11) NOT NULL,
  `user_username` varchar(450) NOT NULL,
  `user_password` varchar(450) NOT NULL,
  `user_token` varchar(450) NOT NULL,
  `user_active` tinyint(4) NOT NULL DEFAULT '1',
  `user_status` tinyint(4) NOT NULL DEFAULT '1',
  `user_added_date` date NOT NULL,
  `user_added_time` time NOT NULL,
  `user_added_timestamp` timestamp NOT NULL DEFAULT CURRENT_TIMESTAMP ON UPDATE CURRENT_TIMESTAMP,
  `id_employee_registration` int(11) NOT NULL,
  PRIMARY KEY (`id_user`),
  KEY `fk_tbl_user_tbl_user_type1` (`id_user_type`),
  KEY `fk_tbl_user_tbl_employee_registration1` (`id_employee_registration`)
) ENGINE=InnoDB  DEFAULT CHARSET=latin1 AUTO_INCREMENT=31 ;

--
-- Dumping data for table `tbl_user`
--

INSERT INTO `tbl_user` (`id_user`, `id_user_type`, `user_username`, `user_password`, `user_token`, `user_active`, `user_status`, `user_added_date`, `user_added_time`, `user_added_timestamp`, `id_employee_registration`) VALUES
(1, 1, 'nuwan', 'u47tUhGUnMaVgJ99sRA8noc2gTS+zx+Nw2tXllCZsvOhUHizCf5TxKaRlys00gkQ1nSo1+dqp53kwwdcqrx7WQ==', 'f57a16821d4374c2625a063d0df957a5', 1, 1, '2013-11-20', '12:41:00', '2013-12-21 04:13:03', 1),
(2, 2, 'hazeem', 'C+UZZvsZUoqE8ZvHzpJq8TiRNnvruo80uGS1Blxb8TBDtCbEOo2isUlNYga5Pn0Nl4tEiXXW8kh3kBdTL2SSaQ==', '40da9b9ed74f672c3871d76a2c87857b', 1, 1, '2013-11-21', '06:22:21', '2014-01-07 05:12:09', 2),
(3, 3, 'kanishka', 'fXJAbueIltieB3IWAQ7REXW1skpf9rau2IvRu4AgfZnj9qpVCgInBZuRNnAZZkVjbFaKQmNmi0RshKhAdr3UOQ==', 'eccbc87e4b5ce2fe28308fd9f2a7baf3', 1, 1, '2013-12-17', '09:13:19', '2013-12-17 03:43:19', 5),
(4, 2, 'saman', 'R9fiaW37puV4g3Pk3NYVimnfhS1rUzCFvzDqLjpFWGnkE3H7dRBqP2/G/9c80lIGLQXWSgoT/XRRp1jB1jcnNQ==', 'a87ff679a2f3e71d9181a67b7542122c', 1, 1, '2013-12-17', '12:32:28', '2013-12-17 07:02:28', 6),
(5, 3, 'kasun', '4uDQreN8hhg5p/4cYnaUlgFmdfn2ZbvaF+RU2vqCqr9Dtbvn+of8WsKse1XIalx6c9JAxQfk2ntfBS3cmPxy3Q==', 'e4da3b7fbbce2345d7772b0674a318d5', 1, 1, '2013-12-17', '12:34:44', '2013-12-17 07:04:44', 7),
(7, 6, 'insaf', 'EesOEdPkduzPMalZMottQpHpuroPcwKSNHGZZGB1dopC8Cm33KboXxMf4NdkoG+pJohH+lnZiL7rGtlZ39PAVg==', '8f14e45fceea167a5a36dedd4bea2543', 1, 1, '2013-12-19', '15:08:35', '2013-12-19 09:57:14', 16),
(8, 6, 'nilmini', 'ZngnvTJIR2q+UMoATU0JtbWfEmtInvRb7+pVd5RMMDIS/R8bXoh5b1BYOIxg9gj4gTewcvk/8MBDLRBtXYIaUw==', 'c9f0f895fb98ab9159f51fd0297e236d', 1, 1, '2013-12-20', '10:14:47', '2013-12-20 04:44:47', 18),
(9, 4, 'amjad', 'C+UZZvsZUoqE8ZvHzpJq8TiRNnvruo80uGS1Blxb8TBDtCbEOo2isUlNYga5Pn0Nl4tEiXXW8kh3kBdTL2SSaQ==', '45c48cce2e2d7fbdea1afc51c7c6ad26', 1, 0, '2013-12-20', '10:16:05', '2014-05-06 05:20:40', 10),
(10, 1, 'basnayaka', 'FrWK0DOqLSiyt0XHj/lsbt82Smlgi0xF3jYF7d3U2tAfRMw2D+f2F+IjXoCrCdALaJYErJN8p2vl7pkzpOlKWA==', 'd3d9446802a44259755d38e6d163e820', 1, 1, '2013-12-20', '10:22:24', '2013-12-20 04:52:24', 8),
(11, 5, 'aruna', 'komH9PyoRWmZ5+mUqZwd1L8fzU88+INkC3sv93k5AygfEeJWUV+cPHvKBCUMrWf3xEFjFfh0bpdT6YVw5f1Hnw==', '6512bd43d9caa6e02c990b0a82652dca', 1, 1, '2013-12-20', '10:23:50', '2013-12-20 04:53:50', 11),
(13, 7, 'jagath', 'hW/TSV+z8bePobXkaxGFifjzuGCrjy3ZyThJ7Iuuasa9dgQkdkJzGXbtD8IF2y3C6XQSNSQXz/Rsq/JU2qpXSg==', 'c51ce410c124a10e0db5e4b97fc2af39', 1, 1, '2013-12-20', '10:26:23', '2013-12-20 04:56:23', 14),
(14, 3, 'vimukthi', 'h0+aRpWLRPchqHQNoYb6s113EcDc+vWyzZ8KJb6mT8pVN6KXcbn7Skr74wLwkk/YCFYGIA7qQMTLT5DSU/p8Ow==', 'aab3238922bcc25a6f606eb525ffdc56', 1, 1, '2013-12-20', '16:22:27', '2013-12-20 10:52:27', 22),
(15, 1, 'cladmin', 'avUyioIo4qFARvY98iGTEUjUhIwYlK0BEzdf9CXy4WqWQ80SSWqeOSJoQdmBikA37mNIKzUjCyxREkfKAAzStA==', '9bf31c7ff062936a96d3c8bd1f8f2ff3', 1, 1, '2013-12-21', '09:37:58', '2013-12-21 04:07:58', 23),
(16, 3, '123', 'zvf+7ms2cWCU4foTk+geWKphaI1SVS3INnYCFmsXNmuOjvRVy1E2j1lLtnDlFzI5wU+CRC9xz/uINwDgi2mtbQ==', 'c74d97b01eae257e44aa9d5bade97baf', 1, 1, '2013-12-28', '13:00:37', '2013-12-28 07:30:37', 20),
(17, 2, 'Dissanayake', 'YNdLvBbQ6oHrDept4MC8/DyW9YopT6+tYk9PpJ3qNy2FnT1I6+inHNNClYT78hyy7uX++ssThMcUi2rrOoEROw==', '70efdf2ec9b086079795c442636b55fb', 1, 1, '2014-02-05', '12:04:33', '2014-02-05 06:34:33', 25),
(18, 7, 'Indika', '68MKH8YJ44+VLbJ2xPCPnvDTgEQ8Ldk4yQdXuGUM1FaR79YE5idhx7lbYvjzSUJZYkV6HWp4p+6/NalioQJ44g==', '6f4922f45568161a8cdf4ad2299f6d23', 1, 1, '2014-02-05', '12:05:27', '2014-02-05 06:35:27', 27),
(19, 3, 'Asanka', 'dnbLdgnZMyGHhMHj0shv07Tvj4T0/T37xoaXX7YqBIuHll4vphUuRLolFRzQ+E1LqgfxNF93E1zIdb9PI4mDBw==', '1f0e3dad99908345f7439f8ffabdffc4', 1, 1, '2014-02-05', '12:06:05', '2014-02-05 06:36:05', 26),
(20, 2, 'Rathanayake', 'a9cM1gBjEQ68X75QUPNxA1o7g3PXvtR2GcSD6Hha+B5TnyBspSJdsav2CCvFYR08tOEpZ/ZsGtbYriCaGppiHA==', '98f13708210194c475687be6106a3b84', 1, 0, '2014-03-10', '10:31:26', '2014-03-10 05:04:42', 30),
(21, 3, 'Jayalal', 'mOVtXCrfxOf1NwHJ5crm1YMOMxqRgtHvI4coeX8dC8ZdY2sJOPLABaW5lk518jjMYUV5S+yY1Dtq04/OWws9JA==', '3c59dc048e8850243be8079a5c74d079', 1, 1, '2014-03-10', '10:32:25', '2014-03-10 05:02:25', 31),
(22, 7, 'Prasad', 'ouMHzFw9sYPJsNwn1ILZd2QS9XIIGUb46AghbJ4bcmHwnaj51CxhIfQArrfolpFgmUlW0Es9WP775pG3KSnnVg==', 'b6d767d2f8ed5d21a44b0e5886680cb9', 1, 1, '2014-03-10', '10:32:44', '2014-03-10 05:02:44', 32),
(23, 2, 'Rathnayake', 'o/CYPi51UvEE7nxhG+/uC75qK5dkIdTmOloHQRscMe70wuFUq2hKqhsBBJ8VEjsQodXz4Z54tFV3VKrJsx4xzw==', '37693cfc748049e45d87b8c7d8b9aacd', 1, 1, '2014-03-10', '10:36:45', '2014-03-10 05:06:45', 30),
(24, 2, 'Arun', 'i/8rcjY911fBoX1ITOtm6hlgHcLJqrjhiiMYyB0hd6NCtGjQKIZdIDVgzsvcFF1WQm9cjyjcbv4+FPydkLQKkA==', '1ff1de774005f8da13f42943881c655f', 1, 1, '2014-03-20', '11:02:52', '2014-03-20 05:32:52', 33),
(25, 3, 'Chandana', 'n2RQkVkR9aKhX/MnV6z5kY1l95vJACKeMeSjoKq8F5j9U7gH1B6YrxEwVCikfVF0P4nS9kH9GWTRCV852MrfBw==', '8e296a067a37563370ded05f5a3bf3ec', 1, 1, '2014-03-20', '11:04:01', '2014-03-20 05:34:01', 34),
(26, 3, 'Prasad', 'cRq6aweSL6kTyZe2LINtXsEWXUX1pE487PQhH9dWc5FPSVCrzzVSgFApLOEP+ZAWpGIgy0w6UzbLmFoKNvUmJw==', '4e732ced3463d06de0ca9a15b6153677', 1, 1, '2014-04-23', '16:24:24', '2014-04-23 10:54:24', 36),
(27, 4, 'rajap', 'l5JbCtc6bCI9O+ly7KMsIu5wFhn0EjZLPLb6+1crDxah7rCsCtdZcIBOk2DN+tRtHQ/DEswWQie40xmOg4taJQ==', '02e74f10e0327ad868d138f2b4fdd6f0', 1, 1, '2014-05-07', '10:49:51', '2014-05-07 05:19:51', 37),
(28, 8, 'sujeewa', 'kl3vkUfdn4UA6jyCpz/QT9QE8HEFDTQuz9IXBEpBUozTw6Ze6bKBoY0ccpjA2EKD2PrKJhXdJh+kxPvuFLdPUw==', '33e75ff09dd601bbe69f351039152189', 1, 1, '2014-05-07', '11:23:33', '2014-05-07 05:53:33', 38),
(29, 6, 'nilmini', 'KqgHNn4huqfPVWi72emMJrgD4mWSb4BtyDFcoX7pY391LZYErH4ULFlElogTkfWg/F0jWKkL8OUj3w56cwcAUg==', '6ea9ab1baa0efb9e19094440c317e21b', 1, 1, '2014-05-07', '11:27:16', '2014-05-07 05:57:16', 39),
(30, 3, 'pasan', 'gma78sxovRGlRziHyJrS6KJ+yoR/L8KuxAk+T9z0mBrBkucvDOv2T/oaAWBCgAYVTN08dkY1qAD1vE22OO6UMw==', '34173cb38f07f89ddbebc2ac9128303f', 1, 1, '2014-05-13', '13:47:14', '2014-05-13 08:17:14', 50);

-- --------------------------------------------------------

--
-- Table structure for table `tbl_user_has_permission`
--

CREATE TABLE IF NOT EXISTS `tbl_user_has_permission` (
  `id_user_has_permission` int(11) NOT NULL AUTO_INCREMENT,
  `id_user` int(11) NOT NULL,
  `id_permission` int(11) NOT NULL,
  PRIMARY KEY (`id_user_has_permission`),
  KEY `fk_tbl_user_has_tbl_permission_tbl_user1` (`id_user`),
  KEY `fk_tbl_user_has_tbl_permission_tbl_permission1` (`id_permission`)
) ENGINE=InnoDB DEFAULT CHARSET=latin1 AUTO_INCREMENT=1 ;

-- --------------------------------------------------------

--
-- Table structure for table `tbl_user_type`
--

CREATE TABLE IF NOT EXISTS `tbl_user_type` (
  `id_user_type` int(11) NOT NULL AUTO_INCREMENT,
  `user_type` varchar(100) NOT NULL,
  `user_type_status` tinyint(4) NOT NULL DEFAULT '1',
  `added_date` date NOT NULL,
  `added_time` time NOT NULL,
  `added_timestamp` timestamp NOT NULL DEFAULT CURRENT_TIMESTAMP ON UPDATE CURRENT_TIMESTAMP,
  PRIMARY KEY (`id_user_type`)
) ENGINE=InnoDB  DEFAULT CHARSET=latin1 AUTO_INCREMENT=13 ;

--
-- Dumping data for table `tbl_user_type`
--

INSERT INTO `tbl_user_type` (`id_user_type`, `user_type`, `user_type_status`, `added_date`, `added_time`, `added_timestamp`) VALUES
(1, 'Admin', 0, '2013-11-20', '12:40:00', '2013-12-21 03:46:12'),
(2, 'Distributor', 1, '2013-11-20', '13:11:30', '2013-11-28 07:36:36'),
(3, 'Sales Rep', 1, '2013-11-20', '13:11:38', '2013-11-28 07:36:40'),
(4, 'SBU Head', 1, '2013-12-19', '12:50:49', '2013-12-19 07:20:49'),
(5, 'Manager', 1, '2013-12-19', '12:51:02', '2013-12-19 07:21:02'),
(6, 'Executive', 1, '2013-12-19', '12:51:11', '2013-12-19 07:21:11'),
(7, 'Area Sales manager', 1, '2013-12-19', '12:51:22', '2013-12-19 07:21:22'),
(8, 'Assist Manager', 1, '2013-12-19', '12:52:08', '2013-12-19 07:22:08'),
(9, '2852', 0, '2013-12-28', '12:18:27', '2013-12-28 06:50:40'),
(10, 'aasas', 0, '2013-12-28', '12:21:04', '2013-12-28 06:51:11'),
(11, 'Distributor', 0, '2014-06-06', '09:05:46', '2014-06-06 03:35:53'),
(12, 'a', 1, '2014-06-06', '09:09:47', '2014-06-06 03:39:47');

-- --------------------------------------------------------

--
-- Table structure for table `tbl_user_type_has_permission`
--

CREATE TABLE IF NOT EXISTS `tbl_user_type_has_permission` (
  `id_user_type_has_permission` int(11) NOT NULL AUTO_INCREMENT,
  `id_user_type` int(11) NOT NULL,
  `id_permission` int(11) NOT NULL,
  `assign_status` tinyint(4) NOT NULL DEFAULT '1',
  `added_date` date NOT NULL,
  `added_time` time NOT NULL,
  `added_timestamp` timestamp NOT NULL DEFAULT CURRENT_TIMESTAMP ON UPDATE CURRENT_TIMESTAMP,
  PRIMARY KEY (`id_user_type_has_permission`),
  KEY `fk_tbl_user_type_has_tbl_permission_tbl_user_type1` (`id_user_type`),
  KEY `fk_tbl_user_type_has_tbl_permission_tbl_permission1` (`id_permission`)
) ENGINE=InnoDB DEFAULT CHARSET=latin1 AUTO_INCREMENT=1 ;

-- --------------------------------------------------------

--
-- Table structure for table `tbl_van`
--

CREATE TABLE IF NOT EXISTS `tbl_van` (
  `id_van` int(11) NOT NULL AUTO_INCREMENT,
  `van_number` varchar(15) NOT NULL,
  `id_employee_has_place` int(11) NOT NULL,
  `id_phicical_place` int(11) NOT NULL,
  `added_date` date NOT NULL,
  `added_time` time NOT NULL,
  `time_stamp` timestamp NOT NULL DEFAULT CURRENT_TIMESTAMP ON UPDATE CURRENT_TIMESTAMP,
  `status` tinyint(2) NOT NULL DEFAULT '1',
  PRIMARY KEY (`id_van`),
  KEY `id_employee_has_place` (`id_employee_has_place`),
  KEY `id_phicical_place` (`id_phicical_place`)
) ENGINE=InnoDB  DEFAULT CHARSET=latin1 AUTO_INCREMENT=10 ;

--
-- Dumping data for table `tbl_van`
--

INSERT INTO `tbl_van` (`id_van`, `van_number`, `id_employee_has_place`, `id_phicical_place`, `added_date`, `added_time`, `time_stamp`, `status`) VALUES
(1, 'test-1234', 11, 8, '2014-04-04', '12:30:31', '2014-05-22 06:12:16', 0),
(2, 'WP- 1978', 11, 8, '2014-04-04', '13:37:58', '2014-05-22 06:50:22', 0),
(3, 'abc', 11, 8, '2014-04-04', '13:39:00', '2014-04-04 08:09:54', 0),
(4, 'WP-98788', 11, 8, '2014-04-04', '13:38:29', '2014-05-22 06:50:27', 0),
(5, 'WP-6524', 11, 8, '2014-04-21', '12:03:58', '2014-05-22 06:50:32', 0),
(6, 'WA-1234', 11, 8, '2014-04-21', '13:50:18', '2014-05-22 06:50:37', 0),
(7, 'gm1015', 11, 8, '2014-05-22', '10:58:40', '2014-05-22 06:50:41', 0),
(8, 'hh1010', 11, 8, '2014-05-22', '11:41:29', '2014-05-22 06:50:45', 0),
(9, '48-8319', 11, 8, '2014-05-23', '10:08:56', '2014-05-23 04:42:02', 1);

-- --------------------------------------------------------

--
-- Table structure for table `tbl_van_stock`
--

CREATE TABLE IF NOT EXISTS `tbl_van_stock` (
  `id_van_stock` int(11) NOT NULL AUTO_INCREMENT,
  `id_van_store` int(11) NOT NULL,
  `Id_product` int(11) NOT NULL,
  `van_stock_qty` int(11) NOT NULL,
  `added_date` date NOT NULL,
  `added_time` time NOT NULL,
  `status` tinyint(1) NOT NULL,
  `added_timestamp` timestamp NOT NULL DEFAULT CURRENT_TIMESTAMP ON UPDATE CURRENT_TIMESTAMP,
  PRIMARY KEY (`id_van_stock`),
  KEY `id_stock` (`Id_product`),
  KEY `tbl_store_idx` (`id_van_store`)
) ENGINE=InnoDB  DEFAULT CHARSET=latin1 AUTO_INCREMENT=67 ;

--
-- Dumping data for table `tbl_van_stock`
--

INSERT INTO `tbl_van_stock` (`id_van_stock`, `id_van_store`, `Id_product`, `van_stock_qty`, `added_date`, `added_time`, `status`, `added_timestamp`) VALUES
(15, 9, 8, 35, '2014-05-23', '10:35:52', 1, '2014-05-23 05:05:52'),
(16, 9, 2, 5, '2014-05-23', '10:35:52', 1, '2014-05-23 05:05:52'),
(17, 9, 6, 12, '2014-05-23', '10:35:52', 1, '2014-05-23 05:05:52'),
(18, 9, 7, 9, '2014-05-23', '10:35:52', 1, '2014-05-23 05:05:52'),
(19, 9, 14, 96, '2014-05-23', '10:35:52', 1, '2014-05-23 05:05:52'),
(20, 9, 15, 96, '2014-05-23', '10:35:52', 1, '2014-05-23 05:05:52'),
(21, 9, 694, 60, '2014-05-23', '10:35:52', 1, '2014-05-23 05:05:52'),
(22, 9, 687, 80, '2014-05-23', '10:35:52', 1, '2014-05-23 05:05:52'),
(23, 9, 463, 17, '2014-05-23', '10:35:52', 1, '2014-05-23 05:05:52'),
(24, 9, 682, 40, '2014-05-23', '10:35:52', 1, '2014-05-23 05:05:52'),
(25, 9, 634, 3, '2014-05-23', '10:35:52', 1, '2014-05-23 05:05:52'),
(26, 9, 509, 50, '2014-05-23', '10:35:52', 1, '2014-05-23 05:05:52'),
(27, 9, 493, 26, '2014-05-23', '10:35:52', 1, '2014-06-03 10:35:39'),
(28, 10, 688, 66, '2014-05-23', '10:47:13', 1, '2014-05-23 05:17:13'),
(29, 10, 689, 100, '2014-05-23', '10:47:13', 1, '2014-05-23 05:17:13'),
(30, 10, 661, 12, '2014-05-23', '10:47:13', 1, '2014-06-03 10:35:39'),
(31, 10, 465, 39, '2014-05-23', '10:47:13', 1, '2014-06-03 10:35:39'),
(32, 10, 480, 500, '2014-05-23', '10:47:13', 1, '2014-05-23 05:17:13'),
(33, 10, 481, 40, '2014-05-23', '10:47:13', 1, '2014-05-23 05:17:13'),
(34, 10, 483, 100, '2014-05-23', '10:47:13', 1, '2014-05-23 05:17:13'),
(35, 10, 470, 30, '2014-05-23', '10:47:13', 1, '2014-05-23 05:17:13'),
(36, 10, 668, 8, '2014-05-23', '10:47:13', 1, '2014-05-23 05:17:13'),
(37, 10, 478, 5, '2014-05-23', '10:47:13', 1, '2014-05-23 05:17:13'),
(38, 10, 472, 20, '2014-05-23', '10:47:13', 1, '2014-05-23 05:17:13'),
(39, 10, 485, 54, '2014-05-23', '10:47:13', 1, '2014-06-03 10:35:39'),
(40, 10, 611, 5, '2014-05-23', '10:47:13', 1, '2014-05-23 05:17:13'),
(41, 10, 486, 0, '2014-05-23', '10:47:13', 1, '2014-05-23 05:17:13'),
(42, 11, 614, 99, '2014-05-23', '10:53:51', 1, '2014-06-03 10:35:39'),
(43, 11, 599, 195, '2014-05-23', '10:53:51', 1, '2014-06-03 10:35:39'),
(44, 11, 676, 13, '2014-05-23', '10:53:51', 1, '2014-06-03 10:35:39'),
(45, 11, 674, 99, '2014-05-23', '10:53:51', 1, '2014-06-03 10:35:39'),
(46, 11, 703, 49, '2014-05-23', '10:53:51', 1, '2014-06-03 10:35:39'),
(47, 11, 701, 100, '2014-05-23', '10:53:51', 1, '2014-05-23 05:23:51'),
(48, 11, 700, 49, '2014-05-23', '10:53:51', 1, '2014-05-23 05:23:51'),
(49, 11, 710, 40, '2014-05-23', '10:53:51', 1, '2014-05-23 05:23:51'),
(50, 11, 711, 9, '2014-05-23', '10:53:51', 1, '2014-06-03 10:35:39'),
(51, 12, 707, 26, '2014-05-23', '11:50:12', 1, '2014-05-23 06:20:12'),
(52, 12, 630, 99, '2014-05-23', '11:50:12', 1, '2014-06-03 10:35:39'),
(53, 12, 730, 97, '2014-05-23', '11:50:12', 1, '2014-06-03 10:35:39'),
(54, 12, 469, 13, '2014-05-23', '11:50:12', 1, '2014-05-23 06:20:12'),
(55, 12, 468, 40, '2014-05-23', '11:50:12', 1, '2014-05-23 06:20:12'),
(56, 12, 613, 20, '2014-05-23', '11:50:12', 1, '2014-05-23 06:20:12'),
(57, 12, 498, 22, '2014-05-23', '11:50:12', 1, '2014-06-03 10:35:39'),
(58, 12, 631, 104, '2014-05-23', '11:50:12', 1, '2014-06-03 10:35:39'),
(59, 12, 476, 50, '2014-05-23', '11:50:12', 1, '2014-05-23 06:20:12'),
(60, 12, 487, 585, '2014-05-23', '11:50:12', 1, '2014-05-23 06:20:12'),
(61, 12, 686, 100, '2014-05-23', '11:50:12', 1, '2014-05-23 06:20:12'),
(62, 12, 671, 108, '2014-05-23', '11:50:12', 1, '2014-05-23 06:20:12'),
(63, 12, 711, 0, '2014-05-23', '11:50:12', 0, '2014-06-03 10:35:39'),
(64, 12, 709, 89, '2014-05-23', '11:50:12', 1, '2014-06-03 10:35:39'),
(65, 13, 487, 585, '2014-05-23', '11:58:58', 1, '2014-05-23 06:28:58'),
(66, 13, 486, 300, '2014-05-23', '11:58:58', 1, '2014-05-23 06:28:58');

-- --------------------------------------------------------

--
-- Table structure for table `tbl_van_stockdetails`
--

CREATE TABLE IF NOT EXISTS `tbl_van_stockdetails` (
  `id_van_stock` int(11) NOT NULL AUTO_INCREMENT,
  `id_van_store` int(11) NOT NULL,
  `Id_product` int(11) NOT NULL,
  `van_stock_qty` int(11) NOT NULL,
  `added_date` date NOT NULL,
  `added_time` time NOT NULL,
  `status` tinyint(1) NOT NULL,
  PRIMARY KEY (`id_van_stock`),
  KEY `id_stock` (`Id_product`),
  KEY `tbl_store_idx` (`id_van_store`)
) ENGINE=InnoDB  DEFAULT CHARSET=latin1 AUTO_INCREMENT=67 ;

--
-- Dumping data for table `tbl_van_stockdetails`
--

INSERT INTO `tbl_van_stockdetails` (`id_van_stock`, `id_van_store`, `Id_product`, `van_stock_qty`, `added_date`, `added_time`, `status`) VALUES
(1, 1, 497, 3, '2014-04-08', '11:37:17', 1),
(2, 2, 8, 2, '2014-04-21', '12:04:58', 1),
(3, 3, 7, 1, '2014-04-21', '13:51:38', 1),
(4, 4, 14, 10, '2014-04-21', '13:54:03', 1),
(5, 4, 673, 5, '2014-04-21', '13:54:03', 1),
(6, 4, 182, 10, '2014-04-21', '13:54:03', 1),
(7, 5, 497, 2, '2014-04-29', '13:31:46', 1),
(8, 6, 8, 10, '2014-05-07', '09:57:34', 1),
(9, 7, 614, 1, '2014-05-22', '11:01:11', 1),
(10, 7, 674, 12, '2014-05-22', '11:01:11', 1),
(11, 7, 710, 10, '2014-05-22', '11:01:11', 1),
(12, 8, 8, 10, '2014-05-22', '11:43:31', 1),
(13, 8, 614, 10, '2014-05-22', '11:43:31', 1),
(14, 8, 710, 10, '2014-05-22', '11:43:31', 1),
(15, 9, 8, 35, '2014-05-23', '10:35:52', 1),
(16, 9, 2, 5, '2014-05-23', '10:35:52', 1),
(17, 9, 6, 12, '2014-05-23', '10:35:52', 1),
(18, 9, 7, 9, '2014-05-23', '10:35:52', 1),
(19, 9, 14, 96, '2014-05-23', '10:35:52', 1),
(20, 9, 15, 96, '2014-05-23', '10:35:52', 1),
(21, 9, 694, 60, '2014-05-23', '10:35:52', 1),
(22, 9, 687, 80, '2014-05-23', '10:35:52', 1),
(23, 9, 463, 17, '2014-05-23', '10:35:52', 1),
(24, 9, 682, 40, '2014-05-23', '10:35:52', 1),
(25, 9, 634, 3, '2014-05-23', '10:35:52', 1),
(26, 9, 509, 50, '2014-05-23', '10:35:52', 1),
(27, 9, 493, 27, '2014-05-23', '10:35:52', 1),
(28, 10, 688, 66, '2014-05-23', '10:47:13', 1),
(29, 10, 689, 100, '2014-05-23', '10:47:13', 1),
(30, 10, 661, 13, '2014-05-23', '10:47:13', 1),
(31, 10, 465, 40, '2014-05-23', '10:47:13', 1),
(32, 10, 480, 500, '2014-05-23', '10:47:13', 1),
(33, 10, 481, 40, '2014-05-23', '10:47:13', 1),
(34, 10, 483, 100, '2014-05-23', '10:47:13', 1),
(35, 10, 470, 30, '2014-05-23', '10:47:13', 1),
(36, 10, 668, 8, '2014-05-23', '10:47:13', 1),
(37, 10, 478, 5, '2014-05-23', '10:47:13', 1),
(38, 10, 472, 20, '2014-05-23', '10:47:13', 1),
(39, 10, 485, 61, '2014-05-23', '10:47:13', 1),
(40, 10, 611, 5, '2014-05-23', '10:47:13', 1),
(41, 10, 486, 0, '2014-05-23', '10:47:13', 1),
(42, 11, 614, 100, '2014-05-23', '10:53:51', 1),
(43, 11, 599, 196, '2014-05-23', '10:53:51', 1),
(44, 11, 676, 14, '2014-05-23', '10:53:51', 1),
(45, 11, 674, 100, '2014-05-23', '10:53:51', 1),
(46, 11, 703, 50, '2014-05-23', '10:53:51', 1),
(47, 11, 701, 100, '2014-05-23', '10:53:51', 1),
(48, 11, 700, 49, '2014-05-23', '10:53:51', 1),
(49, 11, 710, 40, '2014-05-23', '10:53:51', 1),
(50, 11, 711, 0, '2014-05-23', '10:53:51', 1),
(51, 12, 707, 26, '2014-05-23', '11:50:12', 1),
(52, 12, 630, 100, '2014-05-23', '11:50:12', 1),
(53, 12, 730, 100, '2014-05-23', '11:50:12', 1),
(54, 12, 469, 13, '2014-05-23', '11:50:12', 1),
(55, 12, 468, 40, '2014-05-23', '11:50:12', 1),
(56, 12, 613, 20, '2014-05-23', '11:50:12', 1),
(57, 12, 498, 23, '2014-05-23', '11:50:12', 1),
(58, 12, 631, 105, '2014-05-23', '11:50:12', 1),
(59, 12, 476, 50, '2014-05-23', '11:50:12', 1),
(60, 12, 487, 585, '2014-05-23', '11:50:12', 1),
(61, 12, 686, 100, '2014-05-23', '11:50:12', 1),
(62, 12, 671, 108, '2014-05-23', '11:50:12', 1),
(63, 12, 711, 10, '2014-05-23', '11:50:12', 1),
(64, 12, 709, 90, '2014-05-23', '11:50:12', 1),
(65, 13, 487, 585, '2014-05-23', '11:58:58', 1),
(66, 13, 486, 300, '2014-05-23', '11:58:58', 1);

-- --------------------------------------------------------

--
-- Table structure for table `tbl_van_store`
--

CREATE TABLE IF NOT EXISTS `tbl_van_store` (
  `id_van_store` int(11) NOT NULL AUTO_INCREMENT,
  `id_van` int(11) NOT NULL,
  `added_date` date NOT NULL,
  `added_time` time NOT NULL,
  `time_stamp` timestamp NOT NULL DEFAULT CURRENT_TIMESTAMP ON UPDATE CURRENT_TIMESTAMP,
  `status` tinyint(1) NOT NULL DEFAULT '1',
  PRIMARY KEY (`id_van_store`),
  KEY `id_van` (`id_van`)
) ENGINE=InnoDB  DEFAULT CHARSET=latin1 AUTO_INCREMENT=14 ;

--
-- Dumping data for table `tbl_van_store`
--

INSERT INTO `tbl_van_store` (`id_van_store`, `id_van`, `added_date`, `added_time`, `time_stamp`, `status`) VALUES
(1, 2, '2014-04-08', '11:37:17', '2014-04-08 06:07:17', 1),
(2, 5, '2014-04-21', '12:04:58', '2014-04-21 06:34:58', 1),
(3, 6, '2014-04-21', '13:51:38', '2014-04-21 08:21:38', 1),
(4, 6, '2014-04-21', '13:54:03', '2014-04-21 08:24:03', 1),
(5, 2, '2014-04-29', '13:31:46', '2014-04-29 08:01:46', 1),
(6, 4, '2014-05-07', '09:57:34', '2014-05-07 04:27:34', 1),
(7, 7, '2014-05-22', '11:01:11', '2014-05-22 05:31:11', 1),
(8, 8, '2014-05-22', '11:43:31', '2014-05-22 06:13:31', 1),
(9, 9, '2014-05-23', '10:35:52', '2014-05-23 05:05:52', 1),
(10, 9, '2014-05-23', '10:47:13', '2014-05-23 05:17:13', 1),
(11, 9, '2014-05-23', '10:53:51', '2014-05-23 05:23:51', 1),
(12, 9, '2014-05-23', '11:50:12', '2014-05-23 06:20:12', 1),
(13, 9, '2014-05-23', '11:58:58', '2014-05-23 06:28:58', 1);

-- --------------------------------------------------------

--
-- Table structure for table `tbl_van_storedetails`
--

CREATE TABLE IF NOT EXISTS `tbl_van_storedetails` (
  `id_van_store` int(11) NOT NULL AUTO_INCREMENT,
  `id_van` int(11) NOT NULL,
  `added_date` date NOT NULL,
  `added_time` time NOT NULL,
  `time_stamp` timestamp NOT NULL DEFAULT CURRENT_TIMESTAMP ON UPDATE CURRENT_TIMESTAMP,
  `status` tinyint(1) NOT NULL DEFAULT '1',
  PRIMARY KEY (`id_van_store`),
  KEY `id_van` (`id_van`)
) ENGINE=InnoDB  DEFAULT CHARSET=latin1 AUTO_INCREMENT=14 ;

--
-- Dumping data for table `tbl_van_storedetails`
--

INSERT INTO `tbl_van_storedetails` (`id_van_store`, `id_van`, `added_date`, `added_time`, `time_stamp`, `status`) VALUES
(1, 2, '2014-04-08', '11:37:17', '2014-04-08 06:07:17', 1),
(2, 5, '2014-04-21', '12:04:58', '2014-04-21 06:34:58', 1),
(3, 6, '2014-04-21', '13:51:38', '2014-04-21 08:21:38', 1),
(4, 6, '2014-04-21', '13:54:03', '2014-04-21 08:24:03', 1),
(5, 2, '2014-04-29', '13:31:46', '2014-04-29 08:01:46', 1),
(6, 4, '2014-05-07', '09:57:34', '2014-05-07 04:27:34', 1),
(7, 7, '2014-05-22', '11:01:11', '2014-05-22 05:31:11', 1),
(8, 8, '2014-05-22', '11:43:31', '2014-05-22 06:13:31', 1),
(9, 9, '2014-05-23', '10:35:52', '2014-05-23 05:05:52', 1),
(10, 9, '2014-05-23', '10:47:13', '2014-05-23 05:17:13', 1),
(11, 9, '2014-05-23', '10:53:51', '2014-05-23 05:23:51', 1),
(12, 9, '2014-05-23', '11:50:12', '2014-05-23 06:20:12', 1),
(13, 9, '2014-05-23', '11:58:58', '2014-05-23 06:28:58', 1);

-- --------------------------------------------------------

--
-- Table structure for table `tbl_vehicle_unload`
--

CREATE TABLE IF NOT EXISTS `tbl_vehicle_unload` (
  `id_unload` int(11) NOT NULL AUTO_INCREMENT,
  `id_unload_store` int(20) NOT NULL,
  `id_products` int(20) NOT NULL,
  `qty` int(20) NOT NULL,
  `added_date` date NOT NULL,
  `added_time` time NOT NULL,
  `status` tinyint(2) NOT NULL DEFAULT '1',
  `time_stamp` timestamp NOT NULL DEFAULT CURRENT_TIMESTAMP ON UPDATE CURRENT_TIMESTAMP,
  PRIMARY KEY (`id_unload`),
  KEY `id_unload_store` (`id_unload_store`),
  KEY `id_products` (`id_products`)
) ENGINE=InnoDB  DEFAULT CHARSET=latin1 AUTO_INCREMENT=9 ;

--
-- Dumping data for table `tbl_vehicle_unload`
--

INSERT INTO `tbl_vehicle_unload` (`id_unload`, `id_unload_store`, `id_products`, `qty`, `added_date`, `added_time`, `status`, `time_stamp`) VALUES
(1, 35, 497, 1, '2014-04-08', '11:39:09', 1, '2014-04-08 06:09:09'),
(2, 36, 8, 1, '2014-04-21', '12:06:55', 1, '2014-04-21 06:36:55'),
(3, 37, 614, 1, '2014-05-22', '11:02:43', 1, '2014-05-22 05:32:43'),
(4, 37, 674, 10, '2014-05-22', '11:02:43', 1, '2014-05-22 05:32:43'),
(5, 37, 710, 10, '2014-05-22', '11:02:43', 1, '2014-05-22 05:32:43'),
(6, 38, 8, 10, '2014-05-22', '11:45:18', 1, '2014-05-22 06:15:18'),
(7, 38, 614, 10, '2014-05-22', '11:45:18', 1, '2014-05-22 06:15:18'),
(8, 38, 710, 10, '2014-05-22', '11:45:18', 1, '2014-05-22 06:15:18');

-- --------------------------------------------------------

--
-- Table structure for table `tbl_vehicle_unload_store`
--

CREATE TABLE IF NOT EXISTS `tbl_vehicle_unload_store` (
  `id_unload_store` int(11) NOT NULL AUTO_INCREMENT,
  `id_van` int(20) NOT NULL,
  `added_date` date NOT NULL,
  `added_time` time NOT NULL,
  `time_stamp` timestamp NOT NULL DEFAULT CURRENT_TIMESTAMP ON UPDATE CURRENT_TIMESTAMP,
  `status` tinyint(2) NOT NULL DEFAULT '1',
  PRIMARY KEY (`id_unload_store`),
  KEY `id_van` (`id_van`)
) ENGINE=InnoDB  DEFAULT CHARSET=latin1 AUTO_INCREMENT=39 ;

--
-- Dumping data for table `tbl_vehicle_unload_store`
--

INSERT INTO `tbl_vehicle_unload_store` (`id_unload_store`, `id_van`, `added_date`, `added_time`, `time_stamp`, `status`) VALUES
(35, 2, '2014-04-08', '11:39:09', '2014-04-08 06:09:09', 1),
(36, 5, '2014-04-21', '12:06:55', '2014-04-21 06:36:55', 1),
(37, 7, '2014-05-22', '11:02:43', '2014-05-22 05:32:43', 1),
(38, 8, '2014-05-22', '11:45:18', '2014-05-22 06:15:18', 1);

--
-- Constraints for dumped tables
--

--
-- Constraints for table `tbl_assort_item`
--
ALTER TABLE `tbl_assort_item`
  ADD CONSTRAINT `fk_tbl_assort_items_tbl_assort_free1` FOREIGN KEY (`id_assort_free`) REFERENCES `tbl_assort_free` (`id_assort_free`) ON DELETE CASCADE ON UPDATE CASCADE,
  ADD CONSTRAINT `fk_tbl_assort_items_tbl_item1` FOREIGN KEY (`iditem`) REFERENCES `tbl_item` (`id_item`) ON DELETE CASCADE ON UPDATE CASCADE;

--
-- Constraints for table `tbl_assort_item_issue`
--
ALTER TABLE `tbl_assort_item_issue`
  ADD CONSTRAINT `fk_tbl_assort_issue_tbl_assort_free1` FOREIGN KEY (`id_assort_free`) REFERENCES `tbl_assort_free` (`id_assort_free`) ON DELETE CASCADE ON UPDATE CASCADE,
  ADD CONSTRAINT `fk_tbl_assort_issue_tbl_item1` FOREIGN KEY (`id_item`) REFERENCES `tbl_item` (`id_item`) ON DELETE CASCADE ON UPDATE CASCADE;

--
-- Constraints for table `tbl_branch_has_division`
--
ALTER TABLE `tbl_branch_has_division`
  ADD CONSTRAINT `fk_tbl_branch_has_division_tbl_division1` FOREIGN KEY (`id_division`) REFERENCES `tbl_division` (`id_division`) ON DELETE CASCADE ON UPDATE CASCADE,
  ADD CONSTRAINT `fk_tbl_branch_has_division_tbl_outlet_has_branch1` FOREIGN KEY (`id_outlet_has_branch`) REFERENCES `tbl_outlet_has_branch` (`id_outlet_has_branch`) ON DELETE CASCADE ON UPDATE CASCADE;

--
-- Constraints for table `tbl_cash_payment`
--
ALTER TABLE `tbl_cash_payment`
  ADD CONSTRAINT `tbl_cash_payment_ibfk_1` FOREIGN KEY (`id_sales_order`) REFERENCES `tbl_sales_order` (`id_sales_order`) ON DELETE CASCADE ON UPDATE CASCADE;

--
-- Constraints for table `tbl_cheque_payment`
--
ALTER TABLE `tbl_cheque_payment`
  ADD CONSTRAINT `tbl_cheque_payment_ibfk_1` FOREIGN KEY (`id_sales_order`) REFERENCES `tbl_sales_order` (`id_sales_order`) ON DELETE CASCADE ON UPDATE CASCADE,
  ADD CONSTRAINT `tbl_cheque_payment_ibfk_2` FOREIGN KEY (`id_bank`) REFERENCES `tbl_bank` (`id_bank`) ON DELETE CASCADE ON UPDATE CASCADE;

--
-- Constraints for table `tbl_credit_payment`
--
ALTER TABLE `tbl_credit_payment`
  ADD CONSTRAINT `tbl_credit_payment_ibfk_1` FOREIGN KEY (`id_sales_order`) REFERENCES `tbl_sales_order` (`id_sales_order`) ON DELETE CASCADE ON UPDATE CASCADE;

--
-- Constraints for table `tbl_dilivery_note`
--
ALTER TABLE `tbl_dilivery_note`
  ADD CONSTRAINT `fk_dilivery_note_purchase_order1` FOREIGN KEY (`id_purchase_order`) REFERENCES `tbl_purchase_order` (`id_purchase_order`) ON DELETE CASCADE ON UPDATE CASCADE;

--
-- Constraints for table `tbl_dilivery_note_has_products`
--
ALTER TABLE `tbl_dilivery_note_has_products`
  ADD CONSTRAINT `fk_item_has_dilivery_note_dilivery_note1` FOREIGN KEY (`id_dilivery_note`) REFERENCES `tbl_dilivery_note` (`id_dilivery_note`) ON DELETE CASCADE ON UPDATE CASCADE,
  ADD CONSTRAINT `fk_tbl_dilivery_note_has_item_tbl_products1` FOREIGN KEY (`id_products`) REFERENCES `tbl_products` (`id_products`) ON DELETE CASCADE ON UPDATE CASCADE;

--
-- Constraints for table `tbl_division`
--
ALTER TABLE `tbl_division`
  ADD CONSTRAINT `fk_tbl_division_tbl_division_type1` FOREIGN KEY (`division_type_id`) REFERENCES `tbl_division_type` (`id_division_type`) ON DELETE CASCADE ON UPDATE CASCADE;

--
-- Constraints for table `tbl_employee`
--
ALTER TABLE `tbl_employee`
  ADD CONSTRAINT `fk_tbl_employee_tbl_employee_registration1` FOREIGN KEY (`id_employee_registration`) REFERENCES `tbl_employee_registration` (`id_employee_registration`) ON DELETE CASCADE ON UPDATE CASCADE,
  ADD CONSTRAINT `fk_tbl_employee_tbl_employee_type1` FOREIGN KEY (`id_employee_type`) REFERENCES `tbl_employee_type` (`id_employee_type`) ON DELETE CASCADE ON UPDATE CASCADE;

--
-- Constraints for table `tbl_employee_has_place`
--
ALTER TABLE `tbl_employee_has_place`
  ADD CONSTRAINT `fk_tbl_employee_has_place_tbl_division1` FOREIGN KEY (`id_division`) REFERENCES `tbl_division` (`id_division`) ON DELETE CASCADE ON UPDATE CASCADE,
  ADD CONSTRAINT `fk_tbl_employee_has_place_tbl_employee1` FOREIGN KEY (`id_employee`) REFERENCES `tbl_employee` (`id_employee`) ON DELETE CASCADE ON UPDATE CASCADE,
  ADD CONSTRAINT `fk_tbl_employee_has_territory_tbl_physical_place1` FOREIGN KEY (`id_physical_place`) REFERENCES `tbl_physical_place` (`id_physical_place`) ON DELETE NO ACTION ON UPDATE CASCADE,
  ADD CONSTRAINT `fk_tbl_employee_has_territory_tbl_territory1` FOREIGN KEY (`id_territory`) REFERENCES `tbl_territory` (`id_territory`) ON DELETE CASCADE ON UPDATE CASCADE;

--
-- Constraints for table `tbl_employee_item_discount`
--
ALTER TABLE `tbl_employee_item_discount`
  ADD CONSTRAINT `fk_tbl_employee_item_discount_tbl_employee_has_place1` FOREIGN KEY (`id_employee_has_place`) REFERENCES `tbl_employee_has_place` (`id_employee_has_place`) ON DELETE CASCADE ON UPDATE CASCADE,
  ADD CONSTRAINT `fk_tbl_employee_item_discount_tbl_item1` FOREIGN KEY (`id_item`) REFERENCES `tbl_item` (`id_item`) ON DELETE CASCADE ON UPDATE CASCADE;

--
-- Constraints for table `tbl_employye_wise_target`
--
ALTER TABLE `tbl_employye_wise_target`
  ADD CONSTRAINT `tbl_employye_wise_target_ibfk_1` FOREIGN KEY (`id_employee_has_place`) REFERENCES `tbl_employee_has_place` (`id_employee_has_place`) ON DELETE CASCADE ON UPDATE CASCADE,
  ADD CONSTRAINT `tbl_employye_wise_target_ibfk_2` FOREIGN KEY (`id_products`) REFERENCES `tbl_products` (`id_products`) ON DELETE CASCADE ON UPDATE CASCADE;

--
-- Constraints for table `tbl_exp_dis`
--
ALTER TABLE `tbl_exp_dis`
  ADD CONSTRAINT `id_employee` FOREIGN KEY (`id_employee`) REFERENCES `tbl_employee` (`id_employee`) ON DELETE CASCADE ON UPDATE CASCADE;

--
-- Constraints for table `tbl_free_issue`
--
ALTER TABLE `tbl_free_issue`
  ADD CONSTRAINT `tbl_free_issue_ibfk_1` FOREIGN KEY (`id_sales_order`) REFERENCES `tbl_sales_order` (`id_sales_order`) ON DELETE NO ACTION ON UPDATE NO ACTION;

--
-- Constraints for table `tbl_free_issue_product`
--
ALTER TABLE `tbl_free_issue_product`
  ADD CONSTRAINT `fk_tbl_free_issue_product_tbl_free_issue1` FOREIGN KEY (`id_free_issue`) REFERENCES `tbl_free_issue` (`id_free_issue`) ON DELETE CASCADE ON UPDATE CASCADE,
  ADD CONSTRAINT `fk_tbl_return_note_product_tbl_products10` FOREIGN KEY (`id_products`) REFERENCES `tbl_products` (`id_products`) ON DELETE CASCADE ON UPDATE CASCADE;

--
-- Constraints for table `tbl_good_received`
--
ALTER TABLE `tbl_good_received`
  ADD CONSTRAINT `fk_tbl_goods_reserved_tbl_dilivery_note1` FOREIGN KEY (`id_dilivery_note`) REFERENCES `tbl_dilivery_note` (`id_dilivery_note`) ON DELETE CASCADE ON UPDATE CASCADE;

--
-- Constraints for table `tbl_good_received_products`
--
ALTER TABLE `tbl_good_received_products`
  ADD CONSTRAINT `fk_tbl_goods_reserved_details_tbl_goods_reserved1` FOREIGN KEY (`id_good_received`) REFERENCES `tbl_good_received` (`id_good_received`) ON DELETE CASCADE ON UPDATE CASCADE,
  ADD CONSTRAINT `fk_tbl_good_received_products_tbl_products1` FOREIGN KEY (`id_products`) REFERENCES `tbl_products` (`id_products`) ON DELETE CASCADE ON UPDATE CASCADE;

--
-- Constraints for table `tbl_gps_info`
--
ALTER TABLE `tbl_gps_info`
  ADD CONSTRAINT `tbl_gps_info_ibfk_2` FOREIGN KEY (`id_sales_order`) REFERENCES `tbl_sales_order` (`id_sales_order`) ON DELETE CASCADE ON UPDATE CASCADE;

--
-- Constraints for table `tbl_invoice`
--
ALTER TABLE `tbl_invoice`
  ADD CONSTRAINT `tbl_invoice_ibfk_2` FOREIGN KEY (`id_sales_order`) REFERENCES `tbl_sales_order` (`id_sales_order`) ON DELETE CASCADE ON UPDATE CASCADE;

--
-- Constraints for table `tbl_item`
--
ALTER TABLE `tbl_item`
  ADD CONSTRAINT `fk_item_item_category1` FOREIGN KEY (`id_item_category`) REFERENCES `tbl_item_category` (`id_item_category`) ON DELETE CASCADE ON UPDATE CASCADE;

--
-- Constraints for table `tbl_item_category_has_division`
--
ALTER TABLE `tbl_item_category_has_division`
  ADD CONSTRAINT `fk_tbl_item_category_has_tbl_division_tbl_division1` FOREIGN KEY (`id_division`) REFERENCES `tbl_division` (`id_division`) ON DELETE CASCADE ON UPDATE CASCADE,
  ADD CONSTRAINT `fk_tbl_item_category_has_tbl_division_tbl_item_category1` FOREIGN KEY (`id_item_category`) REFERENCES `tbl_item_category` (`id_item_category`) ON DELETE CASCADE ON UPDATE CASCADE;

--
-- Constraints for table `tbl_item_has_item_keyword`
--
ALTER TABLE `tbl_item_has_item_keyword`
  ADD CONSTRAINT `fk_tbl_item_has_tbl_item_keyword_tbl_item1` FOREIGN KEY (`id_item`) REFERENCES `tbl_item` (`id_item`) ON DELETE CASCADE ON UPDATE CASCADE,
  ADD CONSTRAINT `fk_tbl_item_has_tbl_item_keyword_tbl_item_keyword1` FOREIGN KEY (`id_item_keyword`) REFERENCES `tbl_item_keyword` (`id_item_keyword`) ON DELETE CASCADE ON UPDATE CASCADE;

--
-- Constraints for table `tbl_item_map`
--
ALTER TABLE `tbl_item_map`
  ADD CONSTRAINT `fk_tbl_item_map_tbl_division1` FOREIGN KEY (`id_division`) REFERENCES `tbl_division` (`id_division`) ON DELETE CASCADE ON UPDATE CASCADE,
  ADD CONSTRAINT `fk_tbl_item_map_tbl_item1` FOREIGN KEY (`id_item`) REFERENCES `tbl_item` (`id_item`) ON DELETE CASCADE ON UPDATE CASCADE,
  ADD CONSTRAINT `fk_tbl_item_map_tbl_item_category1` FOREIGN KEY (`id_item_category`) REFERENCES `tbl_item_category` (`id_item_category`) ON DELETE CASCADE ON UPDATE CASCADE;

--
-- Constraints for table `tbl_message`
--
ALTER TABLE `tbl_message`
  ADD CONSTRAINT `fk_tbl_message_tbl_division1` FOREIGN KEY (`id_division`) REFERENCES `tbl_division` (`id_division`) ON DELETE CASCADE ON UPDATE CASCADE,
  ADD CONSTRAINT `fk_tbl_message_tbl_employee_registration1` FOREIGN KEY (`id_employee_registration`) REFERENCES `tbl_employee_registration` (`id_employee_registration`) ON DELETE CASCADE ON UPDATE CASCADE,
  ADD CONSTRAINT `fk_tbl_message_tbl_territory1` FOREIGN KEY (`id_territory`) REFERENCES `tbl_territory` (`id_territory`) ON DELETE CASCADE ON UPDATE CASCADE;

--
-- Constraints for table `tbl_outlet`
--
ALTER TABLE `tbl_outlet`
  ADD CONSTRAINT `fk_tbl_outlets_tbl_outlet_category1` FOREIGN KEY (`id_outlet_category`) REFERENCES `tbl_outlet_category` (`id_outlet_category`) ON DELETE CASCADE ON UPDATE CASCADE,
  ADD CONSTRAINT `fk_tbl_outlet_tbl_outlet_registration1` FOREIGN KEY (`id_outlet_registration`) REFERENCES `tbl_outlet_registration` (`id_outlet_registration`) ON DELETE CASCADE ON UPDATE CASCADE;

--
-- Constraints for table `tbl_outlet_has_branch`
--
ALTER TABLE `tbl_outlet_has_branch`
  ADD CONSTRAINT `fk_tbl_outlet_has_branch_tbl_branch_registration1` FOREIGN KEY (`id_branch_registration`) REFERENCES `tbl_branch_registration` (`id_branch_registration`) ON DELETE CASCADE ON UPDATE CASCADE,
  ADD CONSTRAINT `fk_tbl_outlet_has_branch_tbl_outlet1` FOREIGN KEY (`id_outlet`) REFERENCES `tbl_outlet` (`id_outlet`) ON DELETE CASCADE ON UPDATE CASCADE,
  ADD CONSTRAINT `fk_tbl_outlet_has_branch_tbl_territory1` FOREIGN KEY (`id_territory`) REFERENCES `tbl_territory` (`id_territory`) ON DELETE CASCADE ON UPDATE CASCADE;

--
-- Constraints for table `tbl_permission`
--
ALTER TABLE `tbl_permission`
  ADD CONSTRAINT `fk_tbl_permission_tbl_permission_type1` FOREIGN KEY (`id_permission_type`) REFERENCES `tbl_permission_type` (`id_permission_type`) ON DELETE CASCADE ON UPDATE CASCADE;

--
-- Constraints for table `tbl_physical_place`
--
ALTER TABLE `tbl_physical_place`
  ADD CONSTRAINT `fk_tbl_physical_place_tbl_physical_place_category1` FOREIGN KEY (`id_physical_place_category`) REFERENCES `tbl_physical_place_category` (`id_physical_place_category`) ON DELETE CASCADE ON UPDATE CASCADE;

--
-- Constraints for table `tbl_production`
--
ALTER TABLE `tbl_production`
  ADD CONSTRAINT `FK_tbl_production_1` FOREIGN KEY (`id_employee`) REFERENCES `tbl_employee` (`id_employee`) ON DELETE CASCADE ON UPDATE CASCADE,
  ADD CONSTRAINT `FK_tbl_production_2` FOREIGN KEY (`id_division`) REFERENCES `tbl_division` (`id_division`) ON DELETE CASCADE ON UPDATE CASCADE,
  ADD CONSTRAINT `FK_tbl_production_3` FOREIGN KEY (`id_batch`) REFERENCES `tbl_batch` (`id_batch`) ON DELETE CASCADE ON UPDATE CASCADE;

--
-- Constraints for table `tbl_production_has_products`
--
ALTER TABLE `tbl_production_has_products`
  ADD CONSTRAINT `fk_production_recived_has_item_production_recived1` FOREIGN KEY (`id_production`) REFERENCES `tbl_production` (`id_production`) ON DELETE CASCADE ON UPDATE CASCADE,
  ADD CONSTRAINT `fk_tbl_production_has_products_tbl_item1` FOREIGN KEY (`id_item`) REFERENCES `tbl_item` (`id_item`) ON DELETE CASCADE ON UPDATE CASCADE;

--
-- Constraints for table `tbl_products`
--
ALTER TABLE `tbl_products`
  ADD CONSTRAINT `fk_tbl_products_tbl_batch1` FOREIGN KEY (`id_batch`) REFERENCES `tbl_batch` (`id_batch`) ON DELETE CASCADE ON UPDATE CASCADE,
  ADD CONSTRAINT `fk_tbl_products_tbl_item1` FOREIGN KEY (`iditem`) REFERENCES `tbl_item` (`id_item`) ON DELETE CASCADE ON UPDATE CASCADE;

--
-- Constraints for table `tbl_purchase_order`
--
ALTER TABLE `tbl_purchase_order`
  ADD CONSTRAINT `fk_tbl_purchase_order_tbl_employee_has_place1` FOREIGN KEY (`id_employee_has_place`) REFERENCES `tbl_employee_has_place` (`id_employee_has_place`) ON DELETE CASCADE ON UPDATE CASCADE;

--
-- Constraints for table `tbl_purchase_order_has_products`
--
ALTER TABLE `tbl_purchase_order_has_products`
  ADD CONSTRAINT `fk_tbl_purchase_order_has_item_tbl_purchase_order1` FOREIGN KEY (`id_purchase_order`) REFERENCES `tbl_purchase_order` (`id_purchase_order`) ON DELETE CASCADE ON UPDATE CASCADE,
  ADD CONSTRAINT `fk_tbl_purchase_order_has_products_tbl_products1` FOREIGN KEY (`id_products`) REFERENCES `tbl_products` (`id_products`) ON DELETE CASCADE ON UPDATE CASCADE;

--
-- Constraints for table `tbl_return_note`
--
ALTER TABLE `tbl_return_note`
  ADD CONSTRAINT `fk_tbl_return_note_tbl_employee_has_place1` FOREIGN KEY (`id_employee_has_place`) REFERENCES `tbl_employee_has_place` (`id_employee_has_place`) ON DELETE CASCADE ON UPDATE CASCADE,
  ADD CONSTRAINT `fk_tbl_return_note_tbl_outlet_has_branch1` FOREIGN KEY (`id_outlet_has_branch`) REFERENCES `tbl_outlet_has_branch` (`id_outlet_has_branch`) ON DELETE CASCADE ON UPDATE CASCADE,
  ADD CONSTRAINT `fk_tbl_return_note_tbl_sales_order1` FOREIGN KEY (`id_sales_order`) REFERENCES `tbl_sales_order` (`id_sales_order`) ON DELETE CASCADE ON UPDATE CASCADE;

--
-- Constraints for table `tbl_return_note_product`
--
ALTER TABLE `tbl_return_note_product`
  ADD CONSTRAINT `fk_tbl_return_note_product_tbl_products1` FOREIGN KEY (`id_products`) REFERENCES `tbl_products` (`id_products`) ON DELETE CASCADE ON UPDATE CASCADE,
  ADD CONSTRAINT `fk_tbl_return_note_product_tbl_return_note1` FOREIGN KEY (`id_return_note`) REFERENCES `tbl_return_note` (`id_return_note`) ON DELETE CASCADE ON UPDATE CASCADE,
  ADD CONSTRAINT `fk_tbl_return_note_product_tbl_return_type1` FOREIGN KEY (`id_return_type`) REFERENCES `tbl_return_type` (`id_return_type`) ON DELETE CASCADE ON UPDATE CASCADE;

--
-- Constraints for table `tbl_sales_order`
--
ALTER TABLE `tbl_sales_order`
  ADD CONSTRAINT `fk_tbl_sales_order_tbl_employee_has_place2` FOREIGN KEY (`id_employee_has_place`) REFERENCES `tbl_employee_has_place` (`id_employee_has_place`) ON DELETE CASCADE ON UPDATE CASCADE,
  ADD CONSTRAINT `fk_tbl_sales_order_tbl_outlet_has_branch1` FOREIGN KEY (`id_outlet_has_branch`) REFERENCES `tbl_outlet_has_branch` (`id_outlet_has_branch`) ON DELETE CASCADE ON UPDATE CASCADE;

--
-- Constraints for table `tbl_sales_order_products`
--
ALTER TABLE `tbl_sales_order_products`
  ADD CONSTRAINT `fk_tbl_sales_order_products_tbl_products1` FOREIGN KEY (`id_products`) REFERENCES `tbl_products` (`id_products`) ON DELETE CASCADE ON UPDATE CASCADE,
  ADD CONSTRAINT `fk_tbl_sales_order_products_tbl_sales_order1` FOREIGN KEY (`id_sales_order`) REFERENCES `tbl_sales_order` (`id_sales_order`) ON DELETE CASCADE ON UPDATE CASCADE;

--
-- Constraints for table `tbl_stock`
--
ALTER TABLE `tbl_stock`
  ADD CONSTRAINT `fk_tbl_stock_tbl_products1` FOREIGN KEY (`id_products`) REFERENCES `tbl_products` (`id_products`) ON DELETE CASCADE ON UPDATE CASCADE,
  ADD CONSTRAINT `fk_tbl_stock_tbl_store1` FOREIGN KEY (`id_store`) REFERENCES `tbl_store` (`id_store`) ON DELETE CASCADE ON UPDATE CASCADE;

--
-- Constraints for table `tbl_stock_adjesment`
--
ALTER TABLE `tbl_stock_adjesment`
  ADD CONSTRAINT `fk_tbl_stock_adjesment_tbl_store1` FOREIGN KEY (`id_store`) REFERENCES `tbl_store` (`id_store`) ON DELETE CASCADE ON UPDATE CASCADE,
  ADD CONSTRAINT `fk_tbl_stock_adjesment_tbl_user1` FOREIGN KEY (`tbl_user_id_user`) REFERENCES `tbl_user` (`id_user`) ON DELETE CASCADE ON UPDATE CASCADE;

--
-- Constraints for table `tbl_stock_adjesment_products`
--
ALTER TABLE `tbl_stock_adjesment_products`
  ADD CONSTRAINT `fk_stock_adjesment_products_tbl_stock_adjesment1` FOREIGN KEY (`id_stock_adjesment`) REFERENCES `tbl_stock_adjesment` (`id_stock_adjesment`) ON DELETE CASCADE ON UPDATE CASCADE,
  ADD CONSTRAINT `fk_tbl_stock_adjesment_products_tbl_products1` FOREIGN KEY (`id_products`) REFERENCES `tbl_products` (`id_products`) ON DELETE CASCADE ON UPDATE CASCADE;

--
-- Constraints for table `tbl_stock_transfer`
--
ALTER TABLE `tbl_stock_transfer`
  ADD CONSTRAINT `fk_tbl_stock_transfer_tbl_employee_has_place1` FOREIGN KEY (`id_employee_has_place_from`) REFERENCES `tbl_employee_has_place` (`id_employee_has_place`) ON DELETE CASCADE ON UPDATE CASCADE,
  ADD CONSTRAINT `fk_tbl_stock_transfer_tbl_employee_has_place2` FOREIGN KEY (`id_employee_has_place_to`) REFERENCES `tbl_employee_has_place` (`id_employee_has_place`) ON DELETE CASCADE ON UPDATE CASCADE;

--
-- Constraints for table `tbl_stock_transfer_products`
--
ALTER TABLE `tbl_stock_transfer_products`
  ADD CONSTRAINT `fk_tbl_stock_transfer_details_tbl_products1` FOREIGN KEY (`id_products`) REFERENCES `tbl_products` (`id_products`) ON DELETE CASCADE ON UPDATE CASCADE,
  ADD CONSTRAINT `fk_tbl_stock_transfer_details_tbl_stock_transfer1` FOREIGN KEY (`id_stock_transfer`) REFERENCES `tbl_stock_transfer` (`id_stock_transfer`) ON DELETE CASCADE ON UPDATE CASCADE;

--
-- Constraints for table `tbl_store`
--
ALTER TABLE `tbl_store`
  ADD CONSTRAINT `fk_tbl_store_tbl_employee_registration1` FOREIGN KEY (`id_employee_registration`) REFERENCES `tbl_employee_registration` (`id_employee_registration`) ON DELETE CASCADE ON UPDATE CASCADE,
  ADD CONSTRAINT `tbl_store_ibfk_1` FOREIGN KEY (`id_physical_place`) REFERENCES `tbl_physical_place` (`id_physical_place`) ON DELETE CASCADE ON UPDATE CASCADE;

--
-- Constraints for table `tbl_store_has_employee_place`
--
ALTER TABLE `tbl_store_has_employee_place`
  ADD CONSTRAINT `fk_tbl_store_has_tbl_employee_has_place_tbl_employee_has_place1` FOREIGN KEY (`id_employee_has_place`) REFERENCES `tbl_employee_has_place` (`id_employee_has_place`) ON DELETE CASCADE ON UPDATE CASCADE,
  ADD CONSTRAINT `fk_tbl_store_has_tbl_employee_has_place_tbl_store1` FOREIGN KEY (`id_store`) REFERENCES `tbl_store` (`id_store`) ON DELETE CASCADE ON UPDATE CASCADE;

--
-- Constraints for table `tbl_terotery_wise_target`
--
ALTER TABLE `tbl_terotery_wise_target`
  ADD CONSTRAINT `tbl_terotery_wise_target_ibfk_2` FOREIGN KEY (`id_products`) REFERENCES `tbl_products` (`id_products`) ON DELETE CASCADE ON UPDATE CASCADE,
  ADD CONSTRAINT `tbl_terotery_wise_target_ibfk_3` FOREIGN KEY (`id_territory`) REFERENCES `tbl_territory` (`id_territory`) ON DELETE CASCADE ON UPDATE CASCADE;

--
-- Constraints for table `tbl_territory`
--
ALTER TABLE `tbl_territory`
  ADD CONSTRAINT `fk_tbl_teretory_tbl_territory_type1` FOREIGN KEY (`id_territory_type`) REFERENCES `tbl_territory_type` (`id_territory_type`) ON DELETE CASCADE ON UPDATE CASCADE;

--
-- Constraints for table `tbl_territory_has_division`
--
ALTER TABLE `tbl_territory_has_division`
  ADD CONSTRAINT `fk_tbl_territory_has_tbl_division_tbl_division1` FOREIGN KEY (`id_division`) REFERENCES `tbl_division` (`id_division`) ON DELETE CASCADE ON UPDATE CASCADE,
  ADD CONSTRAINT `fk_tbl_territory_has_tbl_division_tbl_territory1` FOREIGN KEY (`id_territory`) REFERENCES `tbl_territory` (`id_territory`) ON DELETE CASCADE ON UPDATE CASCADE;

--
-- Constraints for table `tbl_unproduct`
--
ALTER TABLE `tbl_unproduct`
  ADD CONSTRAINT `tbl_unproduct_ibfk_1` FOREIGN KEY (`branch_id`) REFERENCES `tbl_outlet_has_branch` (`id_outlet_has_branch`) ON DELETE CASCADE ON UPDATE CASCADE,
  ADD CONSTRAINT `tbl_unproduct_ibfk_2` FOREIGN KEY (`id_employee_has_place`) REFERENCES `tbl_employee_has_place` (`id_employee_has_place`) ON DELETE CASCADE ON UPDATE CASCADE;

--
-- Constraints for table `tbl_user`
--
ALTER TABLE `tbl_user`
  ADD CONSTRAINT `fk_tbl_user_tbl_employee_registration1` FOREIGN KEY (`id_employee_registration`) REFERENCES `tbl_employee_registration` (`id_employee_registration`) ON DELETE CASCADE ON UPDATE CASCADE,
  ADD CONSTRAINT `fk_tbl_user_tbl_user_type1` FOREIGN KEY (`id_user_type`) REFERENCES `tbl_user_type` (`id_user_type`) ON DELETE CASCADE ON UPDATE CASCADE;

--
-- Constraints for table `tbl_user_has_permission`
--
ALTER TABLE `tbl_user_has_permission`
  ADD CONSTRAINT `fk_tbl_user_has_tbl_permission_tbl_permission1` FOREIGN KEY (`id_permission`) REFERENCES `tbl_permission` (`id_permission`) ON DELETE CASCADE ON UPDATE CASCADE,
  ADD CONSTRAINT `fk_tbl_user_has_tbl_permission_tbl_user1` FOREIGN KEY (`id_user`) REFERENCES `tbl_user` (`id_user`) ON DELETE CASCADE ON UPDATE CASCADE;

--
-- Constraints for table `tbl_user_type_has_permission`
--
ALTER TABLE `tbl_user_type_has_permission`
  ADD CONSTRAINT `fk_tbl_user_type_has_tbl_permission_tbl_permission1` FOREIGN KEY (`id_permission`) REFERENCES `tbl_permission` (`id_permission`) ON DELETE CASCADE ON UPDATE CASCADE,
  ADD CONSTRAINT `fk_tbl_user_type_has_tbl_permission_tbl_user_type1` FOREIGN KEY (`id_user_type`) REFERENCES `tbl_user_type` (`id_user_type`) ON DELETE CASCADE ON UPDATE CASCADE;

--
-- Constraints for table `tbl_van`
--
ALTER TABLE `tbl_van`
  ADD CONSTRAINT `tbl_van_ibfk_1` FOREIGN KEY (`id_phicical_place`) REFERENCES `tbl_physical_place` (`id_physical_place`) ON DELETE CASCADE ON UPDATE CASCADE;

--
-- Constraints for table `tbl_vehicle_unload`
--
ALTER TABLE `tbl_vehicle_unload`
  ADD CONSTRAINT `tbl_vehicle_unload_ibfk_1` FOREIGN KEY (`id_unload_store`) REFERENCES `tbl_vehicle_unload_store` (`id_unload_store`) ON DELETE CASCADE ON UPDATE CASCADE,
  ADD CONSTRAINT `tbl_vehicle_unload_ibfk_2` FOREIGN KEY (`id_products`) REFERENCES `tbl_products` (`id_products`) ON DELETE CASCADE ON UPDATE CASCADE;

/*!40101 SET CHARACTER_SET_CLIENT=@OLD_CHARACTER_SET_CLIENT */;
/*!40101 SET CHARACTER_SET_RESULTS=@OLD_CHARACTER_SET_RESULTS */;
/*!40101 SET COLLATION_CONNECTION=@OLD_COLLATION_CONNECTION */;
