-- phpMyAdmin SQL Dump
-- version 3.4.10.1deb1
-- http://www.phpmyadmin.net
--
-- Host: localhost
-- Generation Time: May 21, 2014 at 02:01 PM
-- Server version: 1.0.10
-- PHP Version: 5.3.10-1ubuntu3.11

SET SQL_MODE="NO_AUTO_VALUE_ON_ZERO";
SET time_zone = "+00:00";


/*!40101 SET @OLD_CHARACTER_SET_CLIENT=@@CHARACTER_SET_CLIENT */;
/*!40101 SET @OLD_CHARACTER_SET_RESULTS=@@CHARACTER_SET_RESULTS */;
/*!40101 SET @OLD_COLLATION_CONNECTION=@@COLLATION_CONNECTION */;
/*!40101 SET NAMES utf8 */;

--
-- Database: `demolanka`
--

-- --------------------------------------------------------

--
-- Table structure for table `customer`
--

CREATE TABLE IF NOT EXISTS `customer` (
  `id` int(11) NOT NULL AUTO_INCREMENT,
  `customer_acc_no` varchar(45) DEFAULT NULL,
  `customer_name` varchar(1000) NOT NULL,
  `contact_no` varchar(40) DEFAULT NULL,
  `address` varchar(1000) DEFAULT NULL,
  `customer_type` int(11) DEFAULT NULL,
  `added_date` varchar(45) DEFAULT NULL,
  `added_time` varchar(45) DEFAULT NULL,
  `status` int(11) DEFAULT NULL,
  PRIMARY KEY (`id`)
) ENGINE=InnoDB  DEFAULT CHARSET=latin1 AUTO_INCREMENT=6 ;

--
-- Dumping data for table `customer`
--

INSERT INTO `customer` (`id`, `customer_acc_no`, `customer_name`, `contact_no`, `address`, `customer_type`, `added_date`, `added_time`, `status`) VALUES
(1, 'RT00001', 'General', '-', '-', 1, '2014-05-13', '21:21:45', 1),
(2, '00002', 'grg', 'grg', 'ewef', 1, '2014-05-13', '21:21:58', 0),
(3, 'RT00003', 'erger', 'frfe', 'rgeg', 2, '2014-05-13', '21:22:19', 1),
(4, 'WS00004', 'cscc', 'scs', 'scc', 1, '2014-05-13', '21:29:10', 1),
(5, 'RT00005', 'New Cus', '0123456789', 'No main ', 2, '2014-05-15', '14:40:52', 1);

-- --------------------------------------------------------

--
-- Table structure for table `customer_vehicles`
--

CREATE TABLE IF NOT EXISTS `customer_vehicles` (
  `vehicle_id` int(11) NOT NULL AUTO_INCREMENT,
  `customer_id` int(11) NOT NULL,
  `vehicle_reg_no` varchar(45) DEFAULT NULL,
  `vehicle_model` int(11) DEFAULT NULL,
  `added_date` varchar(45) DEFAULT NULL,
  `added_time` varchar(45) DEFAULT NULL,
  `status` int(11) DEFAULT NULL,
  PRIMARY KEY (`vehicle_id`),
  KEY `cust_id_idx` (`customer_id`)
) ENGINE=InnoDB  DEFAULT CHARSET=latin1 AUTO_INCREMENT=5 ;

--
-- Dumping data for table `customer_vehicles`
--

INSERT INTO `customer_vehicles` (`vehicle_id`, `customer_id`, `vehicle_reg_no`, `vehicle_model`, `added_date`, `added_time`, `status`) VALUES
(1, 2, 'wp-1457-2456', 1, '2014-05-13', '21:07:24', 1),
(2, 2, 'wz-254-544', 5, '2014-05-13', '21:07:24', 1),
(3, 3, 'eg-rge-geg', 1, '2014-05-13', '21:22:19', 1),
(4, 5, 'WP-SP-1254545', 9, '2014-05-15', '14:40:54', 1);

-- --------------------------------------------------------

--
-- Table structure for table `debt`
--

CREATE TABLE IF NOT EXISTS `debt` (
  `debtid` int(11) NOT NULL AUTO_INCREMENT,
  `custid` int(11) NOT NULL,
  `salesorderid` int(11) NOT NULL,
  `debtdate` varchar(45) DEFAULT NULL,
  `debtenddate` varchar(45) DEFAULT NULL,
  `debtamount` double DEFAULT NULL,
  `status` int(11) DEFAULT NULL,
  PRIMARY KEY (`debtid`)
) ENGINE=InnoDB  DEFAULT CHARSET=latin1 AUTO_INCREMENT=12 ;

--
-- Dumping data for table `debt`
--

INSERT INTO `debt` (`debtid`, `custid`, `salesorderid`, `debtdate`, `debtenddate`, `debtamount`, `status`) VALUES
(1, 5, 11, '2014-05-15', '2014-06-14', 1237.5, 2),
(2, 1, 12, '2014-05-15', '2014-06-14', 450, 2),
(3, 5, 14, '2014-05-15', '2014-06-14', 198, 2),
(4, 5, 23, '2014-05-15', '2014-06-14', 540.54, 2),
(5, 5, 26, '2014-05-15', '2014-06-14', 540.54, 2),
(6, 5, 32, '2014-05-15', '2014-06-14', 188.54, 2),
(7, 1, 40, '2014-05-15', '2014-06-14', 198, 2),
(8, 1, 42, '2014-05-15', '2014-06-14', 198, 2),
(9, 1, 43, '2014-05-15', '2014-06-14', 198, 2),
(10, 1, 50, '2014-05-16', '2014-06-15', 1330, 2),
(11, 1, 52, '2014-05-16', '2014-06-15', 3015.54, 2);

-- --------------------------------------------------------

--
-- Table structure for table `debtdetail`
--

CREATE TABLE IF NOT EXISTS `debtdetail` (
  `detailID` int(11) NOT NULL AUTO_INCREMENT,
  `debtid` int(11) DEFAULT NULL,
  `paymentdate` varchar(45) DEFAULT NULL,
  `paidamount` double DEFAULT NULL,
  `status` int(11) DEFAULT NULL,
  PRIMARY KEY (`detailID`),
  KEY `fk_debtid_idx` (`debtid`)
) ENGINE=InnoDB DEFAULT CHARSET=latin1 AUTO_INCREMENT=1 ;

-- --------------------------------------------------------

--
-- Table structure for table `deliverorder`
--

CREATE TABLE IF NOT EXISTS `deliverorder` (
  `deliver_order_id` int(11) NOT NULL AUTO_INCREMENT,
  `invoiced_date` varchar(45) DEFAULT NULL,
  `invoiced_time` varchar(45) DEFAULT NULL,
  `amount` double NOT NULL,
  `invoice_no` varchar(45) DEFAULT NULL,
  `wip_no` varchar(45) DEFAULT NULL,
  `status` int(1) DEFAULT NULL,
  PRIMARY KEY (`deliver_order_id`) USING BTREE
) ENGINE=InnoDB DEFAULT CHARSET=latin1 AUTO_INCREMENT=1 ;

-- --------------------------------------------------------

--
-- Table structure for table `deliverorderdetail`
--

CREATE TABLE IF NOT EXISTS `deliverorderdetail` (
  `deliver_order_detail_id` int(11) NOT NULL AUTO_INCREMENT,
  `deliver_order_id` int(11) DEFAULT NULL,
  `itemid` int(11) DEFAULT NULL,
  `amount` double DEFAULT NULL,
  `qty` double DEFAULT NULL,
  `status` int(1) DEFAULT NULL,
  PRIMARY KEY (`deliver_order_detail_id`)
) ENGINE=InnoDB DEFAULT CHARSET=latin1 AUTO_INCREMENT=1 ;

-- --------------------------------------------------------

--
-- Table structure for table `item`
--

CREATE TABLE IF NOT EXISTS `item` (
  `ItemID` int(11) NOT NULL AUTO_INCREMENT,
  `BrandID` int(11) NOT NULL,
  `item_part_no` varchar(50) DEFAULT NULL,
  `buyingprice` double DEFAULT NULL,
  `sellingprice` double DEFAULT NULL,
  `addeddate` date DEFAULT NULL,
  `image` blob,
  `Description` varchar(50) DEFAULT NULL,
  `remarks` varchar(1000) DEFAULT NULL,
  `re_order_qty` double DEFAULT NULL,
  `key_id` int(11) DEFAULT NULL,
  `supplier_id` int(11) DEFAULT NULL,
  `type_id` int(11) DEFAULT NULL,
  `status` int(11) DEFAULT NULL,
  PRIMARY KEY (`ItemID`,`BrandID`),
  UNIQUE KEY `item_part_no_UNIQUE` (`item_part_no`),
  KEY `BrandID_idx` (`BrandID`)
) ENGINE=InnoDB  DEFAULT CHARSET=latin1 AUTO_INCREMENT=428 ;

--
-- Dumping data for table `item`
--

INSERT INTO `item` (`ItemID`, `BrandID`, `item_part_no`, `buyingprice`, `sellingprice`, `addeddate`, `image`, `Description`, `remarks`, `re_order_qty`, `key_id`, `supplier_id`, `type_id`, `status`) VALUES
(1, 1, 'TE252518130124', 20, 20, '2014-05-05', 0x4e6f20496d616765, 'ASSY OIL FILTER ELEMENT 697 CMVR2K LONG', '-', 0, 1, 1, NULL, 1),
(2, 1, 'TE252518130139', 35.5, 25, '2014-05-05', 0x2d, 'OIL FILTER ELEMENT (SPIN ON) 697 BSIII', '-', 0, 1, 1, NULL, 1),
(3, 1, 'TE252518170176', 40, 35, '2014-05-05', 0x4e6f20496d616765, 'ASSY OIL LINE FLEXIBLE', '-', 0, 1, 1, 0, 1),
(4, 1, 'TE252520156305', 150, 48, '2014-05-05', 0x2d, 'V BELT COGGED 1280MM', '-', 0, 1, 1, NULL, 1),
(5, 1, 'TE252701130141', 260.3, 100, '2014-05-05', 0x2d, 'OIL SUMP GASKET KIT', '-', 0, 1, 1, NULL, 1),
(6, 1, 'TE252707130130', 150, 150, '2014-05-05', 0x4e6f20496d616765, 'ASSY.  VACUUM  CYLINDER', '-', 0, 1, 1, NULL, 1),
(7, 1, 'TE252709130329', 150, 200, '2014-05-05', 0x4e6f20496d616765, 'ELEM. AIR CLEANER (PRIMARY)', '-', 0, 1, 1, NULL, 1),
(8, 1, 'TE252709130330', 150, 200, '2014-05-05', 0x2d, 'ELEM AIR CLEANER (SAFETY)', '-', 0, 1, 1, NULL, 1),
(9, 1, 'TE252718130105', 150, 200, '2014-05-05', 0x2d, 'OIL FILTER', '-', 0, 1, 1, NULL, 1),
(10, 1, 'TE252718130132', 150, 200, '2014-05-05', 0x2d, 'LUBE OIL FILTER-SPIN ON', '-', 0, 1, 1, NULL, 1),
(11, 1, 'TE253409110108', 150, 200, '2014-05-05', 0x2d, 'DIESEL FILTER DICOR', '-', 0, 1, 1, NULL, 1),
(12, 1, 'TE253409130241', 150, 200, '2014-05-05', 0x2d, 'ASSY  ELEMENT  AIR  CLEANER', '-', 0, 1, 1, NULL, 1),
(13, 1, 'TE253415140131', 150, 200, '2014-05-05', 0x2d, 'ASSY. BRACKET(ALTERNATOR MOUNTING)', '-', 0, 1, 1, NULL, 1),
(14, 1, 'TE253415406302', 150, 200, '2014-05-05', 0x433a2f55736572732f736864696e6573682e39392f446f776e6c6f6164732f646e6c642f726f73652e676966, 'POLY V BELT(6PK)1173 LG', '-', 0, 1, 1, NULL, 1),
(15, 1, 'TE253418130129', 150, 200, '2014-05-05', 0x4e6f20496d616765, 'OIL FILTER', '-', 0, 1, 1, NULL, 1),
(16, 1, 'TE253418130165', 150, 200, '2014-05-05', 0x2d, 'ASSY OIL FILTER', '-', 0, 1, 1, NULL, 1),
(17, 1, 'TE253420100124', 150, 200, '2014-05-05', 0x2d, 'WATER PUMP ASSLY', '-', 0, 1, 1, NULL, 1),
(18, 1, 'TE253420156310', 150, 200, '2014-05-05', 0x2d, 'V BELT COGGED 925MM LONG', '-', 0, 1, 1, NULL, 1),
(19, 1, 'TE254701155325', 200, 200, '2014-05-05', 0x2d, 'GASKET CAP CY/HD COVER TC', '-', 0, 1, 1, NULL, 1),
(20, 1, 'TE254701157814', 200, 200, '2014-05-05', 0x2d, 'OIL SEAL-CAM SHAFT', '-', 0, 1, 1, NULL, 1),
(21, 1, 'TE254705116301', 200, 200, '2014-05-05', 0x2d, 'TIMING BELT', '-', 0, 1, 1, NULL, 1),
(22, 1, 'TE254709110119', 200, 200, '2014-05-05', 0x2d, 'DIESEL FILTER ( LUCAS )', '-', 0, 1, 1, NULL, 1),
(23, 1, 'TE254709130182', 200, 200, '2014-05-05', 0x2d, 'AIR FILTER CARTRIDGE  (DI)', '-', 0, 1, 1, NULL, 1),
(24, 1, 'TE254709130346', 200, 200, '2014-05-05', 0x2d, '[021] AIR FILTER ELEMENT {FLEETGUARD}', '-', 0, 1, 1, NULL, 1),
(25, 1, 'TE254709139918', 200, 200, '2014-05-05', 0x2d, 'SERVICE INDICATOR', '-', 0, 1, 1, NULL, 1),
(26, 1, 'TE254718130106', 0, 200, '2014-05-05', 0x2d, 'OIL FILTER', '-', 0, 1, 1, NULL, 1),
(27, 1, 'TE254718130117', 0, 200, '2014-05-05', 0x2d, 'ASSY. OIL FILTER REDUCED LENGTH', '-', 0, 1, 1, NULL, 1),
(28, 1, 'TE254723116332', 0, 200, '2014-05-05', 0x2d, 'POLY-V BELT (1045-ALT+PS DRIVE)', '-', 0, 1, 1, NULL, 1),
(29, 1, 'TE257454410170', 0, 200, '2014-05-05', 0x2d, 'ASSY; TAIL LAMP RH', '-', 0, 1, 1, NULL, 1),
(30, 1, 'TE257454410172', 0, 200, '2014-05-05', 0x2d, 'ASSY  TAIL  LAMP  LH  W / BULB', '-', 0, 1, 1, NULL, 1),
(31, 1, 'TE257524200102', 0, 200, '2014-05-05', 0x2d, 'RUBBER SUPPORT', '-', 0, 1, 1, NULL, 1),
(32, 1, 'TE257633407801', 0, 200, '2014-05-05', 0x2d, 'FRONT HUB OIL SEAL', '-', 0, 1, 1, NULL, 1),
(33, 1, 'TE257681100153', 0, 200, '2014-05-05', 0x2d, 'REAR VIEW MIRROR LH', '-', 0, 1, 1, NULL, 1),
(34, 1, 'TE261829100110', 0, 200, '2014-05-05', 0x2d, 'CLUTCH MAST; CYL;REP;KIT MINOR', '-', 0, 1, 1, NULL, 1),
(35, 1, 'TE263254209903', 0, 200, '2014-05-05', 0x2d, 'TEMPERATURE TRANSDUCER', '-', 0, 1, 1, NULL, 1),
(36, 1, 'TE264126800224', 0, 200, '2014-05-05', 0x2d, 'ASSY BALL JOINT RH THREADS', '-', 0, 1, 1, NULL, 1),
(37, 1, 'TE264126803409', 0, 200, '2014-05-05', 0x2d, 'BUSH', '-', 0, 1, 1, NULL, 1),
(38, 1, 'TE264129100117', 0, 200, '2014-05-05', 0x2d, 'CLUTCH M/CYL/ASSY', '-', 0, 1, 1, NULL, 1),
(39, 1, 'TE264130100145', 0, 200, '2014-05-05', 0x2d, 'ASSY PULL CABEL ACCL', '-', 0, 1, 1, NULL, 1),
(40, 1, 'TE264140106703', 0, 200, '2014-05-05', 0x2d, 'HUB PIN REAR (S-CAM)', '-', 0, 1, 1, NULL, 1),
(41, 1, 'TE264140106704', 0, 200, '2014-05-05', 0x2d, 'HUB PIN FRONT S-CAM', '-', 0, 1, 1, NULL, 1),
(42, 1, 'TE264154400104', 0, 200, '2014-05-05', 0x2d, '[021] BLINKER  LAMP  RH', '-', 0, 1, 1, NULL, 1),
(43, 1, 'TE264154400135', 0, 200, '2014-05-05', 0x2d, 'BLINKER LH-', '-', 0, 1, 1, NULL, 1),
(44, 1, 'TE264154420188', 0, 200, '2014-05-05', 0x2d, 'ASSY BLINKER LAMP LH-12V-E''CER', '-', 0, 1, 1, NULL, 1),
(45, 1, 'TE264154500106', 0, 200, '2014-05-05', 0x2d, 'STEERING LOCK CUM IGNITION SW[', '-', 0, 1, 1, NULL, 1),
(46, 1, 'TE264175200107', 0, 200, '2014-05-05', 0x2d, 'LOCK CENTRE FLAP', '-', 0, 1, 1, NULL, 1),
(47, 1, 'TE264175200112', 0, 200, '2014-05-05', 0x2d, 'ASSY RELEASE CABLE 2506MM', '-', 0, 1, 1, NULL, 1),
(48, 1, 'TE264181900101', 0, 200, '2014-05-05', 0x2d, 'ASSY BAZEL RH', '-', 0, 1, 1, NULL, 1),
(49, 1, 'TE264181900102', 0, 200, '2014-05-05', 0x2d, 'ASSY BAZEL LH', '-', 0, 1, 1, NULL, 1),
(50, 1, 'TE264181900111', 0, 200, '2014-05-05', 0x2d, 'ASSY COVER SIDE LH', '-', 0, 1, 1, NULL, 1),
(51, 1, 'TE26418850010822', 0, 200, '2014-05-05', 0x2d, 'ASSY BUMPER COMP BLACK POWDER', '-', 0, 1, 1, NULL, 1),
(52, 1, 'TE264188500119', 0, 200, '2014-05-05', 0x2d, 'ASSY. END COVER RH', '-', 0, 1, 1, NULL, 1),
(53, 1, 'TE265129100148', 0, 200, '2014-05-05', 0x2d, 'REPAIR KIT MASTER CYL', '-', 0, 1, 1, NULL, 1),
(54, 1, 'TE265132807702', 0, 200, '2014-05-05', 0x2d, 'RUBBER BUSH ANTIROLL BRG', '-', 0, 1, 1, NULL, 1),
(55, 1, 'TE265146600102', 0, 200, '2014-05-05', 0x2d, 'CROSS', '-', 0, 1, 1, NULL, 1),
(56, 1, 'TE265167100110', 0, 200, '2014-05-05', 0x2d, 'ASSY REAR WINDOW COMPLETE', '-', 0, 1, 1, NULL, 1),
(57, 1, 'TE265429100156', 0, 200, '2014-05-05', 0x2d, 'SL/CY REP KIT(MINOR)', '-', 0, 1, 1, NULL, 1),
(58, 1, 'TE265429100157', 0, 200, '2014-05-05', 0x2d, 'SL CY REP KIT(MAJOR)', '-', 0, 1, 1, NULL, 1),
(59, 1, 'TE265432130163', 0, 200, '2014-05-05', 0x2d, 'ASSY. KIT-SUSPENSION RUBBER PARTS', '-', 0, 1, 1, NULL, 1),
(60, 1, 'TE265432130164', 0, 200, '2014-05-05', 0x2d, 'ASSY LOWER WISHBONE COMP RH MECH STG', '-', 0, 1, 1, NULL, 1),
(61, 1, 'TE265432130165', 0, 200, '2014-05-05', 0x2d, 'ASSY LOWER WISHBONE COMP LH', '-', 0, 1, 1, NULL, 1),
(62, 1, 'TE265432138705', 0, 200, '2014-05-05', 0x2d, 'FRONT SPRING', '-', 0, 1, 1, NULL, 1),
(63, 1, 'TE265432138716', 0, 200, '2014-05-05', 0x2d, 'FRONT  SPRING', '-', 0, 1, 1, NULL, 1),
(64, 1, 'TE265432138717', 0, 200, '2014-05-05', 0x2d, 'COIL SPRING(YELLOW COLOUR)', '-', 0, 1, 1, NULL, 1),
(65, 1, 'TE265432400149', 0, 0, '2014-05-05', 0x2d, '1002518 / 1ST LEAF W/BUSH', '-', 0, 1, 1, NULL, 1),
(66, 1, 'TE265432504205', 0, 0, '2014-05-05', 0x2d, '"U" CLAMP (REAR SPG)', '-', 0, 1, 1, NULL, 1),
(67, 1, 'TE265433200126', 0, 0, '2014-05-05', 0x2d, 'ASSY  BALL  JOINT', '-', 0, 1, 1, NULL, 1),
(68, 1, 'TE265433403101', 0, 0, '2014-05-05', 0x2d, 'HUB BEARING FRONT INNER', '-', 0, 1, 1, NULL, 1),
(69, 1, 'TE265433403102', 0, 0, '2014-05-05', 0x2d, 'HUB BEARING FRONT OUTER', '-', 0, 1, 1, NULL, 1),
(70, 1, 'TE265433407801', 0, 0, '2014-05-05', 0x2d, 'OIL SEAL FRONT HUB', '-', 0, 1, 1, NULL, 1),
(71, 1, 'TE265441100104', 0, 0, '2014-05-05', 0x2d, 'KIT BRG STRAP&BOLT', '-', 0, 1, 1, NULL, 1),
(72, 1, 'TE265442100108', 0, 0, '2014-05-05', 0x2d, 'CALIPER KIT', '-', 0, 1, 1, NULL, 1),
(73, 1, 'TE265442100149', 0, 0, '2014-05-05', 0x2d, 'ASY CALIPER BRAKE RH', '-', 0, 1, 1, NULL, 1),
(74, 1, 'TE265442103704', 0, 0, '2014-05-05', 0x2d, 'SUMO VENT DISC', '-', 0, 1, 1, NULL, 1),
(75, 1, 'TE265442300117', 0, 0, '2014-05-05', 0x2d, 'R/KIT WHEEL CY. REAR', '-', 0, 1, 1, NULL, 1),
(76, 1, 'TE265442710122', 0, 0, '2014-05-05', 0x2d, 'HAND BRAKE CABLE FRT', '-', 0, 1, 1, NULL, 1),
(77, 1, 'TE265443100108', 0, 0, '2014-05-05', 0x2d, 'KIT REP MAJOR TMC', '-', 0, 1, 1, NULL, 1),
(78, 1, 'TE265443100133', 0, 0, '2014-05-05', 0x2d, 'MINOR KIT-TANDEM MASTER CYL', '-', 0, 1, 1, NULL, 1),
(79, 1, 'TE265446303416', 0, 0, '2014-05-05', 0x2d, 'BUSH', '-', 0, 1, 1, NULL, 1),
(80, 1, 'TE265446600115', 0, 0, '2014-05-05', 0x2d, 'TIE ROD ASSY', '-', 0, 1, 1, NULL, 1),
(81, 1, 'TE265454209980', 0, 0, '2014-05-05', 0x2d, 'FUEL LEVEL SENSOR', '-', 0, 1, 1, NULL, 1),
(82, 1, 'TE265454209997', 0, 0, '2014-05-05', 0x2d, '3.2 DIA;SPEEDO CABLE 1300MM', '-', 0, 1, 1, NULL, 1),
(83, 1, 'TE265454420141', 0, 0, '2014-05-05', 0x2d, 'SIDE INDICATOR LAMP RH', '-', 0, 1, 1, NULL, 1),
(84, 1, 'TE265454510119', 0, 0, '2014-05-05', 0x2d, 'COMBINATION SWITCH RHD', '-', 0, 1, 1, NULL, 1),
(85, 1, 'TE265472300124', 0, 0, '2014-05-05', 0x2d, 'ASSY OUTER DOOR HANDLE L.H', '-', 0, 1, 1, NULL, 1),
(86, 1, 'TE265472300125', 0, 0, '2014-05-05', 0x2d, 'ASSY OUTER DOOR HANDLE', '-', 0, 1, 1, NULL, 1),
(87, 1, 'TE265472500127', 0, 0, '2014-05-05', 0x2d, 'WINDOW REGULATOR RH', '-', 0, 1, 1, NULL, 1),
(88, 1, 'TE265472500128', 0, 0, '2014-05-05', 0x2d, 'WINDOW REGULATOR LH', '-', 0, 1, 1, NULL, 1),
(89, 1, 'TE265481110104', 0, 0, '2014-05-05', 0x2d, '[021] ASSY INNER RVM ANTIGLARE', '-', 0, 1, 1, NULL, 1),
(90, 1, 'TE265483300190', 0, 0, '2014-05-05', 0x2d, 'VENTILATION NOZZLE', '-', 0, 1, 1, NULL, 1),
(91, 1, 'TE265832100134', 0, 0, '2014-05-05', 0x2d, 'PIVOT BUSH FRT SUSP L/LIN', '-', 0, 1, 1, NULL, 1),
(92, 1, 'TE265854209901', 0, 0, '2014-05-05', 0x2d, 'FUEL TANK SENSING UNIT', '-', 0, 1, 1, NULL, 1),
(93, 1, 'TE265872300180', 0, 0, '2014-05-05', 0x2d, 'DOOR LOCK COMP LH', '-', 0, 1, 1, NULL, 1),
(94, 1, 'TE265872300181', 0, 0, '2014-05-05', 0x2d, 'DOOR LOCK FRT RH', '-', 0, 1, 1, NULL, 1),
(95, 1, 'TE265888700101', 0, 0, '2014-05-05', 0x2d, 'BONNET CENTRE', '-', 0, 1, 1, NULL, 1),
(96, 1, 'TE265932100114', 0, 0, '2014-05-05', 0x2d, 'BALL JOINT ASSY.-UPPER W/B', '-', 0, 1, 1, NULL, 1),
(97, 1, 'TE265954410123', 0, 0, '2014-05-05', 0x2d, 'FUNCT E CERT T/L', '-', 0, 1, 1, NULL, 1),
(98, 1, 'TE265954410124', 0, 0, '2014-05-05', 0x2d, 'ASSY; TAIL LAMP RH', '-', 0, 1, 1, NULL, 1),
(99, 1, 'TE265954410135', 0, 0, '2014-05-05', 0x2d, 'ASSY BLINKER LAMP WITH BULB LH', '-', 0, 1, 1, NULL, 1),
(100, 1, 'TE265954410136', 0, 0, '2014-05-05', 0x2d, 'ASSY BLINKER LAMP WITH BULB RH', '-', 0, 1, 1, NULL, 1),
(101, 1, 'TE265981100167', 0, 0, '2014-05-05', 0x2d, 'RV MIRROR OUTER RH', '-', 0, 1, 1, NULL, 1),
(102, 1, 'TE265981100168', 0, 0, '2014-05-05', 0x2d, 'RV MIRROR OUTER LH PLAIN', '-', 0, 1, 1, NULL, 1),
(103, 1, 'TE266335300154', 0, 0, '2014-05-05', 0x2d, 'ASSY. DIFF. GEAR  KIT', '-', 0, 1, 1, NULL, 1),
(104, 1, 'TE266335305427', 0, 0, '2014-05-05', 0x2d, 'SHAFT DIFF,STD', '-', 0, 1, 1, NULL, 1),
(105, 1, 'TE266335309201', 0, 0, '2014-05-05', 0x2d, 'SPHERICAL WASHER', '-', 0, 1, 1, NULL, 1),
(106, 1, 'TE266335309206', 0, 0, '2014-05-05', 0x2d, 'THRUST WASHER 1.45 THK.', '-', 0, 1, 1, NULL, 1),
(107, 1, 'TE266335703107', 0, 0, '2014-05-05', 0x2d, 'HUB BEARING', '-', 0, 1, 1, NULL, 1),
(108, 1, 'TE266335703108', 0, 0, '2014-05-05', 0x2d, 'WHEEL BEARING INNER', '-', 0, 1, 1, NULL, 1),
(109, 1, 'TE266335703109', 0, 0, '2014-05-05', 0x2d, 'TAPER ROLLER BRG (45x85x20.75)', '-', 0, 1, 1, NULL, 1),
(110, 1, 'TE266335707709', 0, 0, '2014-05-05', 0x2d, 'REAR HUB OIL SEAL', '-', 0, 1, 1, NULL, 1),
(111, 1, 'TE266733557801', 0, 0, '2014-05-05', 0x2d, '[021] OIL SEAL  - 41455', '-', 0, 1, 1, NULL, 1),
(112, 1, 'TE266835607701', 0, 0, '2014-05-05', 0x2d, 'OIL SEAL RR INNER', '-', 0, 1, 1, NULL, 1),
(113, 1, 'TE266835607702', 0, 0, '2014-05-05', 0x2d, 'OIL SEAL RR OUTER', '-', 0, 1, 1, NULL, 1),
(114, 1, 'TE267375100101', 0, 0, '2014-05-05', 0x2d, 'ASSY CENTER FLAP RHD', '-', 0, 1, 1, NULL, 1),
(115, 1, 'TE267872300114', 0, 0, '2014-05-05', 0x2d, 'REG HANDLE', '-', 0, 1, 1, NULL, 1),
(116, 1, 'TE268426203804', 0, 0, '2014-05-05', 0x2d, 'SYNCHROCONE  2ND OD GEAR', '-', 0, 1, 1, NULL, 1),
(117, 1, 'TE268426253104', 0, 0, '2014-05-05', 0x2d, 'BEARING NEEDLE CAGE', '-', 0, 1, 1, NULL, 1),
(118, 1, 'TE268426708207', 0, 0, '2014-05-05', 0x2d, 'RETAINER PLATE', '-', 0, 1, 1, NULL, 1),
(119, 1, 'TE268426710158', 0, 0, '2014-05-05', 0x2d, 'ASSY  SHIFT  LINK', '-', 0, 1, 1, NULL, 1),
(120, 1, 'TE268426713817', 0, 0, '2014-05-05', 0x2d, 'SHIFTING ARM(PRESSED BUSH)', '-', 0, 1, 1, NULL, 1),
(121, 1, 'TE268426716301', 0, 0, '2014-05-05', 0x2d, 'COLLER  BUSH', '-', 0, 1, 1, NULL, 1),
(122, 1, 'TE268426800212', 0, 0, '2014-05-05', 0x2d, 'ASSY.  G. S. LEVER  KNOB', '-', 0, 1, 1, NULL, 1),
(123, 1, 'TE268426807712', 0, 0, '2014-05-05', 0x2d, 'RUBBER  BELLOW -  G/S LEVER', '-', 0, 1, 1, NULL, 1),
(124, 1, 'TE268426807715', 0, 0, '2014-05-05', 0x2d, 'GEAR LEVER BOOT', '-', 0, 1, 1, NULL, 1),
(125, 1, 'TE269026107202', 0, 0, '2014-05-05', 0x2d, 'MAGNETIC DRAIN PLUG', '-', 0, 1, 1, NULL, 1),
(126, 1, 'TE269026257710', 0, 0, '2014-05-05', 0x2d, 'OIL SEALINPU SHAFT)', '-', 0, 1, 1, NULL, 1),
(127, 1, 'TE269026800133', 0, 0, '2014-05-05', 0x2d, 'ASSY,PIN(LINKAGE)', '-', 0, 1, 1, NULL, 1),
(128, 1, 'TE269026806303', 0, 0, '2014-05-05', 0x2d, 'BUSH (G S LEVER BALL SEAT)', '-', 0, 1, 1, NULL, 1),
(129, 1, 'TE269026806310', 0, 0, '2014-05-05', 0x2d, 'GEAR LEVER BUSH', '-', 0, 1, 1, NULL, 1),
(130, 1, 'TE269126518704', 0, 0, '2014-05-05', 0x2d, 'COMPRESSION SPRING (DETEN', '-', 0, 1, 1, NULL, 1),
(131, 1, 'TE269533403101', 0, 0, '2014-05-05', 0x2d, '[021] HUB BEARING OUTER', '-', 0, 1, 1, NULL, 1),
(132, 1, 'TE269632807502', 0, 0, '2014-05-05', 0x2d, 'RUBBER BUSH FRT ARB', '-', 0, 1, 1, NULL, 1),
(133, 1, 'TE269632808204', 0, 0, '2014-05-05', 0x2d, 'CUP FR ANTIROLL BAR', '-', 0, 1, 1, NULL, 1),
(134, 1, 'TE269824200101', 0, 0, '2014-05-05', 0x2d, 'ASSY ENGINE MOUNT REAR', '-', 0, 1, 1, NULL, 1),
(135, 1, 'TE269830100128', 0, 0, '2014-05-05', 0x2d, 'ACCELARATOR CABLE', '-', 0, 1, 1, NULL, 1),
(136, 1, 'TE269832107707', 0, 0, '2014-05-05', 0x2d, 'SPRING TOP RUBBER', '-', 0, 1, 1, NULL, 1),
(137, 1, 'TE269832120144', 0, 0, '2014-05-05', 0x2d, 'ADJUSTING BOLT', '-', 0, 1, 1, NULL, 1),
(138, 1, 'TE269832300105', 0, 0, '2014-05-05', 0x2d, 'ASSY   FRONT  SHOCKABSORBER', '-', 0, 1, 1, NULL, 1),
(139, 1, 'TE269832406701', 0, 0, '2014-05-05', 0x2d, 'SPRING PIN', '-', 0, 1, 1, NULL, 1),
(140, 1, 'TE269841100101', 0, 0, '2014-05-05', 0x2d, 'U J CROSS ASSY', '-', 0, 1, 1, NULL, 1),
(141, 1, 'TE269841300101', 0, 0, '2014-05-05', 0x2d, 'ASSY CENTER BRG COMP', '-', 0, 1, 1, NULL, 1),
(142, 1, 'TE269843100101', 0, 0, '2014-05-05', 0x2d, 'MASTER CYLINDER COMPLETE', '-', 0, 1, 1, NULL, 1),
(143, 1, 'TE269849207702', 0, 0, '2014-05-05', 0x2d, 'RUBBER HANGER', '-', 0, 1, 1, NULL, 1),
(144, 1, 'TE269872300102', 0, 0, '2014-05-05', 0x2d, 'ASSY OUTER HANDLE LH', '-', 0, 1, 1, NULL, 1),
(145, 1, 'TE269872300103', 0, 0, '2014-05-05', 0x2d, 'ASSY OUTER HANDLE RH', '-', 0, 1, 1, NULL, 1),
(146, 1, 'TE269929100177', 0, 0, '2014-05-05', 0x2d, 'CLUTCH  M/C REPAIR KIT{MAJOR}', '-', 0, 1, 1, NULL, 1),
(147, 1, 'TE269932100184', 0, 0, '2014-05-05', 0x2d, '[021] PIVOT  BUSH  NEW', '-', 0, 1, 1, NULL, 1),
(148, 1, 'TE270142700107', 0, 0, '2014-05-05', 0x2d, 'BRAKE CABLE', '-', 0, 1, 1, NULL, 1),
(149, 1, 'TE270215409912', 0, 0, '2014-05-05', 0x2d, 'GLOW  PLUG', '-', 0, 1, 1, NULL, 1),
(150, 1, 'TE270225103401', 0, 0, '2014-05-05', 0x2d, 'BUSH LOWER HSG', '-', 0, 1, 1, NULL, 1),
(151, 1, 'TE270225600101', 0, 0, '2014-05-05', 0x2d, 'ASSY.CL.RELS.BRG.WITH SLEEVE', '-', 0, 1, 1, NULL, 1),
(152, 1, 'TE270247100125', 0, 0, '2014-05-05', 0x2d, 'FUEL TANK SCREW CAP', '-', 0, 1, 1, NULL, 1),
(153, 1, 'TE270254219909', 0, 0, '2014-05-05', 0x2d, 'DUAL TEMRERATURE TRANDUCER', '-', 0, 1, 1, NULL, 1),
(154, 1, 'TE270530100112', 0, 0, '2014-05-05', 0x2d, 'ASSY. PULL CABLE ACCELERATOR', '-', 0, 1, 1, NULL, 1),
(155, 1, 'TE272425200110', 0, 0, '2014-05-05', 0x2d, 'CLUTCH DISC 228 mm DIA', '-', 0, 1, 1, NULL, 1),
(156, 1, 'TE272425200113', 0, 0, '2014-05-05', 0x2d, 'CLUTCH DISC 170 mm DIA', '-', 0, 1, 1, NULL, 1),
(157, 1, 'TE272425200147', 0, 0, '2014-05-05', 0x2d, '200 DIA. ASSY. CLUTCH DISC-VALEO', '-', 0, 1, 1, NULL, 1),
(158, 1, 'TE272425200164', 0, 0, '2014-05-05', 0x2d, '160 DIA. ASSLY. CLUTCH DISC', '-', 0, 1, 1, NULL, 1),
(159, 1, 'TE272425200165', 0, 0, '2014-05-05', 0x2d, '310 DIA. (REINF.)ASSY. CLUTCH DISC - M/S', '-', 0, 1, 1, NULL, 1),
(160, 1, 'TE272425400113', 0, 0, '2014-05-05', 0x2d, 'ASSY CLUTCH COVER 170DIA', '-', 0, 1, 1, NULL, 1),
(161, 1, 'TE272425400140', 0, 0, '2014-05-05', 0x2d, '200 DIA. CLUTCH COVER ASSY.(TCIC) - VALE', '-', 0, 1, 1, NULL, 1),
(162, 1, 'TE272425400159', 0, 0, '2014-05-05', 0x2d, '160 DIA. ASSLY. CLUTCH COVER', '-', 0, 1, 1, NULL, 1),
(163, 1, 'TE272425600106', 0, 0, '2014-05-05', 0x2d, 'CLUTCH RELEASE FORK', '-', 0, 1, 1, NULL, 1),
(164, 1, 'TE272425600110', 0, 0, '2014-05-05', 0x2d, 'CLUTCH RELEASE BEARING WITH SLEEVE', '-', 0, 1, 1, NULL, 1),
(165, 1, 'TE272425600125', 0, 0, '2014-05-05', 0x2d, 'CLUTCH RELEASE BEARING', '-', 0, 1, 1, NULL, 1),
(166, 1, 'TE272425600136', 0, 0, '2014-05-05', 0x2d, 'ASSY,CLUTCH RELEASE YOKE', '-', 0, 1, 1, NULL, 1),
(167, 1, 'TE274760100121', 0, 0, '2014-05-05', 0x2d, 'PANEL  OUTER  CORNER  FRT  RH', '-', 0, 1, 1, NULL, 1),
(168, 1, 'TE274767102301', 0, 0, '2014-05-05', 0x2d, 'W/S GLASS LAMIN LPT709 EX,2515EX', '-', 0, 1, 1, NULL, 1),
(169, 1, 'TE274781100109', 0, 0, '2014-05-05', 0x2d, 'AIR DEFLECTOR RH', '-', 0, 1, 1, NULL, 1),
(170, 1, 'TE274781100119', 0, 0, '2014-05-05', 0x2d, 'WIDE ANGLE MIRROR', '-', 0, 1, 1, NULL, 1),
(171, 1, 'TE278054209938', 0, 0, '2014-05-05', 0x2d, 'SPEED SENSOR 12V/24V (8 PULSES', '-', 0, 1, 1, NULL, 1),
(172, 1, 'TE278229100110', 0, 0, '2014-05-05', 0x2d, 'CLUTCH MASTER CYL.  19.05 DIA', '-', 0, 1, 1, NULL, 1),
(173, 1, 'TE278605999928', 0, 0, '2014-05-05', 0x2d, 'GASKET VALVE COVER', '-', 0, 1, 1, NULL, 1),
(174, 1, 'TE278607989916', 0, 0, '2014-05-05', 0x2d, 'ELEMENT  WATER  SEPERATOR', '-', 0, 1, 1, NULL, 1),
(175, 1, 'TE278609119904', 0, 0, '2014-05-05', 0x2d, 'FUEL FILTER', '-', 0, 1, 1, NULL, 1),
(176, 1, 'TE278609139908', 0, 0, '2014-05-05', 0x2d, 'AIR FILTER ELEMENT PRIMARY', '-', 0, 1, 1, NULL, 1),
(177, 1, 'TE278609139910', 0, 0, '2014-05-05', 0x2d, 'AIR FILTER - PRIMARY', '-', 0, 1, 1, NULL, 1),
(178, 1, 'TE278609139911', 0, 0, '2014-05-05', 0x2d, 'AIR FILTER ELEMENT SAFETY', '-', 0, 1, 1, NULL, 1),
(179, 1, 'TE278609999920', 0, 0, '2014-05-05', 0x2d, 'STRAINER FUEL', '-', 0, 1, 1, NULL, 1),
(180, 1, 'TE278609999951', 0, 0, '2014-05-05', 0x2d, 'FUEL  STRAINER', '-', 0, 1, 1, NULL, 1),
(181, 1, 'TE278618139902', 0, 0, '2014-05-05', 0x2d, 'OIL FILTER CARTRIDGE', '-', 0, 1, 1, NULL, 1),
(182, 1, 'TE278801135301', 0, 0, '2014-05-05', 0x2d, 'SUMP GASKET', '-', 0, 1, 1, NULL, 1),
(183, 1, 'TE278801150104', 0, 0, '2014-05-05', 0x2d, 'CYLINDER HEAD COVER', '-', 0, 1, 1, NULL, 1),
(184, 1, 'TE278801155302', 0, 0, '2014-05-05', 0x2d, 'CYL HEAD GASKET 1.7 mm', '-', 0, 1, 1, NULL, 1),
(185, 1, 'TE278801155303', 0, 0, '2014-05-05', 0x2d, 'GASKET CYL HEAD(1.8 THK)', '-', 0, 1, 1, NULL, 1),
(186, 1, 'TE278801155304', 0, 0, '2014-05-05', 0x2d, 'CY HEAD GASKET COVER', '-', 0, 1, 1, NULL, 1),
(187, 1, 'TE278801170102', 0, 0, '2014-05-05', 0x2d, 'ASSY DIPSTICK', '-', 0, 1, 1, NULL, 1),
(188, 1, 'TE278803990102', 0, 0, '2014-05-05', 0x2d, 'MAIN BEARINGSET STD', '-', 0, 1, 1, NULL, 1),
(189, 1, 'TE278803990104', 0, 0, '2014-05-05', 0x2d, 'SET THRUST WASHER', '-', 0, 1, 1, NULL, 1),
(190, 1, 'TE278803990110', 0, 0, '2014-05-05', 0x2d, 'PISTON SET W/O RINGS', '-', 0, 1, 1, NULL, 1),
(191, 1, 'TE278803990113', 0, 0, '2014-05-05', 0x2d, 'PISTON RING SET', '-', 0, 1, 1, NULL, 1),
(192, 1, 'TE278803990118', 0, 0, '2014-05-05', 0x2d, 'SET  CON. ROD  BUSH', '-', 0, 1, 1, NULL, 1),
(193, 1, 'TE278803990120', 0, 0, '2014-05-05', 0x2d, 'BIG;BEARING SET STD', '-', 0, 1, 1, NULL, 1),
(194, 1, 'TE278803990121', 0, 0, '2014-05-05', 0x2d, 'SET BRG.HALF R-I (CON.ROD)', '-', 0, 1, 1, NULL, 1),
(195, 1, 'TE278805107902', 0, 0, '2014-05-05', 0x2d, 'CAMSHAFT-FOR CRANKSHAFT 180 DEG PHASE', '-', 0, 1, 1, NULL, 1),
(196, 1, 'TE278809110104', 0, 0, '2014-05-05', 0x2d, 'FUEL FILTER ELEMENT', '-', 0, 1, 1, NULL, 1),
(197, 1, 'TE278809130113', 0, 0, '2014-05-05', 0x2d, 'AIR CLEANER ASSY', '-', 0, 1, 1, NULL, 1),
(198, 1, 'TE278809130114', 0, 0, '2014-05-05', 0x2d, 'ASSY. FILTER ELEMENT (FLEETGUARD)', '-', 0, 1, 1, NULL, 1),
(199, 1, 'TE278809130117', 0, 0, '2014-05-05', 0x2d, 'SNORKEL ASSY', '-', 0, 1, 1, NULL, 1),
(200, 1, 'TE278809135802', 0, 0, '2014-05-05', 0x2d, 'INTAKE HOSE(AIR FILTER)', '-', 0, 1, 1, NULL, 1),
(201, 1, 'TE278809135805', 0, 0, '2014-05-05', 0x2d, 'HOSE', '-', 0, 1, 1, NULL, 1),
(202, 1, 'TE278814115301', 0, 0, '2014-05-05', 0x2d, 'GASKET EX,MANIFOLD', '-', 0, 1, 1, NULL, 1),
(203, 1, 'TE278824100105', 0, 0, '2014-05-05', 0x2d, 'ENG MOUNT FR', '-', 0, 1, 1, NULL, 1),
(204, 1, 'TE278824200105', 0, 0, '2014-05-05', 0x2d, 'ASSY,ENG,MOUNT REAR', '-', 0, 1, 1, NULL, 1),
(205, 1, 'TE278850100104', 0, 0, '2014-05-05', 0x2d, 'RADIATOR WITH THERMO SWITCH', '-', 0, 1, 1, NULL, 1),
(206, 1, 'TE278850100107', 0, 0, '2014-05-05', 0x2d, 'PRESSURE CAP', '-', 0, 1, 1, NULL, 1),
(207, 1, 'TE278850100110', 0, 0, '2014-05-05', 0x2d, 'ASSY RAD W/H FAN SHROUD & MOT', '-', 0, 1, 1, NULL, 1),
(208, 1, 'TE278850105801', 0, 0, '2014-05-05', 0x2d, 'RADIATOR HOSE', '-', 0, 1, 1, NULL, 1),
(209, 1, 'TE278850105802', 0, 0, '2014-05-05', 0x2d, 'HOSE UPPER COOLING LINE', '-', 0, 1, 1, NULL, 1),
(210, 1, 'TE278850105804', 0, 0, '2014-05-05', 0x2d, 'HOSE UCL(TRANITION)', '-', 0, 1, 1, NULL, 1),
(211, 1, 'TE279001103708', 0, 0, '2014-05-05', 0x2d, 'CYLINDER LINNER', '-', 0, 1, 1, NULL, 1),
(212, 1, 'TE279001107801', 0, 0, '2014-05-05', 0x2d, 'CR SHAFT OIL SEAL FR', '-', 0, 1, 1, NULL, 1),
(213, 1, 'TE279001107802', 0, 0, '2014-05-05', 0x2d, 'CRANK OIL SEAL RR', '-', 0, 1, 1, NULL, 1),
(214, 1, 'TE279001147704', 0, 0, '2014-05-05', 0x2d, 'COVER (TIMING BELT-FRONT)', '-', 0, 1, 1, NULL, 1),
(215, 1, 'TE279001150110', 0, 0, '2014-05-05', 0x2d, 'ASSY RUBBER BUSH', '-', 0, 1, 1, NULL, 1),
(216, 1, 'TE279001153201', 0, 0, '2014-05-05', 0x2d, 'HEX.BOLT-FOR CYL.HEAD', '-', 0, 1, 1, NULL, 1),
(217, 1, 'TE279001159905', 0, 0, '2014-05-05', 0x2d, 'CAP CYL/HEAD COVER', '-', 0, 1, 1, NULL, 1),
(218, 1, 'TE279003115401', 0, 0, '2014-05-05', 0x2d, 'RING GEAR', '-', 0, 1, 1, NULL, 1),
(219, 1, 'TE279003150106', 0, 0, '2014-05-05', 0x2d, 'CONNECTING ROD(W/O BRG)', '-', 0, 1, 1, NULL, 1),
(220, 1, 'TE279005107810', 0, 0, '2014-05-05', 0x2d, 'CAM SHAFT OIL SEAL', '-', 0, 1, 1, NULL, 1),
(221, 1, 'TE279005110101', 0, 0, '2014-05-05', 0x2d, 'BELT TENSIONER', '-', 0, 1, 1, NULL, 1),
(222, 1, 'TE279005110103', 0, 0, '2014-05-05', 0x2d, 'ASSY,IDLER', '-', 0, 1, 1, NULL, 1),
(223, 1, 'TE279005125111', 0, 0, '2014-05-05', 0x2d, 'INLET VALVE', '-', 0, 1, 1, NULL, 1),
(224, 1, 'TE279005125112', 0, 0, '2014-05-05', 0x2d, 'EXHAUST VALVE', '-', 0, 1, 1, NULL, 1),
(225, 1, 'TE279005138313', 0, 0, '2014-05-05', 0x2d, 'SHIM 3.10 THK', '-', 0, 1, 1, NULL, 1),
(226, 1, 'TE279005138317', 0, 0, '2014-05-05', 0x2d, 'SHIM 3.30 THK', '-', 0, 1, 1, NULL, 1),
(227, 1, 'TE279005138318', 0, 0, '2014-05-05', 0x2d, 'SHIM 3.350 THK', '-', 0, 1, 1, NULL, 1),
(228, 1, 'TE279005138319', 0, 0, '2014-05-05', 0x2d, 'SHIM 3.40 THK', '-', 0, 1, 1, NULL, 1),
(229, 1, 'TE279005138320', 0, 0, '2014-05-05', 0x2d, 'SHUM 3.45 THK', '-', 0, 1, 1, NULL, 1),
(230, 1, 'TE279005157801', 0, 0, '2014-05-05', 0x2d, 'VALVE GUIDE SEAL', '-', 0, 1, 1, NULL, 1),
(231, 1, 'TE279007109907', 0, 0, '2014-05-05', 0x2d, 'SOLENOID 16 OHMS (DELPHI 9198-004A)(FOR', '-', 0, 1, 1, NULL, 1),
(232, 1, 'TE279007146902', 0, 0, '2014-05-05', 0x2d, 'PLUG ( INJECTOR OVER FLOW )', '-', 0, 1, 1, NULL, 1),
(233, 1, 'TE279009130108', 0, 0, '2014-05-05', 0x2d, 'AIR FILTER ELEMENT', '-', 0, 1, 1, NULL, 1),
(234, 1, 'TE279015146310', 0, 0, '2014-05-05', 0x2d, 'POLY BELT 720 LG', '-', 0, 1, 1, NULL, 1),
(235, 1, 'TE279018100102', 0, 0, '2014-05-05', 0x2d, 'ASSY OIL PUMP', '-', 0, 1, 1, NULL, 1),
(236, 1, 'TE279018105303', 0, 0, '2014-05-05', 0x2d, 'GASKET (OIL SUMP)', '-', 0, 1, 1, NULL, 1),
(237, 1, 'TE279018105309', 0, 0, '2014-05-05', 0x2d, '[021] GASKET(FOR OIL PUMP)', '-', 0, 1, 1, NULL, 1),
(238, 1, 'TE279018130101', 0, 0, '2014-05-05', 0x2d, 'OIL FILTER ELEMENT', '-', 0, 1, 1, NULL, 1),
(239, 1, 'TE279018130106', 0, 0, '2014-05-05', 0x2d, 'DIESEL OIL FILTER', '-', 0, 1, 1, NULL, 1),
(240, 1, 'TE279020100101', 0, 0, '2014-05-05', 0x2d, 'WATER PUMP', '-', 0, 1, 1, NULL, 1),
(241, 1, 'TE279020105301', 0, 0, '2014-05-05', 0x2d, 'GASKET (WATER PUMP )', '-', 0, 1, 1, NULL, 1),
(242, 1, 'TE279020120102', 0, 0, '2014-05-05', 0x2d, 'ASSY THERMOSTAT-82 DEGSOT', '-', 0, 1, 1, NULL, 1),
(243, 1, 'TE279020127701', 0, 0, '2014-05-05', 0x2d, 'SEAL THERMOSTAT', '-', 0, 1, 1, NULL, 1),
(244, 1, 'TE279020127702', 0, 0, '2014-05-05', 0x2d, '[021] SEAL THERMOSTAT', '-', 0, 1, 1, NULL, 1),
(245, 1, 'TE279050107501', 0, 0, '2014-05-05', 0x2d, 'RUBBER GROMMET(RAD MOUNT)', '-', 0, 1, 1, NULL, 1),
(246, 1, 'TE279103133701', 0, 0, '2014-05-05', 0x2d, 'PULLY CRANKSHAFT', '-', 0, 1, 1, NULL, 1),
(247, 1, 'TE281829100145', 0, 0, '2014-05-05', 0x2d, 'ASSY. CLUTCH CABLE', '-', 0, 1, 1, NULL, 1),
(248, 1, 'TE281842103701', 0, 0, '2014-05-05', 0x2d, 'OFFER DRAWING FRONT BRAKE DISC', '-', 0, 1, 1, NULL, 1),
(249, 1, 'TE281854400101', 0, 0, '2014-05-05', 0x2d, 'ASSY. HEAD LAMP LH', '-', 0, 1, 1, NULL, 1),
(250, 1, 'TE281854400102', 0, 0, '2014-05-05', 0x2d, 'ASSY_HEAD_LAMP_RH_ONETONNER', '-', 0, 1, 1, NULL, 1),
(251, 1, 'TE281881100118', 0, 0, '2014-05-05', 0x2d, 'ORVM ASSEMBLY TIP TAP TYPE-LH-RH', '-', 0, 1, 1, NULL, 1),
(252, 1, 'TE281888500106', 0, 0, '2014-05-05', 0x2d, 'ASSLY FRONT BUMPER (1 TONNER)', '-', 0, 1, 1, NULL, 1),
(253, 1, 'TE282354400117', 0, 0, '2014-05-05', 0x2d, 'SIDE  INDICATOR  LAMP', '-', 0, 1, 1, NULL, 1),
(254, 1, 'TE282632600101', 0, 0, '2014-05-05', 0x2d, 'ASSY. REAR SHOCK ABSORBER', '-', 0, 1, 1, NULL, 1),
(255, 1, 'TE282646600101', 0, 0, '2014-05-05', 0x2d, 'CENTRE  LINK  ASSY.', '-', 0, 1, 1, NULL, 1),
(256, 1, 'TE282646600117', 0, 0, '2014-05-05', 0x2d, 'ASSY TIE ROD', '-', 0, 1, 1, NULL, 1),
(257, 1, 'TE282929100109', 0, 0, '2014-05-05', 0x2d, 'ASSY CLUTCH CABLE', '-', 0, 1, 1, NULL, 1),
(258, 1, 'TE282929100130', 0, 0, '2014-05-05', 0x2d, 'ASSY.  CLUTCH  CABLE', '-', 0, 1, 1, NULL, 1),
(259, 1, 'TE282929100140', 0, 0, '2014-05-05', 0x2d, 'ASSY. CLUTCH CABLE ACE BS IV', '-', 0, 1, 1, NULL, 1),
(260, 1, 'TE282930100132', 0, 0, '2014-05-05', 0x2d, 'ACC,CABLE', '-', 0, 1, 1, NULL, 1),
(261, 1, 'TE282932100124', 0, 0, '2014-05-05', 0x2d, 'SHACKLE FRONT', '-', 0, 1, 1, NULL, 1),
(262, 1, 'TE282932104202', 0, 0, '2014-05-05', 0x2d, 'U  BOLT FRONT', '-', 0, 1, 1, NULL, 1),
(263, 1, 'TE282932107704', 0, 0, '2014-05-05', 0x2d, 'TIP INSERT', '-', 0, 1, 1, NULL, 1),
(264, 1, 'TE282932109207', 0, 0, '2014-05-05', 0x2d, 'WASHER 17 ID', '-', 0, 1, 1, NULL, 1),
(265, 1, 'TE282932300119', 0, 0, '2014-05-05', 0x2d, 'ASSY FRONT SHOCK ABSORBER', '-', 0, 1, 1, NULL, 1),
(266, 1, 'TE282932300128', 0, 0, '2014-05-05', 0x2d, '[022] ASSY FRONT SHOCK ABSORBER', '-', 0, 1, 1, NULL, 1),
(267, 1, 'TE282932403401', 0, 0, '2014-05-05', 0x2d, 'SPRING BUSH', '-', 0, 1, 1, NULL, 1),
(268, 1, 'TE282932404203', 0, 0, '2014-05-05', 0x2d, 'U CLAMP REAR', '-', 0, 1, 1, NULL, 1),
(269, 1, 'TE282932406701', 0, 0, '2014-05-05', 0x2d, 'SPRING PIN FRT', '-', 0, 1, 1, NULL, 1),
(270, 1, 'TE282932406702', 0, 0, '2014-05-05', 0x2d, 'SPRING PIN REAR', '-', 0, 1, 1, NULL, 1),
(271, 1, 'TE282932407701', 0, 0, '2014-05-05', 0x2d, 'TIP INSERT(REAR SPRING)', '-', 0, 1, 1, NULL, 1),
(272, 1, 'TE282932500102', 0, 0, '2014-05-05', 0x2d, 'ASSY BUMP STOPPER REAR', '-', 0, 1, 1, NULL, 1),
(273, 1, 'TE282932600106', 0, 0, '2014-05-05', 0x2d, 'ASSY REAR SHOCK ABSORBER', '-', 0, 1, 1, NULL, 1),
(274, 1, 'TE282933208611', 0, 0, '2014-05-05', 0x2d, 'SHIM 0.1 THICK(KING PIN)', '-', 0, 1, 1, NULL, 1),
(275, 1, 'TE282933208620', 0, 0, '2014-05-05', 0x2d, 'SHIM 0.20 THK SPACER', '-', 0, 1, 1, NULL, 1),
(276, 1, 'TE282933403105', 0, 0, '2014-05-05', 0x2d, 'HUB BEARING INNER', '-', 0, 1, 1, NULL, 1),
(277, 1, 'TE282933407803', 0, 0, '2014-05-05', 0x2d, 'FRONT HUB OIL SEAL', '-', 0, 1, 1, NULL, 1),
(278, 1, 'TE282933408201', 0, 0, '2014-05-05', 0x2d, 'BAFFLE', '-', 0, 1, 1, NULL, 1),
(279, 1, 'TE282933408602', 0, 0, '2014-05-05', 0x2d, 'SEALRACER(STUB AXLE)', '-', 0, 1, 1, NULL, 1),
(280, 1, 'TE282933800113', 0, 0, '2014-05-05', 0x2d, 'TIE ROD END ASSY. RH', '-', 0, 1, 1, NULL, 1),
(281, 1, 'TE282933800114', 0, 0, '2014-05-05', 0x2d, 'SOCKET ASSY. LH (M/S RANE', '-', 0, 1, 1, NULL, 1),
(282, 1, 'TE282940100107', 0, 0, '2014-05-05', 0x2d, 'WHEEL RIM 4JX12', '-', 0, 1, 1, NULL, 1),
(283, 1, 'TE282940100131', 0, 0, '2014-05-05', 0x2d, 'ASSY WHEEL RIM 5J X 14', '-', 0, 1, 1, NULL, 1),
(284, 1, 'TE282940100136', 0, 0, '2014-05-05', 0x2d, 'ASSY. WHEEL RIM 4.5J X 13', '-', 0, 1, 1, NULL, 1),
(285, 1, 'TE282940306501', 0, 0, '2014-05-05', 0x2d, 'HEX NUT', '-', 0, 1, 1, NULL, 1),
(286, 1, 'TE282940306906', 0, 0, '2014-05-05', 0x2d, 'CLAMP  SPARE WHEEL MTG', '-', 0, 1, 1, NULL, 1),
(287, 1, 'TE282941100109', 0, 0, '2014-05-05', 0x2d, 'U,J,CROSS KIT', '-', 0, 1, 1, NULL, 1),
(288, 1, 'TE282941100118', 0, 0, '2014-05-05', 0x2d, 'U,J,CROSS KIT', '-', 0, 1, 1, NULL, 1),
(289, 1, 'TE282942100106', 0, 0, '2014-05-05', 0x2d, 'MASTER PUMP', '-', 0, 1, 1, NULL, 1),
(290, 1, 'TE282942100123', 0, 0, '2014-05-05', 0x2d, 'BRAKE OIL TANK', '-', 0, 1, 1, NULL, 1),
(291, 1, 'TE282942103701', 0, 0, '2014-05-05', 0x2d, 'BRAKE DISC 17 THICK', '-', 0, 1, 1, NULL, 1),
(292, 1, 'TE282942300123', 0, 0, '2014-05-05', 0x2d, 'BRAKE SHOE KIT', '-', 0, 1, 1, NULL, 1),
(293, 1, 'TE282942300132', 0, 0, '2014-05-05', 0x2d, 'W/C MINOR KIT  KBX', '-', 0, 1, 1, NULL, 1),
(294, 1, 'TE282942300133', 0, 0, '2014-05-05', 0x2d, 'SHOE KIT', '-', 0, 1, 1, NULL, 1),
(295, 1, 'TE282942700105', 0, 0, '2014-05-05', 0x2d, 'PARKING BRAKE CABLE RH', '-', 0, 1, 1, NULL, 1),
(296, 1, 'TE282942700106', 0, 0, '2014-05-05', 0x2d, 'PARKING BRAKE CABLE LH', '-', 0, 1, 1, NULL, 1),
(297, 1, 'TE282942700107', 0, 0, '2014-05-05', 0x2d, 'FRT PARKING BRAKE CABLE', '-', 0, 1, 1, NULL, 1),
(298, 1, 'TE282942700110', 0, 0, '2014-05-05', 0x2d, 'ASSY PARKING BRAKE LEVER', '-', 0, 1, 1, NULL, 1),
(299, 1, 'TE282943100106', 0, 0, '2014-05-05', 0x2d, 'CALIPER KIT MINOR', '-', 0, 1, 1, NULL, 1),
(300, 1, 'TE282943100115', 0, 0, '2014-05-05', 0x2d, 'MASTER PUMP KIT MINOR', '-', 0, 1, 1, NULL, 1),
(301, 1, 'TE282943100121', 0, 0, '2014-05-05', 0x2d, 'BRAKE PAD SET - 04 PIECES', '-', 0, 1, 1, NULL, 1),
(302, 1, 'TE282946100104', 0, 0, '2014-05-05', 0x2d, 'STEERING COLUM', '-', 0, 1, 1, NULL, 1),
(303, 1, 'TE282946400107', 0, 0, '2014-05-05', 0x2d, 'STEERING WHEEL', '-', 0, 1, 1, NULL, 1),
(304, 1, 'TE282946600111', 0, 0, '2014-05-05', 0x2d, 'DRAG LINK END ASSY.', '-', 0, 1, 1, NULL, 1),
(305, 1, 'TE282947600108', 0, 0, '2014-05-05', 0x2d, 'NYLON FUEL LINE', '-', 0, 1, 1, NULL, 1),
(306, 1, 'TE282949100150', 0, 0, '2014-05-05', 0x2d, 'ASSY RUBBER HANGER BS 111', '-', 0, 1, 1, NULL, 1),
(307, 1, 'TE282954200106', 0, 0, '2014-05-05', 0x2d, 'ASSY TANK UNIT', '-', 0, 1, 1, NULL, 1),
(308, 1, 'TE282954200114', 0, 0, '2014-05-05', 0x2d, 'ASSY. INSTRUMENT CLUSTER WITH 0.65 RATIO', '-', 0, 1, 1, NULL, 1),
(309, 1, 'TE282954209902', 0, 0, '2014-05-05', 0x2d, 'SPEEDOMEETER CABLE', '-', 0, 1, 1, NULL, 1),
(310, 1, 'TE282954209923', 0, 0, '2014-05-05', 0x2d, 'RADIATOR  COOLING FAN CONTROLLER', '-', 0, 1, 1, NULL, 1),
(311, 1, 'TE282954209924', 0, 0, '2014-05-05', 0x2d, 'RAD.COOLING FAN CONTROLLER', '-', 0, 1, 1, NULL, 1),
(312, 1, 'TE282954209927', 0, 0, '2014-05-05', 0x2d, 'GLOW PLUG TIMER', '-', 0, 1, 1, NULL, 1),
(313, 1, 'TE282954400107', 0, 0, '2014-05-05', 0x2d, 'REVERSE LAMP(OFFER)', '-', 0, 1, 1, NULL, 1),
(314, 1, 'TE282954400112', 0, 0, '2014-05-05', 0x2d, 'BLINKER LAMP LH', '-', 0, 1, 1, NULL, 1),
(315, 1, 'TE282954400113', 0, 0, '2014-05-05', 0x2d, 'BLINKER LAMP RH', '-', 0, 1, 1, NULL, 1),
(316, 1, 'TE282954400115', 0, 0, '2014-05-05', 0x2d, 'TAIL LAMP LH', '-', 0, 1, 1, NULL, 1),
(317, 1, 'TE282954400116', 0, 0, '2014-05-05', 0x2d, 'TAIL LAMP RH', '-', 0, 1, 1, NULL, 1),
(318, 1, 'TE282954400128', 0, 0, '2014-05-05', 0x2d, 'HEAD LAMP LH WITH MOTOR', '-', 0, 1, 1, NULL, 1),
(319, 1, 'TE282954400129', 0, 0, '2014-05-05', 0x2d, 'HEAD LAMP RH WITH MOTOR', '-', 0, 1, 1, NULL, 1),
(320, 1, 'TE282954400132', 0, 0, '2014-05-05', 0x2d, 'HEAD LAMP', '-', 0, 1, 1, NULL, 1),
(321, 1, 'TE282954400133', 0, 0, '2014-05-05', 0x2d, 'HEAD LAMP', '-', 0, 1, 1, NULL, 1),
(322, 1, 'TE282954406301', 0, 0, '2014-05-05', 0x2d, 'HEAD LAMP CAP RH - OFFER', '-', 0, 1, 1, NULL, 1),
(323, 1, 'TE282954406302', 0, 0, '2014-05-05', 0x2d, 'HEAD LAMP CAP LH', '-', 0, 1, 1, NULL, 1),
(324, 1, 'TE282954409903', 0, 0, '2014-05-05', 0x2d, 'WHITE REFLECTER', '-', 0, 1, 1, NULL, 1),
(325, 1, 'TE282954500107', 0, 0, '2014-05-05', 0x2d, 'ASSY. COMBI. SW.WITH WASH FUNCTION', '-', 0, 1, 1, NULL, 1),
(326, 1, 'TE282967100101', 0, 0, '2014-05-05', 0x2d, 'WINDSHIELD GLASS', '-', 0, 1, 1, NULL, 1),
(327, 1, 'TE282967106301', 0, 0, '2014-05-05', 0x2d, 'MOULD WINDSHIELD', '-', 0, 1, 1, NULL, 1),
(328, 1, 'TE282967800102', 0, 0, '2014-05-05', 0x2d, 'ASSY REAR SLIDING WINDOW', '-', 0, 1, 1, NULL, 1),
(329, 1, 'TE282967806301', 0, 0, '2014-05-05', 0x2d, 'MOULD REAR GLASS WINDSHIELD', '-', 0, 1, 1, NULL, 1),
(330, 1, 'TE282969106301', 0, 0, '2014-05-05', 0x2d, 'A"PILLER TRIM UPPER LH', '-', 0, 1, 1, NULL, 1),
(331, 1, 'TE282969506301', 0, 0, '2014-05-05', 0x2d, 'HEADLINER', '-', 0, 1, 1, NULL, 1),
(332, 1, 'TE282970904201', 0, 0, '2014-05-05', 0x2d, 'ASSY TOGGLE CLAMP LOAD BODY LOCK', '-', 0, 1, 1, NULL, 1),
(333, 1, 'TE282972000109', 0, 0, '2014-05-05', 0x2d, 'DOOR SHELL LH', '-', 0, 1, 1, NULL, 1),
(334, 1, 'TE282972000110', 0, 0, '2014-05-05', 0x2d, 'DOOR SHELL RH', '-', 0, 1, 1, NULL, 1),
(335, 1, 'TE282972300119', 0, 0, '2014-05-05', 0x2d, 'ASSY DOOR LATCH LH', '-', 0, 1, 1, NULL, 1),
(336, 1, 'TE282972300120', 0, 0, '2014-05-05', 0x2d, 'ASSY DOOR LATCH RH', '-', 0, 1, 1, NULL, 1),
(337, 1, 'TE282972300135', 0, 0, '2014-05-05', 0x2d, '1002518 / KIT ASSY LOCK', '-', 0, 1, 1, NULL, 1),
(338, 1, 'TE282972500105', 0, 0, '2014-05-05', 0x2d, 'ASSY,WIND/REG LH', '-', 0, 1, 1, NULL, 1),
(339, 1, 'TE282972500106', 0, 0, '2014-05-05', 0x2d, 'ASSY,WIND/REG RH', '-', 0, 1, 1, NULL, 1),
(340, 1, 'TE282972500110', 0, 0, '2014-05-05', 0x2d, 'WINDER HANDLE', '-', 0, 1, 1, NULL, 1),
(341, 1, 'TE282972502301', 0, 0, '2014-05-05', 0x2d, 'GLASS FRONT DOORLH', '-', 0, 1, 1, NULL, 1),
(342, 1, 'TE282972502302', 0, 0, '2014-05-05', 0x2d, 'GLASS FRONT DOOR RH', '-', 0, 1, 1, NULL, 1),
(343, 1, 'TE282972700101', 0, 0, '2014-05-05', 0x2d, 'DOOR PAD LH', '-', 0, 1, 1, NULL, 1),
(344, 1, 'TE282972700102', 0, 0, '2014-05-05', 0x2d, 'DOOR PAD RH', '-', 0, 1, 1, NULL, 1),
(345, 1, 'TE282981100106', 0, 0, '2014-05-05', 0x2d, 'INNER REAR VIEW MIRROR', '-', 0, 1, 1, NULL, 1),
(346, 1, 'TE282981100116', 0, 0, '2014-05-05', 0x2d, 'REAR VIEW MIRROR LH', '-', 0, 1, 1, NULL, 1),
(347, 1, 'TE282981100117', 0, 0, '2014-05-05', 0x2d, 'REAR VIEW MIRROR RH', '-', 0, 1, 1, NULL, 1),
(348, 1, 'TE282981806302', 0, 0, '2014-05-05', 0x2d, '1001362 / MASCOT ACE', '-', 0, 1, 1, NULL, 1),
(349, 1, 'TE282982400115', 0, 0, '2014-05-05', 0x2d, 'WIPER ARM W/BLADE RH', '-', 0, 1, 1, NULL, 1),
(350, 1, 'TE282982400116', 0, 0, '2014-05-05', 0x2d, 'WIPER  ARM  WITH  BLADE', '-', 0, 1, 1, NULL, 1),
(351, 1, 'TE282982400133', 0, 0, '2014-05-05', 0x2d, 'ASSY. ARM BLADE & NOZZLE FITMENT DRIVER', '-', 0, 1, 1, NULL, 1),
(352, 1, 'TE282982400135', 0, 0, '2014-05-05', 0x2d, 'ASSY. ARM BLADE & NOZZLE FITMENT', '-', 0, 1, 1, NULL, 1),
(353, 1, 'TE282988506301', 0, 0, '2014-05-05', 0x2d, 'FRONT BUMPER', '-', 0, 1, 1, NULL, 1),
(354, 1, 'TE282988800101BF', 0, 0, '2014-05-05', 0x2d, 'ASSY FRONT PANEL OUTER ARCTIC WHITE', '-', 0, 1, 1, NULL, 1),
(355, 1, 'TE282988800101BN', 0, 0, '2014-05-05', 0x2d, 'ASSY FRONT PANEL OUTER RUBY RED', '-', 0, 1, 1, NULL, 1),
(356, 1, 'TE282988800101BU', 0, 0, '2014-05-05', 0x2d, 'ASSY FRONT PANEL OUTER JET BLACK', '-', 0, 1, 1, NULL, 1),
(357, 1, 'TE282988800101CN', 0, 0, '2014-05-05', 0x2d, 'FRONT PANEL OUTER COMPLETE - IRISH CREAM', '-', 0, 1, 1, NULL, 1),
(358, 1, 'TE282988806303', 0, 0, '2014-05-05', 0x2d, 'MOULD FRONT PANEL SEAL', '-', 0, 1, 1, NULL, 1),
(359, 1, 'TE283442990123', 0, 0, '2014-05-05', 0x2d, 'FORNT KIT W/CYL - MINOR', '-', 0, 1, 1, NULL, 1),
(360, 1, 'TE284547100107', 0, 0, '2014-05-05', 0x2d, 'ASSY FUEL TANK CAP COMPLETE', '-', 0, 1, 1, NULL, 1),
(361, 1, 'TE285035300166', 0, 0, '2014-05-05', 0x2d, 'GEAR AND PINION ASSY - HYPOID DRIVE', '-', 0, 1, 1, NULL, 1),
(362, 1, 'TE285035303106', 0, 0, '2014-05-05', 0x2d, 'BEARING ASSY (TAPER ROLLE', '-', 0, 1, 1, NULL, 1),
(363, 1, 'TE285035307701', 0, 0, '2014-05-05', 0x2d, 'PENION OIL SEAL', '-', 0, 1, 1, NULL, 1),
(364, 1, 'TE285035307702', 0, 0, '2014-05-05', 0x2d, 'OIL SEALOUT BOARD', '-', 0, 1, 1, NULL, 1),
(365, 1, 'TE285035307704', 0, 0, '2014-05-05', 0x2d, '[021] SEAL-OIL (2002108)', '-', 0, 1, 1, NULL, 1),
(366, 1, 'TE285035603101', 0, 0, '2014-05-05', 0x2d, 'BALL BEARING', '-', 0, 1, 1, NULL, 1),
(367, 1, 'TE285126200110', 0, 0, '2014-05-05', 0x2d, 'ASSY,SPEEDO PINION', '-', 0, 1, 1, NULL, 1),
(368, 1, 'TE285126209901', 0, 0, '2014-05-05', 0x2d, 'SPEEDO ADAPTOR', '-', 0, 1, 1, NULL, 1),
(369, 1, 'TE285126253801', 0, 0, '2014-05-05', 0x2d, 'GEAR CASE COVER FRONT', '-', 0, 1, 1, NULL, 1),
(370, 1, 'TE285126700109', 0, 0, '2014-05-05', 0x2d, 'ASSY LEVER SEL/SHIFTING', '-', 0, 1, 1, NULL, 1),
(371, 1, 'TE285126703802', 0, 0, '2014-05-05', 0x2d, 'TOP COVER - SHIFTING', '-', 0, 1, 1, NULL, 1),
(372, 1, 'TE285126707704', 0, 0, '2014-05-05', 0x2d, 'RUBBER BELOW (SEL/SHIFT SHAFT)', '-', 0, 1, 1, NULL, 1),
(373, 1, 'TE285126709204', 0, 0, '2014-05-05', 0x2d, 'WASHER', '-', 0, 1, 1, NULL, 1),
(374, 1, 'TE287142990162', 0, 0, '2014-05-05', 0x2d, 'KIT PAD ASSY (C54)', '-', 0, 1, 1, NULL, 1),
(375, 1, 'TE289454400101', 0, 0, '2014-05-05', 0x2d, 'ASSY. H/L WITH BLINKER-LH LHD', '-', 0, 1, 1, NULL, 1),
(376, 1, 'TE289454400108', 0, 0, '2014-05-05', 0x2d, 'E-CERT FRONT FOG LAMP WITH E MARK-BULB', '-', 0, 1, 1, NULL, 1),
(377, 1, 'TE289481100185', 0, 0, '2014-05-05', 0x2d, 'ASSY IRVM W/O BASE BEIGE - B001', '-', 0, 1, 1, NULL, 1),
(378, 1, 'TE289488500109', 0, 0, '2014-05-05', 0x2d, 'ASSY FRONT BUMPER WITH MTG BKTS PLASTIC', '-', 0, 1, 1, NULL, 1),
(379, 1, 'TE289488700101', 0, 0, '2014-05-05', 0x2d, '1001362 / ASSY CENTRE BONNET', '-', 0, 1, 1, NULL, 1),
(380, 1, 'TE551729100121', 0, 0, '2014-05-05', 0x2d, 'ASSY. CLUTCH CABLE', '-', 0, 1, 1, NULL, 1),
(381, 1, 'TE551730100137', 0, 0, '2014-05-05', 0x2d, 'ASSY.EXCESS CABLE', '-', 0, 1, 1, NULL, 1),
(382, 1, 'TE551742700155', 0, 0, '2014-05-05', 0x2d, 'ASSY. REAR PARKING CABLE REAR-ACE ZIP', '-', 0, 1, 1, NULL, 1),
(383, 1, 'TE551742990103', 0, 0, '2014-05-05', 0x2d, 'FRONT KIT SHOE ASSY. COMPLETE', '-', 0, 1, 1, NULL, 1),
(384, 1, 'TE551742990104', 0, 0, '2014-05-05', 0x2d, 'FRONT WHEEL CYLINDER ASSY. MAJOR KIT', '-', 0, 1, 1, NULL, 1),
(385, 1, 'TE551742990124', 0, 0, '2014-05-05', 0x2d, 'REAR KIT WHEEL CYLINDER  MINOR', '-', 0, 1, 1, NULL, 1),
(386, 1, 'TE551767102301', 0, 0, '2014-05-05', 0x2d, 'WINDSHILD GLASS', '-', 0, 1, 1, NULL, 1),
(387, 1, 'TE552354400115', 0, 0, '2014-05-05', 0x2d, 'ACE FACELIFT HEAD LAMP RH', '-', 0, 1, 1, NULL, 1),
(388, 1, 'TE552367100101', 0, 0, '2014-05-05', 0x2d, 'ASSY.GLASS WINDSHIELD', '-', 0, 1, 1, NULL, 1),
(389, 1, 'TE552367106303', 0, 0, '2014-05-05', 0x2d, 'WINDSCREEN MOULD', '-', 0, 1, 1, NULL, 1),
(390, 1, 'TE552381100108', 0, 0, '2014-05-05', 0x2d, 'ASSY ORVM LH FACELIFT', '-', 0, 1, 1, NULL, 1),
(391, 1, 'TE552381100109', 0, 0, '2014-05-05', 0x2d, 'ASSY ORVM RH FACELIFT', '-', 0, 1, 1, NULL, 1),
(392, 1, 'TE552388500101', 0, 0, '2014-05-05', 0x2d, 'ASSY FRONT BUMPER', '-', 0, 1, 1, NULL, 1),
(393, 1, 'TE571707149901', 0, 0, '2014-05-05', 0x2d, 'FUEL PIPE- PUMP TO INJECTOR', '-', 0, 1, 1, NULL, 1),
(394, 1, 'TE571709130102', 0, 0, '2014-05-05', 0x2d, 'ASSY ELEMENT AIR CLEANER', '-', 0, 1, 1, NULL, 1),
(395, 1, 'TE571718139904', 0, 0, '2014-05-05', 0x2d, 'SPIN ON OIL FILTER', '-', 0, 1, 1, NULL, 1),
(396, 1, 'TE571724200101', 0, 0, '2014-05-05', 0x2d, 'ASSY.ENGINE MOUNT-B(REAR MIDDLE)', '-', 0, 1, 1, NULL, 1),
(397, 1, 'TE571724200102', 0, 0, '2014-05-05', 0x2d, 'ASSY.ENGINE MOUNT-C(REAR LEFT)', '-', 0, 1, 1, NULL, 1),
(398, 1, 'TE571724200103', 0, 0, '2014-05-05', 0x2d, 'ASSY.ENGINE MOUNT-D(REAR RIGHT)', '-', 0, 1, 1, NULL, 1),
(399, 1, 'TE580725601601', 0, 0, '2014-05-05', 0x2d, 'ASSY CLUTCH RELEASE BEARING', '-', 0, 1, 1, NULL, 1),
(400, 1, 'TE885403372534', 0, 0, '2014-05-05', 0x2d, 'MAIN BEARING SET STD', '-', 0, 1, 1, NULL, 1),
(401, 1, 'TE885409041613', 0, 0, '2014-05-05', 0x2d, 'SET OF 1613 AIR FILTER CARTRID', '-', 0, 1, 1, NULL, 1),
(402, 1, 'TE885433032829', 0, 0, '2014-05-05', 0x2d, 'REPAIR KIT KING PIN ACE STD. FULL', '-', 0, 1, 1, NULL, 1),
(403, 1, 'TE885454000001', 0, 0, '2014-05-05', 0x2d, 'H/L BULB 100/90 12 V (P 43T FITMENT)', '-', 0, 1, 1, NULL, 1),
(404, 1, 'TE885454000012', 0, 0, '2014-05-05', 0x2d, 'ASSY H/L E-CER  LH-RHD W/O BULB', '-', 0, 1, 1, NULL, 1),
(405, 1, 'TE885454000013', 0, 0, '2014-05-05', 0x2d, 'ASSY H/L E-CER-RHD W/O BULB', '-', 0, 1, 1, NULL, 1),
(406, 1, 'TE886325010057', 0, 0, '2014-05-05', 0x2d, '12?INCH ?PRESSURE PLATE (310 DIA DIAPHRA', '-', 0, 1, 1, NULL, 1),
(407, 1, 'TEA09600000660', 0, 0, '2014-05-05', 0x2d, '[021] DOOR HANDLE WITH KEY LH (207)', '-', 0, 1, 1, NULL, 1),
(408, 1, 'TEB06400000001', 0, 0, '2014-05-05', 0x2d, 'MAJOR REPAIR KIT ALUMINIUM MASTER CYLIND', '-', 0, 1, 1, NULL, 1),
(409, 1, 'TEB06400000002', 0, 0, '2014-05-05', 0x2d, 'MINOR REPAIR KIT ALUMINIUM MASTER CYLIND', '-', 0, 1, 1, NULL, 1),
(410, 1, 'TEF002H20306', 0, 0, '2014-05-05', 0x2d, 'FINE  FILTER  ASSY.', '-', 0, 1, 1, NULL, 1),
(411, 1, 'TF15020502018', 0, 0, '2014-05-05', 0x2d, 'SRDG BEARING', '-', 0, 1, 1, NULL, 1),
(412, 1, 'TF17050500489', 0, 0, '2014-05-05', 0x2d, 'O-RING 13.2X1.78 TS16220', '-', 0, 1, 1, NULL, 1),
(413, 1, 'TF17051002873', 0, 0, '2014-05-05', 0x2d, 'O" RING 28X3A NITRILE', '-', 0, 1, 1, NULL, 1),
(414, 1, 'TF62120300151', 0, 0, '2014-05-05', 0x2d, '[021] 12V 4W BULB', '-', 0, 1, 1, NULL, 1),
(415, 1, 'TT3522540097', 0, 0, '2014-05-05', 0x2d, 'RUBBER BELLOW', '-', 0, 1, 1, NULL, 1),
(416, 1, 'TT3523220050', 0, 0, '2014-05-05', 0x2d, '[021] BUSH', '-', 0, 1, 1, NULL, 1),
(417, 1, 'TV9451037407', 0, 0, '2014-05-05', 0x2d, 'FUEL FILTER (MICO)', '-', 0, 1, 1, NULL, 1),
(418, 1, 'VE265446303416', 0, 0, '2014-05-05', 0x2d, '[021] BUSH', '-', 0, 1, 1, NULL, 1),
(419, 1, 'VE270254219927', 0, 0, '2014-05-05', 0x2d, 'DUEL TEMP TRANSDUCER', '-', 0, 1, 1, NULL, 1),
(420, 1, 'VE277940100118', 0, 0, '2014-05-05', 0x2d, 'RIM CUP', '-', 0, 1, 1, NULL, 1),
(421, 1, 'VE283442990103', 0, 0, '2014-05-05', 0x2d, 'FRONT KIT SHOE ASSEMBLY COMPLETE', '-', 0, 1, 1, NULL, 1),
(422, 1, 'VE283447609903', 0, 0, '2014-05-05', 0x2d, 'FUEL FILTER', '-', 0, 1, 1, NULL, 1),
(423, 1, 'VE28348810820221', 0, 0, '2014-05-05', 0x2d, 'PANEL FRONT FENDER RH', '-', 0, 1, 1, NULL, 1),
(424, 1, 'VE283488500103A6', 0, 0, '2014-05-05', 0x2d, 'ASSY FRONT BUMPER COMPLETE DELUXE', '-', 0, 1, 1, NULL, 1),
(425, 1, 'VE570518130102', 0, 0, '2014-05-05', 0x2d, 'ASSY OIL FILTER', '-', 0, 1, 1, NULL, 1),
(426, 1, 'TEX123456', 0, 0, '2014-05-06', 0x433a2f55736572732f736864696e6573682e39392f446f776e6c6f6164732f646e6c642f544750202d20456e676c6973682e6a7067, '', '-', 0, 1, 1, NULL, 1),
(427, 2, 'TEXYZ1235446', 0, 0, '2014-05-06', 0x4e6f20496d616765, '', '-', 0, 1, 1, NULL, 1);

-- --------------------------------------------------------

--
-- Table structure for table `itembrand`
--

CREATE TABLE IF NOT EXISTS `itembrand` (
  `BrandID` int(11) NOT NULL AUTO_INCREMENT,
  `BrandName` varchar(50) DEFAULT NULL,
  `Description` varchar(100) DEFAULT NULL,
  `BrandCode` varchar(20) DEFAULT NULL,
  `Status` int(11) NOT NULL,
  PRIMARY KEY (`BrandID`)
) ENGINE=InnoDB  DEFAULT CHARSET=latin1 AUTO_INCREMENT=3 ;

--
-- Dumping data for table `itembrand`
--

INSERT INTO `itembrand` (`BrandID`, `BrandName`, `Description`, `BrandCode`, `Status`) VALUES
(1, 'TATA', 'TATA', 'TATA', 1),
(2, 'Toyota', 'Toyota', 'T001', 1);

-- --------------------------------------------------------

--
-- Table structure for table `loginhistroy`
--

CREATE TABLE IF NOT EXISTS `loginhistroy` (
  `id` int(11) NOT NULL AUTO_INCREMENT,
  `lid` int(11) DEFAULT NULL,
  `date` varchar(45) DEFAULT NULL,
  `time` varchar(45) DEFAULT NULL,
  `logouttime` varchar(45) DEFAULT NULL,
  PRIMARY KEY (`id`),
  KEY `id_idx` (`lid`)
) ENGINE=InnoDB  DEFAULT CHARSET=latin1 AUTO_INCREMENT=50 ;

--
-- Dumping data for table `loginhistroy`
--

INSERT INTO `loginhistroy` (`id`, `lid`, `date`, `time`, `logouttime`) VALUES
(1, 5, '2014-05-15', '09:53:00', '09:53:00'),
(2, 5, '2014-05-15', '14:31:34', NULL),
(3, 5, '2014-05-15', '14:37:17', NULL),
(4, 5, '2014-05-15', '14:45:37', NULL),
(5, 5, '2014-05-15', '14:50:57', NULL),
(6, 5, '2014-05-15', '14:53:41', NULL),
(7, 5, '2014-05-15', '14:55:35', NULL),
(8, 5, '2014-05-15', '15:35:04', NULL),
(9, 5, '2014-05-15', '15:53:03', NULL),
(10, 5, '2014-05-15', '17:37:36', NULL),
(11, 5, '2014-05-15', '17:48:36', NULL),
(12, 5, '2014-05-15', '17:50:03', NULL),
(13, 5, '2014-05-15', '17:51:12', NULL),
(14, 5, '2014-05-15', '17:59:20', NULL),
(15, 5, '2014-05-15', '18:17:24', NULL),
(16, 5, '2014-05-15', '18:21:34', NULL),
(17, 5, '2014-05-15', '18:25:12', NULL),
(18, 5, '2014-05-15', '18:30:36', NULL),
(19, 5, '2014-05-15', '18:33:09', NULL),
(20, 5, '2014-05-15', '18:36:36', NULL),
(21, 5, '2014-05-15', '18:37:52', NULL),
(22, 5, '2014-05-15', '18:39:48', NULL),
(23, 5, '2014-05-15', '18:43:15', NULL),
(24, 5, '2014-05-15', '18:46:00', NULL),
(25, 5, '2014-05-15', '18:47:07', NULL),
(26, 5, '2014-05-15', '19:00:14', NULL),
(27, 5, '2014-05-15', '20:15:49', NULL),
(28, 5, '2014-05-15', '20:55:57', NULL),
(29, 5, '2014-05-15', '20:59:31', NULL),
(30, 5, '2014-05-15', '21:00:45', NULL),
(31, 5, '2014-05-15', '21:03:04', NULL),
(32, 5, '2014-05-15', '21:07:37', NULL),
(33, 5, '2014-05-15', '21:09:00', NULL),
(34, 5, '2014-05-15', '21:09:52', NULL),
(35, 5, '2014-05-15', '21:20:49', NULL),
(36, 5, '2014-05-15', '21:22:01', NULL),
(37, 5, '2014-05-15', '21:23:14', NULL),
(38, 5, '2014-05-15', '21:24:50', NULL),
(39, 5, '2014-05-15', '21:27:22', NULL),
(40, 5, '2014-05-15', '21:28:49', NULL),
(41, 5, '2014-05-15', '21:35:50', NULL),
(42, 5, '2014-05-15', '21:49:48', NULL),
(43, 5, '2014-05-15', '22:04:05', NULL),
(44, 5, '2014-05-15', '22:14:01', NULL),
(45, 5, '2014-05-15', '22:15:21', NULL),
(46, 5, '2014-05-15', '22:16:20', NULL),
(47, 5, '2014-05-16', '10:30:43', NULL),
(48, 5, '2014-05-16', '10:42:00', NULL),
(49, 5, '2014-05-16', '10:56:05', NULL);

-- --------------------------------------------------------

--
-- Table structure for table `purcheorder`
--

CREATE TABLE IF NOT EXISTS `purcheorder` (
  `id` int(11) NOT NULL AUTO_INCREMENT,
  `date` varchar(45) NOT NULL,
  `purchase_order_number` varchar(45) DEFAULT NULL,
  `status` int(11) DEFAULT NULL,
  `total` double DEFAULT NULL,
  `lastupdatedate` varchar(45) DEFAULT NULL,
  `complete` int(11) DEFAULT NULL,
  `time` varchar(45) DEFAULT NULL,
  `accepttodatabasetime` varchar(45) DEFAULT NULL,
  `accepttodatabasedate` date DEFAULT NULL,
  `accepttodatabase` int(11) DEFAULT NULL,
  `name` varchar(45) DEFAULT NULL,
  `admin_purchase_order_id` int(11) DEFAULT NULL,
  PRIMARY KEY (`id`)
) ENGINE=InnoDB  DEFAULT CHARSET=latin1 AUTO_INCREMENT=3 ;

--
-- Dumping data for table `purcheorder`
--

INSERT INTO `purcheorder` (`id`, `date`, `purchase_order_number`, `status`, `total`, `lastupdatedate`, `complete`, `time`, `accepttodatabasetime`, `accepttodatabasedate`, `accepttodatabase`, `name`, `admin_purchase_order_id`) VALUES
(1, '2014-05-15', 'null', 1, 1539.65, NULL, 0, '12:51:23', NULL, NULL, 0, '', NULL),
(2, '2014-05-15', 'null', 1, 3123.6000000000004, '2014-05-15', 0, '15:23:52', NULL, NULL, 0, '', NULL);

-- --------------------------------------------------------

--
-- Table structure for table `purchesorderdetail`
--

CREATE TABLE IF NOT EXISTS `purchesorderdetail` (
  `id` int(11) NOT NULL AUTO_INCREMENT,
  `itemid` int(11) DEFAULT NULL,
  `quantity` int(11) DEFAULT NULL,
  `status` varchar(45) DEFAULT NULL,
  `unitprice` varchar(45) DEFAULT NULL,
  `orderId` int(11) NOT NULL,
  PRIMARY KEY (`id`),
  KEY `fk_purchesorderdetail_purcheOrder1_idx` (`orderId`)
) ENGINE=InnoDB  DEFAULT CHARSET=latin1 AUTO_INCREMENT=5 ;

--
-- Dumping data for table `purchesorderdetail`
--

INSERT INTO `purchesorderdetail` (`id`, `itemid`, `quantity`, `status`, `unitprice`, `orderId`) VALUES
(1, 2, 10, '1', '35.5', 1),
(2, 6, 10, '1', '150.0', 1),
(3, 200, 2, '1', '0.0', 2),
(4, 5, 12, '1', '260.3', 2);

-- --------------------------------------------------------

--
-- Table structure for table `salesorder`
--

CREATE TABLE IF NOT EXISTS `salesorder` (
  `OrderID` int(11) NOT NULL AUTO_INCREMENT,
  `sales_order_no` varchar(45) DEFAULT NULL,
  `OrderDate` varchar(20) DEFAULT NULL,
  `CustomerID` int(11) DEFAULT NULL,
  `time` varchar(20) DEFAULT NULL,
  `userid` int(11) DEFAULT NULL,
  `amount` double DEFAULT NULL,
  `labour_amount` double DEFAULT NULL,
  `paid_amount` double DEFAULT NULL,
  `status` int(11) DEFAULT NULL,
  PRIMARY KEY (`OrderID`),
  KEY `userid_idx` (`userid`)
) ENGINE=InnoDB  DEFAULT CHARSET=latin1 AUTO_INCREMENT=54 ;

--
-- Dumping data for table `salesorder`
--

INSERT INTO `salesorder` (`OrderID`, `sales_order_no`, `OrderDate`, `CustomerID`, `time`, `userid`, `amount`, `labour_amount`, `paid_amount`, `status`) VALUES
(1, '00001', '2014-05-15', 1, '12:37:55', 5, 1800, 1400, 1800, 0),
(2, '00001', '2014-05-15', 2, '12:39:20', 5, 2900, 2500, 2900, 2),
(3, '00001', '2014-05-15', 1, '12:43:20', 5, 1900, 1500, 2000, 2),
(4, '00001', '2014-05-15', 5, '14:42:09', 5, 2350, 1450, 2350, 1),
(5, '00002', '2014-05-15', 5, '14:46:58', 5, 1417.5, 1237.5, 1417.5, 1),
(6, '00003', '2014-05-15', 5, '14:52:13', 5, 198, 0, 198, 1),
(7, '00004', '2014-05-15', 5, '14:54:24', 5, 198, 0, 198, 1),
(8, '00005', '2014-05-15', 5, '14:56:16', 5, 198, 0, 198, 1),
(9, '00006', '2014-05-15', 5, '14:57:48', 5, 1584, 1386, 1584, 0),
(10, '00007', '2014-05-15', 5, '15:02:25', 5, 0, 0, 0, 1),
(11, '00008', '2014-05-15', 5, '15:20:56', 5, 1237.5, 1237.5, 0, 1),
(12, '00009', '2014-05-15', 1, '15:44:39', 5, 2450, 2450, 2000, 2),
(13, '00009', '2014-05-15', 5, '17:38:14', 5, 0, 0, 0, 1),
(14, '00010', '2014-05-15', 5, '17:49:16', 5, 198, 0, 0, 1),
(15, '00011', '2014-05-15', 1, '17:50:31', 5, 0, 0, 0, 1),
(16, '00012', '2014-05-15', 1, '17:51:33', 5, 0, 0, 0, 1),
(17, '00013', '2014-05-15', 1, '17:59:45', 5, 0, 0, 0, 1),
(18, '00014', '2014-05-15', 5, '18:18:04', 5, 0, 0, 0, 1),
(19, '00015', '2014-05-15', 1, '18:21:59', 5, 0, 0, 0, 1),
(20, '00016', '2014-05-15', 5, '18:25:47', 5, 0, 0, 0, 1),
(21, '00017', '2014-05-15', 5, '18:31:04', 5, 0, 0, 0, 1),
(22, '00018', '2014-05-15', 5, '18:33:38', 5, 0, 0, 0, 1),
(23, '00019', '2014-05-15', 5, '18:37:10', 5, 540.54, 540.54, 0, 1),
(24, '00020', '2014-05-15', 5, '18:38:29', 5, 540.54, 540.54, 540.6, 1),
(25, '00021', '2014-05-15', 5, '18:40:29', 5, 540.54, 540.54, 550, 1),
(26, '00022', '2014-05-15', 5, '18:43:55', 5, 540.54, 540.54, 0, 1),
(27, '00023', '2014-05-15', 5, '18:45:10', 5, 451.44, 253.44, 455, 1),
(28, '00024', '2014-05-15', 5, '18:46:36', 5, 540.54, 540.54, 555, 1),
(29, '00025', '2014-05-15', 1, '18:47:48', 5, 540.54, 540.54, 555, 1),
(30, '00026', '2014-05-15', 5, '19:01:01', 5, 540.54, 540.54, 555, 1),
(31, '00027', '2014-05-15', 5, '20:16:40', 5, 540.54, 540.54, 555, 2),
(32, '00027', '2014-05-15', 5, '20:57:01', 5, 738.54, 540.54, 550, 2),
(33, '00027', '2014-05-15', 1, '21:00:02', 5, 2475, 2475, 5000, 2),
(34, '00027', '2014-05-15', 1, '21:01:06', 5, 0, 0, 0, 2),
(35, '00027', '2014-05-15', 1, '21:03:26', 5, 0, 0, 0, 2),
(36, '00027', '2014-05-15', 1, '21:08:00', 5, 0, 0, 0, 2),
(37, '00027', '2014-05-15', 1, '21:09:27', 5, 198, 0, 200, 2),
(38, '00027', '2014-05-15', 1, '21:10:17', 5, 0, 0, 0, 2),
(39, '00027', '2014-05-15', 1, '21:21:14', 5, 0, 0, 0, 2),
(40, '00027', '2014-05-15', 1, '21:22:23', 5, 198, 0, 0, 2),
(41, '00027', '2014-05-15', 1, '21:23:43', 5, 198, 0, 200, 2),
(42, '00027', '2014-05-15', 1, '21:25:11', 5, 198, 0, 0, 2),
(43, '00027', '2014-05-15', 1, '21:27:42', 5, 198, 0, 0, 2),
(44, '00027', '2014-05-15', 1, '21:29:18', 5, 198, 0, 200, 2),
(45, '00027', '2014-05-15', 1, '21:38:27', 5, 253.44, 253.44, 300, 2),
(46, '00027', '2014-05-15', 1, '22:04:38', 5, 540.54, 540.54, 600, 2),
(47, '00027', '2014-05-15', 1, '22:14:36', 5, 540.54, 540.54, 600, 2),
(48, '00027', '2014-05-15', 1, '22:15:45', 5, 0, 0, 0, 2),
(49, '00027', '2014-05-15', 1, '22:16:47', 5, 0, 0, 0, 2),
(50, '00027', '2014-05-16', 1, '10:37:30', 5, 1330, 1330, 0, 1),
(51, '00028', '2014-05-16', 1, '10:42:54', 5, 3600, 3600, 0, 1),
(52, '00029', '2014-05-16', 1, '10:57:05', 5, 3015.54, 3015.54, 0, 1),
(53, '00030', '2014-05-16', 1, '10:59:46', 5, 0, 0, 0, 1);

-- --------------------------------------------------------

--
-- Table structure for table `salesorderdetail`
--

CREATE TABLE IF NOT EXISTS `salesorderdetail` (
  `detailid` int(11) NOT NULL AUTO_INCREMENT,
  `orderid` int(11) NOT NULL,
  `itemid` int(11) NOT NULL,
  `quantity` int(11) DEFAULT NULL,
  `discount` double DEFAULT NULL,
  `time` varchar(20) DEFAULT NULL,
  `date` varchar(20) DEFAULT NULL,
  `unit_price` double DEFAULT NULL,
  `amount` double DEFAULT NULL,
  `status` int(11) DEFAULT NULL,
  PRIMARY KEY (`detailid`),
  KEY `oid_idx` (`orderid`),
  KEY `iid_idx` (`itemid`),
  KEY `orderid_idx` (`orderid`)
) ENGINE=InnoDB  DEFAULT CHARSET=latin1 AUTO_INCREMENT=51 ;

--
-- Dumping data for table `salesorderdetail`
--

INSERT INTO `salesorderdetail` (`detailid`, `orderid`, `itemid`, `quantity`, `discount`, `time`, `date`, `unit_price`, `amount`, `status`) VALUES
(1, 1, 56, 2, 0, '12:37:55', '2014-05-15', 200, 400, 0),
(2, 2, 56, 2, 0, '12:39:20', '2014-05-15', 200, 400, 1),
(3, 3, 56, 2, 0, '12:43:20', '2014-05-15', 200, 400, 1),
(4, 4, 31, 5, 10, '14:42:10', '2014-05-15', 200, 900, 1),
(5, 5, 31, 1, 10, '14:46:58', '2014-05-15', 200, 180, 1),
(6, 6, 31, 1, 1, '14:52:13', '2014-05-15', 200, 198, 1),
(7, 7, 31, 1, 1, '14:54:24', '2014-05-15', 200, 198, 1),
(8, 8, 31, 1, 1, '14:56:16', '2014-05-15', 200, 198, 1),
(9, 9, 31, 1, 1, '14:57:48', '2014-05-15', 200, 198, 0),
(10, 10, 200, 1, 1, '15:02:25', '2014-05-15', 0, 0, 1),
(11, 11, 200, 1, 1, '15:20:56', '2014-05-15', 0, 0, 1),
(12, 12, 200, 1, 1, '15:44:39', '2014-05-15', 0, 0, 1),
(13, 13, 200, 1, 1, '17:38:14', '2014-05-15', 0, 0, 1),
(14, 14, 41, 1, 1, '17:49:16', '2014-05-15', 200, 198, 1),
(15, 15, 309, 1, 1, '17:50:31', '2014-05-15', 0, 0, 1),
(16, 16, 200, 1, 0, '17:51:33', '2014-05-15', 0, 0, 1),
(17, 17, 200, 1, 1, '17:59:45', '2014-05-15', 0, 0, 1),
(18, 18, 200, 1, 1, '18:18:04', '2014-05-15', 0, 0, 1),
(19, 19, 200, 1, 1, '18:21:59', '2014-05-15', 0, 0, 1),
(20, 20, 200, 1, 1, '18:25:47', '2014-05-15', 0, 0, 1),
(21, 21, 200, 1, 1, '18:31:04', '2014-05-15', 0, 0, 1),
(22, 22, 200, 1, 1, '18:33:38', '2014-05-15', 0, 0, 1),
(23, 23, 309, 1, 1, '18:37:10', '2014-05-15', 0, 0, 1),
(24, 24, 200, 1, 0, '18:38:29', '2014-05-15', 0, 0, 1),
(25, 25, 309, 1, 1, '18:40:29', '2014-05-15', 0, 0, 1),
(26, 26, 309, 1, 1, '18:43:55', '2014-05-15', 0, 0, 1),
(27, 27, 56, 1, 1, '18:45:10', '2014-05-15', 200, 198, 1),
(28, 28, 309, 1, 1, '18:46:36', '2014-05-15', 0, 0, 1),
(29, 29, 309, 1, 1, '18:47:48', '2014-05-15', 0, 0, 1),
(30, 30, 309, 1, 1, '19:01:01', '2014-05-15', 0, 0, 1),
(31, 31, 309, 1, 1, '20:16:40', '2014-05-15', 0, 0, 1),
(32, 32, 56, 1, 1, '20:57:01', '2014-05-15', 200, 198, 1),
(33, 33, 309, 1, 1, '21:00:02', '2014-05-15', 0, 0, 1),
(34, 34, 309, 1, 1, '21:01:06', '2014-05-15', 0, 0, 1),
(35, 35, 309, 1, 1, '21:03:26', '2014-05-15', 0, 0, 1),
(36, 36, 309, 1, 1, '21:08:00', '2014-05-15', 0, 0, 1),
(37, 37, 41, 1, 1, '21:09:27', '2014-05-15', 200, 198, 1),
(38, 38, 309, 1, 1, '21:10:17', '2014-05-15', 0, 0, 1),
(39, 39, 309, 1, 1, '21:21:14', '2014-05-15', 0, 0, 1),
(40, 40, 41, 1, 1, '21:22:23', '2014-05-15', 200, 198, 1),
(41, 41, 41, 1, 1, '21:23:43', '2014-05-15', 200, 198, 1),
(42, 42, 41, 1, 1, '21:25:11', '2014-05-15', 200, 198, 1),
(43, 43, 41, 1, 1, '21:27:42', '2014-05-15', 200, 198, 1),
(44, 44, 41, 1, 1, '21:29:18', '2014-05-15', 200, 198, 1),
(45, 45, 175, 1, 1, '21:38:27', '2014-05-15', 0, 0, 1),
(46, 46, 175, 1, 1, '22:04:38', '2014-05-15', 0, 0, 1),
(47, 47, 175, 1, 1, '22:14:36', '2014-05-15', 0, 0, 1),
(48, 48, 175, 1, 1, '22:15:45', '2014-05-15', 0, 0, 1),
(49, 49, 175, 1, 1, '22:16:48', '2014-05-15', 0, 0, 1),
(50, 52, 175, 1, 0, '10:57:05', '2014-05-16', 0, 0, 1);

-- --------------------------------------------------------

--
-- Table structure for table `stock`
--

CREATE TABLE IF NOT EXISTS `stock` (
  `StockID` int(11) NOT NULL AUTO_INCREMENT,
  `SupplierID` int(11) NOT NULL,
  `StockDate` varchar(20) NOT NULL,
  `DeliverdTime` varchar(10) NOT NULL,
  `Status` int(11) NOT NULL,
  PRIMARY KEY (`StockID`),
  KEY `Supplier_idx` (`SupplierID`)
) ENGINE=InnoDB  DEFAULT CHARSET=latin1 AUTO_INCREMENT=5 ;

--
-- Dumping data for table `stock`
--

INSERT INTO `stock` (`StockID`, `SupplierID`, `StockDate`, `DeliverdTime`, `Status`) VALUES
(1, 1, '2014-05-15', '10:52:26', 1),
(2, 1, '2014-05-15', '10:59:40', 1),
(3, 1, '2014-05-15', '14:38:12', 1),
(4, 1, '2014-05-15', '21:37:42', 1);

-- --------------------------------------------------------

--
-- Table structure for table `stockdetail`
--

CREATE TABLE IF NOT EXISTS `stockdetail` (
  `DetailID` int(11) NOT NULL AUTO_INCREMENT,
  `StockID` int(11) NOT NULL,
  `ItemID` int(11) NOT NULL,
  `StockQuantity` int(11) NOT NULL,
  `remainingquantity` int(11) DEFAULT NULL,
  `status` int(11) DEFAULT NULL,
  PRIMARY KEY (`DetailID`),
  KEY `SID_idx` (`StockID`),
  KEY `Iid_idx` (`ItemID`)
) ENGINE=InnoDB  DEFAULT CHARSET=latin1 AUTO_INCREMENT=8 ;

--
-- Dumping data for table `stockdetail`
--

INSERT INTO `stockdetail` (`DetailID`, `StockID`, `ItemID`, `StockQuantity`, `remainingquantity`, `status`) VALUES
(1, 1, 309, 20, 6, 2),
(2, 1, 200, 20, 8, 2),
(3, 1, 56, 20, 10, 2),
(4, 1, 314, 20, 20, 1),
(5, 2, 41, 20, 9, 2),
(6, 3, 31, 10, 0, 2),
(7, 4, 175, 500, 494, 2);

-- --------------------------------------------------------

--
-- Table structure for table `supplier`
--

CREATE TABLE IF NOT EXISTS `supplier` (
  `SupplierID` int(11) NOT NULL AUTO_INCREMENT,
  `SupplierName` varchar(45) NOT NULL,
  `AddedDate` varchar(20) NOT NULL,
  `Address` varchar(45) DEFAULT NULL,
  `ContactNo` varchar(20) NOT NULL,
  `Status` int(11) NOT NULL,
  PRIMARY KEY (`SupplierID`)
) ENGINE=InnoDB  DEFAULT CHARSET=latin1 AUTO_INCREMENT=3 ;

--
-- Dumping data for table `supplier`
--

INSERT INTO `supplier` (`SupplierID`, `SupplierName`, `AddedDate`, `Address`, `ContactNo`, `Status`) VALUES
(1, 'DIMO', '2014-05-05', 'Colombo 10', '-', 1),
(2, 'gh', '2014-05-15', 'asx', '012563', 1);

-- --------------------------------------------------------

--
-- Table structure for table `tbl_customer_return`
--

CREATE TABLE IF NOT EXISTS `tbl_customer_return` (
  `customer_return_id` int(11) NOT NULL AUTO_INCREMENT,
  `sales_order_id` int(11) DEFAULT NULL,
  `return_date` varchar(45) DEFAULT NULL,
  `return_time` varchar(45) DEFAULT NULL,
  `amount` double NOT NULL,
  `status` int(11) DEFAULT '1',
  PRIMARY KEY (`customer_return_id`),
  KEY `fk_sales_order_id_return_idx` (`sales_order_id`)
) ENGINE=InnoDB  DEFAULT CHARSET=latin1 AUTO_INCREMENT=2 ;

--
-- Dumping data for table `tbl_customer_return`
--

INSERT INTO `tbl_customer_return` (`customer_return_id`, `sales_order_id`, `return_date`, `return_time`, `amount`, `status`) VALUES
(1, 4, '2014-05-15', '15:46:48', 15, 1);

-- --------------------------------------------------------

--
-- Table structure for table `tbl_customer_return_detail`
--

CREATE TABLE IF NOT EXISTS `tbl_customer_return_detail` (
  `customer_return_detail_id` int(11) NOT NULL AUTO_INCREMENT,
  `customer_return_id` int(11) DEFAULT NULL,
  `item_id` int(11) DEFAULT NULL,
  `return_quantity` double DEFAULT NULL,
  `unit_price` double NOT NULL,
  `reason` varchar(50) NOT NULL,
  `status` int(11) DEFAULT '1',
  PRIMARY KEY (`customer_return_detail_id`)
) ENGINE=InnoDB  DEFAULT CHARSET=latin1 AUTO_INCREMENT=2 ;

--
-- Dumping data for table `tbl_customer_return_detail`
--

INSERT INTO `tbl_customer_return_detail` (`customer_return_detail_id`, `customer_return_id`, `item_id`, `return_quantity`, `unit_price`, `reason`, `status`) VALUES
(1, 1, 31, 3, 5, '---', 1);

-- --------------------------------------------------------

--
-- Table structure for table `tbl_customer_type`
--

CREATE TABLE IF NOT EXISTS `tbl_customer_type` (
  `customer_type_id` int(11) NOT NULL AUTO_INCREMENT,
  `customer_type_name` varchar(500) NOT NULL,
  `customer_type_code` varchar(45) DEFAULT NULL,
  `added_time` varchar(45) DEFAULT NULL,
  `added_date` varchar(45) DEFAULT NULL,
  `status` int(11) DEFAULT NULL,
  PRIMARY KEY (`customer_type_id`)
) ENGINE=InnoDB  DEFAULT CHARSET=latin1 AUTO_INCREMENT=4 ;

--
-- Dumping data for table `tbl_customer_type`
--

INSERT INTO `tbl_customer_type` (`customer_type_id`, `customer_type_name`, `customer_type_code`, `added_time`, `added_date`, `status`) VALUES
(1, 'Wholesale', 'WS', '13:12:26', '2014-05-06', 1),
(2, 'Retail', 'RT', '17:32:33', '2014-05-13', 1),
(3, 'Retail', 'RTM', '14:40:15', '2014-05-15', 1);

-- --------------------------------------------------------

--
-- Table structure for table `tbl_dealer_return`
--

CREATE TABLE IF NOT EXISTS `tbl_dealer_return` (
  `dealer_return_id` int(11) NOT NULL AUTO_INCREMENT,
  `supplier_id` int(11) DEFAULT NULL,
  `deliver_order_id` int(11) DEFAULT NULL,
  `added_date` varchar(45) DEFAULT NULL,
  `added_time` varchar(45) DEFAULT NULL,
  `admin_return_id` int(11) DEFAULT '0',
  `completed_status` int(11) DEFAULT NULL,
  `admin_user_name` varchar(100) DEFAULT NULL,
  `status` int(11) DEFAULT NULL,
  PRIMARY KEY (`dealer_return_id`)
) ENGINE=InnoDB DEFAULT CHARSET=latin1 AUTO_INCREMENT=1 ;

-- --------------------------------------------------------

--
-- Table structure for table `tbl_dealer_return_detail`
--

CREATE TABLE IF NOT EXISTS `tbl_dealer_return_detail` (
  `dealer_return_detail_id` int(11) NOT NULL AUTO_INCREMENT,
  `dealer_return_id` int(11) DEFAULT NULL,
  `admin_return_id` int(11) DEFAULT NULL,
  `item_id` int(11) DEFAULT NULL,
  `delivered` int(11) DEFAULT NULL,
  `return_qty` double DEFAULT NULL,
  `dealer_return_reason` varchar(5000) DEFAULT NULL,
  `sales_officer_accepted_qty` double DEFAULT NULL,
  `sales_officer_comment` varchar(5000) DEFAULT NULL,
  `sales_officer_return_status` int(11) DEFAULT NULL,
  `admin_accepted_qty` double DEFAULT NULL,
  `admin_comment` varchar(5000) DEFAULT NULL,
  `admin_return_status` int(11) DEFAULT NULL,
  `status` int(11) DEFAULT NULL,
  PRIMARY KEY (`dealer_return_detail_id`),
  KEY `fk_dealer_return_id_idx` (`dealer_return_id`)
) ENGINE=InnoDB DEFAULT CHARSET=latin1 AUTO_INCREMENT=1 ;

-- --------------------------------------------------------

--
-- Table structure for table `tbl_estimate`
--

CREATE TABLE IF NOT EXISTS `tbl_estimate` (
  `estimate_id` int(11) NOT NULL AUTO_INCREMENT,
  `customer_id` int(11) NOT NULL,
  `estimate_date` date NOT NULL,
  `status` int(1) NOT NULL DEFAULT '1',
  PRIMARY KEY (`estimate_id`),
  KEY `customer_id` (`customer_id`)
) ENGINE=InnoDB DEFAULT CHARSET=latin1 AUTO_INCREMENT=1 ;

-- --------------------------------------------------------

--
-- Table structure for table `tbl_item_alternatives`
--

CREATE TABLE IF NOT EXISTS `tbl_item_alternatives` (
  `alternative_id` int(11) NOT NULL AUTO_INCREMENT,
  `item_id` int(11) NOT NULL,
  `description` varchar(500) DEFAULT NULL,
  `alternative_item_id` int(11) DEFAULT NULL,
  `added_date` varchar(45) DEFAULT NULL,
  `added_time` varchar(45) DEFAULT NULL,
  `status` int(11) DEFAULT NULL,
  PRIMARY KEY (`alternative_id`),
  KEY `fk_item_id_idx` (`item_id`)
) ENGINE=InnoDB  DEFAULT CHARSET=latin1 AUTO_INCREMENT=5 ;

--
-- Dumping data for table `tbl_item_alternatives`
--

INSERT INTO `tbl_item_alternatives` (`alternative_id`, `item_id`, `description`, `alternative_item_id`, `added_date`, `added_time`, `status`) VALUES
(1, 13, 'rwterte', 37, '2014-18-02', '14:18:9', 1),
(2, 37, 'rwterte', 13, '2014-18-02', '14:18:9', 1),
(3, 10, 'rptorter', 100, '2014-20-02', '14:20:7', 1),
(4, 100, 'rptorter', 10, '2014-20-02', '14:20:7', 1);

-- --------------------------------------------------------

--
-- Table structure for table `tbl_loss_sales_detail`
--

CREATE TABLE IF NOT EXISTS `tbl_loss_sales_detail` (
  `loss_sales_detail_id` int(11) NOT NULL AUTO_INCREMENT,
  `part_id` int(11) DEFAULT NULL,
  `loss_qty` double DEFAULT NULL,
  `loss_type` int(11) DEFAULT NULL COMMENT '1= stock loss sale\n2= value loss sale',
  `loss_date` date DEFAULT NULL,
  `status` int(11) DEFAULT NULL,
  PRIMARY KEY (`loss_sales_detail_id`)
) ENGINE=InnoDB DEFAULT CHARSET=latin1 AUTO_INCREMENT=1 ;

-- --------------------------------------------------------

--
-- Table structure for table `tbl_search_key`
--

CREATE TABLE IF NOT EXISTS `tbl_search_key` (
  `search_key_id` int(11) NOT NULL AUTO_INCREMENT,
  `key_name` varchar(500) DEFAULT NULL,
  `description` varchar(45) DEFAULT NULL,
  `added_date` varchar(45) DEFAULT NULL,
  `added_time` varchar(45) DEFAULT NULL,
  `status` int(11) DEFAULT NULL,
  PRIMARY KEY (`search_key_id`)
) ENGINE=InnoDB  DEFAULT CHARSET=latin1 AUTO_INCREMENT=4 ;

--
-- Dumping data for table `tbl_search_key`
--

INSERT INTO `tbl_search_key` (`search_key_id`, `key_name`, `description`, `added_date`, `added_time`, `status`) VALUES
(1, 'Batta CP', '-', '2014-05-06', '23:32:05', 1),
(2, '119', '223', '2014-05-06', '23:34:01', 1),
(3, 'ad', 'dcsdc', '2014-05-15', '16:18:00', 1);

-- --------------------------------------------------------

--
-- Table structure for table `tbl_service`
--

CREATE TABLE IF NOT EXISTS `tbl_service` (
  `service_id` int(11) NOT NULL AUTO_INCREMENT,
  `service_name` varchar(1000) DEFAULT NULL,
  `service_cost` varchar(45) DEFAULT NULL,
  `service_code` varchar(45) DEFAULT NULL,
  `remarks` varchar(500) DEFAULT NULL,
  `added_date` varchar(45) DEFAULT NULL,
  `added_time` varchar(45) DEFAULT NULL,
  `status` int(11) DEFAULT NULL,
  PRIMARY KEY (`service_id`)
) ENGINE=InnoDB  DEFAULT CHARSET=latin1 AUTO_INCREMENT=10 ;

--
-- Dumping data for table `tbl_service`
--

INSERT INTO `tbl_service` (`service_id`, `service_name`, `service_cost`, `service_code`, `remarks`, `added_date`, `added_time`, `status`) VALUES
(1, 'ACE ENGINE REPAIRS', '1500', 'AER', '-', '2014-05-05', '15:32:00', 1),
(2, 'BATTA CLUTCHPLATES REPAIR', '1250', 'BCR', '-', '2014-05-05', '15:32:00', 1),
(3, 'WHEEL ALIGN', '2500', 'WA', '-', '2014-05-05', '15:32:00', 1),
(4, 'TINKERING', '1400', 'TIN', '-', '2014-05-05', '15:32:00', 1),
(5, 'WINDING', '1600', 'WN', '-', '2014-05-05', '15:32:00', 1),
(6, 'fef', '2500', 'eef', 'ef', '2014-05-14', '02:02:31', 1),
(7, 'ddf', '546', 'sdfd', 'dff', '2014-05-14', '02:02:57', 1),
(8, 'BP', '3600', 'Body Painting', '-', '2014-05-14', '23:51:34', 1),
(9, 'cc', '256', 'df0012', 'dd', '2014-05-15', '15:38:06', 1);

-- --------------------------------------------------------

--
-- Table structure for table `tbl_service_detail`
--

CREATE TABLE IF NOT EXISTS `tbl_service_detail` (
  `service_detail_id` int(11) NOT NULL AUTO_INCREMENT,
  `sales_order_id` int(11) DEFAULT NULL,
  `service_id` int(11) DEFAULT NULL,
  `discount_type` int(11) DEFAULT NULL COMMENT '1= percentage\n2= amount',
  `discount_amount` double DEFAULT NULL,
  `current_price` double DEFAULT NULL,
  `service_amount` double DEFAULT NULL,
  `status` int(11) DEFAULT NULL,
  PRIMARY KEY (`service_detail_id`)
) ENGINE=InnoDB  DEFAULT CHARSET=latin1 AUTO_INCREMENT=26 ;

--
-- Dumping data for table `tbl_service_detail`
--

INSERT INTO `tbl_service_detail` (`service_detail_id`, `sales_order_id`, `service_id`, `discount_type`, `discount_amount`, `current_price`, `service_amount`, `status`) VALUES
(1, 3, 1, 1, 0, 1500, 1500, 1),
(2, 4, 1, 0, 50, 1500, 1450, 1),
(3, 5, 2, 1, 1, 1250, 1237.5, 1),
(4, 9, 4, 1, 1, 1400, 1386, 1),
(5, 11, 2, 1, 1, 1250, 1237.5, 1),
(6, 12, 6, 0, 50, 2500, 2450, 1),
(7, 23, 7, 1, 1, 546, 540.54, 1),
(8, 24, 7, 1, 1, 546, 540.54, 1),
(9, 25, 7, 1, 1, 546, 540.54, 1),
(10, 26, 7, 1, 1, 546, 540.54, 1),
(11, 27, 9, 1, 1, 256, 253.44, 1),
(12, 28, 7, 1, 1, 546, 540.54, 1),
(13, 29, 7, 1, 1, 546, 540.54, 1),
(14, 30, 7, 1, 1, 546, 540.54, 1),
(15, 31, 7, 1, 1, 546, 540.54, 1),
(16, 32, 7, 1, 1, 546, 540.54, 1),
(17, 33, 6, 1, 1, 2500, 2475, 1),
(18, 45, 9, 1, 1, 256, 253.44, 1),
(19, 46, 7, 1, 1, 546, 540.54, 1),
(20, 47, 7, 1, 1, 546, 540.54, 1),
(21, 50, 4, 1, 5, 1400, 1330, 1),
(22, 52, 3, 1, 1, 2500, 2475, 1),
(23, 52, 7, 1, 1, 546, 540.54, 1),
(24, 53, 3, 1, 1, 2500, 2475, 1),
(25, 53, 7, 1, 1, 546, 540.54, 1);

-- --------------------------------------------------------

--
-- Table structure for table `tbl_vehicle_models`
--

CREATE TABLE IF NOT EXISTS `tbl_vehicle_models` (
  `vehicle_model_id` int(11) NOT NULL AUTO_INCREMENT,
  `vehicle_model_name` varchar(500) NOT NULL,
  `description` varchar(500) DEFAULT NULL,
  `added_date` varchar(45) DEFAULT NULL,
  `added_time` varchar(45) DEFAULT NULL,
  `status` int(11) DEFAULT NULL,
  PRIMARY KEY (`vehicle_model_id`)
) ENGINE=InnoDB  DEFAULT CHARSET=latin1 AUTO_INCREMENT=10 ;

--
-- Dumping data for table `tbl_vehicle_models`
--

INSERT INTO `tbl_vehicle_models` (`vehicle_model_id`, `vehicle_model_name`, `description`, `added_date`, `added_time`, `status`) VALUES
(1, 'LCV', NULL, '2014-05-05', '17:55:00', 1),
(2, 'MCV', 'puka thamai', '2014-05-05', '17:55:00', 0),
(3, 'TCV', 'Batta HCV', '2014-05-05', '17:55:00', 1),
(4, 'Batta', 'redda thamai', '2014-05-05', '17:55:00', 0),
(5, 'ACE', 'butta ace', '2014-05-06', '15:57:03', 1),
(6, 'CCV', 'Batti ccv', '2014-05-06', '23:31:30', 1),
(7, 'katta', '123', '2014-05-06', '23:57:27', 1),
(9, 'Toyota', 'Toyota', '2014-05-15', '14:40:44', 1);

-- --------------------------------------------------------

--
-- Table structure for table `user`
--

CREATE TABLE IF NOT EXISTS `user` (
  `id` int(11) NOT NULL AUTO_INCREMENT,
  `name` varchar(45) DEFAULT NULL,
  `username` varchar(45) DEFAULT NULL,
  `password` varchar(10000) DEFAULT NULL,
  `privilage` int(11) DEFAULT NULL,
  `status` int(1) DEFAULT NULL,
  `date` varchar(45) DEFAULT NULL,
  `time` varchar(45) DEFAULT NULL,
  `type` varchar(45) DEFAULT NULL,
  PRIMARY KEY (`id`)
) ENGINE=InnoDB  DEFAULT CHARSET=latin1 AUTO_INCREMENT=7 ;

--
-- Dumping data for table `user`
--

INSERT INTO `user` (`id`, `name`, `username`, `password`, `privilage`, `status`, `date`, `time`, `type`) VALUES
(5, 'admin', 'admin', '*4ACFE3202A5FF5CF467898FC58AAB1D615029441', 0, 1, '2013-11-16', '12:05:52', 'Admin'),
(6, 'lok', 'user', '*D5D9F81F5542DE067FFF5FF7A4CA4BDD322C578F', 0, 1, '2013-11-16', '12:07:47', 'User');

--
-- Constraints for dumped tables
--

--
-- Constraints for table `customer_vehicles`
--
ALTER TABLE `customer_vehicles`
  ADD CONSTRAINT `cust_id` FOREIGN KEY (`customer_id`) REFERENCES `customer` (`id`) ON DELETE CASCADE ON UPDATE CASCADE;

--
-- Constraints for table `debtdetail`
--
ALTER TABLE `debtdetail`
  ADD CONSTRAINT `fk_debtid` FOREIGN KEY (`debtid`) REFERENCES `debt` (`debtid`) ON DELETE CASCADE ON UPDATE CASCADE;

/*!40101 SET CHARACTER_SET_CLIENT=@OLD_CHARACTER_SET_CLIENT */;
/*!40101 SET CHARACTER_SET_RESULTS=@OLD_CHARACTER_SET_RESULTS */;
/*!40101 SET COLLATION_CONNECTION=@OLD_COLLATION_CONNECTION */;
