-- MySQL Administrator dump 1.4
--
-- ------------------------------------------------------
-- Server version	5.5.13


/*!40101 SET @OLD_CHARACTER_SET_CLIENT=@@CHARACTER_SET_CLIENT */;
/*!40101 SET @OLD_CHARACTER_SET_RESULTS=@@CHARACTER_SET_RESULTS */;
/*!40101 SET @OLD_COLLATION_CONNECTION=@@COLLATION_CONNECTION */;
/*!40101 SET NAMES utf8 */;

/*!40014 SET @OLD_UNIQUE_CHECKS=@@UNIQUE_CHECKS, UNIQUE_CHECKS=0 */;
/*!40014 SET @OLD_FOREIGN_KEY_CHECKS=@@FOREIGN_KEY_CHECKS, FOREIGN_KEY_CHECKS=0 */;
/*!40101 SET @OLD_SQL_MODE=@@SQL_MODE, SQL_MODE='NO_AUTO_VALUE_ON_ZERO' */;


--
-- Create schema demolanka
--

CREATE DATABASE /*!32312 IF NOT EXISTS*/ demolanka;
USE demolanka;

--
-- Table structure for table `demolanka`.`customer`
--

DROP TABLE IF EXISTS `customer`;
CREATE TABLE `customer` (
  `id` int(11) NOT NULL AUTO_INCREMENT,
  `customer_acc_no` varchar(45) DEFAULT NULL,
  `customer_name` varchar(1000) NOT NULL,
  `contact_no` varchar(40) DEFAULT NULL,
  `address` varchar(1000) DEFAULT NULL,
  `customer_type` int(11) DEFAULT NULL,
  `added_date` varchar(45) DEFAULT NULL,
  `added_time` varchar(45) DEFAULT NULL,
  `status` int(11) DEFAULT NULL,
  PRIMARY KEY (`id`)
) ENGINE=InnoDB AUTO_INCREMENT=6 DEFAULT CHARSET=latin1;

--
-- Dumping data for table `demolanka`.`customer`
--

/*!40000 ALTER TABLE `customer` DISABLE KEYS */;
INSERT INTO `customer` (`id`,`customer_acc_no`,`customer_name`,`contact_no`,`address`,`customer_type`,`added_date`,`added_time`,`status`) VALUES 
 (1,'RT00001','General','-','-',1,'2014-05-13','21:21:45',1),
 (2,'00002','grg','grg','ewef',1,'2014-05-13','21:21:58',1),
 (3,'RT00003','erger','frfe','rgeg',2,'2014-05-13','21:22:19',1),
 (4,'WS00004','cscc','scs','scc',1,'2014-05-13','21:29:10',1),
 (5,'00005','gvvg','56456','fyfy',1,'2014-05-16','14:25:34',1);
/*!40000 ALTER TABLE `customer` ENABLE KEYS */;


--
-- Table structure for table `demolanka`.`customer_vehicles`
--

DROP TABLE IF EXISTS `customer_vehicles`;
CREATE TABLE `customer_vehicles` (
  `vehicle_id` int(11) NOT NULL AUTO_INCREMENT,
  `customer_id` int(11) NOT NULL,
  `vehicle_reg_no` varchar(45) DEFAULT NULL,
  `vehicle_model` int(11) DEFAULT NULL,
  `added_date` varchar(45) DEFAULT NULL,
  `added_time` varchar(45) DEFAULT NULL,
  `status` int(11) DEFAULT NULL,
  PRIMARY KEY (`vehicle_id`),
  KEY `cust_id_idx` (`customer_id`),
  CONSTRAINT `cust_id` FOREIGN KEY (`customer_id`) REFERENCES `customer` (`id`) ON DELETE CASCADE ON UPDATE CASCADE
) ENGINE=InnoDB AUTO_INCREMENT=5 DEFAULT CHARSET=latin1;

--
-- Dumping data for table `demolanka`.`customer_vehicles`
--

/*!40000 ALTER TABLE `customer_vehicles` DISABLE KEYS */;
INSERT INTO `customer_vehicles` (`vehicle_id`,`customer_id`,`vehicle_reg_no`,`vehicle_model`,`added_date`,`added_time`,`status`) VALUES 
 (1,2,'wp-1457-2456',1,'2014-05-13','21:07:24',1),
 (2,2,'wz-254-544',5,'2014-05-13','21:07:24',1),
 (3,3,'eg-rge-geg',1,'2014-05-13','21:22:19',1),
 (4,5,'ww-www54-',1,'2014-05-16','14:25:35',1);
/*!40000 ALTER TABLE `customer_vehicles` ENABLE KEYS */;


--
-- Table structure for table `demolanka`.`debt`
--

DROP TABLE IF EXISTS `debt`;
CREATE TABLE `debt` (
  `debtid` int(11) NOT NULL AUTO_INCREMENT,
  `custid` int(11) NOT NULL,
  `salesorderid` int(11) NOT NULL,
  `debtdate` varchar(45) DEFAULT NULL,
  `debtenddate` varchar(45) DEFAULT NULL,
  `debtamount` double DEFAULT NULL,
  `status` int(11) DEFAULT NULL,
  PRIMARY KEY (`debtid`)
) ENGINE=InnoDB AUTO_INCREMENT=9 DEFAULT CHARSET=latin1;

--
-- Dumping data for table `demolanka`.`debt`
--

/*!40000 ALTER TABLE `debt` DISABLE KEYS */;
INSERT INTO `debt` (`debtid`,`custid`,`salesorderid`,`debtdate`,`debtenddate`,`debtamount`,`status`) VALUES 
 (1,4,7,'2014-05-15','2014-05-28',1000,1),
 (2,1,8,'2014-05-16','2014-05-31',1250,1),
 (3,5,11,'2014-05-16','2014-06-15',546,2),
 (4,5,12,'2014-05-16','2014-06-15',746,2),
 (5,5,13,'2014-05-16','2014-06-15',540.54,2),
 (6,5,14,'2014-05-16','2014-06-15',540.54,1),
 (7,5,15,'2014-05-16','2014-06-15',540.54,2),
 (8,5,16,'2014-05-16','2014-06-15',740.54,2);
/*!40000 ALTER TABLE `debt` ENABLE KEYS */;


--
-- Table structure for table `demolanka`.`debtdetail`
--

DROP TABLE IF EXISTS `debtdetail`;
CREATE TABLE `debtdetail` (
  `detailID` int(11) NOT NULL AUTO_INCREMENT,
  `debtid` int(11) DEFAULT NULL,
  `paymentdate` varchar(45) DEFAULT NULL,
  `paidamount` double DEFAULT NULL,
  `status` int(11) DEFAULT NULL,
  PRIMARY KEY (`detailID`),
  KEY `fk_debtid_idx` (`debtid`),
  CONSTRAINT `fk_debtid` FOREIGN KEY (`debtid`) REFERENCES `debt` (`debtid`) ON DELETE CASCADE ON UPDATE CASCADE
) ENGINE=InnoDB AUTO_INCREMENT=8 DEFAULT CHARSET=latin1;

--
-- Dumping data for table `demolanka`.`debtdetail`
--

/*!40000 ALTER TABLE `debtdetail` DISABLE KEYS */;
INSERT INTO `debtdetail` (`detailID`,`debtid`,`paymentdate`,`paidamount`,`status`) VALUES 
 (1,1,'2014-05-15',500,1),
 (2,1,'2014-05-16',500,1),
 (3,2,'2014-05-16',100,1),
 (4,2,'2014-05-16',100,1),
 (5,4,'2014-05-16',1,1),
 (6,6,'2014-05-16',540.54,1),
 (7,2,'2014-05-16',1050,1);
/*!40000 ALTER TABLE `debtdetail` ENABLE KEYS */;


--
-- Table structure for table `demolanka`.`deliverorder`
--

DROP TABLE IF EXISTS `deliverorder`;
CREATE TABLE `deliverorder` (
  `deliver_order_id` int(11) NOT NULL AUTO_INCREMENT,
  `invoiced_date` varchar(45) DEFAULT NULL,
  `invoiced_time` varchar(45) DEFAULT NULL,
  `amount` double NOT NULL,
  `invoice_no` varchar(45) DEFAULT NULL,
  `wip_no` varchar(45) DEFAULT NULL,
  `status` int(1) DEFAULT NULL,
  PRIMARY KEY (`deliver_order_id`) USING BTREE
) ENGINE=InnoDB DEFAULT CHARSET=latin1;

--
-- Dumping data for table `demolanka`.`deliverorder`
--

/*!40000 ALTER TABLE `deliverorder` DISABLE KEYS */;
/*!40000 ALTER TABLE `deliverorder` ENABLE KEYS */;


--
-- Table structure for table `demolanka`.`deliverorderdetail`
--

DROP TABLE IF EXISTS `deliverorderdetail`;
CREATE TABLE `deliverorderdetail` (
  `deliver_order_detail_id` int(11) NOT NULL AUTO_INCREMENT,
  `deliver_order_id` int(11) DEFAULT NULL,
  `itemid` int(11) DEFAULT NULL,
  `amount` double DEFAULT NULL,
  `qty` double DEFAULT NULL,
  `status` int(1) DEFAULT NULL,
  PRIMARY KEY (`deliver_order_detail_id`)
) ENGINE=InnoDB DEFAULT CHARSET=latin1;

--
-- Dumping data for table `demolanka`.`deliverorderdetail`
--

/*!40000 ALTER TABLE `deliverorderdetail` DISABLE KEYS */;
/*!40000 ALTER TABLE `deliverorderdetail` ENABLE KEYS */;


--
-- Table structure for table `demolanka`.`item`
--

DROP TABLE IF EXISTS `item`;
CREATE TABLE `item` (
  `ItemID` int(11) NOT NULL AUTO_INCREMENT,
  `BrandID` int(11) NOT NULL,
  `item_part_no` varchar(50) DEFAULT NULL,
  `buyingprice` double DEFAULT NULL,
  `sellingprice` double DEFAULT NULL,
  `addeddate` date DEFAULT NULL,
  `image` blob,
  `Description` varchar(50) DEFAULT NULL,
  `remarks` varchar(1000) DEFAULT NULL,
  `re_order_qty` double DEFAULT NULL,
  `key_id` int(11) DEFAULT NULL,
  `supplier_id` int(11) DEFAULT NULL,
  `type_id` int(11) DEFAULT NULL,
  `status` int(11) DEFAULT NULL,
  PRIMARY KEY (`ItemID`,`BrandID`),
  UNIQUE KEY `item_part_no_UNIQUE` (`item_part_no`),
  KEY `BrandID_idx` (`BrandID`)
) ENGINE=InnoDB AUTO_INCREMENT=434 DEFAULT CHARSET=latin1;

--
-- Dumping data for table `demolanka`.`item`
--

/*!40000 ALTER TABLE `item` DISABLE KEYS */;
INSERT INTO `item` (`ItemID`,`BrandID`,`item_part_no`,`buyingprice`,`sellingprice`,`addeddate`,`image`,`Description`,`remarks`,`re_order_qty`,`key_id`,`supplier_id`,`type_id`,`status`) VALUES 
 (1,1,'TE252518130124',20,20,'2014-05-05',0x4E6F20496D616765,'ASSY OIL FILTER ELEMENT 697 CMVR2K LONG','-',0,0,1,NULL,1),
 (2,1,'TE252518130139',35.5,25,'2014-05-05',0x2D,'OIL FILTER ELEMENT (SPIN ON) 697 BSIII','-',0,0,1,NULL,1),
 (3,1,'TE252518170176',40,35,'2014-05-05',0x4E6F20496D616765,'ASSY OIL LINE FLEXIBLE','-',0,0,1,0,1),
 (4,1,'TE252520156305',150,48,'2014-05-05',0x2D,'V BELT COGGED 1280MM','-',0,0,1,NULL,1),
 (5,1,'TE252701130141',260.3,100,'2014-05-05',0x2D,'OIL SUMP GASKET KIT','-',0,0,1,NULL,1),
 (6,1,'TE252707130130',150,150,'2014-05-05',0x4E6F20496D616765,'ASSY.  VACUUM  CYLINDER','-',0,0,1,NULL,1),
 (7,1,'TE252709130329',150,200,'2014-05-05',0x4E6F20496D616765,'ELEM. AIR CLEANER (PRIMARY)','-',0,0,1,0,1),
 (8,1,'TE252709130330',150,200,'2014-05-05',0x2D,'ELEM AIR CLEANER (SAFETY)','-',0,0,1,NULL,1),
 (9,1,'TE252718130105',150,200,'2014-05-05',0x4E6F20496D616765,'OIL FILTER','-',0,2,1,6,1);
INSERT INTO `item` (`ItemID`,`BrandID`,`item_part_no`,`buyingprice`,`sellingprice`,`addeddate`,`image`,`Description`,`remarks`,`re_order_qty`,`key_id`,`supplier_id`,`type_id`,`status`) VALUES 
 (10,1,'TE252718130132',150,200,'2014-05-05',0x2D,'LUBE OIL FILTER-SPIN ON','-',0,0,1,NULL,1),
 (11,1,'TE253409110108',150,200,'2014-05-05',0x2D,'DIESEL FILTER DICOR','-',0,0,1,NULL,1),
 (12,1,'TE253409130241',150,200,'2014-05-05',0x2D,'ASSY  ELEMENT  AIR  CLEANER','-',0,0,1,NULL,1),
 (13,1,'TE253415140131',150,200,'2014-05-05',0x2D,'ASSY. BRACKET(ALTERNATOR MOUNTING)','-',0,0,1,NULL,1),
 (14,1,'TE253415406302',150,200,'2014-05-05',0x433A2F55736572732F736864696E6573682E39392F446F776E6C6F6164732F646E6C642F726F73652E676966,'POLY V BELT(6PK)1173 LG','-',0,0,1,NULL,1),
 (15,1,'TE253418130129',150,200,'2014-05-05',0x4E6F20496D616765,'OIL FILTER','-',0,0,1,NULL,1),
 (16,1,'TE253418130165',150,200,'2014-05-05',0x2D,'ASSY OIL FILTER','-',0,0,1,NULL,1),
 (17,1,'TE253420100124',150,200,'2014-05-05',0x2D,'WATER PUMP ASSLY','-',0,0,1,NULL,1),
 (18,1,'TE253420156310',150,200,'2014-05-05',0x2D,'V BELT COGGED 925MM LONG','-',0,0,1,NULL,1);
INSERT INTO `item` (`ItemID`,`BrandID`,`item_part_no`,`buyingprice`,`sellingprice`,`addeddate`,`image`,`Description`,`remarks`,`re_order_qty`,`key_id`,`supplier_id`,`type_id`,`status`) VALUES 
 (19,1,'TE254701155325',200,200,'2014-05-05',0x2D,'GASKET CAP CY/HD COVER TC','-',0,0,1,NULL,1),
 (20,1,'TE254701157814',200,200,'2014-05-05',0x2D,'OIL SEAL-CAM SHAFT','-',0,0,1,NULL,1),
 (21,1,'TE254705116301',200,200,'2014-05-05',0x2D,'TIMING BELT','-',0,0,1,NULL,1),
 (22,1,'TE254709110119',200,200,'2014-05-05',0x2D,'DIESEL FILTER ( LUCAS )','-',0,0,1,NULL,1),
 (23,1,'TE254709130182',200,200,'2014-05-05',0x2D,'AIR FILTER CARTRIDGE  (DI)','-',0,0,1,NULL,1),
 (24,1,'TE254709130346',200,200,'2014-05-05',0x2D,'[021] AIR FILTER ELEMENT {FLEETGUARD}','-',0,0,1,NULL,1),
 (25,1,'TE254709139918',200,200,'2014-05-05',0x2D,'SERVICE INDICATOR','-',0,0,1,NULL,1),
 (26,1,'TE254718130106',400,200,'2014-05-05',0x2D,'OIL FILTER','-',0,0,1,NULL,1),
 (27,1,'TE254718130117',400,200,'2014-05-05',0x2D,'ASSY. OIL FILTER REDUCED LENGTH','-',0,0,1,NULL,1),
 (28,1,'TE254723116332',400,200,'2014-05-05',0x2D,'POLY-V BELT (1045-ALT+PS DRIVE)','-',0,0,1,NULL,1);
INSERT INTO `item` (`ItemID`,`BrandID`,`item_part_no`,`buyingprice`,`sellingprice`,`addeddate`,`image`,`Description`,`remarks`,`re_order_qty`,`key_id`,`supplier_id`,`type_id`,`status`) VALUES 
 (29,1,'TE257454410170',400,200,'2014-05-05',0x2D,'ASSY; TAIL LAMP RH','-',0,0,1,NULL,1),
 (30,1,'TE257454410172',400,200,'2014-05-05',0x2D,'ASSY  TAIL  LAMP  LH  W / BULB','-',0,0,1,NULL,1),
 (31,1,'TE257524200102',400,200,'2014-05-05',0x2D,'RUBBER SUPPORT','-',0,0,1,NULL,1),
 (32,1,'TE257633407801',400,200,'2014-05-05',0x2D,'FRONT HUB OIL SEAL','-',0,0,1,NULL,1),
 (33,1,'TE257681100153',400,200,'2014-05-05',0x2D,'REAR VIEW MIRROR LH','-',0,0,1,NULL,1),
 (34,1,'TE261829100110',400,200,'2014-05-05',0x2D,'CLUTCH MAST; CYL;REP;KIT MINOR','-',0,0,1,NULL,1),
 (35,1,'TE263254209903',400,200,'2014-05-05',0x2D,'TEMPERATURE TRANSDUCER','-',0,0,1,NULL,1),
 (36,1,'TE264126800224',400,200,'2014-05-05',0x2D,'ASSY BALL JOINT RH THREADS','-',0,0,1,NULL,1),
 (37,1,'TE264126803409',400,200,'2014-05-05',0x2D,'BUSH','-',0,0,1,NULL,1),
 (38,1,'TE264129100117',400,200,'2014-05-05',0x2D,'CLUTCH M/CYL/ASSY','-',0,0,1,NULL,1);
INSERT INTO `item` (`ItemID`,`BrandID`,`item_part_no`,`buyingprice`,`sellingprice`,`addeddate`,`image`,`Description`,`remarks`,`re_order_qty`,`key_id`,`supplier_id`,`type_id`,`status`) VALUES 
 (39,1,'TE264130100145',400,200,'2014-05-05',0x2D,'ASSY PULL CABEL ACCL','-',0,0,1,NULL,1),
 (40,1,'TE264140106703',400,200,'2014-05-05',0x2D,'HUB PIN REAR (S-CAM)','-',0,0,1,NULL,1),
 (41,1,'TE264140106704',400,200,'2014-05-05',0x2D,'HUB PIN FRONT S-CAM','-',0,0,1,NULL,1),
 (42,1,'TE264154400104',400,200,'2014-05-05',0x2D,'[021] BLINKER  LAMP  RH','-',0,0,1,NULL,1),
 (43,1,'TE264154400135',400,200,'2014-05-05',0x2D,'BLINKER LH-','-',0,0,1,NULL,1),
 (44,1,'TE264154420188',400,200,'2014-05-05',0x2D,'ASSY BLINKER LAMP LH-12V-E\'CER','-',0,0,1,NULL,1),
 (45,1,'TE264154500106',400,200,'2014-05-05',0x2D,'STEERING LOCK CUM IGNITION SW[','-',0,0,1,NULL,1),
 (46,1,'TE264175200107',400,200,'2014-05-05',0x2D,'LOCK CENTRE FLAP','-',0,0,1,NULL,1),
 (47,1,'TE264175200112',400,200,'2014-05-05',0x2D,'ASSY RELEASE CABLE 2506MM','-',0,0,1,NULL,1),
 (48,1,'TE264181900101',400,200,'2014-05-05',0x2D,'ASSY BAZEL RH','-',0,0,1,NULL,1);
INSERT INTO `item` (`ItemID`,`BrandID`,`item_part_no`,`buyingprice`,`sellingprice`,`addeddate`,`image`,`Description`,`remarks`,`re_order_qty`,`key_id`,`supplier_id`,`type_id`,`status`) VALUES 
 (49,1,'TE264181900102',400,200,'2014-05-05',0x2D,'ASSY BAZEL LH','-',0,0,1,NULL,1),
 (50,1,'TE264181900111',400,200,'2014-05-05',0x2D,'ASSY COVER SIDE LH','-',0,0,1,NULL,1),
 (51,1,'TE26418850010822',400,200,'2014-05-05',0x2D,'ASSY BUMPER COMP BLACK POWDER','-',0,0,1,NULL,1),
 (52,1,'TE264188500119',400,200,'2014-05-05',0x2D,'ASSY. END COVER RH','-',0,0,1,NULL,1),
 (53,1,'TE265129100148',400,200,'2014-05-05',0x2D,'REPAIR KIT MASTER CYL','-',0,0,1,NULL,1),
 (54,1,'TE265132807702',400,200,'2014-05-05',0x2D,'RUBBER BUSH ANTIROLL BRG','-',0,0,1,NULL,1),
 (55,1,'TE265146600102',400,200,'2014-05-05',0x2D,'CROSS','-',0,0,1,NULL,1),
 (56,1,'TE265167100110',400,200,'2014-05-05',0x2D,'ASSY REAR WINDOW COMPLETE','-',0,0,1,NULL,1),
 (57,1,'TE265429100156',400,200,'2014-05-05',0x2D,'SL/CY REP KIT(MINOR)','-',0,0,1,NULL,1),
 (58,1,'TE265429100157',400,200,'2014-05-05',0x2D,'SL CY REP KIT(MAJOR)','-',0,0,1,NULL,1);
INSERT INTO `item` (`ItemID`,`BrandID`,`item_part_no`,`buyingprice`,`sellingprice`,`addeddate`,`image`,`Description`,`remarks`,`re_order_qty`,`key_id`,`supplier_id`,`type_id`,`status`) VALUES 
 (59,1,'TE265432130163',400,200,'2014-05-05',0x2D,'ASSY. KIT-SUSPENSION RUBBER PARTS','-',0,0,1,NULL,1),
 (60,1,'TE265432130164',400,200,'2014-05-05',0x2D,'ASSY LOWER WISHBONE COMP RH MECH STG','-',0,0,1,NULL,1),
 (61,1,'TE265432130165',400,200,'2014-05-05',0x2D,'ASSY LOWER WISHBONE COMP LH','-',0,0,1,NULL,1),
 (62,1,'TE265432138705',400,200,'2014-05-05',0x2D,'FRONT SPRING','-',0,0,1,NULL,1),
 (63,1,'TE265432138716',400,200,'2014-05-05',0x2D,'FRONT  SPRING','-',0,0,1,NULL,1),
 (64,1,'TE265432138717',400,200,'2014-05-05',0x2D,'COIL SPRING(YELLOW COLOUR)','-',0,0,1,NULL,1),
 (65,1,'TE265432400149',400,500,'2014-05-05',0x2D,'1002518 / 1ST LEAF W/BUSH','-',0,0,1,NULL,1),
 (66,1,'TE265432504205',400,500,'2014-05-05',0x2D,'\"U\" CLAMP (REAR SPG)','-',0,0,1,NULL,1),
 (67,1,'TE265433200126',400,500,'2014-05-05',0x2D,'ASSY  BALL  JOINT','-',0,0,1,NULL,1),
 (68,1,'TE265433403101',400,500,'2014-05-05',0x2D,'HUB BEARING FRONT INNER','-',0,0,1,NULL,1);
INSERT INTO `item` (`ItemID`,`BrandID`,`item_part_no`,`buyingprice`,`sellingprice`,`addeddate`,`image`,`Description`,`remarks`,`re_order_qty`,`key_id`,`supplier_id`,`type_id`,`status`) VALUES 
 (69,1,'TE265433403102',400,500,'2014-05-05',0x2D,'HUB BEARING FRONT OUTER','-',0,0,1,NULL,1),
 (70,1,'TE265433407801',400,500,'2014-05-05',0x2D,'OIL SEAL FRONT HUB','-',0,0,1,NULL,1),
 (71,1,'TE265441100104',400,500,'2014-05-05',0x2D,'KIT BRG STRAP&BOLT','-',0,0,1,NULL,1),
 (72,1,'TE265442100108',400,500,'2014-05-05',0x2D,'CALIPER KIT','-',0,0,1,NULL,1),
 (73,1,'TE265442100149',400,500,'2014-05-05',0x2D,'ASY CALIPER BRAKE RH','-',0,0,1,NULL,1),
 (74,1,'TE265442103704',400,500,'2014-05-05',0x2D,'SUMO VENT DISC','-',0,0,1,NULL,1),
 (75,1,'TE265442300117',400,500,'2014-05-05',0x2D,'R/KIT WHEEL CY. REAR','-',0,0,1,NULL,1),
 (76,1,'TE265442710122',400,500,'2014-05-05',0x2D,'HAND BRAKE CABLE FRT','-',0,0,1,NULL,1),
 (77,1,'TE265443100108',400,500,'2014-05-05',0x2D,'KIT REP MAJOR TMC','-',0,0,1,NULL,1),
 (78,1,'TE265443100133',400,500,'2014-05-05',0x2D,'MINOR KIT-TANDEM MASTER CYL','-',0,0,1,NULL,1);
INSERT INTO `item` (`ItemID`,`BrandID`,`item_part_no`,`buyingprice`,`sellingprice`,`addeddate`,`image`,`Description`,`remarks`,`re_order_qty`,`key_id`,`supplier_id`,`type_id`,`status`) VALUES 
 (79,1,'TE265446303416',400,500,'2014-05-05',0x2D,'BUSH','-',0,0,1,NULL,1),
 (80,1,'TE265446600115',400,500,'2014-05-05',0x2D,'TIE ROD ASSY','-',0,0,1,NULL,1),
 (81,1,'TE265454209980',400,500,'2014-05-05',0x2D,'FUEL LEVEL SENSOR','-',0,0,1,NULL,1),
 (82,1,'TE265454209997',400,500,'2014-05-05',0x2D,'3.2 DIA;SPEEDO CABLE 1300MM','-',0,0,1,NULL,1),
 (83,1,'TE265454420141',400,500,'2014-05-05',0x2D,'SIDE INDICATOR LAMP RH','-',0,0,1,NULL,1),
 (84,1,'TE265454510119',400,500,'2014-05-05',0x2D,'COMBINATION SWITCH RHD','-',0,0,1,NULL,1),
 (85,1,'TE265472300124',400,500,'2014-05-05',0x2D,'ASSY OUTER DOOR HANDLE L.H','-',0,0,1,NULL,1),
 (86,1,'TE265472300125',400,500,'2014-05-05',0x2D,'ASSY OUTER DOOR HANDLE','-',0,0,1,NULL,1),
 (87,1,'TE265472500127',400,500,'2014-05-05',0x2D,'WINDOW REGULATOR RH','-',0,0,1,NULL,1),
 (88,1,'TE265472500128',400,500,'2014-05-05',0x2D,'WINDOW REGULATOR LH','-',0,0,1,NULL,1);
INSERT INTO `item` (`ItemID`,`BrandID`,`item_part_no`,`buyingprice`,`sellingprice`,`addeddate`,`image`,`Description`,`remarks`,`re_order_qty`,`key_id`,`supplier_id`,`type_id`,`status`) VALUES 
 (89,1,'TE265481110104',400,500,'2014-05-05',0x2D,'[021] ASSY INNER RVM ANTIGLARE','-',0,0,1,NULL,1),
 (90,1,'TE265483300190',400,500,'2014-05-05',0x2D,'VENTILATION NOZZLE','-',0,0,1,NULL,1),
 (91,1,'TE265832100134',400,500,'2014-05-05',0x2D,'PIVOT BUSH FRT SUSP L/LIN','-',0,0,1,NULL,1),
 (92,1,'TE265854209901',400,500,'2014-05-05',0x2D,'FUEL TANK SENSING UNIT','-',0,0,1,NULL,1),
 (93,1,'TE265872300180',400,500,'2014-05-05',0x2D,'DOOR LOCK COMP LH','-',0,0,1,NULL,1),
 (94,1,'TE265872300181',400,500,'2014-05-05',0x2D,'DOOR LOCK FRT RH','-',0,0,1,NULL,1),
 (95,1,'TE265888700101',400,500,'2014-05-05',0x2D,'BONNET CENTRE','-',0,0,1,NULL,1),
 (96,1,'TE265932100114',400,500,'2014-05-05',0x2D,'BALL JOINT ASSY.-UPPER W/B','-',0,0,1,NULL,1),
 (97,1,'TE265954410123',400,500,'2014-05-05',0x2D,'FUNCT E CERT T/L','-',0,0,1,NULL,1),
 (98,1,'TE265954410124',400,500,'2014-05-05',0x2D,'ASSY; TAIL LAMP RH','-',0,0,1,NULL,1);
INSERT INTO `item` (`ItemID`,`BrandID`,`item_part_no`,`buyingprice`,`sellingprice`,`addeddate`,`image`,`Description`,`remarks`,`re_order_qty`,`key_id`,`supplier_id`,`type_id`,`status`) VALUES 
 (99,1,'TE265954410135',400,500,'2014-05-05',0x2D,'ASSY BLINKER LAMP WITH BULB LH','-',0,0,1,NULL,1),
 (100,1,'TE265954410136',400,500,'2014-05-05',0x2D,'ASSY BLINKER LAMP WITH BULB RH','-',0,0,1,NULL,1),
 (101,1,'TE265981100167',400,500,'2014-05-05',0x2D,'RV MIRROR OUTER RH','-',0,0,1,NULL,1),
 (102,1,'TE265981100168',400,500,'2014-05-05',0x2D,'RV MIRROR OUTER LH PLAIN','-',0,0,1,NULL,1),
 (103,1,'TE266335300154',400,500,'2014-05-05',0x2D,'ASSY. DIFF. GEAR  KIT','-',0,0,1,NULL,1),
 (104,1,'TE266335305427',400,500,'2014-05-05',0x2D,'SHAFT DIFF,STD','-',0,0,1,NULL,1),
 (105,1,'TE266335309201',400,500,'2014-05-05',0x2D,'SPHERICAL WASHER','-',0,0,1,NULL,1),
 (106,1,'TE266335309206',400,500,'2014-05-05',0x2D,'THRUST WASHER 1.45 THK.','-',0,0,1,NULL,1),
 (107,1,'TE266335703107',400,500,'2014-05-05',0x2D,'HUB BEARING','-',0,0,1,NULL,1),
 (108,1,'TE266335703108',400,500,'2014-05-05',0x2D,'WHEEL BEARING INNER','-',0,0,1,NULL,1);
INSERT INTO `item` (`ItemID`,`BrandID`,`item_part_no`,`buyingprice`,`sellingprice`,`addeddate`,`image`,`Description`,`remarks`,`re_order_qty`,`key_id`,`supplier_id`,`type_id`,`status`) VALUES 
 (109,1,'TE266335703109',400,500,'2014-05-05',0x2D,'TAPER ROLLER BRG (45x85x20.75)','-',0,0,1,NULL,1),
 (110,1,'TE266335707709',400,500,'2014-05-05',0x2D,'REAR HUB OIL SEAL','-',0,0,1,NULL,1),
 (111,1,'TE266733557801',400,500,'2014-05-05',0x2D,'[021] OIL SEAL  - 41455','-',0,0,1,NULL,1),
 (112,1,'TE266835607701',400,500,'2014-05-05',0x2D,'OIL SEAL RR INNER','-',0,0,1,NULL,1),
 (113,1,'TE266835607702',400,500,'2014-05-05',0x2D,'OIL SEAL RR OUTER','-',0,0,1,NULL,1),
 (114,1,'TE267375100101',400,500,'2014-05-05',0x2D,'ASSY CENTER FLAP RHD','-',0,0,1,NULL,1),
 (115,1,'TE267872300114',400,500,'2014-05-05',0x2D,'REG HANDLE','-',0,0,1,NULL,1),
 (116,1,'TE268426203804',400,500,'2014-05-05',0x2D,'SYNCHROCONE  2ND OD GEAR','-',0,0,1,NULL,1),
 (117,1,'TE268426253104',400,500,'2014-05-05',0x2D,'BEARING NEEDLE CAGE','-',0,0,1,NULL,1),
 (118,1,'TE268426708207',400,500,'2014-05-05',0x2D,'RETAINER PLATE','-',0,0,1,NULL,1);
INSERT INTO `item` (`ItemID`,`BrandID`,`item_part_no`,`buyingprice`,`sellingprice`,`addeddate`,`image`,`Description`,`remarks`,`re_order_qty`,`key_id`,`supplier_id`,`type_id`,`status`) VALUES 
 (119,1,'TE268426710158',400,500,'2014-05-05',0x2D,'ASSY  SHIFT  LINK','-',0,0,1,NULL,1),
 (120,1,'TE268426713817',400,500,'2014-05-05',0x2D,'SHIFTING ARM(PRESSED BUSH)','-',0,0,1,NULL,1),
 (121,1,'TE268426716301',400,500,'2014-05-05',0x2D,'COLLER  BUSH','-',0,0,1,NULL,1),
 (122,1,'TE268426800212',400,500,'2014-05-05',0x2D,'ASSY.  G. S. LEVER  KNOB','-',0,0,1,NULL,1),
 (123,1,'TE268426807712',400,500,'2014-05-05',0x2D,'RUBBER  BELLOW -  G/S LEVER','-',0,0,1,NULL,1),
 (124,1,'TE268426807715',400,500,'2014-05-05',0x2D,'GEAR LEVER BOOT','-',0,0,1,NULL,1),
 (125,1,'TE269026107202',400,500,'2014-05-05',0x2D,'MAGNETIC DRAIN PLUG','-',0,0,1,NULL,1),
 (126,1,'TE269026257710',400,500,'2014-05-05',0x2D,'OIL SEALINPU SHAFT)','-',0,0,1,NULL,1),
 (127,1,'TE269026800133',400,500,'2014-05-05',0x2D,'ASSY,PIN(LINKAGE)','-',0,0,1,NULL,1),
 (128,1,'TE269026806303',400,500,'2014-05-05',0x2D,'BUSH (G S LEVER BALL SEAT)','-',0,0,1,NULL,1);
INSERT INTO `item` (`ItemID`,`BrandID`,`item_part_no`,`buyingprice`,`sellingprice`,`addeddate`,`image`,`Description`,`remarks`,`re_order_qty`,`key_id`,`supplier_id`,`type_id`,`status`) VALUES 
 (129,1,'TE269026806310',400,500,'2014-05-05',0x2D,'GEAR LEVER BUSH','-',0,0,1,NULL,1),
 (130,1,'TE269126518704',400,500,'2014-05-05',0x2D,'COMPRESSION SPRING (DETEN','-',0,0,1,NULL,1),
 (131,1,'TE269533403101',400,500,'2014-05-05',0x2D,'[021] HUB BEARING OUTER','-',0,0,1,NULL,1),
 (132,1,'TE269632807502',400,500,'2014-05-05',0x2D,'RUBBER BUSH FRT ARB','-',0,0,1,NULL,1),
 (133,1,'TE269632808204',400,500,'2014-05-05',0x2D,'CUP FR ANTIROLL BAR','-',0,0,1,NULL,1),
 (134,1,'TE269824200101',400,500,'2014-05-05',0x2D,'ASSY ENGINE MOUNT REAR','-',0,0,1,NULL,1),
 (135,1,'TE269830100128',400,500,'2014-05-05',0x2D,'ACCELARATOR CABLE','-',0,0,1,NULL,1),
 (136,1,'TE269832107707',400,500,'2014-05-05',0x2D,'SPRING TOP RUBBER','-',0,0,1,NULL,1),
 (137,1,'TE269832120144',400,500,'2014-05-05',0x2D,'ADJUSTING BOLT','-',0,0,1,NULL,1),
 (138,1,'TE269832300105',400,500,'2014-05-05',0x2D,'ASSY   FRONT  SHOCKABSORBER','-',0,0,1,NULL,1);
INSERT INTO `item` (`ItemID`,`BrandID`,`item_part_no`,`buyingprice`,`sellingprice`,`addeddate`,`image`,`Description`,`remarks`,`re_order_qty`,`key_id`,`supplier_id`,`type_id`,`status`) VALUES 
 (139,1,'TE269832406701',400,500,'2014-05-05',0x2D,'SPRING PIN','-',0,0,1,NULL,1),
 (140,1,'TE269841100101',400,500,'2014-05-05',0x2D,'U J CROSS ASSY','-',0,0,1,NULL,1),
 (141,1,'TE269841300101',400,500,'2014-05-05',0x2D,'ASSY CENTER BRG COMP','-',0,0,1,NULL,1),
 (142,1,'TE269843100101',400,500,'2014-05-05',0x2D,'MASTER CYLINDER COMPLETE','-',0,0,1,NULL,1),
 (143,1,'TE269849207702',400,500,'2014-05-05',0x2D,'RUBBER HANGER','-',0,0,1,NULL,1),
 (144,1,'TE269872300102',400,500,'2014-05-05',0x2D,'ASSY OUTER HANDLE LH','-',0,0,1,NULL,1),
 (145,1,'TE269872300103',400,500,'2014-05-05',0x2D,'ASSY OUTER HANDLE RH','-',0,0,1,NULL,1),
 (146,1,'TE269929100177',400,500,'2014-05-05',0x2D,'CLUTCH  M/C REPAIR KIT{MAJOR}','-',0,0,1,NULL,1),
 (147,1,'TE269932100184',400,500,'2014-05-05',0x2D,'[021] PIVOT  BUSH  NEW','-',0,0,1,NULL,1),
 (148,1,'TE270142700107',400,500,'2014-05-05',0x2D,'BRAKE CABLE','-',0,0,1,NULL,1);
INSERT INTO `item` (`ItemID`,`BrandID`,`item_part_no`,`buyingprice`,`sellingprice`,`addeddate`,`image`,`Description`,`remarks`,`re_order_qty`,`key_id`,`supplier_id`,`type_id`,`status`) VALUES 
 (149,1,'TE270215409912',400,500,'2014-05-05',0x2D,'GLOW  PLUG','-',0,0,1,NULL,1),
 (150,1,'TE270225103401',400,500,'2014-05-05',0x2D,'BUSH LOWER HSG','-',0,0,1,NULL,1),
 (151,1,'TE270225600101',400,500,'2014-05-05',0x2D,'ASSY.CL.RELS.BRG.WITH SLEEVE','-',0,0,1,NULL,1),
 (152,1,'TE270247100125',400,500,'2014-05-05',0x2D,'FUEL TANK SCREW CAP','-',0,0,1,NULL,1),
 (153,1,'TE270254219909',400,500,'2014-05-05',0x2D,'DUAL TEMRERATURE TRANDUCER','-',0,0,1,NULL,1),
 (154,1,'TE270530100112',400,500,'2014-05-05',0x2D,'ASSY. PULL CABLE ACCELERATOR','-',0,0,1,NULL,1),
 (155,1,'TE272425200110',400,500,'2014-05-05',0x2D,'CLUTCH DISC 228 mm DIA','-',0,0,1,NULL,1),
 (156,1,'TE272425200113',400,500,'2014-05-05',0x2D,'CLUTCH DISC 170 mm DIA','-',0,0,1,NULL,1),
 (157,1,'TE272425200147',400,500,'2014-05-05',0x2D,'200 DIA. ASSY. CLUTCH DISC-VALEO','-',0,0,1,NULL,1),
 (158,1,'TE272425200164',400,500,'2014-05-05',0x2D,'160 DIA. ASSLY. CLUTCH DISC','-',0,0,1,NULL,1);
INSERT INTO `item` (`ItemID`,`BrandID`,`item_part_no`,`buyingprice`,`sellingprice`,`addeddate`,`image`,`Description`,`remarks`,`re_order_qty`,`key_id`,`supplier_id`,`type_id`,`status`) VALUES 
 (159,1,'TE272425200165',400,500,'2014-05-05',0x2D,'310 DIA. (REINF.)ASSY. CLUTCH DISC - M/S','-',0,0,1,NULL,1),
 (160,1,'TE272425400113',400,500,'2014-05-05',0x2D,'ASSY CLUTCH COVER 170DIA','-',0,0,1,NULL,1),
 (161,1,'TE272425400140',400,500,'2014-05-05',0x2D,'200 DIA. CLUTCH COVER ASSY.(TCIC) - VALE','-',0,0,1,NULL,1),
 (162,1,'TE272425400159',400,500,'2014-05-05',0x2D,'160 DIA. ASSLY. CLUTCH COVER','-',0,0,1,NULL,1),
 (163,1,'TE272425600106',400,500,'2014-05-05',0x2D,'CLUTCH RELEASE FORK','-',0,0,1,NULL,1),
 (164,1,'TE272425600110',400,500,'2014-05-05',0x2D,'CLUTCH RELEASE BEARING WITH SLEEVE','-',0,0,1,NULL,1),
 (165,1,'TE272425600125',400,500,'2014-05-05',0x2D,'CLUTCH RELEASE BEARING','-',0,0,1,NULL,1),
 (166,1,'TE272425600136',400,500,'2014-05-05',0x2D,'ASSY,CLUTCH RELEASE YOKE','-',0,0,1,NULL,1),
 (167,1,'TE274760100121',400,500,'2014-05-05',0x2D,'PANEL  OUTER  CORNER  FRT  RH','-',0,0,1,NULL,1);
INSERT INTO `item` (`ItemID`,`BrandID`,`item_part_no`,`buyingprice`,`sellingprice`,`addeddate`,`image`,`Description`,`remarks`,`re_order_qty`,`key_id`,`supplier_id`,`type_id`,`status`) VALUES 
 (168,1,'TE274767102301',400,500,'2014-05-05',0x2D,'W/S GLASS LAMIN LPT709 EX,2515EX','-',0,0,1,NULL,1),
 (169,1,'TE274781100109',400,500,'2014-05-05',0x2D,'AIR DEFLECTOR RH','-',0,0,1,NULL,1),
 (170,1,'TE274781100119',400,500,'2014-05-05',0x2D,'WIDE ANGLE MIRROR','-',0,0,1,NULL,1),
 (171,1,'TE278054209938',400,500,'2014-05-05',0x2D,'SPEED SENSOR 12V/24V (8 PULSES','-',0,0,1,NULL,1),
 (172,1,'TE278229100110',400,500,'2014-05-05',0x2D,'CLUTCH MASTER CYL.  19.05 DIA','-',0,0,1,NULL,1),
 (173,1,'TE278605999928',400,500,'2014-05-05',0x2D,'GASKET VALVE COVER','-',0,0,1,NULL,1),
 (174,1,'TE278607989916',400,500,'2014-05-05',0x2D,'ELEMENT  WATER  SEPERATOR','-',0,0,1,NULL,1),
 (175,1,'TE278609119904',400,500,'2014-05-05',0x2D,'FUEL FILTER','-',0,0,1,NULL,1),
 (176,1,'TE278609139908',400,500,'2014-05-05',0x2D,'AIR FILTER ELEMENT PRIMARY','-',0,0,1,NULL,1),
 (177,1,'TE278609139910',400,500,'2014-05-05',0x2D,'AIR FILTER - PRIMARY','-',0,0,1,NULL,1);
INSERT INTO `item` (`ItemID`,`BrandID`,`item_part_no`,`buyingprice`,`sellingprice`,`addeddate`,`image`,`Description`,`remarks`,`re_order_qty`,`key_id`,`supplier_id`,`type_id`,`status`) VALUES 
 (178,1,'TE278609139911',400,500,'2014-05-05',0x2D,'AIR FILTER ELEMENT SAFETY','-',0,0,1,NULL,1),
 (179,1,'TE278609999920',400,500,'2014-05-05',0x2D,'STRAINER FUEL','-',0,0,1,NULL,1),
 (180,1,'TE278609999951',400,500,'2014-05-05',0x2D,'FUEL  STRAINER','-',0,0,1,NULL,1),
 (181,1,'TE278618139902',400,500,'2014-05-05',0x2D,'OIL FILTER CARTRIDGE','-',0,0,1,NULL,1),
 (182,1,'TE278801135301',400,500,'2014-05-05',0x2D,'SUMP GASKET','-',0,0,1,NULL,1),
 (183,1,'TE278801150104',400,500,'2014-05-05',0x2D,'CYLINDER HEAD COVER','-',0,0,1,NULL,1),
 (184,1,'TE278801155302',400,500,'2014-05-05',0x2D,'CYL HEAD GASKET 1.7 mm','-',0,0,1,NULL,1),
 (185,1,'TE278801155303',400,500,'2014-05-05',0x2D,'GASKET CYL HEAD(1.8 THK)','-',0,0,1,NULL,1),
 (186,1,'TE278801155304',400,500,'2014-05-05',0x2D,'CY HEAD GASKET COVER','-',0,0,1,NULL,1),
 (187,1,'TE278801170102',400,500,'2014-05-05',0x2D,'ASSY DIPSTICK','-',0,0,1,NULL,1);
INSERT INTO `item` (`ItemID`,`BrandID`,`item_part_no`,`buyingprice`,`sellingprice`,`addeddate`,`image`,`Description`,`remarks`,`re_order_qty`,`key_id`,`supplier_id`,`type_id`,`status`) VALUES 
 (188,1,'TE278803990102',400,500,'2014-05-05',0x2D,'MAIN BEARINGSET STD','-',0,0,1,NULL,1),
 (189,1,'TE278803990104',400,500,'2014-05-05',0x2D,'SET THRUST WASHER','-',0,0,1,NULL,1),
 (190,1,'TE278803990110',400,500,'2014-05-05',0x2D,'PISTON SET W/O RINGS','-',0,0,1,NULL,1),
 (191,1,'TE278803990113',400,500,'2014-05-05',0x2D,'PISTON RING SET','-',0,0,1,NULL,1),
 (192,1,'TE278803990118',400,500,'2014-05-05',0x2D,'SET  CON. ROD  BUSH','-',0,0,1,NULL,1),
 (193,1,'TE278803990120',400,500,'2014-05-05',0x2D,'BIG;BEARING SET STD','-',0,0,1,NULL,1),
 (194,1,'TE278803990121',400,500,'2014-05-05',0x2D,'SET BRG.HALF R-I (CON.ROD)','-',0,0,1,NULL,1),
 (195,1,'TE278805107902',400,500,'2014-05-05',0x2D,'CAMSHAFT-FOR CRANKSHAFT 180 DEG PHASE','-',0,0,1,NULL,1),
 (196,1,'TE278809110104',400,500,'2014-05-05',0x2D,'FUEL FILTER ELEMENT','-',0,0,1,NULL,1),
 (197,1,'TE278809130113',400,500,'2014-05-05',0x2D,'AIR CLEANER ASSY','-',0,0,1,NULL,1);
INSERT INTO `item` (`ItemID`,`BrandID`,`item_part_no`,`buyingprice`,`sellingprice`,`addeddate`,`image`,`Description`,`remarks`,`re_order_qty`,`key_id`,`supplier_id`,`type_id`,`status`) VALUES 
 (198,1,'TE278809130114',400,500,'2014-05-05',0x2D,'ASSY. FILTER ELEMENT (FLEETGUARD)','-',0,0,1,NULL,1),
 (199,1,'TE278809130117',400,500,'2014-05-05',0x2D,'SNORKEL ASSY','-',0,0,1,NULL,1),
 (200,1,'TE278809135802',400,500,'2014-05-05',0x2D,'INTAKE HOSE(AIR FILTER)','-',0,0,1,NULL,1),
 (201,1,'TE278809135805',400,500,'2014-05-05',0x2D,'HOSE','-',0,0,1,NULL,1),
 (202,1,'TE278814115301',400,500,'2014-05-05',0x2D,'GASKET EX,MANIFOLD','-',0,0,1,NULL,1),
 (203,1,'TE278824100105',400,500,'2014-05-05',0x2D,'ENG MOUNT FR','-',0,0,1,NULL,1),
 (204,1,'TE278824200105',400,500,'2014-05-05',0x2D,'ASSY,ENG,MOUNT REAR','-',0,0,1,NULL,1),
 (205,1,'TE278850100104',400,500,'2014-05-05',0x2D,'RADIATOR WITH THERMO SWITCH','-',0,0,1,NULL,1),
 (206,1,'TE278850100107',400,500,'2014-05-05',0x2D,'PRESSURE CAP','-',0,0,1,NULL,1),
 (207,1,'TE278850100110',400,500,'2014-05-05',0x2D,'ASSY RAD W/H FAN SHROUD & MOT','-',0,0,1,NULL,1);
INSERT INTO `item` (`ItemID`,`BrandID`,`item_part_no`,`buyingprice`,`sellingprice`,`addeddate`,`image`,`Description`,`remarks`,`re_order_qty`,`key_id`,`supplier_id`,`type_id`,`status`) VALUES 
 (208,1,'TE278850105801',400,500,'2014-05-05',0x2D,'RADIATOR HOSE','-',0,0,1,NULL,1),
 (209,1,'TE278850105802',400,500,'2014-05-05',0x2D,'HOSE UPPER COOLING LINE','-',0,0,1,NULL,1),
 (210,1,'TE278850105804',400,500,'2014-05-05',0x2D,'HOSE UCL(TRANITION)','-',0,0,1,NULL,1),
 (211,1,'TE279001103708',400,500,'2014-05-05',0x2D,'CYLINDER LINNER','-',0,0,1,NULL,1),
 (212,1,'TE279001107801',400,500,'2014-05-05',0x2D,'CR SHAFT OIL SEAL FR','-',0,0,1,NULL,1),
 (213,1,'TE279001107802',400,500,'2014-05-05',0x2D,'CRANK OIL SEAL RR','-',0,0,1,NULL,1),
 (214,1,'TE279001147704',400,500,'2014-05-05',0x2D,'COVER (TIMING BELT-FRONT)','-',0,0,1,NULL,1),
 (215,1,'TE279001150110',400,500,'2014-05-05',0x2D,'ASSY RUBBER BUSH','-',0,0,1,NULL,1),
 (216,1,'TE279001153201',400,500,'2014-05-05',0x2D,'HEX.BOLT-FOR CYL.HEAD','-',0,0,1,NULL,1),
 (217,1,'TE279001159905',400,500,'2014-05-05',0x2D,'CAP CYL/HEAD COVER','-',0,0,1,NULL,1);
INSERT INTO `item` (`ItemID`,`BrandID`,`item_part_no`,`buyingprice`,`sellingprice`,`addeddate`,`image`,`Description`,`remarks`,`re_order_qty`,`key_id`,`supplier_id`,`type_id`,`status`) VALUES 
 (218,1,'TE279003115401',400,500,'2014-05-05',0x2D,'RING GEAR','-',0,0,1,NULL,1),
 (219,1,'TE279003150106',400,500,'2014-05-05',0x2D,'CONNECTING ROD(W/O BRG)','-',0,0,1,NULL,1),
 (220,1,'TE279005107810',400,500,'2014-05-05',0x2D,'CAM SHAFT OIL SEAL','-',0,0,1,NULL,1),
 (221,1,'TE279005110101',400,500,'2014-05-05',0x2D,'BELT TENSIONER','-',0,0,1,NULL,1),
 (222,1,'TE279005110103',400,500,'2014-05-05',0x2D,'ASSY,IDLER','-',0,0,1,NULL,1),
 (223,1,'TE279005125111',400,500,'2014-05-05',0x2D,'INLET VALVE','-',0,0,1,NULL,1),
 (224,1,'TE279005125112',400,500,'2014-05-05',0x2D,'EXHAUST VALVE','-',0,0,1,NULL,1),
 (225,1,'TE279005138313',400,500,'2014-05-05',0x2D,'SHIM 3.10 THK','-',0,0,1,NULL,1),
 (226,1,'TE279005138317',400,500,'2014-05-05',0x2D,'SHIM 3.30 THK','-',0,0,1,NULL,1),
 (227,1,'TE279005138318',400,500,'2014-05-05',0x2D,'SHIM 3.350 THK','-',0,0,1,NULL,1),
 (228,1,'TE279005138319',400,500,'2014-05-05',0x2D,'SHIM 3.40 THK','-',0,0,1,NULL,1);
INSERT INTO `item` (`ItemID`,`BrandID`,`item_part_no`,`buyingprice`,`sellingprice`,`addeddate`,`image`,`Description`,`remarks`,`re_order_qty`,`key_id`,`supplier_id`,`type_id`,`status`) VALUES 
 (229,1,'TE279005138320',400,500,'2014-05-05',0x2D,'SHUM 3.45 THK','-',0,0,1,NULL,1),
 (230,1,'TE279005157801',400,500,'2014-05-05',0x2D,'VALVE GUIDE SEAL','-',0,0,1,NULL,1),
 (231,1,'TE279007109907',400,500,'2014-05-05',0x2D,'SOLENOID 16 OHMS (DELPHI 9198-004A)(FOR','-',0,0,1,NULL,1),
 (232,1,'TE279007146902',400,500,'2014-05-05',0x2D,'PLUG ( INJECTOR OVER FLOW )','-',0,0,1,NULL,1),
 (233,1,'TE279009130108',400,500,'2014-05-05',0x2D,'AIR FILTER ELEMENT','-',0,0,1,NULL,1),
 (234,1,'TE279015146310',400,500,'2014-05-05',0x2D,'POLY BELT 720 LG','-',0,0,1,NULL,1),
 (235,1,'TE279018100102',400,500,'2014-05-05',0x2D,'ASSY OIL PUMP','-',0,0,1,NULL,1),
 (236,1,'TE279018105303',400,500,'2014-05-05',0x2D,'GASKET (OIL SUMP)','-',0,0,1,NULL,1),
 (237,1,'TE279018105309',400,500,'2014-05-05',0x2D,'[021] GASKET(FOR OIL PUMP)','-',0,0,1,NULL,1),
 (238,1,'TE279018130101',400,500,'2014-05-05',0x2D,'OIL FILTER ELEMENT','-',0,0,1,NULL,1);
INSERT INTO `item` (`ItemID`,`BrandID`,`item_part_no`,`buyingprice`,`sellingprice`,`addeddate`,`image`,`Description`,`remarks`,`re_order_qty`,`key_id`,`supplier_id`,`type_id`,`status`) VALUES 
 (239,1,'TE279018130106',400,500,'2014-05-05',0x2D,'DIESEL OIL FILTER','-',0,0,1,NULL,1),
 (240,1,'TE279020100101',400,500,'2014-05-05',0x2D,'WATER PUMP','-',0,0,1,NULL,1),
 (241,1,'TE279020105301',400,500,'2014-05-05',0x2D,'GASKET (WATER PUMP )','-',0,0,1,NULL,1),
 (242,1,'TE279020120102',400,500,'2014-05-05',0x2D,'ASSY THERMOSTAT-82 DEGSOT','-',0,0,1,NULL,1),
 (243,1,'TE279020127701',400,500,'2014-05-05',0x2D,'SEAL THERMOSTAT','-',0,0,1,NULL,1),
 (244,1,'TE279020127702',400,500,'2014-05-05',0x2D,'[021] SEAL THERMOSTAT','-',0,0,1,NULL,1),
 (245,1,'TE279050107501',400,500,'2014-05-05',0x2D,'RUBBER GROMMET(RAD MOUNT)','-',0,0,1,NULL,1),
 (246,1,'TE279103133701',400,500,'2014-05-05',0x2D,'PULLY CRANKSHAFT','-',0,0,1,NULL,1),
 (247,1,'TE281829100145',400,500,'2014-05-05',0x2D,'ASSY. CLUTCH CABLE','-',0,0,1,NULL,1),
 (248,1,'TE281842103701',400,500,'2014-05-05',0x2D,'OFFER DRAWING FRONT BRAKE DISC','-',0,0,1,NULL,1);
INSERT INTO `item` (`ItemID`,`BrandID`,`item_part_no`,`buyingprice`,`sellingprice`,`addeddate`,`image`,`Description`,`remarks`,`re_order_qty`,`key_id`,`supplier_id`,`type_id`,`status`) VALUES 
 (249,1,'TE281854400101',400,500,'2014-05-05',0x2D,'ASSY. HEAD LAMP LH','-',0,0,1,NULL,1),
 (250,1,'TE281854400102',400,500,'2014-05-05',0x2D,'ASSY_HEAD_LAMP_RH_ONETONNER','-',0,0,1,NULL,1),
 (251,1,'TE281881100118',400,500,'2014-05-05',0x2D,'ORVM ASSEMBLY TIP TAP TYPE-LH-RH','-',0,0,1,NULL,1),
 (252,1,'TE281888500106',400,500,'2014-05-05',0x2D,'ASSLY FRONT BUMPER (1 TONNER)','-',0,0,1,NULL,1),
 (253,1,'TE282354400117',400,500,'2014-05-05',0x2D,'SIDE  INDICATOR  LAMP','-',0,0,1,NULL,1),
 (254,1,'TE282632600101',400,500,'2014-05-05',0x2D,'ASSY. REAR SHOCK ABSORBER','-',0,0,1,NULL,1),
 (255,1,'TE282646600101',400,500,'2014-05-05',0x2D,'CENTRE  LINK  ASSY.','-',0,0,1,NULL,1),
 (256,1,'TE282646600117',400,500,'2014-05-05',0x2D,'ASSY TIE ROD','-',0,0,1,NULL,1),
 (257,1,'TE282929100109',400,500,'2014-05-05',0x2D,'ASSY CLUTCH CABLE','-',0,0,1,NULL,1),
 (258,1,'TE282929100130',400,500,'2014-05-05',0x2D,'ASSY.  CLUTCH  CABLE','-',0,0,1,NULL,1);
INSERT INTO `item` (`ItemID`,`BrandID`,`item_part_no`,`buyingprice`,`sellingprice`,`addeddate`,`image`,`Description`,`remarks`,`re_order_qty`,`key_id`,`supplier_id`,`type_id`,`status`) VALUES 
 (259,1,'TE282929100140',400,500,'2014-05-05',0x2D,'ASSY. CLUTCH CABLE ACE BS IV','-',0,0,1,NULL,1),
 (260,1,'TE282930100132',400,500,'2014-05-05',0x2D,'ACC,CABLE','-',0,0,1,NULL,1),
 (261,1,'TE282932100124',400,500,'2014-05-05',0x2D,'SHACKLE FRONT','-',0,0,1,NULL,1),
 (262,1,'TE282932104202',400,500,'2014-05-05',0x2D,'U  BOLT FRONT','-',0,0,1,NULL,1),
 (263,1,'TE282932107704',400,500,'2014-05-05',0x2D,'TIP INSERT','-',0,0,1,NULL,1),
 (264,1,'TE282932109207',400,500,'2014-05-05',0x2D,'WASHER 17 ID','-',0,0,1,NULL,1),
 (265,1,'TE282932300119',400,500,'2014-05-05',0x2D,'ASSY FRONT SHOCK ABSORBER','-',0,0,1,NULL,1),
 (266,1,'TE282932300128',400,500,'2014-05-05',0x2D,'[022] ASSY FRONT SHOCK ABSORBER','-',0,0,1,NULL,1),
 (267,1,'TE282932403401',400,500,'2014-05-05',0x2D,'SPRING BUSH','-',0,0,1,NULL,1),
 (268,1,'TE282932404203',400,500,'2014-05-05',0x2D,'U CLAMP REAR','-',0,0,1,NULL,1);
INSERT INTO `item` (`ItemID`,`BrandID`,`item_part_no`,`buyingprice`,`sellingprice`,`addeddate`,`image`,`Description`,`remarks`,`re_order_qty`,`key_id`,`supplier_id`,`type_id`,`status`) VALUES 
 (269,1,'TE282932406701',400,500,'2014-05-05',0x2D,'SPRING PIN FRT','-',0,0,1,NULL,1),
 (270,1,'TE282932406702',400,500,'2014-05-05',0x2D,'SPRING PIN REAR','-',0,0,1,NULL,1),
 (271,1,'TE282932407701',400,500,'2014-05-05',0x2D,'TIP INSERT(REAR SPRING)','-',0,0,1,NULL,1),
 (272,1,'TE282932500102',400,500,'2014-05-05',0x2D,'ASSY BUMP STOPPER REAR','-',0,0,1,NULL,1),
 (273,1,'TE282932600106',400,500,'2014-05-05',0x2D,'ASSY REAR SHOCK ABSORBER','-',0,0,1,NULL,1),
 (274,1,'TE282933208611',400,500,'2014-05-05',0x2D,'SHIM 0.1 THICK(KING PIN)','-',0,0,1,NULL,1),
 (275,1,'TE282933208620',400,500,'2014-05-05',0x2D,'SHIM 0.20 THK SPACER','-',0,0,1,NULL,1),
 (276,1,'TE282933403105',400,500,'2014-05-05',0x2D,'HUB BEARING INNER','-',0,0,1,NULL,1),
 (277,1,'TE282933407803',400,500,'2014-05-05',0x2D,'FRONT HUB OIL SEAL','-',0,0,1,NULL,1),
 (278,1,'TE282933408201',400,500,'2014-05-05',0x2D,'BAFFLE','-',0,0,1,NULL,1);
INSERT INTO `item` (`ItemID`,`BrandID`,`item_part_no`,`buyingprice`,`sellingprice`,`addeddate`,`image`,`Description`,`remarks`,`re_order_qty`,`key_id`,`supplier_id`,`type_id`,`status`) VALUES 
 (279,1,'TE282933408602',400,500,'2014-05-05',0x2D,'SEALRACER(STUB AXLE)','-',0,0,1,NULL,1),
 (280,1,'TE282933800113',400,500,'2014-05-05',0x2D,'TIE ROD END ASSY. RH','-',0,0,1,NULL,1),
 (281,1,'TE282933800114',400,500,'2014-05-05',0x2D,'SOCKET ASSY. LH (M/S RANE','-',0,0,1,NULL,1),
 (282,1,'TE282940100107',400,500,'2014-05-05',0x2D,'WHEEL RIM 4JX12','-',0,0,1,NULL,1),
 (283,1,'TE282940100131',400,500,'2014-05-05',0x2D,'ASSY WHEEL RIM 5J X 14','-',0,0,1,NULL,1),
 (284,1,'TE282940100136',400,500,'2014-05-05',0x2D,'ASSY. WHEEL RIM 4.5J X 13','-',0,0,1,NULL,1),
 (285,1,'TE282940306501',400,500,'2014-05-05',0x2D,'HEX NUT','-',0,0,1,NULL,1),
 (286,1,'TE282940306906',400,500,'2014-05-05',0x2D,'CLAMP  SPARE WHEEL MTG','-',0,0,1,NULL,1),
 (287,1,'TE282941100109',400,500,'2014-05-05',0x2D,'U,J,CROSS KIT','-',0,0,1,NULL,1),
 (288,1,'TE282941100118',400,500,'2014-05-05',0x2D,'U,J,CROSS KIT','-',0,0,1,NULL,1);
INSERT INTO `item` (`ItemID`,`BrandID`,`item_part_no`,`buyingprice`,`sellingprice`,`addeddate`,`image`,`Description`,`remarks`,`re_order_qty`,`key_id`,`supplier_id`,`type_id`,`status`) VALUES 
 (289,1,'TE282942100106',400,500,'2014-05-05',0x2D,'MASTER PUMP','-',0,0,1,NULL,1),
 (290,1,'TE282942100123',400,500,'2014-05-05',0x2D,'BRAKE OIL TANK','-',0,0,1,NULL,1),
 (291,1,'TE282942103701',400,500,'2014-05-05',0x2D,'BRAKE DISC 17 THICK','-',0,0,1,NULL,1),
 (292,1,'TE282942300123',400,500,'2014-05-05',0x2D,'BRAKE SHOE KIT','-',0,0,1,NULL,1),
 (293,1,'TE282942300132',400,500,'2014-05-05',0x2D,'W/C MINOR KIT  KBX','-',0,0,1,NULL,1),
 (294,1,'TE282942300133',400,500,'2014-05-05',0x2D,'SHOE KIT','-',0,0,1,NULL,1),
 (295,1,'TE282942700105',400,500,'2014-05-05',0x2D,'PARKING BRAKE CABLE RH','-',0,0,1,NULL,1),
 (296,1,'TE282942700106',400,500,'2014-05-05',0x2D,'PARKING BRAKE CABLE LH','-',0,0,1,NULL,1),
 (297,1,'TE282942700107',400,500,'2014-05-05',0x2D,'FRT PARKING BRAKE CABLE','-',0,0,1,NULL,1),
 (298,1,'TE282942700110',400,500,'2014-05-05',0x2D,'ASSY PARKING BRAKE LEVER','-',0,0,1,NULL,1);
INSERT INTO `item` (`ItemID`,`BrandID`,`item_part_no`,`buyingprice`,`sellingprice`,`addeddate`,`image`,`Description`,`remarks`,`re_order_qty`,`key_id`,`supplier_id`,`type_id`,`status`) VALUES 
 (299,1,'TE282943100106',400,500,'2014-05-05',0x2D,'CALIPER KIT MINOR','-',0,0,1,NULL,1),
 (300,1,'TE282943100115',400,500,'2014-05-05',0x2D,'MASTER PUMP KIT MINOR','-',0,0,1,NULL,1),
 (301,1,'TE282943100121',400,500,'2014-05-05',0x2D,'BRAKE PAD SET - 04 PIECES','-',0,0,1,NULL,1),
 (302,1,'TE282946100104',400,500,'2014-05-05',0x2D,'STEERING COLUM','-',0,0,1,NULL,1),
 (303,1,'TE282946400107',400,500,'2014-05-05',0x2D,'STEERING WHEEL','-',0,0,1,NULL,1),
 (304,1,'TE282946600111',400,500,'2014-05-05',0x2D,'DRAG LINK END ASSY.','-',0,0,1,NULL,1),
 (305,1,'TE282947600108',400,500,'2014-05-05',0x2D,'NYLON FUEL LINE','-',0,0,1,NULL,1),
 (306,1,'TE282949100150',400,500,'2014-05-05',0x2D,'ASSY RUBBER HANGER BS 111','-',0,0,1,NULL,1),
 (307,1,'TE282954200106',400,500,'2014-05-05',0x2D,'ASSY TANK UNIT','-',0,0,1,NULL,1),
 (308,1,'TE282954200114',400,500,'2014-05-05',0x2D,'ASSY. INSTRUMENT CLUSTER WITH 0.65 RATIO','-',0,0,1,NULL,1);
INSERT INTO `item` (`ItemID`,`BrandID`,`item_part_no`,`buyingprice`,`sellingprice`,`addeddate`,`image`,`Description`,`remarks`,`re_order_qty`,`key_id`,`supplier_id`,`type_id`,`status`) VALUES 
 (309,1,'TE282954209902',400,500,'2014-05-05',0x2D,'SPEEDOMEETER CABLE','-',0,0,1,NULL,1),
 (310,1,'TE282954209923',400,500,'2014-05-05',0x2D,'RADIATOR  COOLING FAN CONTROLLER','-',0,0,1,NULL,1),
 (311,1,'TE282954209924',400,500,'2014-05-05',0x2D,'RAD.COOLING FAN CONTROLLER','-',0,0,1,NULL,1),
 (312,1,'TE282954209927',400,500,'2014-05-05',0x2D,'GLOW PLUG TIMER','-',0,0,1,NULL,1),
 (313,1,'TE282954400107',400,500,'2014-05-05',0x2D,'REVERSE LAMP(OFFER)','-',0,0,1,NULL,1),
 (314,1,'TE282954400112',400,500,'2014-05-05',0x2D,'BLINKER LAMP LH','-',0,0,1,NULL,1),
 (315,1,'TE282954400113',400,500,'2014-05-05',0x2D,'BLINKER LAMP RH','-',0,0,1,NULL,1),
 (316,1,'TE282954400115',400,500,'2014-05-05',0x2D,'TAIL LAMP LH','-',0,0,1,NULL,1),
 (317,1,'TE282954400116',400,500,'2014-05-05',0x2D,'TAIL LAMP RH','-',0,0,1,NULL,1),
 (318,1,'TE282954400128',400,500,'2014-05-05',0x2D,'HEAD LAMP LH WITH MOTOR','-',0,0,1,NULL,1);
INSERT INTO `item` (`ItemID`,`BrandID`,`item_part_no`,`buyingprice`,`sellingprice`,`addeddate`,`image`,`Description`,`remarks`,`re_order_qty`,`key_id`,`supplier_id`,`type_id`,`status`) VALUES 
 (319,1,'TE282954400129',400,500,'2014-05-05',0x2D,'HEAD LAMP RH WITH MOTOR','-',0,0,1,NULL,1),
 (320,1,'TE282954400132',400,500,'2014-05-05',0x2D,'HEAD LAMP','-',0,0,1,NULL,1),
 (321,1,'TE282954400133',400,500,'2014-05-05',0x2D,'HEAD LAMP','-',0,0,1,NULL,1),
 (322,1,'TE282954406301',400,500,'2014-05-05',0x2D,'HEAD LAMP CAP RH - OFFER','-',0,0,1,NULL,1),
 (323,1,'TE282954406302',400,500,'2014-05-05',0x2D,'HEAD LAMP CAP LH','-',0,0,1,NULL,1),
 (324,1,'TE282954409903',400,500,'2014-05-05',0x2D,'WHITE REFLECTER','-',0,0,1,NULL,1),
 (325,1,'TE282954500107',400,500,'2014-05-05',0x2D,'ASSY. COMBI. SW.WITH WASH FUNCTION','-',0,0,1,NULL,1),
 (326,1,'TE282967100101',400,500,'2014-05-05',0x2D,'WINDSHIELD GLASS','-',0,0,1,NULL,1),
 (327,1,'TE282967106301',400,500,'2014-05-05',0x2D,'MOULD WINDSHIELD','-',0,0,1,NULL,1),
 (328,1,'TE282967800102',400,500,'2014-05-05',0x2D,'ASSY REAR SLIDING WINDOW','-',0,0,1,NULL,1);
INSERT INTO `item` (`ItemID`,`BrandID`,`item_part_no`,`buyingprice`,`sellingprice`,`addeddate`,`image`,`Description`,`remarks`,`re_order_qty`,`key_id`,`supplier_id`,`type_id`,`status`) VALUES 
 (329,1,'TE282967806301',400,500,'2014-05-05',0x2D,'MOULD REAR GLASS WINDSHIELD','-',0,0,1,NULL,1),
 (330,1,'TE282969106301',400,500,'2014-05-05',0x2D,'A\"PILLER TRIM UPPER LH','-',0,0,1,NULL,1),
 (331,1,'TE282969506301',400,500,'2014-05-05',0x2D,'HEADLINER','-',0,0,1,NULL,1),
 (332,1,'TE282970904201',400,500,'2014-05-05',0x2D,'ASSY TOGGLE CLAMP LOAD BODY LOCK','-',0,0,1,NULL,1),
 (333,1,'TE282972000109',400,500,'2014-05-05',0x2D,'DOOR SHELL LH','-',0,0,1,NULL,1),
 (334,1,'TE282972000110',400,500,'2014-05-05',0x2D,'DOOR SHELL RH','-',0,0,1,NULL,1),
 (335,1,'TE282972300119',400,500,'2014-05-05',0x2D,'ASSY DOOR LATCH LH','-',0,0,1,NULL,1),
 (336,1,'TE282972300120',400,500,'2014-05-05',0x2D,'ASSY DOOR LATCH RH','-',0,0,1,NULL,1),
 (337,1,'TE282972300135',400,500,'2014-05-05',0x2D,'1002518 / KIT ASSY LOCK','-',0,0,1,NULL,1),
 (338,1,'TE282972500105',400,500,'2014-05-05',0x2D,'ASSY,WIND/REG LH','-',0,0,1,NULL,1);
INSERT INTO `item` (`ItemID`,`BrandID`,`item_part_no`,`buyingprice`,`sellingprice`,`addeddate`,`image`,`Description`,`remarks`,`re_order_qty`,`key_id`,`supplier_id`,`type_id`,`status`) VALUES 
 (339,1,'TE282972500106',400,500,'2014-05-05',0x2D,'ASSY,WIND/REG RH','-',0,0,1,NULL,1),
 (340,1,'TE282972500110',400,500,'2014-05-05',0x2D,'WINDER HANDLE','-',0,0,1,NULL,1),
 (341,1,'TE282972502301',400,500,'2014-05-05',0x2D,'GLASS FRONT DOORLH','-',0,0,1,NULL,1),
 (342,1,'TE282972502302',400,500,'2014-05-05',0x2D,'GLASS FRONT DOOR RH','-',0,0,1,NULL,1),
 (343,1,'TE282972700101',400,500,'2014-05-05',0x2D,'DOOR PAD LH','-',0,0,1,NULL,1),
 (344,1,'TE282972700102',400,500,'2014-05-05',0x2D,'DOOR PAD RH','-',0,0,1,NULL,1),
 (345,1,'TE282981100106',400,500,'2014-05-05',0x2D,'INNER REAR VIEW MIRROR','-',0,0,1,NULL,1),
 (346,1,'TE282981100116',400,500,'2014-05-05',0x2D,'REAR VIEW MIRROR LH','-',0,0,1,NULL,1),
 (347,1,'TE282981100117',400,500,'2014-05-05',0x2D,'REAR VIEW MIRROR RH','-',0,0,1,NULL,1),
 (348,1,'TE282981806302',400,500,'2014-05-05',0x2D,'1001362 / MASCOT ACE','-',0,0,1,NULL,1),
 (349,1,'TE282982400115',400,500,'2014-05-05',0x2D,'WIPER ARM W/BLADE RH','-',0,0,1,NULL,1);
INSERT INTO `item` (`ItemID`,`BrandID`,`item_part_no`,`buyingprice`,`sellingprice`,`addeddate`,`image`,`Description`,`remarks`,`re_order_qty`,`key_id`,`supplier_id`,`type_id`,`status`) VALUES 
 (350,1,'TE282982400116',400,500,'2014-05-05',0x2D,'WIPER  ARM  WITH  BLADE','-',0,0,1,NULL,1),
 (351,1,'TE282982400133',400,500,'2014-05-05',0x2D,'ASSY. ARM BLADE & NOZZLE FITMENT DRIVER','-',0,0,1,NULL,1),
 (352,1,'TE282982400135',400,500,'2014-05-05',0x2D,'ASSY. ARM BLADE & NOZZLE FITMENT','-',0,0,1,NULL,1),
 (353,1,'TE282988506301',400,500,'2014-05-05',0x2D,'FRONT BUMPER','-',0,0,1,NULL,1),
 (354,1,'TE282988800101BF',400,500,'2014-05-05',0x2D,'ASSY FRONT PANEL OUTER ARCTIC WHITE','-',0,0,1,NULL,1),
 (355,1,'TE282988800101BN',400,500,'2014-05-05',0x2D,'ASSY FRONT PANEL OUTER RUBY RED','-',0,0,1,NULL,1),
 (356,1,'TE282988800101BU',400,500,'2014-05-05',0x2D,'ASSY FRONT PANEL OUTER JET BLACK','-',0,0,1,NULL,1),
 (357,1,'TE282988800101CN',400,500,'2014-05-05',0x2D,'FRONT PANEL OUTER COMPLETE - IRISH CREAM','-',0,0,1,NULL,1),
 (358,1,'TE282988806303',400,500,'2014-05-05',0x2D,'MOULD FRONT PANEL SEAL','-',0,0,1,NULL,1);
INSERT INTO `item` (`ItemID`,`BrandID`,`item_part_no`,`buyingprice`,`sellingprice`,`addeddate`,`image`,`Description`,`remarks`,`re_order_qty`,`key_id`,`supplier_id`,`type_id`,`status`) VALUES 
 (359,1,'TE283442990123',400,500,'2014-05-05',0x2D,'FORNT KIT W/CYL - MINOR','-',0,0,1,NULL,1),
 (360,1,'TE284547100107',400,500,'2014-05-05',0x2D,'ASSY FUEL TANK CAP COMPLETE','-',0,0,1,NULL,1),
 (361,1,'TE285035300166',400,500,'2014-05-05',0x2D,'GEAR AND PINION ASSY - HYPOID DRIVE','-',0,0,1,NULL,1),
 (362,1,'TE285035303106',400,500,'2014-05-05',0x2D,'BEARING ASSY (TAPER ROLLE','-',0,0,1,NULL,1),
 (363,1,'TE285035307701',400,500,'2014-05-05',0x2D,'PENION OIL SEAL','-',0,0,1,NULL,1),
 (364,1,'TE285035307702',400,500,'2014-05-05',0x2D,'OIL SEALOUT BOARD','-',0,0,1,NULL,1),
 (365,1,'TE285035307704',400,500,'2014-05-05',0x2D,'[021] SEAL-OIL (2002108)','-',0,0,1,NULL,1),
 (366,1,'TE285035603101',400,500,'2014-05-05',0x2D,'BALL BEARING','-',0,0,1,NULL,1),
 (367,1,'TE285126200110',400,500,'2014-05-05',0x2D,'ASSY,SPEEDO PINION','-',0,0,1,NULL,1),
 (368,1,'TE285126209901',400,500,'2014-05-05',0x2D,'SPEEDO ADAPTOR','-',0,0,1,NULL,1);
INSERT INTO `item` (`ItemID`,`BrandID`,`item_part_no`,`buyingprice`,`sellingprice`,`addeddate`,`image`,`Description`,`remarks`,`re_order_qty`,`key_id`,`supplier_id`,`type_id`,`status`) VALUES 
 (369,1,'TE285126253801',400,500,'2014-05-05',0x2D,'GEAR CASE COVER FRONT','-',0,0,1,NULL,1),
 (370,1,'TE285126700109',400,500,'2014-05-05',0x2D,'ASSY LEVER SEL/SHIFTING','-',0,0,1,NULL,1),
 (371,1,'TE285126703802',400,500,'2014-05-05',0x2D,'TOP COVER - SHIFTING','-',0,0,1,NULL,1),
 (372,1,'TE285126707704',400,500,'2014-05-05',0x2D,'RUBBER BELOW (SEL/SHIFT SHAFT)','-',0,0,1,NULL,1),
 (373,1,'TE285126709204',400,500,'2014-05-05',0x2D,'WASHER','-',0,0,1,NULL,1),
 (374,1,'TE287142990162',400,500,'2014-05-05',0x2D,'KIT PAD ASSY (C54)','-',0,0,1,NULL,1),
 (375,1,'TE289454400101',400,500,'2014-05-05',0x2D,'ASSY. H/L WITH BLINKER-LH LHD','-',0,0,1,NULL,1),
 (376,1,'TE289454400108',400,500,'2014-05-05',0x2D,'E-CERT FRONT FOG LAMP WITH E MARK-BULB','-',0,0,1,NULL,1),
 (377,1,'TE289481100185',400,500,'2014-05-05',0x2D,'ASSY IRVM W/O BASE BEIGE - B001','-',0,0,1,NULL,1),
 (378,1,'TE289488500109',400,500,'2014-05-05',0x2D,'ASSY FRONT BUMPER WITH MTG BKTS PLASTIC','-',0,0,1,NULL,1);
INSERT INTO `item` (`ItemID`,`BrandID`,`item_part_no`,`buyingprice`,`sellingprice`,`addeddate`,`image`,`Description`,`remarks`,`re_order_qty`,`key_id`,`supplier_id`,`type_id`,`status`) VALUES 
 (379,1,'TE289488700101',400,500,'2014-05-05',0x2D,'1001362 / ASSY CENTRE BONNET','-',0,0,1,NULL,1),
 (380,1,'TE551729100121',400,500,'2014-05-05',0x2D,'ASSY. CLUTCH CABLE','-',0,0,1,NULL,1),
 (381,1,'TE551730100137',400,500,'2014-05-05',0x2D,'ASSY.EXCESS CABLE','-',0,0,1,NULL,1),
 (382,1,'TE551742700155',400,500,'2014-05-05',0x2D,'ASSY. REAR PARKING CABLE REAR-ACE ZIP','-',0,0,1,NULL,1),
 (383,1,'TE551742990103',400,500,'2014-05-05',0x2D,'FRONT KIT SHOE ASSY. COMPLETE','-',0,0,1,NULL,1),
 (384,1,'TE551742990104',400,500,'2014-05-05',0x2D,'FRONT WHEEL CYLINDER ASSY. MAJOR KIT','-',0,0,1,NULL,1),
 (385,1,'TE551742990124',400,500,'2014-05-05',0x2D,'REAR KIT WHEEL CYLINDER  MINOR','-',0,0,1,NULL,1),
 (386,1,'TE551767102301',400,500,'2014-05-05',0x2D,'WINDSHILD GLASS','-',0,0,1,NULL,1),
 (387,1,'TE552354400115',400,500,'2014-05-05',0x2D,'ACE FACELIFT HEAD LAMP RH','-',0,0,1,NULL,1),
 (388,1,'TE552367100101',400,500,'2014-05-05',0x2D,'ASSY.GLASS WINDSHIELD','-',0,0,1,NULL,1);
INSERT INTO `item` (`ItemID`,`BrandID`,`item_part_no`,`buyingprice`,`sellingprice`,`addeddate`,`image`,`Description`,`remarks`,`re_order_qty`,`key_id`,`supplier_id`,`type_id`,`status`) VALUES 
 (389,1,'TE552367106303',400,500,'2014-05-05',0x2D,'WINDSCREEN MOULD','-',0,0,1,NULL,1),
 (390,1,'TE552381100108',400,500,'2014-05-05',0x2D,'ASSY ORVM LH FACELIFT','-',0,0,1,NULL,1),
 (391,1,'TE552381100109',400,500,'2014-05-05',0x2D,'ASSY ORVM RH FACELIFT','-',0,0,1,NULL,1),
 (392,1,'TE552388500101',400,500,'2014-05-05',0x2D,'ASSY FRONT BUMPER','-',0,0,1,NULL,1),
 (393,1,'TE571707149901',400,500,'2014-05-05',0x2D,'FUEL PIPE- PUMP TO INJECTOR','-',0,0,1,NULL,1),
 (394,1,'TE571709130102',400,500,'2014-05-05',0x2D,'ASSY ELEMENT AIR CLEANER','-',0,0,1,NULL,1),
 (395,1,'TE571718139904',400,500,'2014-05-05',0x2D,'SPIN ON OIL FILTER','-',0,0,1,NULL,1),
 (396,1,'TE571724200101',400,500,'2014-05-05',0x2D,'ASSY.ENGINE MOUNT-B(REAR MIDDLE)','-',0,0,1,NULL,1),
 (397,1,'TE571724200102',400,500,'2014-05-05',0x2D,'ASSY.ENGINE MOUNT-C(REAR LEFT)','-',0,0,1,NULL,1),
 (398,1,'TE571724200103',400,500,'2014-05-05',0x2D,'ASSY.ENGINE MOUNT-D(REAR RIGHT)','-',0,0,1,NULL,1);
INSERT INTO `item` (`ItemID`,`BrandID`,`item_part_no`,`buyingprice`,`sellingprice`,`addeddate`,`image`,`Description`,`remarks`,`re_order_qty`,`key_id`,`supplier_id`,`type_id`,`status`) VALUES 
 (399,1,'TE580725601601',400,500,'2014-05-05',0x2D,'ASSY CLUTCH RELEASE BEARING','-',0,0,1,NULL,1),
 (400,1,'TE885403372534',400,500,'2014-05-05',0x2D,'MAIN BEARING SET STD','-',0,0,1,NULL,1),
 (401,1,'TE885409041613',400,500,'2014-05-05',0x2D,'SET OF 1613 AIR FILTER CARTRID','-',0,0,1,NULL,1),
 (402,1,'TE885433032829',400,500,'2014-05-05',0x2D,'REPAIR KIT KING PIN ACE STD. FULL','-',0,0,1,NULL,1),
 (403,1,'TE885454000001',400,500,'2014-05-05',0x2D,'H/L BULB 100/90 12 V (P 43T FITMENT)','-',0,0,1,NULL,1),
 (404,1,'TE885454000012',400,500,'2014-05-05',0x2D,'ASSY H/L E-CER  LH-RHD W/O BULB','-',0,0,1,NULL,1),
 (405,1,'TE885454000013',400,500,'2014-05-05',0x2D,'ASSY H/L E-CER-RHD W/O BULB','-',0,0,1,NULL,1),
 (406,1,'TE886325010057',400,500,'2014-05-05',0x2D,'12?INCH ?PRESSURE PLATE (310 DIA DIAPHRA','-',0,0,1,NULL,1),
 (407,1,'TEA09600000660',400,500,'2014-05-05',0x2D,'[021] DOOR HANDLE WITH KEY LH (207)','-',0,0,1,NULL,1);
INSERT INTO `item` (`ItemID`,`BrandID`,`item_part_no`,`buyingprice`,`sellingprice`,`addeddate`,`image`,`Description`,`remarks`,`re_order_qty`,`key_id`,`supplier_id`,`type_id`,`status`) VALUES 
 (408,1,'TEB06400000001',400,500,'2014-05-05',0x2D,'MAJOR REPAIR KIT ALUMINIUM MASTER CYLIND','-',0,0,1,NULL,1),
 (409,1,'TEB06400000002',400,500,'2014-05-05',0x2D,'MINOR REPAIR KIT ALUMINIUM MASTER CYLIND','-',0,0,1,NULL,1),
 (410,1,'TEF002H20306',400,500,'2014-05-05',0x2D,'FINE  FILTER  ASSY.','-',0,0,1,NULL,1),
 (411,1,'TF15020502018',400,500,'2014-05-05',0x2D,'SRDG BEARING','-',0,0,1,NULL,1),
 (412,1,'TF17050500489',400,500,'2014-05-05',0x2D,'O-RING 13.2X1.78 TS16220','-',0,0,1,NULL,1),
 (413,1,'TF17051002873',400,500,'2014-05-05',0x2D,'O\" RING 28X3A NITRILE','-',0,0,1,NULL,1),
 (414,1,'TF62120300151',400,500,'2014-05-05',0x2D,'[021] 12V 4W BULB','-',0,0,1,NULL,1),
 (415,1,'TT3522540097',400,500,'2014-05-05',0x2D,'RUBBER BELLOW','-',0,0,1,NULL,1),
 (416,1,'TT3523220050',400,500,'2014-05-05',0x2D,'[021] BUSH','-',0,0,1,NULL,1),
 (417,1,'TV9451037407',400,500,'2014-05-05',0x2D,'FUEL FILTER (MICO)','-',0,0,1,NULL,1);
INSERT INTO `item` (`ItemID`,`BrandID`,`item_part_no`,`buyingprice`,`sellingprice`,`addeddate`,`image`,`Description`,`remarks`,`re_order_qty`,`key_id`,`supplier_id`,`type_id`,`status`) VALUES 
 (418,1,'VE265446303416',400,500,'2014-05-05',0x2D,'[021] BUSH','-',0,0,1,NULL,1),
 (419,1,'VE270254219927',400,500,'2014-05-05',0x2D,'DUEL TEMP TRANSDUCER','-',0,0,1,NULL,1),
 (420,1,'VE277940100118',400,500,'2014-05-05',0x2D,'RIM CUP','-',0,0,1,NULL,1),
 (421,1,'VE283442990103',400,500,'2014-05-05',0x2D,'FRONT KIT SHOE ASSEMBLY COMPLETE','-',0,0,1,NULL,1),
 (422,1,'VE283447609903',400,500,'2014-05-05',0x2D,'FUEL FILTER','-',0,0,1,NULL,1),
 (423,1,'VE28348810820221',400,500,'2014-05-05',0x2D,'PANEL FRONT FENDER RH','-',0,0,1,NULL,1),
 (424,1,'VE283488500103A6',400,500,'2014-05-05',0x2D,'ASSY FRONT BUMPER COMPLETE DELUXE','-',0,0,1,NULL,1),
 (425,1,'VE570518130102',400,500,'2014-05-05',0x4E6F20496D616765,'ASSY OIL FILTER','-',0,0,1,0,1),
 (426,1,'TEX123456',400,500,'2014-05-06',0x433A2F55736572732F736864696E6573682E39392F446F776E6C6F6164732F646E6C642F544750202D20456E676C6973682E6A7067,'','-',0,0,1,NULL,1),
 (427,2,'TEXYZ1235446',400,500,'2014-05-06',0x4E6F20496D616765,'','-',0,0,1,NULL,1);
INSERT INTO `item` (`ItemID`,`BrandID`,`item_part_no`,`buyingprice`,`sellingprice`,`addeddate`,`image`,`Description`,`remarks`,`re_order_qty`,`key_id`,`supplier_id`,`type_id`,`status`) VALUES 
 (428,1,'TEST1',64645,64645,'2014-05-15',0x4E6F20496D616765,'ffrgerg','686',3,1,1,0,1),
 (432,2,'TEST5',100,100,'2014-05-15',0x4E6F20496D616765,'TEST5','test',5,1,1,7,1),
 (433,1,'d',0,0,'2014-05-16',0x4E6F20496D616765,'f','',0,1,1,1,1);
/*!40000 ALTER TABLE `item` ENABLE KEYS */;


--
-- Table structure for table `demolanka`.`itembrand`
--

DROP TABLE IF EXISTS `itembrand`;
CREATE TABLE `itembrand` (
  `BrandID` int(11) NOT NULL AUTO_INCREMENT,
  `BrandName` varchar(50) DEFAULT NULL,
  `Description` varchar(100) DEFAULT NULL,
  `BrandCode` varchar(20) DEFAULT NULL,
  `Status` int(11) NOT NULL,
  PRIMARY KEY (`BrandID`)
) ENGINE=InnoDB AUTO_INCREMENT=3 DEFAULT CHARSET=latin1;

--
-- Dumping data for table `demolanka`.`itembrand`
--

/*!40000 ALTER TABLE `itembrand` DISABLE KEYS */;
INSERT INTO `itembrand` (`BrandID`,`BrandName`,`Description`,`BrandCode`,`Status`) VALUES 
 (1,'TATA','TATA','TATA',1),
 (2,'Bajaj','Bajaj','BJ',1);
/*!40000 ALTER TABLE `itembrand` ENABLE KEYS */;


--
-- Table structure for table `demolanka`.`loginhistroy`
--

DROP TABLE IF EXISTS `loginhistroy`;
CREATE TABLE `loginhistroy` (
  `id` int(11) NOT NULL AUTO_INCREMENT,
  `lid` int(11) DEFAULT NULL,
  `date` varchar(45) DEFAULT NULL,
  `time` varchar(45) DEFAULT NULL,
  `logouttime` varchar(45) DEFAULT NULL,
  PRIMARY KEY (`id`),
  KEY `id_idx` (`lid`)
) ENGINE=InnoDB AUTO_INCREMENT=2 DEFAULT CHARSET=latin1;

--
-- Dumping data for table `demolanka`.`loginhistroy`
--

/*!40000 ALTER TABLE `loginhistroy` DISABLE KEYS */;
INSERT INTO `loginhistroy` (`id`,`lid`,`date`,`time`,`logouttime`) VALUES 
 (1,5,'2014-05-15','09:53:00','09:53:00');
/*!40000 ALTER TABLE `loginhistroy` ENABLE KEYS */;


--
-- Table structure for table `demolanka`.`purcheorder`
--

DROP TABLE IF EXISTS `purcheorder`;
CREATE TABLE `purcheorder` (
  `id` int(11) NOT NULL AUTO_INCREMENT,
  `date` varchar(45) NOT NULL,
  `purchase_order_number` varchar(45) DEFAULT NULL,
  `status` int(11) DEFAULT NULL,
  `total` double DEFAULT NULL,
  `lastupdatedate` varchar(45) DEFAULT NULL,
  `complete` int(11) DEFAULT NULL,
  `time` varchar(45) DEFAULT NULL,
  `accepttodatabasetime` varchar(45) DEFAULT NULL,
  `accepttodatabasedate` date DEFAULT NULL,
  `accepttodatabase` int(11) DEFAULT NULL,
  `name` varchar(45) DEFAULT NULL,
  `admin_purchase_order_id` int(11) DEFAULT NULL,
  PRIMARY KEY (`id`)
) ENGINE=InnoDB AUTO_INCREMENT=3 DEFAULT CHARSET=latin1;

--
-- Dumping data for table `demolanka`.`purcheorder`
--

/*!40000 ALTER TABLE `purcheorder` DISABLE KEYS */;
INSERT INTO `purcheorder` (`id`,`date`,`purchase_order_number`,`status`,`total`,`lastupdatedate`,`complete`,`time`,`accepttodatabasetime`,`accepttodatabasedate`,`accepttodatabase`,`name`,`admin_purchase_order_id`) VALUES 
 (1,'2014-05-16','null',1,0,NULL,0,'14:43:50',NULL,NULL,0,'',NULL),
 (2,'2014-05-16','null',1,53655.35,NULL,0,'14:48:10',NULL,NULL,0,'',NULL);
/*!40000 ALTER TABLE `purcheorder` ENABLE KEYS */;


--
-- Table structure for table `demolanka`.`purchesorderdetail`
--

DROP TABLE IF EXISTS `purchesorderdetail`;
CREATE TABLE `purchesorderdetail` (
  `id` int(11) NOT NULL AUTO_INCREMENT,
  `itemid` int(11) DEFAULT NULL,
  `quantity` int(11) DEFAULT NULL,
  `status` varchar(45) DEFAULT NULL,
  `unitprice` varchar(45) DEFAULT NULL,
  `orderId` int(11) NOT NULL,
  PRIMARY KEY (`id`),
  KEY `fk_purchesorderdetail_purcheOrder1_idx` (`orderId`)
) ENGINE=InnoDB AUTO_INCREMENT=5 DEFAULT CHARSET=latin1;

--
-- Dumping data for table `demolanka`.`purchesorderdetail`
--

/*!40000 ALTER TABLE `purchesorderdetail` DISABLE KEYS */;
INSERT INTO `purchesorderdetail` (`id`,`itemid`,`quantity`,`status`,`unitprice`,`orderId`) VALUES 
 (1,102,2,'1','0.0',1),
 (2,200,3,'1','0.0',1),
 (3,56,16,'1','0.0',2),
 (4,428,1,'1','64645.0',2);
/*!40000 ALTER TABLE `purchesorderdetail` ENABLE KEYS */;


--
-- Table structure for table `demolanka`.`salesorder`
--

DROP TABLE IF EXISTS `salesorder`;
CREATE TABLE `salesorder` (
  `OrderID` int(11) NOT NULL AUTO_INCREMENT,
  `sales_order_no` varchar(45) DEFAULT NULL,
  `OrderDate` varchar(20) DEFAULT NULL,
  `CustomerID` int(11) DEFAULT NULL,
  `vehicle_id` int(11) DEFAULT '0',
  `time` varchar(20) DEFAULT NULL,
  `userid` int(11) DEFAULT NULL,
  `amount` double DEFAULT NULL,
  `labour_amount` double DEFAULT NULL,
  `paid_amount` double DEFAULT NULL,
  `status` int(11) DEFAULT NULL,
  PRIMARY KEY (`OrderID`),
  KEY `userid_idx` (`userid`)
) ENGINE=InnoDB AUTO_INCREMENT=19 DEFAULT CHARSET=latin1;

--
-- Dumping data for table `demolanka`.`salesorder`
--

/*!40000 ALTER TABLE `salesorder` DISABLE KEYS */;
INSERT INTO `salesorder` (`OrderID`,`sales_order_no`,`OrderDate`,`CustomerID`,`vehicle_id`,`time`,`userid`,`amount`,`labour_amount`,`paid_amount`,`status`) VALUES 
 (1,'00001','2014-05-15',1,NULL,'16:35:40',5,2850,2450,3000,1),
 (2,'00001','2014-05-15',2,2,'16:41:49',5,946,546,946,1),
 (3,'00001','2014-05-15',1,NULL,'18:01:58',5,1600,1600,2000,1),
 (4,'00001','2014-05-15',2,1,'18:12:26',5,6100,6100,6200,1),
 (5,'00002','2014-05-15',1,NULL,'18:50:10',5,2900,2500,3000,1),
 (6,'00003','2014-05-15',3,3,'19:23:49',5,400,0,500,1),
 (7,'00004','2014-05-15',4,NULL,'19:59:06',5,2000,1600,1000,1),
 (8,'00005','2014-05-16',1,NULL,'00:39:02',5,3750,3750,2500,2),
 (9,'00005','2014-05-16',3,3,'06:26:14',5,400,0,400,2),
 (10,'00005','2014-05-16',1,0,'06:30:35',5,1772,1372,2000,2),
 (11,'00005','2014-05-16',5,4,'14:26:03',5,546,546,0,1),
 (12,'00006','2014-05-16',5,4,'14:29:23',5,746,546,0,1),
 (13,'00007','2014-05-16',5,4,'14:31:15',5,540.54,540.54,0,1),
 (14,'00008','2014-05-16',5,4,'14:32:23',5,540.54,540.54,0,1),
 (15,'00009','2014-05-16',5,4,'14:34:47',5,540.54,540.54,0,1);
INSERT INTO `salesorder` (`OrderID`,`sales_order_no`,`OrderDate`,`CustomerID`,`vehicle_id`,`time`,`userid`,`amount`,`labour_amount`,`paid_amount`,`status`) VALUES 
 (16,'00010','2014-05-16',5,4,'14:36:46',5,740.54,540.54,0,1),
 (17,'00011','2014-05-16',5,4,'14:41:37',5,535.08,535.08,600,1),
 (18,'00012','2014-05-16',2,1,'15:09:45',5,12250,2450,12250,1);
/*!40000 ALTER TABLE `salesorder` ENABLE KEYS */;


--
-- Table structure for table `demolanka`.`salesorderdetail`
--

DROP TABLE IF EXISTS `salesorderdetail`;
CREATE TABLE `salesorderdetail` (
  `detailid` int(11) NOT NULL AUTO_INCREMENT,
  `orderid` int(11) NOT NULL,
  `itemid` int(11) NOT NULL,
  `quantity` int(11) DEFAULT NULL,
  `discount` double DEFAULT NULL,
  `time` varchar(20) DEFAULT NULL,
  `date` varchar(20) DEFAULT NULL,
  `unit_price` double DEFAULT NULL,
  `buying_price` double DEFAULT NULL,
  `amount` double DEFAULT NULL,
  `status` int(11) DEFAULT NULL,
  PRIMARY KEY (`detailid`),
  KEY `oid_idx` (`orderid`),
  KEY `iid_idx` (`itemid`),
  KEY `orderid_idx` (`orderid`)
) ENGINE=InnoDB AUTO_INCREMENT=18 DEFAULT CHARSET=latin1;

--
-- Dumping data for table `demolanka`.`salesorderdetail`
--

/*!40000 ALTER TABLE `salesorderdetail` DISABLE KEYS */;
INSERT INTO `salesorderdetail` (`detailid`,`orderid`,`itemid`,`quantity`,`discount`,`time`,`date`,`unit_price`,`buying_price`,`amount`,`status`) VALUES 
 (1,1,56,2,0,'16:35:40','2014-05-15',200,NULL,400,1),
 (2,2,41,2,0,'16:41:49','2014-05-15',200,NULL,400,1),
 (3,3,314,2,0,'18:01:58','2014-05-15',0,NULL,0,1),
 (4,5,56,2,0,'18:50:10','2014-05-15',200,NULL,400,1),
 (5,6,56,2,0,'19:23:49','2014-05-15',200,NULL,400,1),
 (6,7,41,2,0,'19:59:07','2014-05-15',200,NULL,400,1),
 (7,9,41,2,0,'06:26:14','2014-05-16',200,NULL,400,1),
 (8,10,30,2,0,'06:30:35','2014-05-16',200,150,400,1),
 (9,10,20,2,0,'06:30:35','2014-05-16',250,200,500,1),
 (10,11,314,1,0,'14:26:03','2014-05-16',0,0,0,1),
 (11,12,30,1,0,'14:29:23','2014-05-16',200,0,200,1),
 (12,13,200,1,0,'14:31:15','2014-05-16',0,0,0,1),
 (13,14,200,1,0,'14:32:23','2014-05-16',0,0,0,1),
 (14,15,200,1,1,'14:34:47','2014-05-16',0,0,0,1),
 (15,16,30,1,0,'14:36:46','2014-05-16',200,0,200,1),
 (16,17,102,2,2,'14:41:37','2014-05-16',0,0,0,1),
 (17,18,213,20,2,'15:09:45','2014-05-16',500,400,9800,1);
/*!40000 ALTER TABLE `salesorderdetail` ENABLE KEYS */;


--
-- Table structure for table `demolanka`.`stock`
--

DROP TABLE IF EXISTS `stock`;
CREATE TABLE `stock` (
  `StockID` int(11) NOT NULL AUTO_INCREMENT,
  `SupplierID` int(11) NOT NULL,
  `StockDate` varchar(20) NOT NULL,
  `DeliverdTime` varchar(10) NOT NULL,
  `Status` int(11) NOT NULL,
  PRIMARY KEY (`StockID`),
  KEY `Supplier_idx` (`SupplierID`)
) ENGINE=InnoDB AUTO_INCREMENT=5 DEFAULT CHARSET=latin1;

--
-- Dumping data for table `demolanka`.`stock`
--

/*!40000 ALTER TABLE `stock` DISABLE KEYS */;
INSERT INTO `stock` (`StockID`,`SupplierID`,`StockDate`,`DeliverdTime`,`Status`) VALUES 
 (1,1,'2014-05-15','10:52:26',1),
 (2,1,'2014-05-15','10:59:40',1),
 (3,1,'2014-05-15','23:10:35',1),
 (4,1,'2014-05-16','15:09:10',1);
/*!40000 ALTER TABLE `stock` ENABLE KEYS */;


--
-- Table structure for table `demolanka`.`stockdetail`
--

DROP TABLE IF EXISTS `stockdetail`;
CREATE TABLE `stockdetail` (
  `DetailID` int(11) NOT NULL AUTO_INCREMENT,
  `StockID` int(11) NOT NULL,
  `ItemID` int(11) NOT NULL,
  `StockQuantity` int(11) NOT NULL,
  `remainingquantity` int(11) DEFAULT NULL,
  `status` int(11) DEFAULT NULL,
  PRIMARY KEY (`DetailID`),
  KEY `SID_idx` (`StockID`),
  KEY `Iid_idx` (`ItemID`)
) ENGINE=InnoDB AUTO_INCREMENT=10 DEFAULT CHARSET=latin1;

--
-- Dumping data for table `demolanka`.`stockdetail`
--

/*!40000 ALTER TABLE `stockdetail` DISABLE KEYS */;
INSERT INTO `stockdetail` (`DetailID`,`StockID`,`ItemID`,`StockQuantity`,`remainingquantity`,`status`) VALUES 
 (1,1,309,20,20,1),
 (2,1,200,20,17,2),
 (3,1,56,20,4,2),
 (4,1,314,20,17,2),
 (5,2,41,20,8,2),
 (6,3,102,20,18,2),
 (7,3,30,20,16,2),
 (8,3,112,20,20,1),
 (9,4,213,220,200,2);
/*!40000 ALTER TABLE `stockdetail` ENABLE KEYS */;


--
-- Table structure for table `demolanka`.`supplier`
--

DROP TABLE IF EXISTS `supplier`;
CREATE TABLE `supplier` (
  `SupplierID` int(11) NOT NULL AUTO_INCREMENT,
  `SupplierName` varchar(45) NOT NULL,
  `AddedDate` varchar(20) NOT NULL,
  `Address` varchar(45) DEFAULT NULL,
  `ContactNo` varchar(20) NOT NULL,
  `Status` int(11) NOT NULL,
  PRIMARY KEY (`SupplierID`)
) ENGINE=InnoDB AUTO_INCREMENT=4 DEFAULT CHARSET=latin1;

--
-- Dumping data for table `demolanka`.`supplier`
--

/*!40000 ALTER TABLE `supplier` DISABLE KEYS */;
INSERT INTO `supplier` (`SupplierID`,`SupplierName`,`AddedDate`,`Address`,`ContactNo`,`Status`) VALUES 
 (1,'DIMO','2014-05-05','Colombo 10','-',1),
 (3,'Bajaj','2014-05-16','Matara','0742162162',1);
/*!40000 ALTER TABLE `supplier` ENABLE KEYS */;


--
-- Table structure for table `demolanka`.`tbl_customer_return`
--

DROP TABLE IF EXISTS `tbl_customer_return`;
CREATE TABLE `tbl_customer_return` (
  `customer_return_id` int(11) NOT NULL AUTO_INCREMENT,
  `sales_order_id` int(11) DEFAULT NULL,
  `return_date` varchar(45) DEFAULT NULL,
  `return_time` varchar(45) DEFAULT NULL,
  `amount` double NOT NULL,
  `status` int(11) DEFAULT '1',
  PRIMARY KEY (`customer_return_id`),
  KEY `fk_sales_order_id_return_idx` (`sales_order_id`)
) ENGINE=InnoDB DEFAULT CHARSET=latin1;

--
-- Dumping data for table `demolanka`.`tbl_customer_return`
--

/*!40000 ALTER TABLE `tbl_customer_return` DISABLE KEYS */;
/*!40000 ALTER TABLE `tbl_customer_return` ENABLE KEYS */;


--
-- Table structure for table `demolanka`.`tbl_customer_return_detail`
--

DROP TABLE IF EXISTS `tbl_customer_return_detail`;
CREATE TABLE `tbl_customer_return_detail` (
  `customer_return_detail_id` int(11) NOT NULL AUTO_INCREMENT,
  `customer_return_id` int(11) DEFAULT NULL,
  `item_id` int(11) DEFAULT NULL,
  `return_quantity` double DEFAULT NULL,
  `unit_price` double NOT NULL,
  `reason` varchar(50) NOT NULL,
  `status` int(11) DEFAULT '1',
  PRIMARY KEY (`customer_return_detail_id`)
) ENGINE=InnoDB DEFAULT CHARSET=latin1;

--
-- Dumping data for table `demolanka`.`tbl_customer_return_detail`
--

/*!40000 ALTER TABLE `tbl_customer_return_detail` DISABLE KEYS */;
/*!40000 ALTER TABLE `tbl_customer_return_detail` ENABLE KEYS */;


--
-- Table structure for table `demolanka`.`tbl_customer_type`
--

DROP TABLE IF EXISTS `tbl_customer_type`;
CREATE TABLE `tbl_customer_type` (
  `customer_type_id` int(11) NOT NULL AUTO_INCREMENT,
  `customer_type_name` varchar(500) NOT NULL,
  `customer_type_code` varchar(45) DEFAULT NULL,
  `added_time` varchar(45) DEFAULT NULL,
  `added_date` varchar(45) DEFAULT NULL,
  `status` int(11) DEFAULT NULL,
  PRIMARY KEY (`customer_type_id`)
) ENGINE=InnoDB AUTO_INCREMENT=3 DEFAULT CHARSET=latin1;

--
-- Dumping data for table `demolanka`.`tbl_customer_type`
--

/*!40000 ALTER TABLE `tbl_customer_type` DISABLE KEYS */;
INSERT INTO `tbl_customer_type` (`customer_type_id`,`customer_type_name`,`customer_type_code`,`added_time`,`added_date`,`status`) VALUES 
 (1,'Wholesale','WS','13:12:26','2014-05-06',1),
 (2,'Retail','RT','17:32:33','2014-05-13',1);
/*!40000 ALTER TABLE `tbl_customer_type` ENABLE KEYS */;


--
-- Table structure for table `demolanka`.`tbl_dealer_return`
--

DROP TABLE IF EXISTS `tbl_dealer_return`;
CREATE TABLE `tbl_dealer_return` (
  `dealer_return_id` int(11) NOT NULL AUTO_INCREMENT,
  `supplier_id` int(11) DEFAULT NULL,
  `deliver_order_id` int(11) DEFAULT NULL,
  `added_date` varchar(45) DEFAULT NULL,
  `added_time` varchar(45) DEFAULT NULL,
  `admin_return_id` int(11) DEFAULT '0',
  `completed_status` int(11) DEFAULT NULL,
  `admin_user_name` varchar(100) DEFAULT NULL,
  `status` int(11) DEFAULT NULL,
  PRIMARY KEY (`dealer_return_id`)
) ENGINE=InnoDB DEFAULT CHARSET=latin1;

--
-- Dumping data for table `demolanka`.`tbl_dealer_return`
--

/*!40000 ALTER TABLE `tbl_dealer_return` DISABLE KEYS */;
/*!40000 ALTER TABLE `tbl_dealer_return` ENABLE KEYS */;


--
-- Table structure for table `demolanka`.`tbl_dealer_return_detail`
--

DROP TABLE IF EXISTS `tbl_dealer_return_detail`;
CREATE TABLE `tbl_dealer_return_detail` (
  `dealer_return_detail_id` int(11) NOT NULL AUTO_INCREMENT,
  `dealer_return_id` int(11) DEFAULT NULL,
  `admin_return_id` int(11) DEFAULT NULL,
  `item_id` int(11) DEFAULT NULL,
  `delivered` int(11) DEFAULT NULL,
  `return_qty` double DEFAULT NULL,
  `dealer_return_reason` varchar(5000) DEFAULT NULL,
  `sales_officer_accepted_qty` double DEFAULT NULL,
  `sales_officer_comment` varchar(5000) DEFAULT NULL,
  `sales_officer_return_status` int(11) DEFAULT NULL,
  `admin_accepted_qty` double DEFAULT NULL,
  `admin_comment` varchar(5000) DEFAULT NULL,
  `admin_return_status` int(11) DEFAULT NULL,
  `status` int(11) DEFAULT NULL,
  PRIMARY KEY (`dealer_return_detail_id`),
  KEY `fk_dealer_return_id_idx` (`dealer_return_id`)
) ENGINE=InnoDB DEFAULT CHARSET=latin1;

--
-- Dumping data for table `demolanka`.`tbl_dealer_return_detail`
--

/*!40000 ALTER TABLE `tbl_dealer_return_detail` DISABLE KEYS */;
/*!40000 ALTER TABLE `tbl_dealer_return_detail` ENABLE KEYS */;


--
-- Table structure for table `demolanka`.`tbl_estimate`
--

DROP TABLE IF EXISTS `tbl_estimate`;
CREATE TABLE `tbl_estimate` (
  `estimate_id` int(11) NOT NULL AUTO_INCREMENT,
  `customer_id` int(11) NOT NULL,
  `estimate_date` date NOT NULL,
  `status` int(1) NOT NULL DEFAULT '1',
  PRIMARY KEY (`estimate_id`),
  KEY `customer_id` (`customer_id`)
) ENGINE=InnoDB DEFAULT CHARSET=latin1;

--
-- Dumping data for table `demolanka`.`tbl_estimate`
--

/*!40000 ALTER TABLE `tbl_estimate` DISABLE KEYS */;
/*!40000 ALTER TABLE `tbl_estimate` ENABLE KEYS */;


--
-- Table structure for table `demolanka`.`tbl_item_alternatives`
--

DROP TABLE IF EXISTS `tbl_item_alternatives`;
CREATE TABLE `tbl_item_alternatives` (
  `alternative_id` int(11) NOT NULL AUTO_INCREMENT,
  `item_id` int(11) NOT NULL,
  `description` varchar(500) DEFAULT NULL,
  `alternative_item_id` int(11) DEFAULT NULL,
  `added_date` varchar(45) DEFAULT NULL,
  `added_time` varchar(45) DEFAULT NULL,
  `status` int(11) DEFAULT NULL,
  PRIMARY KEY (`alternative_id`),
  KEY `fk_item_id_idx` (`item_id`)
) ENGINE=InnoDB AUTO_INCREMENT=5 DEFAULT CHARSET=latin1;

--
-- Dumping data for table `demolanka`.`tbl_item_alternatives`
--

/*!40000 ALTER TABLE `tbl_item_alternatives` DISABLE KEYS */;
INSERT INTO `tbl_item_alternatives` (`alternative_id`,`item_id`,`description`,`alternative_item_id`,`added_date`,`added_time`,`status`) VALUES 
 (1,13,'rwterte',37,'2014-18-02','14:18:9',1),
 (2,37,'rwterte',13,'2014-18-02','14:18:9',1),
 (3,10,'rptorter',100,'2014-20-02','14:20:7',1),
 (4,100,'rptorter',10,'2014-20-02','14:20:7',1);
/*!40000 ALTER TABLE `tbl_item_alternatives` ENABLE KEYS */;


--
-- Table structure for table `demolanka`.`tbl_loss_sales_detail`
--

DROP TABLE IF EXISTS `tbl_loss_sales_detail`;
CREATE TABLE `tbl_loss_sales_detail` (
  `loss_sales_detail_id` int(11) NOT NULL AUTO_INCREMENT,
  `part_id` int(11) DEFAULT NULL,
  `loss_qty` double DEFAULT NULL,
  `loss_type` int(11) DEFAULT NULL COMMENT '1= stock loss sale\n2= value loss sale',
  `loss_date` date DEFAULT NULL,
  `status` int(11) DEFAULT NULL,
  PRIMARY KEY (`loss_sales_detail_id`)
) ENGINE=InnoDB DEFAULT CHARSET=latin1;

--
-- Dumping data for table `demolanka`.`tbl_loss_sales_detail`
--

/*!40000 ALTER TABLE `tbl_loss_sales_detail` DISABLE KEYS */;
/*!40000 ALTER TABLE `tbl_loss_sales_detail` ENABLE KEYS */;


--
-- Table structure for table `demolanka`.`tbl_search_key`
--

DROP TABLE IF EXISTS `tbl_search_key`;
CREATE TABLE `tbl_search_key` (
  `search_key_id` int(11) NOT NULL AUTO_INCREMENT,
  `key_name` varchar(500) DEFAULT NULL,
  `description` varchar(45) DEFAULT NULL,
  `added_date` varchar(45) DEFAULT NULL,
  `added_time` varchar(45) DEFAULT NULL,
  `status` int(11) DEFAULT NULL,
  PRIMARY KEY (`search_key_id`)
) ENGINE=InnoDB AUTO_INCREMENT=3 DEFAULT CHARSET=latin1;

--
-- Dumping data for table `demolanka`.`tbl_search_key`
--

/*!40000 ALTER TABLE `tbl_search_key` DISABLE KEYS */;
INSERT INTO `tbl_search_key` (`search_key_id`,`key_name`,`description`,`added_date`,`added_time`,`status`) VALUES 
 (1,'Batta CP','-','2014-05-06','23:32:05',1),
 (2,'119','223','2014-05-06','23:34:01',1);
/*!40000 ALTER TABLE `tbl_search_key` ENABLE KEYS */;


--
-- Table structure for table `demolanka`.`tbl_service`
--

DROP TABLE IF EXISTS `tbl_service`;
CREATE TABLE `tbl_service` (
  `service_id` int(11) NOT NULL AUTO_INCREMENT,
  `service_name` varchar(1000) DEFAULT NULL,
  `service_cost` varchar(45) DEFAULT NULL,
  `service_code` varchar(45) DEFAULT NULL,
  `remarks` varchar(500) DEFAULT NULL,
  `added_date` varchar(45) DEFAULT NULL,
  `added_time` varchar(45) DEFAULT NULL,
  `status` int(11) DEFAULT NULL,
  PRIMARY KEY (`service_id`)
) ENGINE=InnoDB AUTO_INCREMENT=9 DEFAULT CHARSET=latin1;

--
-- Dumping data for table `demolanka`.`tbl_service`
--

/*!40000 ALTER TABLE `tbl_service` DISABLE KEYS */;
INSERT INTO `tbl_service` (`service_id`,`service_name`,`service_cost`,`service_code`,`remarks`,`added_date`,`added_time`,`status`) VALUES 
 (1,'ACE ENGINE REPAIRS','1500','AER','-','2014-05-05','15:32:00',1),
 (2,'BATTA CLUTCHPLATES REPAIR','1250','BCR','-','2014-05-05','15:32:00',1),
 (3,'WHEEL ALIGN','2500','WA','-','2014-05-05','15:32:00',1),
 (4,'TINKERING','1400','TIN','-','2014-05-05','15:32:00',1),
 (5,'WINDING','1600','WN','-','2014-05-05','15:32:00',1),
 (6,'fef','2500','eef','ef','2014-05-14','02:02:31',1),
 (7,'ddf','546','sdfd','dff','2014-05-14','02:02:57',1),
 (8,'BP','3600','Body Painting','-','2014-05-14','23:51:34',1);
/*!40000 ALTER TABLE `tbl_service` ENABLE KEYS */;


--
-- Table structure for table `demolanka`.`tbl_service_detail`
--

DROP TABLE IF EXISTS `tbl_service_detail`;
CREATE TABLE `tbl_service_detail` (
  `service_detail_id` int(11) NOT NULL AUTO_INCREMENT,
  `sales_order_id` int(11) DEFAULT NULL,
  `service_id` int(11) DEFAULT NULL,
  `discount_type` int(11) DEFAULT NULL COMMENT '1= percentage\n2= amount',
  `discount_amount` double DEFAULT NULL,
  `current_price` double DEFAULT NULL,
  `service_amount` double DEFAULT NULL,
  `status` int(11) DEFAULT NULL,
  PRIMARY KEY (`service_detail_id`)
) ENGINE=InnoDB AUTO_INCREMENT=22 DEFAULT CHARSET=latin1;

--
-- Dumping data for table `demolanka`.`tbl_service_detail`
--

/*!40000 ALTER TABLE `tbl_service_detail` DISABLE KEYS */;
INSERT INTO `tbl_service_detail` (`service_detail_id`,`sales_order_id`,`service_id`,`discount_type`,`discount_amount`,`current_price`,`service_amount`,`status`) VALUES 
 (1,3,1,1,0,1500,1500,1),
 (2,4,5,1,0,1600,1600,1),
 (3,5,1,1,0,1500,1500,1),
 (4,1,3,1,2,2500,2450,1),
 (5,2,7,1,0,546,546,1),
 (6,3,5,1,0,1600,1600,1),
 (7,4,3,1,0,2500,2500,1),
 (8,4,8,1,0,3600,3600,1),
 (9,5,6,1,0,2500,2500,1),
 (10,7,5,1,0,1600,1600,1),
 (11,8,6,1,0,2500,2500,1),
 (12,8,2,1,0,1250,1250,1),
 (13,10,4,1,2,1400,1372,1),
 (14,11,7,1,0,546,546,1),
 (15,12,7,1,0,546,546,1),
 (16,13,7,1,1,546,540.54,1),
 (17,14,7,1,1,546,540.54,1),
 (18,15,7,1,1,546,540.54,1),
 (19,16,7,1,1,546,540.54,1),
 (20,17,7,1,2,546,535.08,1),
 (21,18,6,1,2,2500,2450,1);
/*!40000 ALTER TABLE `tbl_service_detail` ENABLE KEYS */;


--
-- Table structure for table `demolanka`.`tbl_user`
--

DROP TABLE IF EXISTS `tbl_user`;
CREATE TABLE `tbl_user` (
  `id` int(11) NOT NULL AUTO_INCREMENT,
  `name` varchar(45) DEFAULT NULL,
  `username` varchar(45) DEFAULT NULL,
  `password` varchar(10000) DEFAULT NULL,
  `privilage` int(11) DEFAULT NULL,
  `status` int(1) DEFAULT NULL,
  `date` varchar(45) DEFAULT NULL,
  `time` varchar(45) DEFAULT NULL,
  `type` varchar(45) DEFAULT NULL,
  PRIMARY KEY (`id`)
) ENGINE=InnoDB AUTO_INCREMENT=7 DEFAULT CHARSET=latin1;

--
-- Dumping data for table `demolanka`.`tbl_user`
--

/*!40000 ALTER TABLE `tbl_user` DISABLE KEYS */;
INSERT INTO `tbl_user` (`id`,`name`,`username`,`password`,`privilage`,`status`,`date`,`time`,`type`) VALUES 
 (5,'admin','admin','*4ACFE3202A5FF5CF467898FC58AAB1D615029441',0,1,'2013-11-16','12:05:52','Admin'),
 (6,'lok','user','*D5D9F81F5542DE067FFF5FF7A4CA4BDD322C578F',0,1,'2013-11-16','12:07:47','User');
/*!40000 ALTER TABLE `tbl_user` ENABLE KEYS */;


--
-- Table structure for table `demolanka`.`tbl_vehicle_models`
--

DROP TABLE IF EXISTS `tbl_vehicle_models`;
CREATE TABLE `tbl_vehicle_models` (
  `vehicle_model_id` int(11) NOT NULL AUTO_INCREMENT,
  `vehicle_model_name` varchar(500) NOT NULL,
  `description` varchar(500) DEFAULT NULL,
  `added_date` varchar(45) DEFAULT NULL,
  `added_time` varchar(45) DEFAULT NULL,
  `status` int(11) DEFAULT NULL,
  PRIMARY KEY (`vehicle_model_id`)
) ENGINE=InnoDB AUTO_INCREMENT=8 DEFAULT CHARSET=latin1;

--
-- Dumping data for table `demolanka`.`tbl_vehicle_models`
--

/*!40000 ALTER TABLE `tbl_vehicle_models` DISABLE KEYS */;
INSERT INTO `tbl_vehicle_models` (`vehicle_model_id`,`vehicle_model_name`,`description`,`added_date`,`added_time`,`status`) VALUES 
 (1,'LCV',NULL,'2014-05-05','17:55:00',1),
 (2,'MCV','puka thamai','2014-05-05','17:55:00',0),
 (3,'TCV','Batta HCV','2014-05-05','17:55:00',1),
 (4,'Batta','redda thamai','2014-05-05','17:55:00',0),
 (5,'ACE','butta ace','2014-05-06','15:57:03',1),
 (6,'CCV','Batti ccv','2014-05-06','23:31:30',1),
 (7,'katta','123','2014-05-06','23:57:27',1);
/*!40000 ALTER TABLE `tbl_vehicle_models` ENABLE KEYS */;

/*!40101 SET SQL_MODE=@OLD_SQL_MODE */;
/*!40014 SET FOREIGN_KEY_CHECKS=@OLD_FOREIGN_KEY_CHECKS */;
/*!40014 SET UNIQUE_CHECKS=@OLD_UNIQUE_CHECKS */;
/*!40101 SET CHARACTER_SET_CLIENT=@OLD_CHARACTER_SET_CLIENT */;
/*!40101 SET CHARACTER_SET_RESULTS=@OLD_CHARACTER_SET_RESULTS */;
/*!40101 SET COLLATION_CONNECTION=@OLD_COLLATION_CONNECTION */;
/*!40101 SET CHARACTER_SET_CLIENT=@OLD_CHARACTER_SET_CLIENT */;
